Date,Time,Duration,Location,Session Name,Instructor,Room,Spots Available,Total Spots,Booked,Cumulative Bookings
10/13/2025,7:00 AM,60 min.,Lolu Nashville,Lolu Fit,,Lolu 1,10,14,4,4
10/13/2025,7:00 AM,75 min.,Lolu Nashville,Free Flow,,Lolu 2,15,18,3,7
10/13/2025,7:30 AM,75 min.,Lolu Nashville,Free Flow,,Lolu 3,16,18,2,9
10/13/2025,8:00 AM,75 min.,Lolu Nashville,Free Flow,,Lolu 1,9,18,9,18
10/13/2025,6:30 PM,75 min.,Lolu Nashville,Free Flow,,Lolu 1,,,,18
10/13/2025,7:00 PM,75 min.,Lolu Nashville,Free Flow,,Lolu 2,10,18,8,26
10/13/2025,7:30 PM,75 min.,Lolu Nashville,Free Flow,,Lolu 3,5,18,13,39
10/14/2025,6:30 AM,75 min.,Lolu Nashville,Free Flow,,Lolu 1,12,18,6,6
10/14/2025,7:00 AM,75 min.,Lolu Nashville,Free Flow,,Lolu 3,17,18,1,7
10/14/2025,7:30 AM,75 min.,Lolu Nashville,Free Flow,,Lolu 2,15,18,3,10
10/14/2025,8:00 AM,75 min.,Lolu Nashville,Free Flow,,Lolu 1,11,18,7,17
10/14/2025,11:30 AM,75 min.,Lolu Nashville,Free Flow,,Lolu 1,8,18,10,27
10/14/2025,12:00 PM,75 min.,Lolu Nashville,Free Flow,,Lolu 2,16,18,2,29
10/14/2025,4:45 PM,75 min.,Lolu Nashville,Free Flow,,Lolu 1,19,20,1,30
10/14/2025,5:15 PM,75 min.,Lolu Nashville,Free Flow,,Lolu 3,18,20,2,32
10/14/2025,6:45 PM,75 min.,Lolu Nashville,The Role of Breath and Sleep + Free Flow,Evan Galante,Lolu 1,2,24,22,54
10/14/2025,8:00 PM,75 min.,Lolu Nashville,Free Flow,,Lolu 1,25,30,5,59
10/15/2025,6:00 AM,75 min.,Lolu Nashville,Free Flow,,Lolu 3,17,18,1,1
10/15/2025,6:30 AM,75 min.,Lolu Nashville,Free Flow,,Lolu 1,18,18,0,1
10/15/2025,7:00 AM,75 min.,Lolu Nashville,Free Flow,,Lolu 2,17,18,1,2
10/15/2025,7:30 AM,75 min.,Lolu Nashville,Free Flow,,Lolu 3,18,18,0,2
10/15/2025,8:00 AM,75 min.,Lolu Nashville,Free Flow,,Lolu 1,18,18,0,2
10/15/2025,8:30 AM,75 min.,Lolu Nashville,Free Flow,,Lolu 2,18,18,0,2
10/15/2025,11:30 AM,75 min.,Lolu Nashville,Free Flow,,Lolu 1,17,18,1,3
10/15/2025,12:00 PM,75 min.,Lolu Nashville,Free Flow,,Lolu 2,18,18,0,3
10/15/2025,4:45 PM,75 min.,Lolu Nashville,Free Flow,,Lolu 1,19,20,1,4
10/15/2025,5:15 PM,75 min.,Lolu Nashville,Free Flow,,Lolu 2,17,20,3,7
10/15/2025,6:45 PM,60 min.,Lolu Nashville,Guided: Restore,,Lolu 3,,,,7
10/15/2025,8:00 PM,75 min.,Lolu Nashville,Free Flow,,Lolu 1,30,30,0,7
10/16/2025,6:00 AM,60 min.,Lolu Nashville,Guided: Energize,,Lolu 2,4,24,20,20
10/16/2025,7:00 AM,75 min.,Lolu Nashville,Free Flow,,Lolu 3,17,18,1,21
10/16/2025,7:30 AM,75 min.,Lolu Nashville,Free Flow,,Lolu 2,17,18,1,22
10/16/2025,8:00 AM,75 min.,Lolu Nashville,Free Flow,,Lolu 1,18,18,0,22
10/16/2025,11:30 AM,75 min.,Lolu Nashville,Free Flow,,Lolu 1,18,18,0,22
10/16/2025,12:00 PM,75 min.,Lolu Nashville,Free Flow,,Lolu 2,18,18,0,22
10/16/2025,4:45 PM,75 min.,Lolu Nashville,Free Flow,,Lolu 1,20,20,0,22
10/16/2025,5:15 PM,75 min.,Lolu Nashville,Free Flow,,Lolu 3,19,20,1,23
10/16/2025,6:45 PM,75 min.,Lolu Nashville,Quiet Flow,,Lolu 1,30,30,0,23
10/16/2025,8:00 PM,75 min.,Lolu Nashville,Free Flow,,Lolu 1,30,30,0,23
10/17/2025,6:30 AM,75 min.,Lolu Nashville,Free Flow,,Lolu 1,16,18,2,2
10/17/2025,7:00 AM,75 min.,Lolu Nashville,Free Flow,,Lolu 2,17,18,1,3
10/17/2025,7:30 AM,75 min.,Lolu Nashville,Free Flow,,Lolu 3,18,18,0,3
10/17/2025,8:00 AM,75 min.,Lolu Nashville,Free Flow,,Lolu 1,17,18,1,4
10/17/2025,4:30 PM,60 min.,Lolu Nashville,Guided: Unwind,,Lolu 3,,,,4
10/17/2025,5:30 PM,75 min.,Lolu Nashville,Free Flow,,Lolu 1,18,18,0,4
10/17/2025,6:00 PM,75 min.,Lolu Nashville,Free Flow,,Lolu 2,18,18,0,4
10/17/2025,6:30 PM,75 min.,Lolu Nashville,Free Flow,,Lolu 3,18,18,0,4
10/17/2025,7:00 PM,75 min.,Lolu Nashville,Free Flow,,Lolu 1,18,18,0,4
10/17/2025,7:30 PM,75 min.,Lolu Nashville,Free Flow,,Lolu 2,18,18,0,4
10/17/2025,8:00 PM,75 min.,Lolu Nashville,Free Flow,,Lolu 3,18,18,0,4
10/17/2025,8:30 PM,75 min.,Lolu Nashville,Free Flow,,Lolu 1,18,18,0,4
10/18/2025,8:15 AM,75 min.,Lolu Nashville,Free Flow,,Lolu 1,19,20,1,1
10/18/2025,8:45 AM,75 min.,Lolu Nashville,Free Flow,,Lolu 2,19,20,1,2
10/18/2025,10:30 AM,75 min.,Lolu Nashville,Guided: Lifeforce,Evan Galante,Lolu 1,3,35,32,34
10/18/2025,12:00 PM,75 min.,Lolu Nashville,Free Flow,,Lolu 3,17,18,1,35
10/18/2025,12:30 PM,75 min.,Lolu Nashville,Free Flow,,Lolu 2,18,18,0,35
10/18/2025,1:00 PM,75 min.,Lolu Nashville,Free Flow,,Lolu 1,18,18,0,35
10/18/2025,5:30 PM,75 min.,Lolu Nashville,Free Flow,,Lolu 1,18,18,0,35
10/18/2025,6:00 PM,75 min.,Lolu Nashville,Free Flow,,Lolu 2,18,18,0,35
10/18/2025,6:30 PM,75 min.,Lolu Nashville,Free Flow,,Lolu 3,18,18,0,35
10/19/2025,8:00 AM,60 min.,Lolu Nashville,Guided: Reset,,Lolu 1,24,24,0,0
10/19/2025,9:00 AM,75 min.,Lolu Nashville,Free Flow,,Lolu 3,18,18,0,0
10/19/2025,9:30 AM,75 min.,Lolu Nashville,Free Flow,,Lolu 1,18,18,0,0
10/19/2025,10:00 AM,75 min.,Lolu Nashville,Free Flow,,Lolu 2,18,18,0,0
10/19/2025,10:30 AM,75 min.,Lolu Nashville,Free Flow,,Lolu 3,18,18,0,0
10/19/2025,3:00 PM,75 min.,Lolu Nashville,Free Flow,,Lolu 1,19,20,1,1
10/19/2025,3:30 PM,75 min.,Lolu Nashville,Free Flow,,Lolu 2,20,20,0,1
10/19/2025,5:00 PM,60 min.,Lolu Nashville,Guided: Restore,,Lolu 1,24,24,0,1
10/19/2025,6:30 PM,75 min.,Lolu Nashville,Free Flow,,Lolu 1,16,18,2,3
10/19/2025,7:00 PM,75 min.,Lolu Nashville,Free Flow,,Lolu 2,18,18,0,3
10/19/2025,7:30 PM,75 min.,Lolu Nashville,Free Flow,,Lolu 3,18,18,0,3
10/06/2025,7:00 AM,75 min.,Lolu Nashville,Free Flow,,Lolu 2,13,18,5,5
10/06/2025,7:30 AM,75 min.,Lolu Nashville,Free Flow,,Lolu 3,17,18,1,6
10/06/2025,8:00 AM,75 min.,Lolu Nashville,Free Flow,,Lolu 1,11,18,7,13
10/07/2025,6:30 AM,75 min.,Lolu Nashville,Free Flow,,Lolu 1,11,18,7,7
10/07/2025,7:00 AM,75 min.,Lolu Nashville,Free Flow,,Lolu 3,13,18,5,12
10/07/2025,7:30 AM,75 min.,Lolu Nashville,Free Flow,,Lolu 2,13,18,5,17
10/07/2025,8:00 AM,75 min.,Lolu Nashville,Free Flow,,Lolu 1,18,18,0,17
10/07/2025,11:30 AM,75 min.,Lolu Nashville,Free Flow,,Lolu 1,10,18,8,25
10/07/2025,12:00 PM,75 min.,Lolu Nashville,Free Flow,,Lolu 2,18,18,0,25
10/07/2025,4:45 PM,75 min.,Lolu Nashville,Free Flow,,Lolu 1,7,20,13,38
10/07/2025,5:15 PM,75 min.,Lolu Nashville,Free Flow,,Lolu 3,7,20,13,51
10/07/2025,6:45 PM,75 min.,Lolu Nashville,Quiet Flow,,Lolu 1,17,30,13,64
10/07/2025,8:00 PM,75 min.,Lolu Nashville,Free Flow,,Lolu 1,16,30,14,78
10/08/2025,6:00 AM,75 min.,Lolu Nashville,Free Flow,,Lolu 3,17,18,1,1
10/08/2025,6:30 AM,75 min.,Lolu Nashville,Free Flow,,Lolu 1,16,18,2,3
10/08/2025,7:00 AM,75 min.,Lolu Nashville,Free Flow,,Lolu 2,15,18,3,6
10/08/2025,7:30 AM,75 min.,Lolu Nashville,Free Flow,,Lolu 3,16,18,2,8
10/08/2025,8:00 AM,75 min.,Lolu Nashville,Free Flow,,Lolu 1,15,18,3,11
10/08/2025,8:30 AM,75 min.,Lolu Nashville,Free Flow,,Lolu 2,13,18,5,16
10/08/2025,11:30 AM,75 min.,Lolu Nashville,Free Flow,,Lolu 1,10,18,8,24
10/08/2025,12:00 PM,75 min.,Lolu Nashville,Free Flow,,Lolu 2,11,18,7,31
10/08/2025,4:45 PM,75 min.,Lolu Nashville,Free Flow,,Lolu 1,11,20,9,40
10/08/2025,5:15 PM,75 min.,Lolu Nashville,Free Flow,,Lolu 2,1,20,19,59
10/08/2025,6:45 PM,60 min.,Lolu Nashville,Guided: Restore,,Lolu 3,2,24,22,81
10/08/2025,8:00 PM,75 min.,Lolu Nashville,Free Flow,,Lolu 1,17,30,13,94
10/09/2025,7:00 AM,75 min.,Lolu Nashville,Free Flow,,Lolu 3,12,18,6,6
10/09/2025,7:30 AM,75 min.,Lolu Nashville,Free Flow,,Lolu 2,14,18,4,10
10/09/2025,8:00 AM,75 min.,Lolu Nashville,Free Flow,,Lolu 1,15,18,3,13
10/09/2025,11:30 AM,75 min.,Lolu Nashville,Free Flow,,Lolu 1,16,18,2,15
10/09/2025,12:00 PM,75 min.,Lolu Nashville,Free Flow,,Lolu 2,11,18,7,22
10/09/2025,4:45 PM,75 min.,Lolu Nashville,Free Flow,,Lolu 1,13,20,7,29
10/09/2025,5:15 PM,75 min.,Lolu Nashville,Free Flow,,Lolu 3,6,20,14,43
10/09/2025,6:45 PM,75 min.,Lolu Nashville,Quiet Flow,,Lolu 1,19,30,11,54
10/09/2025,8:00 PM,75 min.,Lolu Nashville,Free Flow,,Lolu 1,21,30,9,63
10/10/2025,6:30 AM,75 min.,Lolu Nashville,Free Flow,,Lolu 1,15,18,3,3
10/10/2025,7:00 AM,75 min.,Lolu Nashville,Free Flow,,Lolu 2,16,18,2,5
10/10/2025,7:30 AM,75 min.,Lolu Nashville,Free Flow,,Lolu 3,15,18,3,8
10/10/2025,8:00 AM,75 min.,Lolu Nashville,Free Flow,,Lolu 1,13,18,5,13
10/10/2025,4:30 PM,60 min.,Lolu Nashville,Guided: Unwind,,Lolu 3,22,24,2,15
10/10/2025,5:30 PM,75 min.,Lolu Nashville,Free Flow,,Lolu 1,8,18,10,25
10/10/2025,6:00 PM,75 min.,Lolu Nashville,Free Flow,,Lolu 2,17,18,1,26
10/10/2025,6:30 PM,75 min.,Lolu Nashville,Free Flow,,Lolu 3,15,18,3,29
10/10/2025,7:00 PM,75 min.,Lolu Nashville,Free Flow,,Lolu 1,16,18,2,31
10/10/2025,7:30 PM,75 min.,Lolu Nashville,Free Flow,,Lolu 2,17,18,1,32
10/10/2025,8:00 PM,75 min.,Lolu Nashville,Free Flow,,Lolu 3,16,18,2,34
10/10/2025,8:30 PM,75 min.,Lolu Nashville,Free Flow,,Lolu 1,16,18,2,36
10/11/2025,8:15 AM,75 min.,Lolu Nashville,Free Flow,,Lolu 1,11,20,9,9
10/11/2025,8:45 AM,75 min.,Lolu Nashville,Free Flow,,Lolu 2,3,20,17,26
10/11/2025,10:30 AM,75 min.,Lolu Nashville,Guided: Lifeforce,Evan Galante,Lolu 1,25,35,10,36
10/11/2025,12:00 PM,75 min.,Lolu Nashville,Free Flow,,Lolu 3,12,18,6,42
10/11/2025,12:30 PM,75 min.,Lolu Nashville,Free Flow,,Lolu 2,12,18,6,48
10/11/2025,1:00 PM,75 min.,Lolu Nashville,Free Flow,,Lolu 1,14,18,4,52
10/11/2025,5:30 PM,75 min.,Lolu Nashville,Free Flow,,Lolu 1,11,18,7,59
10/11/2025,6:00 PM,75 min.,Lolu Nashville,Free Flow,,Lolu 2,16,18,2,61
10/11/2025,6:30 PM,75 min.,Lolu Nashville,Free Flow,,Lolu 3,8,18,10,71
10/12/2025,8:00 AM,60 min.,Lolu Nashville,Outdoor Breathwork Immersion + Breakfast Club,Evan Galante,Courtyard,5,24,19,19
10/12/2025,9:00 AM,75 min.,Lolu Nashville,Free Flow,,Lolu 3,15,18,3,22
10/12/2025,9:30 AM,75 min.,Lolu Nashville,Free Flow,,Lolu 1,14,18,4,26
10/12/2025,10:00 AM,75 min.,Lolu Nashville,Free Flow,,Lolu 2,12,18,6,32
10/12/2025,10:30 AM,75 min.,Lolu Nashville,Free Flow,,Lolu 3,9,18,9,41
10/12/2025,3:00 PM,75 min.,Lolu Nashville,Free Flow,,Lolu 1,,,,41
10/12/2025,3:30 PM,75 min.,Lolu Nashville,Free Flow,,Lolu 2,13,20,7,48
10/12/2025,5:00 PM,60 min.,Lolu Nashville,Guided: Restore,Brooke Allison,Lolu 1,3,24,21,69
10/12/2025,6:30 PM,75 min.,Lolu Nashville,Free Flow,,Lolu 1,6,18,12,81
10/12/2025,7:00 PM,75 min.,Lolu Nashville,Free Flow,,Lolu 2,14,18,4,85
10/12/2025,7:30 PM,75 min.,Lolu Nashville,Free Flow,,Lolu 3,15,18,3,88
09/29/2025,7:30 AM,45 min.,Lolu Nashville,Outdoor Free Flow,,Courtyard,7,8,1,1
09/29/2025,8:00 AM,45 min.,Lolu Nashville,Outdoor Free Flow,,Lolu 1,4,8,4,5
09/29/2025,8:30 AM,45 min.,Lolu Nashville,Outdoor Free Flow,,Lolu 2,6,8,2,7
09/29/2025,9:00 AM,45 min.,Lolu Nashville,Outdoor Free Flow,,Lolu 3,6,8,2,9
09/29/2025,9:15 AM,480 min.,Lolu Nashville,Closed: Studio Maintenance,,Lolu 1,,,,9
09/29/2025,5:30 PM,45 min.,Lolu Nashville,Outdoor Free Flow,,Courtyard,,,,9
09/29/2025,6:00 PM,45 min.,Lolu Nashville,Outdoor Free Flow,,Lolu 1,5,8,3,12
09/29/2025,6:30 PM,45 min.,Lolu Nashville,Outdoor Free Flow,,Lolu 2,7,8,1,13
09/29/2025,7:00 PM,45 min.,Lolu Nashville,Outdoor Free Flow,,Lolu 3,,,,13
09/30/2025,7:30 AM,45 min.,Lolu Nashville,Outdoor Free Flow,,Courtyard,3,8,5,5
09/30/2025,8:00 AM,45 min.,Lolu Nashville,Outdoor Free Flow,,Lolu 1,6,8,2,7
09/30/2025,8:30 AM,45 min.,Lolu Nashville,Outdoor Free Flow,,Lolu 2,6,8,2,9
09/30/2025,9:00 AM,45 min.,Lolu Nashville,Outdoor Free Flow,,Lolu 3,6,8,2,11
09/30/2025,9:15 AM,480 min.,Lolu Nashville,Closed: Studio Maintenance,,Lolu 1,,,,11
09/30/2025,5:30 PM,45 min.,Lolu Nashville,Outdoor Free Flow,,Courtyard,4,8,4,15
09/30/2025,6:00 PM,45 min.,Lolu Nashville,Outdoor Free Flow,,Lolu 1,6,8,2,17
09/30/2025,6:30 PM,45 min.,Lolu Nashville,Outdoor Free Flow,,Lolu 2,8,8,0,17
09/30/2025,7:00 PM,45 min.,Lolu Nashville,Outdoor Free Flow,,Lolu 3,2,8,6,23
10/01/2025,7:30 AM,45 min.,Lolu Nashville,Outdoor Free Flow,,Courtyard,5,8,3,3
10/01/2025,8:00 AM,45 min.,Lolu Nashville,Outdoor Free Flow,,Lolu 1,6,8,2,5
10/01/2025,8:30 AM,45 min.,Lolu Nashville,Outdoor Free Flow,,Lolu 2,8,8,0,5
10/01/2025,9:00 AM,45 min.,Lolu Nashville,Outdoor Free Flow,,Lolu 3,6,8,2,7
10/01/2025,9:15 AM,480 min.,Lolu Nashville,Closed: Studio Maintenance,,Lolu 1,,,,7
10/01/2025,5:30 PM,45 min.,Lolu Nashville,Outdoor Free Flow,,Courtyard,6,8,2,9
10/01/2025,6:00 PM,45 min.,Lolu Nashville,Outdoor Free Flow,,Lolu 1,4,8,4,13
10/01/2025,6:30 PM,45 min.,Lolu Nashville,Outdoor Free Flow,,Lolu 2,7,8,1,14
10/01/2025,7:00 PM,45 min.,Lolu Nashville,Outdoor Free Flow,,Lolu 3,8,8,0,14
10/02/2025,6:00 AM,60 min.,Lolu Nashville,Guided: Energize,,Lolu 1,18,24,6,6
10/02/2025,7:00 AM,75 min.,Lolu Nashville,Free Flow,,Lolu 3,8,18,10,16
10/02/2025,7:30 AM,75 min.,Lolu Nashville,Free Flow,,Lolu 2,13,18,5,21
10/02/2025,8:00 AM,75 min.,Lolu Nashville,Free Flow,,Lolu 1,9,18,9,30
10/02/2025,11:30 AM,75 min.,Lolu Nashville,Free Flow,,Lolu 1,9,18,9,39
10/02/2025,12:00 PM,75 min.,Lolu Nashville,Free Flow,,Lolu 2,10,18,8,47
10/02/2025,4:45 PM,75 min.,Lolu Nashville,Free Flow,,Lolu 1,17,20,3,50
10/02/2025,5:15 PM,75 min.,Lolu Nashville,Free Flow,,Lolu 3,10,20,10,60
10/02/2025,6:45 PM,75 min.,Lolu Nashville,Quiet Flow,,Lolu 1,21,30,9,69
10/02/2025,8:00 PM,75 min.,Lolu Nashville,Free Flow,,Lolu 1,19,30,11,80
10/03/2025,6:30 AM,75 min.,Lolu Nashville,Free Flow,,Lolu 1,14,18,4,4
10/03/2025,7:00 AM,75 min.,Lolu Nashville,Free Flow,,Lolu 2,15,18,3,7
10/03/2025,7:30 AM,75 min.,Lolu Nashville,Free Flow,,Lolu 3,12,18,6,13
10/03/2025,8:00 AM,75 min.,Lolu Nashville,Free Flow,,Lolu 1,6,18,12,25
10/03/2025,4:30 PM,60 min.,Lolu Nashville,Guided: Unwind,,Lolu 3,18,24,6,31
10/03/2025,5:30 PM,75 min.,Lolu Nashville,Free Flow,,Lolu 1,10,18,8,39
10/03/2025,6:00 PM,75 min.,Lolu Nashville,Free Flow,,Lolu 2,11,18,7,46
10/03/2025,6:30 PM,75 min.,Lolu Nashville,Free Flow,,Lolu 3,16,18,2,48
10/03/2025,7:00 PM,75 min.,Lolu Nashville,Free Flow,,Lolu 1,14,18,4,52
10/03/2025,7:30 PM,75 min.,Lolu Nashville,Free Flow,,Lolu 2,16,18,2,54
10/03/2025,8:00 PM,75 min.,Lolu Nashville,Free Flow,,Lolu 3,11,18,7,61
10/03/2025,8:30 PM,75 min.,Lolu Nashville,Free Flow,,Lolu 1,15,18,3,64
10/04/2025,8:15 AM,75 min.,Lolu Nashville,Free Flow,,Lolu 1,16,20,4,4
10/04/2025,8:45 AM,75 min.,Lolu Nashville,Free Flow,,Lolu 2,5,20,15,19
10/04/2025,10:30 AM,75 min.,Lolu Nashville,Guided: Lifeforce,Evan Galante,Lolu 1,18,35,17,36
10/04/2025,12:00 PM,75 min.,Lolu Nashville,Free Flow,,Lolu 3,5,18,13,49
10/04/2025,12:30 PM,75 min.,Lolu Nashville,Free Flow,,Lolu 2,15,18,3,52
10/04/2025,1:00 PM,75 min.,Lolu Nashville,Free Flow,,Lolu 1,14,18,4,56
10/04/2025,5:30 PM,75 min.,Lolu Nashville,Free Flow,,Lolu 1,3,18,15,71
10/04/2025,6:00 PM,75 min.,Lolu Nashville,Free Flow,,Lolu 2,14,18,4,75
10/04/2025,6:30 PM,75 min.,Lolu Nashville,Free Flow,,Lolu 3,8,18,10,85
10/05/2025,8:30 AM,75 min.,Lolu Nashville,Free Flow,,Lolu 2,7,18,11,11
10/05/2025,9:00 AM,75 min.,Lolu Nashville,Free Flow,,Lolu 3,13,18,5,16
10/05/2025,9:30 AM,75 min.,Lolu Nashville,Free Flow,,Lolu 1,16,18,2,18
10/05/2025,10:00 AM,75 min.,Lolu Nashville,Free Flow,,Lolu 2,9,18,9,27
10/05/2025,10:30 AM,75 min.,Lolu Nashville,Free Flow,,Lolu 3,10,18,8,35
10/05/2025,3:00 PM,75 min.,Lolu Nashville,Free Flow,,Lolu 1,12,20,8,43
10/05/2025,3:30 PM,75 min.,Lolu Nashville,Free Flow,,Lolu 2,10,20,10,53
10/05/2025,6:30 PM,75 min.,Lolu Nashville,Free Flow,,Lolu 1,10,18,8,61
10/05/2025,7:00 PM,75 min.,Lolu Nashville,Free Flow,,Lolu 2,12,18,6,67
10/05/2025,7:30 PM,75 min.,Lolu Nashville,Free Flow,,Lolu 3,5,18,13,80
09/22/2025,6:00 AM,60 min.,Lolu Nashville,Lolu Fit,,Lolu 1,14,14,0,0
09/22/2025,7:00 AM,75 min.,Lolu Nashville,Free Flow,,Lolu 2,11,18,7,7
09/22/2025,7:30 AM,75 min.,Lolu Nashville,Free Flow,,Lolu 3,15,18,3,10
09/22/2025,8:00 AM,75 min.,Lolu Nashville,Free Flow,,Lolu 1,12,18,6,16
09/22/2025,6:30 PM,75 min.,Lolu Nashville,Free Flow,,Lolu 1,5,18,13,29
09/22/2025,7:00 PM,75 min.,Lolu Nashville,Free Flow,,Lolu 2,10,18,8,37
09/22/2025,7:30 PM,75 min.,Lolu Nashville,Free Flow,,Lolu 3,5,18,13,50
09/23/2025,6:30 AM,75 min.,Lolu Nashville,Free Flow,,Lolu 1,14,18,4,4
09/23/2025,7:00 AM,75 min.,Lolu Nashville,Free Flow,,Lolu 3,13,18,5,9
09/23/2025,7:30 AM,75 min.,Lolu Nashville,Free Flow,,Lolu 2,10,18,8,17
09/23/2025,8:00 AM,75 min.,Lolu Nashville,Free Flow,,Lolu 1,9,18,9,26
09/23/2025,11:30 AM,75 min.,Lolu Nashville,Free Flow,,Lolu 1,14,18,4,30
09/23/2025,12:00 PM,75 min.,Lolu Nashville,Free Flow,,Lolu 2,9,18,9,39
09/23/2025,4:45 PM,75 min.,Lolu Nashville,Free Flow,,Lolu 1,13,20,7,46
09/23/2025,5:15 PM,75 min.,Lolu Nashville,Free Flow,,Lolu 3,9,20,11,57
09/23/2025,6:45 PM,75 min.,Lolu Nashville,Quiet Flow,,Lolu 1,15,30,15,72
09/23/2025,8:00 PM,75 min.,Lolu Nashville,Free Flow,,Lolu 1,22,30,8,80
09/24/2025,6:00 AM,75 min.,Lolu Nashville,Free Flow,,Lolu 3,14,18,4,4
09/24/2025,6:30 AM,75 min.,Lolu Nashville,Free Flow,,Lolu 1,16,18,2,6
09/24/2025,7:00 AM,75 min.,Lolu Nashville,Free Flow,,Lolu 2,9,18,9,15
09/24/2025,7:30 AM,75 min.,Lolu Nashville,Free Flow,,Lolu 3,16,18,2,17
09/24/2025,8:00 AM,75 min.,Lolu Nashville,Free Flow,,Lolu 1,6,18,12,29
09/24/2025,8:30 AM,75 min.,Lolu Nashville,Free Flow,,Lolu 2,13,18,5,34
09/24/2025,11:30 AM,75 min.,Lolu Nashville,Free Flow,,Lolu 1,12,18,6,40
09/24/2025,12:00 PM,75 min.,Lolu Nashville,Free Flow,,Lolu 2,12,18,6,46
09/24/2025,4:45 PM,75 min.,Lolu Nashville,Free Flow,,Lolu 1,15,20,5,51
09/24/2025,5:15 PM,75 min.,Lolu Nashville,Free Flow,,Lolu 2,15,20,5,56
09/24/2025,6:45 PM,60 min.,Lolu Nashville,Guided: Restore,,Lolu 3,17,24,7,63
09/24/2025,8:00 PM,75 min.,Lolu Nashville,Free Flow,,Lolu 1,17,30,13,76
09/25/2025,6:00 AM,60 min.,Lolu Nashville,Guided: Energize,,Lolu 1,16,24,8,8
09/25/2025,7:00 AM,75 min.,Lolu Nashville,Free Flow,,Lolu 3,12,18,6,14
09/25/2025,7:30 AM,75 min.,Lolu Nashville,Free Flow,,Lolu 2,14,18,4,18
09/25/2025,8:00 AM,75 min.,Lolu Nashville,Free Flow,,Lolu 1,9,18,9,27
09/25/2025,11:30 AM,75 min.,Lolu Nashville,Free Flow,,Lolu 1,15,18,3,30
09/25/2025,12:00 PM,75 min.,Lolu Nashville,Free Flow,,Lolu 2,13,18,5,35
09/25/2025,4:45 PM,75 min.,Lolu Nashville,Free Flow,,Lolu 1,17,20,3,38
09/25/2025,5:15 PM,75 min.,Lolu Nashville,Free Flow,,Lolu 3,10,20,10,48
09/25/2025,6:45 PM,75 min.,Lolu Nashville,Quiet Flow,,Lolu 1,16,30,14,62
09/25/2025,8:00 PM,75 min.,Lolu Nashville,Free Flow,,Lolu 1,18,30,12,74
09/26/2025,6:30 AM,75 min.,Lolu Nashville,Free Flow,,Lolu 1,14,18,4,4
09/26/2025,7:00 AM,75 min.,Lolu Nashville,Free Flow,,Lolu 2,15,18,3,7
09/26/2025,7:30 AM,75 min.,Lolu Nashville,Free Flow,,Lolu 3,15,18,3,10
09/26/2025,8:00 AM,75 min.,Lolu Nashville,Free Flow,,Lolu 1,8,18,10,20
09/26/2025,4:30 PM,60 min.,Lolu Nashville,Guided: Unwind,,Lolu 3,16,24,8,28
09/26/2025,5:30 PM,75 min.,Lolu Nashville,Free Flow,,Lolu 1,5,18,13,41
09/26/2025,6:00 PM,75 min.,Lolu Nashville,Free Flow,,Lolu 2,13,18,5,46
09/26/2025,6:30 PM,75 min.,Lolu Nashville,Free Flow,,Lolu 3,16,18,2,48
09/26/2025,7:00 PM,75 min.,Lolu Nashville,Free Flow,,Lolu 1,17,18,1,49
09/26/2025,7:30 PM,75 min.,Lolu Nashville,Free Flow,,Lolu 2,16,18,2,51
09/26/2025,8:00 PM,75 min.,Lolu Nashville,Free Flow,,Lolu 3,16,18,2,53
09/26/2025,8:30 PM,75 min.,Lolu Nashville,Free Flow,,Lolu 1,15,18,3,56
09/27/2025,8:15 AM,75 min.,Lolu Nashville,Free Flow,,Lolu 1,4,20,16,16
09/27/2025,8:45 AM,75 min.,Lolu Nashville,Free Flow,,Lolu 2,,,,16
09/27/2025,10:30 AM,180 min.,Lolu Nashville,Closed: Private Event,,Lolu 1,,,,16
09/27/2025,3:00 PM,75 min.,Lolu Nashville,Free Flow,,Lolu 3,,,,16
09/27/2025,3:30 PM,75 min.,Lolu Nashville,Free Flow,,Lolu 2,10,18,8,24
09/27/2025,4:00 PM,75 min.,Lolu Nashville,Free Flow,,Lolu 1,,,,24
09/27/2025,5:30 PM,480 min.,Lolu Nashville,Closed: Studio Maintenance,,Lolu 1,,,,24
09/28/2025,9:00 AM,480 min.,Lolu Nashville,Closed: Studio Maintenance,,Lolu 1,,,,0
09/15/2025,6:00 AM,60 min.,Lolu Nashville,Lolu Fit: Kettlebells & Sav Hill,,Lolu 1,20,24,4,4
09/15/2025,7:00 AM,75 min.,Lolu Nashville,Free Flow,,Lolu 2,13,18,5,9
09/15/2025,7:30 AM,75 min.,Lolu Nashville,Free Flow,,Lolu 3,9,18,9,18
09/15/2025,8:00 AM,75 min.,Lolu Nashville,Free Flow,,Lolu 1,10,18,8,26
09/16/2025,7:00 AM,180 min.,Lolu Nashville,Closed: Studio Maintenance,,Lolu 1,,,,0
09/16/2025,11:30 AM,75 min.,Lolu Nashville,Free Flow,,Lolu 1,14,18,4,4
09/16/2025,12:00 PM,75 min.,Lolu Nashville,Free Flow,,Lolu 2,11,18,7,11
09/16/2025,4:45 PM,75 min.,Lolu Nashville,Free Flow,,Lolu 1,10,20,10,21
09/16/2025,5:15 PM,75 min.,Lolu Nashville,Free Flow,,Lolu 3,13,20,7,28
09/16/2025,6:45 PM,75 min.,Lolu Nashville,Quiet Flow,,Lolu 1,18,30,12,40
09/16/2025,8:00 PM,75 min.,Lolu Nashville,Free Flow,,Lolu 1,8,30,22,62
09/17/2025,6:00 AM,75 min.,Lolu Nashville,Free Flow,,Lolu 3,13,18,5,5
09/17/2025,6:30 AM,75 min.,Lolu Nashville,Free Flow,,Lolu 1,13,18,5,10
09/17/2025,7:00 AM,75 min.,Lolu Nashville,Free Flow,,Lolu 2,16,18,2,12
09/17/2025,7:30 AM,75 min.,Lolu Nashville,Free Flow,,Lolu 3,15,18,3,15
09/17/2025,8:00 AM,75 min.,Lolu Nashville,Free Flow,,Lolu 1,11,18,7,22
09/17/2025,8:30 AM,75 min.,Lolu Nashville,Free Flow,,Lolu 2,12,18,6,28
09/17/2025,11:30 AM,75 min.,Lolu Nashville,Free Flow,,Lolu 1,12,18,6,34
09/17/2025,12:00 PM,75 min.,Lolu Nashville,Free Flow,,Lolu 2,17,18,1,35
09/17/2025,4:45 PM,75 min.,Lolu Nashville,Free Flow,,Lolu 1,14,20,6,41
09/17/2025,5:15 PM,75 min.,Lolu Nashville,Free Flow,,Lolu 2,8,20,12,53
09/17/2025,6:45 PM,60 min.,Lolu Nashville,Guided: Restore,,Lolu 3,19,24,5,58
09/17/2025,8:00 PM,75 min.,Lolu Nashville,Free Flow,,Lolu 1,16,30,14,72
09/18/2025,6:00 AM,60 min.,Lolu Nashville,Guided: Energize,,Lolu 1,23,24,1,1
09/18/2025,7:00 AM,75 min.,Lolu Nashville,Free Flow,,Lolu 3,10,18,8,9
09/18/2025,7:30 AM,75 min.,Lolu Nashville,Free Flow,,Lolu 2,12,18,6,15
09/18/2025,8:00 AM,75 min.,Lolu Nashville,Free Flow,,Lolu 1,13,18,5,20
09/18/2025,11:30 AM,75 min.,Lolu Nashville,Free Flow,,Lolu 1,8,18,10,30
09/18/2025,12:00 PM,75 min.,Lolu Nashville,Free Flow,,Lolu 2,15,18,3,33
09/18/2025,4:45 PM,75 min.,Lolu Nashville,Free Flow,,Lolu 1,17,20,3,36
09/18/2025,5:15 PM,75 min.,Lolu Nashville,Free Flow,,Lolu 3,9,20,11,47
09/18/2025,6:45 PM,75 min.,Lolu Nashville,Quiet Flow,,Lolu 1,25,30,5,52
09/18/2025,8:00 PM,75 min.,Lolu Nashville,Free Flow,,Lolu 1,25,30,5,57
09/19/2025,6:30 AM,75 min.,Lolu Nashville,Free Flow,,Lolu 1,14,18,4,4
09/19/2025,7:00 AM,75 min.,Lolu Nashville,Free Flow,,Lolu 2,15,18,3,7
09/19/2025,7:30 AM,75 min.,Lolu Nashville,Free Flow,,Lolu 3,17,18,1,8
09/19/2025,8:00 AM,75 min.,Lolu Nashville,Free Flow,,Lolu 1,4,18,14,22
09/19/2025,4:30 PM,60 min.,Lolu Nashville,Guided: Unwind,,Lolu 3,16,24,8,30
09/19/2025,5:30 PM,75 min.,Lolu Nashville,Free Flow,,Lolu 1,7,18,11,41
09/19/2025,6:00 PM,75 min.,Lolu Nashville,Free Flow,,Lolu 2,13,18,5,46
09/19/2025,6:30 PM,75 min.,Lolu Nashville,Free Flow,,Lolu 3,18,18,0,46
09/19/2025,7:00 PM,75 min.,Lolu Nashville,Free Flow,,Lolu 1,17,18,1,47
09/19/2025,7:30 PM,75 min.,Lolu Nashville,Free Flow,,Lolu 2,17,18,1,48
09/19/2025,8:00 PM,75 min.,Lolu Nashville,Free Flow,,Lolu 3,12,18,6,54
09/19/2025,8:30 PM,75 min.,Lolu Nashville,Free Flow,,Lolu 1,13,18,5,59
09/20/2025,8:15 AM,75 min.,Lolu Nashville,Free Flow,,Lolu 1,14,20,6,6
09/20/2025,8:45 AM,75 min.,Lolu Nashville,Free Flow,,Lolu 2,4,20,16,22
09/20/2025,10:30 AM,75 min.,Lolu Nashville,Guided: Lifeforce,Evan Galante,Lolu 1,19,35,16,38
09/20/2025,12:00 PM,75 min.,Lolu Nashville,Free Flow,,Lolu 3,3,18,15,53
09/20/2025,12:30 PM,75 min.,Lolu Nashville,Free Flow,,Lolu 2,4,18,14,67
09/20/2025,1:00 PM,75 min.,Lolu Nashville,Free Flow,,Lolu 1,6,18,12,79
09/20/2025,5:30 PM,75 min.,Lolu Nashville,Free Flow,,Lolu 1,13,18,5,84
09/20/2025,6:00 PM,75 min.,Lolu Nashville,Free Flow,,Lolu 2,16,18,2,86
09/20/2025,6:30 PM,75 min.,Lolu Nashville,Free Flow,,Lolu 3,11,18,7,93
09/21/2025,8:30 AM,75 min.,Lolu Nashville,Free Flow,,Lolu 2,14,18,4,4
09/21/2025,9:00 AM,75 min.,Lolu Nashville,Free Flow,,Lolu 3,11,18,7,11
09/21/2025,9:30 AM,75 min.,Lolu Nashville,Free Flow,,Lolu 1,13,18,5,16
09/21/2025,10:00 AM,75 min.,Lolu Nashville,Free Flow,,Lolu 2,12,18,6,22
09/21/2025,10:30 AM,75 min.,Lolu Nashville,Free Flow,,Lolu 3,14,18,4,26
09/21/2025,3:00 PM,75 min.,Lolu Nashville,Free Flow,,Lolu 1,4,20,16,42
09/21/2025,3:30 PM,75 min.,Lolu Nashville,Free Flow,,Lolu 2,10,20,10,52
09/21/2025,5:00 PM,60 min.,Lolu Nashville,Guided: Restore,,Lolu 1,17,24,7,59
09/21/2025,6:30 PM,75 min.,Lolu Nashville,Free Flow,,Lolu 1,6,18,12,71
09/21/2025,7:00 PM,75 min.,Lolu Nashville,Free Flow,,Lolu 2,9,18,9,80
09/21/2025,7:30 PM,75 min.,Lolu Nashville,Free Flow,,Lolu 3,13,18,5,85
09/08/2025,6:00 AM,60 min.,Lolu Nashville,Lolu Fit,,Lolu 1,12,14,2,2
09/08/2025,7:00 AM,75 min.,Lolu Nashville,Free Flow,,Lolu 2,10,18,8,10
09/08/2025,7:30 AM,75 min.,Lolu Nashville,Free Flow,,Lolu 3,14,18,4,14
09/08/2025,8:00 AM,75 min.,Lolu Nashville,Free Flow,,Lolu 1,12,18,6,20
09/08/2025,6:30 PM,75 min.,Lolu Nashville,Free Flow,,Lolu 1,8,18,10,30
09/08/2025,7:00 PM,75 min.,Lolu Nashville,Free Flow,,Lolu 2,14,18,4,34
09/08/2025,7:30 PM,75 min.,Lolu Nashville,Free Flow,,Lolu 3,10,18,8,42
09/09/2025,6:00 AM,60 min.,Lolu Nashville,Guided: Energize,,Lolu 1,23,24,1,1
09/09/2025,7:00 AM,75 min.,Lolu Nashville,Free Flow,,Lolu 3,12,18,6,7
09/09/2025,7:30 AM,75 min.,Lolu Nashville,Free Flow,,Lolu 2,14,18,4,11
09/09/2025,8:00 AM,75 min.,Lolu Nashville,Free Flow,,Lolu 1,12,18,6,17
09/09/2025,11:30 AM,75 min.,Lolu Nashville,Free Flow,,Lolu 1,15,18,3,20
09/09/2025,12:00 PM,75 min.,Lolu Nashville,Free Flow,,Lolu 2,12,18,6,26
09/09/2025,4:45 PM,75 min.,Lolu Nashville,Free Flow,,Lolu 1,11,20,9,35
09/09/2025,5:15 PM,75 min.,Lolu Nashville,Free Flow,,Lolu 3,4,20,16,51
09/09/2025,6:45 PM,75 min.,Lolu Nashville,Quiet Flow with Silent Book Club,,Lolu 1,10,30,20,71
09/09/2025,8:00 PM,75 min.,Lolu Nashville,Free Flow,,Lolu 1,16,30,14,85
09/10/2025,6:00 AM,75 min.,Lolu Nashville,Free Flow,,Lolu 3,17,18,1,1
09/10/2025,6:30 AM,75 min.,Lolu Nashville,Free Flow,,Lolu 1,9,18,9,10
09/10/2025,7:00 AM,75 min.,Lolu Nashville,Free Flow,,Lolu 2,11,18,7,17
09/10/2025,7:30 AM,75 min.,Lolu Nashville,Free Flow,,Lolu 3,10,18,8,25
09/10/2025,8:00 AM,75 min.,Lolu Nashville,Free Flow,,Lolu 1,13,18,5,30
09/10/2025,8:30 AM,75 min.,Lolu Nashville,Free Flow,,Lolu 2,12,18,6,36
09/10/2025,11:30 AM,75 min.,Lolu Nashville,Free Flow,,Lolu 1,5,18,13,49
09/10/2025,12:00 PM,75 min.,Lolu Nashville,Free Flow,,Lolu 2,15,18,3,52
09/10/2025,4:45 PM,75 min.,Lolu Nashville,Free Flow,,Lolu 1,3,20,17,69
09/10/2025,5:15 PM,75 min.,Lolu Nashville,Free Flow,,Lolu 2,11,20,9,78
09/10/2025,6:45 PM,60 min.,Lolu Nashville,Guided: Restore,,Lolu 3,4,24,20,98
09/10/2025,8:00 PM,75 min.,Lolu Nashville,Free Flow,,Lolu 1,1,30,29,127
09/11/2025,6:00 AM,60 min.,Lolu Nashville,Guided: Energize,,Lolu 1,22,24,2,2
09/11/2025,7:00 AM,75 min.,Lolu Nashville,Free Flow,,Lolu 3,8,18,10,12
09/11/2025,7:30 AM,75 min.,Lolu Nashville,Free Flow,,Lolu 2,15,18,3,15
09/11/2025,8:00 AM,75 min.,Lolu Nashville,Free Flow,,Lolu 1,12,18,6,21
09/11/2025,11:30 AM,75 min.,Lolu Nashville,Free Flow,,Lolu 1,16,18,2,23
09/11/2025,12:00 PM,75 min.,Lolu Nashville,Free Flow,,Lolu 2,10,18,8,31
09/11/2025,4:45 PM,75 min.,Lolu Nashville,Free Flow,,Lolu 1,10,20,10,41
09/11/2025,5:15 PM,75 min.,Lolu Nashville,Free Flow,,Lolu 3,11,20,9,50
09/11/2025,6:45 PM,75 min.,Lolu Nashville,Quiet Flow,,Lolu 1,19,30,11,61
09/11/2025,8:00 PM,75 min.,Lolu Nashville,Free Flow,,Lolu 1,24,30,6,67
09/12/2025,6:30 AM,75 min.,Lolu Nashville,Free Flow,,Lolu 1,12,18,6,6
09/12/2025,7:00 AM,75 min.,Lolu Nashville,Free Flow,,Lolu 2,15,18,3,9
09/12/2025,7:30 AM,75 min.,Lolu Nashville,Free Flow,,Lolu 3,14,18,4,13
09/12/2025,8:00 AM,75 min.,Lolu Nashville,Free Flow,,Lolu 1,7,18,11,24
09/12/2025,4:30 PM,60 min.,Lolu Nashville,Guided: Unwind,,Lolu 3,17,24,7,31
09/12/2025,5:30 PM,75 min.,Lolu Nashville,Free Flow,,Lolu 1,3,18,15,46
09/12/2025,6:00 PM,75 min.,Lolu Nashville,Free Flow,,Lolu 2,15,18,3,49
09/12/2025,6:30 PM,75 min.,Lolu Nashville,Free Flow,,Lolu 3,13,18,5,54
09/12/2025,7:00 PM,75 min.,Lolu Nashville,Free Flow,,Lolu 1,18,18,0,54
09/12/2025,7:30 PM,75 min.,Lolu Nashville,Free Flow,,Lolu 2,16,18,2,56
09/12/2025,8:00 PM,75 min.,Lolu Nashville,Free Flow,,Lolu 3,17,18,1,57
09/12/2025,8:30 PM,75 min.,Lolu Nashville,Free Flow,,Lolu 1,15,18,3,60
09/13/2025,8:15 AM,75 min.,Lolu Nashville,Free Flow,,Lolu 1,10,20,10,10
09/13/2025,8:45 AM,75 min.,Lolu Nashville,Free Flow,,Lolu 2,10,20,10,20
09/13/2025,10:30 AM,75 min.,Lolu Nashville,Guided: Lifeforce,Evan Galante,Lolu 1,18,35,17,37
09/13/2025,12:00 PM,75 min.,Lolu Nashville,Free Flow,,Lolu 3,12,18,6,43
09/13/2025,12:30 PM,75 min.,Lolu Nashville,Free Flow,,Lolu 2,11,18,7,50
09/13/2025,1:00 PM,75 min.,Lolu Nashville,Free Flow,,Lolu 1,16,18,2,52
09/13/2025,5:30 PM,75 min.,Lolu Nashville,Free Flow,,Lolu 1,7,18,11,63
09/13/2025,6:00 PM,75 min.,Lolu Nashville,Free Flow,,Lolu 2,18,18,0,63
09/13/2025,6:30 PM,75 min.,Lolu Nashville,Free Flow,,Lolu 3,11,18,7,70
09/14/2025,8:00 AM,60 min.,Lolu Nashville,Guided: Breathwork Immersion - Intermediate,Evan Galante,Lolu 1,6,12,6,6
09/14/2025,9:00 AM,75 min.,Lolu Nashville,Free Flow,,Lolu 3,8,18,10,16
09/14/2025,9:30 AM,75 min.,Lolu Nashville,Free Flow,,Lolu 1,17,18,1,17
09/14/2025,10:00 AM,75 min.,Lolu Nashville,Free Flow,,Lolu 2,16,18,2,19
09/14/2025,10:30 AM,75 min.,Lolu Nashville,Free Flow,,Lolu 3,10,18,8,27
09/14/2025,3:00 PM,75 min.,Lolu Nashville,Free Flow,,Lolu 1,8,20,12,39
09/14/2025,3:30 PM,75 min.,Lolu Nashville,Free Flow,,Lolu 2,12,20,8,47
09/14/2025,5:00 PM,60 min.,Lolu Nashville,Guided: Restore,,Lolu 1,19,24,5,52
09/14/2025,6:30 PM,75 min.,Lolu Nashville,Free Flow,,Lolu 1,11,18,7,59
09/14/2025,7:00 PM,75 min.,Lolu Nashville,Free Flow,,Lolu 2,9,18,9,68
09/14/2025,7:30 PM,75 min.,Lolu Nashville,Free Flow,,Lolu 3,13,18,5,73
09/01/2025,7:00 AM,60 min.,Lolu Nashville,Lolu Fit,,Lolu 1,9,14,5,5
09/01/2025,8:00 AM,75 min.,Lolu Nashville,Free Flow,,Lolu 1,12,18,6,11
09/01/2025,8:30 AM,75 min.,Lolu Nashville,Free Flow,,Lolu 3,14,18,4,15
09/01/2025,9:00 AM,75 min.,Lolu Nashville,Free Flow,,Lolu 2,10,18,8,23
09/01/2025,9:30 AM,75 min.,Lolu Nashville,Free Flow,,Lolu 1,15,18,3,26
09/01/2025,10:00 AM,75 min.,Lolu Nashville,Free Flow,,Lolu 3,2,18,16,42
09/02/2025,6:00 AM,60 min.,Lolu Nashville,Guided: Energize,,Lolu 1,24,24,0,0
09/02/2025,7:00 AM,75 min.,Lolu Nashville,Free Flow,,Lolu 3,15,18,3,3
09/02/2025,7:30 AM,75 min.,Lolu Nashville,Free Flow,,Lolu 2,13,18,5,8
09/02/2025,8:00 AM,75 min.,Lolu Nashville,Free Flow,,Lolu 1,11,18,7,15
09/02/2025,11:30 AM,75 min.,Lolu Nashville,Free Flow,,Lolu 1,17,18,1,16
09/02/2025,12:00 PM,75 min.,Lolu Nashville,Free Flow,,Lolu 2,10,18,8,24
09/02/2025,4:45 PM,75 min.,Lolu Nashville,Free Flow,,Lolu 1,13,20,7,31
09/02/2025,5:15 PM,75 min.,Lolu Nashville,Free Flow,,Lolu 3,10,20,10,41
09/02/2025,6:45 PM,75 min.,Lolu Nashville,Quiet Flow,,Lolu 1,15,30,15,56
09/02/2025,8:00 PM,75 min.,Lolu Nashville,Free Flow,,Lolu 1,17,30,13,69
09/03/2025,6:00 AM,75 min.,Lolu Nashville,Free Flow,,Lolu 3,13,18,5,5
09/03/2025,6:30 AM,75 min.,Lolu Nashville,Free Flow,,Lolu 1,18,18,0,5
09/03/2025,7:00 AM,75 min.,Lolu Nashville,Free Flow,,Lolu 2,13,18,5,10
09/03/2025,7:30 AM,75 min.,Lolu Nashville,Free Flow,,Lolu 3,7,18,11,21
09/03/2025,11:30 AM,75 min.,Lolu Nashville,Free Flow,,Lolu 1,10,18,8,29
09/03/2025,12:00 PM,75 min.,Lolu Nashville,Free Flow,,Lolu 2,15,18,3,32
09/03/2025,4:45 PM,75 min.,Lolu Nashville,Free Flow,,Lolu 1,14,20,6,38
09/03/2025,5:15 PM,75 min.,Lolu Nashville,Free Flow,,Lolu 2,9,20,11,49
09/03/2025,6:45 PM,60 min.,Lolu Nashville,Guided: Restore,,Lolu 3,13,24,11,60
09/03/2025,8:00 PM,75 min.,Lolu Nashville,Free Flow,,Lolu 1,21,30,9,69
09/04/2025,6:00 AM,60 min.,Lolu Nashville,Guided: Energize,,Lolu 1,23,24,1,1
09/04/2025,7:00 AM,75 min.,Lolu Nashville,Free Flow,,Lolu 3,11,18,7,8
09/04/2025,7:30 AM,75 min.,Lolu Nashville,Free Flow,,Lolu 2,14,18,4,12
09/04/2025,8:00 AM,75 min.,Lolu Nashville,Free Flow,,Lolu 1,13,18,5,17
09/04/2025,11:30 AM,75 min.,Lolu Nashville,Free Flow,,Lolu 1,11,18,7,24
09/04/2025,12:00 PM,75 min.,Lolu Nashville,Free Flow,,Lolu 2,13,18,5,29
09/04/2025,4:45 PM,75 min.,Lolu Nashville,Free Flow,,Lolu 1,15,20,5,34
09/04/2025,5:15 PM,75 min.,Lolu Nashville,Free Flow,,Lolu 3,7,20,13,47
09/04/2025,6:45 PM,75 min.,Lolu Nashville,Quiet Flow,,Lolu 1,23,30,7,54
09/04/2025,8:00 PM,75 min.,Lolu Nashville,Free Flow,,Lolu 1,20,30,10,64
09/05/2025,6:30 AM,75 min.,Lolu Nashville,Free Flow,,Lolu 1,17,18,1,1
09/05/2025,7:00 AM,75 min.,Lolu Nashville,Free Flow,,Lolu 2,10,18,8,9
09/05/2025,7:30 AM,75 min.,Lolu Nashville,Free Flow,,Lolu 3,11,18,7,16
09/05/2025,8:00 AM,75 min.,Lolu Nashville,Free Flow,,Lolu 1,10,18,8,24
09/05/2025,4:30 PM,60 min.,Lolu Nashville,Guided: Unwind,,Lolu 3,20,24,4,28
09/05/2025,5:30 PM,75 min.,Lolu Nashville,Free Flow,,Lolu 1,2,18,16,44
09/05/2025,6:00 PM,75 min.,Lolu Nashville,Free Flow,,Lolu 2,5,18,13,57
09/05/2025,6:30 PM,75 min.,Lolu Nashville,Free Flow,,Lolu 3,17,18,1,58
09/05/2025,7:00 PM,75 min.,Lolu Nashville,Free Flow,,Lolu 1,15,18,3,61
09/05/2025,7:30 PM,75 min.,Lolu Nashville,Free Flow,,Lolu 2,16,18,2,63
09/05/2025,8:00 PM,75 min.,Lolu Nashville,Free Flow,,Lolu 3,17,18,1,64
09/05/2025,8:30 PM,75 min.,Lolu Nashville,Free Flow,,Lolu 1,17,18,1,65
09/06/2025,8:15 AM,75 min.,Lolu Nashville,Free Flow,,Lolu 1,18,20,2,2
09/06/2025,8:45 AM,75 min.,Lolu Nashville,Free Flow,,Lolu 2,10,20,10,12
09/06/2025,10:30 AM,75 min.,Lolu Nashville,Guided: Lifeforce,Evan Galante,Lolu 1,18,35,17,29
09/06/2025,12:00 PM,75 min.,Lolu Nashville,Free Flow,,Lolu 3,9,18,9,38
09/06/2025,12:30 PM,75 min.,Lolu Nashville,Free Flow,,Lolu 2,8,18,10,48
09/06/2025,1:00 PM,75 min.,Lolu Nashville,Free Flow,,Lolu 1,7,18,11,59
09/06/2025,5:30 PM,75 min.,Lolu Nashville,Free Flow,,Lolu 1,6,18,12,71
09/06/2025,6:00 PM,75 min.,Lolu Nashville,Free Flow,,Lolu 2,16,18,2,73
09/06/2025,6:30 PM,75 min.,Lolu Nashville,Free Flow,,Lolu 3,11,18,7,80
09/07/2025,8:30 AM,75 min.,Lolu Nashville,Free Flow,,Lolu 2,13,18,5,5
09/07/2025,9:00 AM,75 min.,Lolu Nashville,Free Flow,,Lolu 3,9,18,9,14
09/07/2025,9:30 AM,75 min.,Lolu Nashville,Free Flow,,Lolu 1,12,18,6,20
09/07/2025,10:00 AM,75 min.,Lolu Nashville,Free Flow,,Lolu 2,12,18,6,26
09/07/2025,10:30 AM,75 min.,Lolu Nashville,Free Flow,,Lolu 3,,,,26
09/07/2025,3:00 PM,75 min.,Lolu Nashville,Free Flow,,Lolu 1,6,20,14,40
09/07/2025,3:30 PM,75 min.,Lolu Nashville,Free Flow,,Lolu 2,10,20,10,50
09/07/2025,5:00 PM,60 min.,Lolu Nashville,Guided: Restore,,Lolu 1,16,24,8,58
09/07/2025,6:30 PM,75 min.,Lolu Nashville,Free Flow,,Lolu 1,8,18,10,68
09/07/2025,7:00 PM,75 min.,Lolu Nashville,Free Flow,,Lolu 2,12,18,6,74
09/07/2025,7:30 PM,75 min.,Lolu Nashville,Free Flow,,Lolu 3,12,18,6,80
08/25/2025,6:00 AM,60 min.,Lolu Nashville,Lolu Fit,,Lolu 1,14,14,0,0
08/25/2025,7:00 AM,75 min.,Lolu Nashville,Free Flow,,Lolu 2,13,18,5,5
08/25/2025,7:30 AM,75 min.,Lolu Nashville,Free Flow,,Lolu 3,10,18,8,13
08/25/2025,8:00 AM,75 min.,Lolu Nashville,Free Flow,,Lolu 1,3,18,15,28
08/25/2025,6:30 PM,75 min.,Lolu Nashville,Free Flow,,Lolu 1,12,18,6,34
08/25/2025,7:00 PM,75 min.,Lolu Nashville,Free Flow,,Lolu 2,12,18,6,40
08/25/2025,7:30 PM,75 min.,Lolu Nashville,Free Flow,,Lolu 3,12,18,6,46
08/26/2025,7:00 AM,75 min.,Lolu Nashville,Free Flow,,Lolu 3,8,18,10,10
08/26/2025,7:30 AM,75 min.,Lolu Nashville,Free Flow,,Lolu 2,15,18,3,13
08/26/2025,8:00 AM,75 min.,Lolu Nashville,Free Flow,,Lolu 1,6,18,12,25
08/26/2025,11:30 AM,75 min.,Lolu Nashville,Free Flow,,Lolu 1,10,18,8,33
08/26/2025,12:00 PM,75 min.,Lolu Nashville,Free Flow,,Lolu 2,15,18,3,36
08/26/2025,4:45 PM,75 min.,Lolu Nashville,Free Flow,,Lolu 1,16,20,4,40
08/26/2025,5:15 PM,75 min.,Lolu Nashville,Free Flow,,Lolu 3,12,20,8,48
08/26/2025,6:45 PM,75 min.,Lolu Nashville,Quiet Flow,,Lolu 1,24,30,6,54
08/26/2025,8:00 PM,75 min.,Lolu Nashville,Free Flow,,Lolu 1,23,30,7,61
08/27/2025,6:00 AM,75 min.,Lolu Nashville,Free Flow,,Lolu 3,16,18,2,2
08/27/2025,6:30 AM,75 min.,Lolu Nashville,Free Flow,,Lolu 1,14,18,4,6
08/27/2025,7:00 AM,75 min.,Lolu Nashville,Free Flow,,Lolu 2,2,18,16,22
08/27/2025,7:30 AM,75 min.,Lolu Nashville,Free Flow,,Lolu 3,2,18,16,38
08/27/2025,11:30 AM,75 min.,Lolu Nashville,Free Flow,,Lolu 1,13,18,5,43
08/27/2025,12:00 PM,75 min.,Lolu Nashville,Free Flow,,Lolu 2,16,18,2,45
08/27/2025,4:45 PM,75 min.,Lolu Nashville,Free Flow,,Lolu 1,17,20,3,48
08/27/2025,5:15 PM,75 min.,Lolu Nashville,Free Flow,,Lolu 2,9,20,11,59
08/27/2025,6:45 PM,60 min.,Lolu Nashville,Guided: Restore,,Lolu 3,19,24,5,64
08/27/2025,8:00 PM,75 min.,Lolu Nashville,Free Flow,,Lolu 1,21,30,9,73
08/28/2025,6:00 AM,60 min.,Lolu Nashville,Guided: Energize,,Lolu 1,12,24,12,12
08/28/2025,7:00 AM,75 min.,Lolu Nashville,Free Flow,,Lolu 3,12,18,6,18
08/28/2025,7:30 AM,75 min.,Lolu Nashville,Free Flow,,Lolu 2,13,18,5,23
08/28/2025,8:00 AM,75 min.,Lolu Nashville,Free Flow,,Lolu 1,11,18,7,30
08/28/2025,11:30 AM,75 min.,Lolu Nashville,Free Flow,,Lolu 1,8,18,10,40
08/28/2025,12:00 PM,75 min.,Lolu Nashville,Free Flow,,Lolu 2,11,18,7,47
08/28/2025,4:45 PM,75 min.,Lolu Nashville,Free Flow,,Lolu 1,14,20,6,53
08/28/2025,5:15 PM,75 min.,Lolu Nashville,Free Flow,,Lolu 3,18,20,2,55
08/28/2025,6:45 PM,75 min.,Lolu Nashville,Quiet Flow,,Lolu 1,26,30,4,59
08/28/2025,8:00 PM,75 min.,Lolu Nashville,Free Flow,,Lolu 1,20,30,10,69
08/29/2025,6:30 AM,75 min.,Lolu Nashville,Free Flow,,Lolu 1,16,18,2,2
08/29/2025,7:00 AM,75 min.,Lolu Nashville,Free Flow,,Lolu 2,9,18,9,11
08/29/2025,7:30 AM,75 min.,Lolu Nashville,Free Flow,,Lolu 3,9,18,9,20
08/29/2025,8:00 AM,75 min.,Lolu Nashville,Free Flow,,Lolu 1,6,18,12,32
08/29/2025,4:30 PM,60 min.,Lolu Nashville,Guided: Unwind,,Lolu 3,16,24,8,40
08/29/2025,5:30 PM,75 min.,Lolu Nashville,Free Flow,,Lolu 1,9,18,9,49
08/29/2025,6:00 PM,75 min.,Lolu Nashville,Free Flow,,Lolu 2,10,18,8,57
08/29/2025,6:30 PM,75 min.,Lolu Nashville,Free Flow,,Lolu 3,16,18,2,59
08/29/2025,7:00 PM,75 min.,Lolu Nashville,Free Flow,,Lolu 1,17,18,1,60
08/29/2025,7:30 PM,75 min.,Lolu Nashville,Free Flow,,Lolu 2,16,18,2,62
08/29/2025,8:00 PM,75 min.,Lolu Nashville,Free Flow,,Lolu 3,14,18,4,66
08/29/2025,8:30 PM,75 min.,Lolu Nashville,Free Flow,,Lolu 1,15,18,3,69
08/30/2025,8:15 AM,75 min.,Lolu Nashville,Free Flow,,Lolu 1,12,20,8,8
08/30/2025,8:45 AM,75 min.,Lolu Nashville,Free Flow,,Lolu 2,15,20,5,13
08/30/2025,10:30 AM,75 min.,Lolu Nashville,Guided: Lifeforce,,Lolu 1,18,35,17,30
08/30/2025,12:00 PM,75 min.,Lolu Nashville,Free Flow,,Lolu 3,11,18,7,37
08/30/2025,12:30 PM,75 min.,Lolu Nashville,Free Flow,,Lolu 2,15,18,3,40
08/30/2025,1:00 PM,75 min.,Lolu Nashville,Free Flow,,Lolu 1,12,18,6,46
08/30/2025,5:30 PM,75 min.,Lolu Nashville,Free Flow,,Lolu 1,3,18,15,61
08/30/2025,6:00 PM,75 min.,Lolu Nashville,Free Flow,,Lolu 2,17,18,1,62
08/30/2025,6:30 PM,75 min.,Lolu Nashville,Free Flow,,Lolu 3,10,18,8,70
08/31/2025,8:00 AM,60 min.,Lolu Nashville,Guided: Breathwork Immersion - Intermediate,Evan Galante,Lolu 1,8,12,4,4
08/31/2025,9:00 AM,75 min.,Lolu Nashville,Free Flow,,Lolu 3,13,18,5,9
08/31/2025,9:30 AM,75 min.,Lolu Nashville,Free Flow,,Lolu 1,17,18,1,10
08/31/2025,10:00 AM,75 min.,Lolu Nashville,Free Flow,,Lolu 2,16,18,2,12
08/31/2025,10:30 AM,75 min.,Lolu Nashville,Free Flow,,Lolu 3,2,18,16,28
08/31/2025,3:00 PM,75 min.,Lolu Nashville,Free Flow,,Lolu 1,7,20,13,41
08/31/2025,3:30 PM,75 min.,Lolu Nashville,Free Flow,,Lolu 2,11,20,9,50
08/31/2025,5:00 PM,60 min.,Lolu Nashville,Guided: Restore,,Lolu 1,21,24,3,53
08/31/2025,6:30 PM,75 min.,Lolu Nashville,Free Flow,,Lolu 1,8,18,10,63
08/31/2025,7:00 PM,75 min.,Lolu Nashville,Free Flow,,Lolu 2,15,18,3,66
08/31/2025,7:30 PM,75 min.,Lolu Nashville,Free Flow,,Lolu 3,11,18,7,73
08/18/2025,6:00 AM,60 min.,Lolu Nashville,Lolu Fit,,Lolu 1,12,14,2,2
08/18/2025,7:00 AM,75 min.,Lolu Nashville,Free Flow,,Lolu 2,7,18,11,13
08/18/2025,7:30 AM,75 min.,Lolu Nashville,Free Flow,,Lolu 3,12,18,6,19
08/18/2025,8:00 AM,75 min.,Lolu Nashville,Free Flow,,Lolu 1,8,18,10,29
08/18/2025,5:00 PM,480 min.,Lolu Nashville,Closed: Studio Maintenance,,Lolu 1,,,,29
08/19/2025,6:00 AM,60 min.,Lolu Nashville,Guided: Energize,,Lolu 1,4,24,20,20
08/19/2025,7:00 AM,75 min.,Lolu Nashville,Free Flow,,Lolu 2,4,18,14,34
08/19/2025,7:30 AM,75 min.,Lolu Nashville,Free Flow,,Lolu 3,1,18,17,51
08/19/2025,8:00 AM,75 min.,Lolu Nashville,Free Flow,,Lolu 1,1,18,17,68
08/19/2025,11:30 AM,75 min.,Lolu Nashville,Free Flow,,Lolu 1,3,18,15,83
08/19/2025,12:00 PM,75 min.,Lolu Nashville,Free Flow,,Lolu 2,3,18,15,98
08/19/2025,3:00 PM,480 min.,Lolu Nashville,Closed: Private Event,,Lolu 1,,,,98
08/20/2025,6:00 AM,75 min.,Lolu Nashville,Free Flow,,Lolu 3,14,18,4,4
08/20/2025,6:30 AM,75 min.,Lolu Nashville,Free Flow,,Lolu 1,14,18,4,8
08/20/2025,7:00 AM,75 min.,Lolu Nashville,Free Flow,,Lolu 2,9,18,9,17
08/20/2025,7:30 AM,75 min.,Lolu Nashville,Free Flow,,Lolu 3,7,18,11,28
08/20/2025,11:30 AM,75 min.,Lolu Nashville,Free Flow,,Lolu 1,12,18,6,34
08/20/2025,12:00 PM,75 min.,Lolu Nashville,Free Flow,,Lolu 2,11,18,7,41
08/20/2025,4:45 PM,75 min.,Lolu Nashville,Free Flow,,Lolu 1,8,20,12,53
08/20/2025,5:15 PM,75 min.,Lolu Nashville,Free Flow,,Lolu 2,4,20,16,69
08/20/2025,6:45 PM,60 min.,Lolu Nashville,Guided: Restore,,Lolu 3,18,24,6,75
08/20/2025,8:00 PM,75 min.,Lolu Nashville,Free Flow,,Lolu 1,12,30,18,93
08/21/2025,6:00 AM,60 min.,Lolu Nashville,Guided: Energize,,Lolu 1,21,24,3,3
08/21/2025,7:00 AM,75 min.,Lolu Nashville,Free Flow,,Lolu 3,4,18,14,17
08/21/2025,7:30 AM,75 min.,Lolu Nashville,Free Flow,,Lolu 2,15,18,3,20
08/21/2025,8:00 AM,75 min.,Lolu Nashville,Free Flow,,Lolu 1,9,18,9,29
08/21/2025,11:30 AM,75 min.,Lolu Nashville,Free Flow,,Lolu 1,12,18,6,35
08/21/2025,12:00 PM,75 min.,Lolu Nashville,Free Flow,,Lolu 2,14,18,4,39
08/21/2025,4:45 PM,75 min.,Lolu Nashville,Free Flow,,Lolu 1,17,20,3,42
08/21/2025,5:15 PM,75 min.,Lolu Nashville,Free Flow,,Lolu 3,15,20,5,47
08/21/2025,6:45 PM,75 min.,Lolu Nashville,Quiet Flow,,Lolu 1,18,30,12,59
08/21/2025,8:00 PM,75 min.,Lolu Nashville,Free Flow,,Lolu 1,25,30,5,64
08/22/2025,6:30 AM,75 min.,Lolu Nashville,Free Flow,,Lolu 1,11,18,7,7
08/22/2025,7:00 AM,75 min.,Lolu Nashville,Free Flow,,Lolu 2,11,18,7,14
08/22/2025,7:30 AM,75 min.,Lolu Nashville,Free Flow,,Lolu 3,13,18,5,19
08/22/2025,8:00 AM,75 min.,Lolu Nashville,Free Flow,,Lolu 1,3,18,15,34
08/22/2025,4:30 PM,60 min.,Lolu Nashville,Guided: Unwind,,Lolu 3,12,24,12,46
08/22/2025,5:30 PM,75 min.,Lolu Nashville,Free Flow,,Lolu 1,9,18,9,55
08/22/2025,6:00 PM,75 min.,Lolu Nashville,Free Flow,,Lolu 2,2,18,16,71
08/22/2025,6:30 PM,75 min.,Lolu Nashville,Free Flow,,Lolu 3,16,18,2,73
08/22/2025,7:00 PM,75 min.,Lolu Nashville,Free Flow,,Lolu 1,15,18,3,76
08/22/2025,7:30 PM,75 min.,Lolu Nashville,Free Flow,,Lolu 2,14,18,4,80
08/22/2025,8:00 PM,75 min.,Lolu Nashville,Free Flow,,Lolu 3,16,18,2,82
08/22/2025,8:30 PM,75 min.,Lolu Nashville,Free Flow,,Lolu 1,15,18,3,85
08/23/2025,8:15 AM,75 min.,Lolu Nashville,Free Flow,,Lolu 1,17,20,3,3
08/23/2025,8:45 AM,75 min.,Lolu Nashville,Free Flow,,Lolu 2,8,20,12,15
08/23/2025,10:30 AM,75 min.,Lolu Nashville,Free Flow,,Lolu 1,13,30,17,32
08/23/2025,12:00 PM,75 min.,Lolu Nashville,Free Flow,,Lolu 3,12,18,6,38
08/23/2025,12:30 PM,75 min.,Lolu Nashville,Free Flow,,Lolu 2,14,18,4,42
08/23/2025,1:00 PM,75 min.,Lolu Nashville,Free Flow,,Lolu 1,10,18,8,50
08/23/2025,5:30 PM,75 min.,Lolu Nashville,Free Flow,,Lolu 1,8,18,10,60
08/23/2025,6:00 PM,75 min.,Lolu Nashville,Free Flow,,Lolu 2,10,18,8,68
08/23/2025,6:30 PM,75 min.,Lolu Nashville,Free Flow,,Lolu 3,12,18,6,74
08/24/2025,8:30 AM,75 min.,Lolu Nashville,Free Flow,,Lolu 2,12,18,6,6
08/24/2025,9:00 AM,75 min.,Lolu Nashville,Free Flow,,Lolu 3,12,18,6,12
08/24/2025,9:30 AM,75 min.,Lolu Nashville,Free Flow,,Lolu 1,11,18,7,19
08/24/2025,10:00 AM,75 min.,Lolu Nashville,Free Flow,,Lolu 2,14,18,4,23
08/24/2025,10:30 AM,75 min.,Lolu Nashville,Free Flow,,Lolu 3,3,18,15,38
08/24/2025,3:00 PM,75 min.,Lolu Nashville,Free Flow,,Lolu 1,11,20,9,47
08/24/2025,3:30 PM,75 min.,Lolu Nashville,Free Flow,,Lolu 2,2,20,18,65
08/24/2025,5:00 PM,60 min.,Lolu Nashville,Guided: Restore,,Lolu 1,16,24,8,73
08/24/2025,6:30 PM,75 min.,Lolu Nashville,Free Flow,,Lolu 1,7,18,11,84
08/24/2025,7:00 PM,75 min.,Lolu Nashville,Free Flow,,Lolu 2,15,18,3,87
08/24/2025,7:30 PM,75 min.,Lolu Nashville,Free Flow,,Lolu 3,3,18,15,102
08/11/2025,6:00 AM,60 min.,Lolu Nashville,Lolu Fit,,Lolu 1,5,14,9,9
08/11/2025,7:00 AM,75 min.,Lolu Nashville,Free Flow,,Lolu 2,12,18,6,15
08/11/2025,7:30 AM,75 min.,Lolu Nashville,Free Flow,,Lolu 3,14,18,4,19
08/11/2025,8:00 AM,75 min.,Lolu Nashville,Free Flow,,Lolu 1,4,18,14,33
08/11/2025,6:30 PM,75 min.,Lolu Nashville,Free Flow,,Lolu 1,,,,33
08/11/2025,7:00 PM,75 min.,Lolu Nashville,Free Flow,,Lolu 2,7,18,11,44
08/11/2025,7:30 PM,75 min.,Lolu Nashville,Free Flow,,Lolu 3,7,18,11,55
08/12/2025,6:30 AM,75 min.,Lolu Nashville,Free Flow,,Lolu 1,16,18,2,2
08/12/2025,7:00 AM,75 min.,Lolu Nashville,Free Flow,,Lolu 3,11,18,7,9
08/12/2025,7:30 AM,75 min.,Lolu Nashville,Free Flow,,Lolu 2,16,18,2,11
08/12/2025,8:00 AM,75 min.,Lolu Nashville,Free Flow,,Lolu 1,12,18,6,17
08/12/2025,11:30 AM,75 min.,Lolu Nashville,Free Flow,,Lolu 1,4,18,14,31
08/12/2025,12:00 PM,75 min.,Lolu Nashville,Free Flow,,Lolu 2,12,18,6,37
08/12/2025,4:45 PM,75 min.,Lolu Nashville,Free Flow,,Lolu 1,13,20,7,44
08/12/2025,5:15 PM,75 min.,Lolu Nashville,Free Flow,,Lolu 3,9,20,11,55
08/12/2025,6:45 PM,75 min.,Lolu Nashville,Quiet Flow,,Lolu 1,19,30,11,66
08/12/2025,8:00 PM,75 min.,Lolu Nashville,Free Flow,,Lolu 1,16,30,14,80
08/13/2025,6:00 AM,75 min.,Lolu Nashville,Free Flow,,Lolu 3,14,18,4,4
08/13/2025,6:30 AM,75 min.,Lolu Nashville,Free Flow,,Lolu 1,18,18,0,4
08/13/2025,7:00 AM,75 min.,Lolu Nashville,Free Flow,,Lolu 2,11,18,7,11
08/13/2025,7:30 AM,75 min.,Lolu Nashville,Free Flow,,Lolu 3,11,18,7,18
08/13/2025,8:00 AM,75 min.,Lolu Nashville,Free Flow,,Lolu 1,12,18,6,24
08/13/2025,11:30 AM,75 min.,Lolu Nashville,Free Flow,,Lolu 1,13,18,5,29
08/13/2025,12:00 PM,75 min.,Lolu Nashville,Free Flow,,Lolu 2,15,18,3,32
08/13/2025,4:45 PM,75 min.,Lolu Nashville,Free Flow,,Lolu 1,16,20,4,36
08/13/2025,5:15 PM,75 min.,Lolu Nashville,Free Flow,,Lolu 2,13,20,7,43
08/13/2025,6:45 PM,60 min.,Lolu Nashville,Guided: Restore,,Lolu 3,21,24,3,46
08/13/2025,8:00 PM,75 min.,Lolu Nashville,Free Flow,,Lolu 1,19,30,11,57
08/14/2025,6:00 AM,60 min.,Lolu Nashville,Guided: Energize,,Lolu 1,18,24,6,6
08/14/2025,7:00 AM,75 min.,Lolu Nashville,Free Flow,,Lolu 3,11,18,7,13
08/14/2025,7:30 AM,75 min.,Lolu Nashville,Free Flow,,Lolu 2,16,18,2,15
08/14/2025,8:00 AM,75 min.,Lolu Nashville,Free Flow,,Lolu 1,12,18,6,21
08/14/2025,11:30 AM,75 min.,Lolu Nashville,Free Flow,,Lolu 1,13,18,5,26
08/14/2025,12:00 PM,75 min.,Lolu Nashville,Free Flow,,Lolu 2,15,18,3,29
08/14/2025,4:45 PM,75 min.,Lolu Nashville,Free Flow,,Lolu 1,14,20,6,35
08/14/2025,5:15 PM,75 min.,Lolu Nashville,Free Flow,,Lolu 3,8,20,12,47
08/14/2025,6:45 PM,75 min.,Lolu Nashville,Quiet Flow,,Lolu 1,15,30,15,62
08/14/2025,8:00 PM,75 min.,Lolu Nashville,Free Flow,,Lolu 1,23,30,7,69
08/15/2025,6:30 AM,75 min.,Lolu Nashville,Free Flow,,Lolu 1,12,18,6,6
08/15/2025,7:00 AM,75 min.,Lolu Nashville,Free Flow,,Lolu 2,12,18,6,12
08/15/2025,7:30 AM,75 min.,Lolu Nashville,Free Flow,,Lolu 3,10,18,8,20
08/15/2025,8:00 AM,75 min.,Lolu Nashville,Free Flow,,Lolu 1,14,18,4,24
08/15/2025,4:30 PM,60 min.,Lolu Nashville,Guided: Unwind,,Lolu 3,24,24,0,24
08/15/2025,5:30 PM,75 min.,Lolu Nashville,Free Flow,,Lolu 1,14,18,4,28
08/15/2025,6:00 PM,75 min.,Lolu Nashville,Free Flow,,Lolu 2,1,18,17,45
08/15/2025,6:30 PM,75 min.,Lolu Nashville,Free Flow,,Lolu 3,,,,45
08/16/2025,8:15 AM,75 min.,Lolu Nashville,Free Flow,,Lolu 1,12,20,8,8
08/16/2025,8:45 AM,75 min.,Lolu Nashville,Free Flow,,Lolu 2,10,20,10,18
08/16/2025,10:30 AM,75 min.,Lolu Nashville,Guided: Lifeforce,Evan Galante,Lolu 1,17,35,18,36
08/16/2025,12:00 PM,75 min.,Lolu Nashville,Free Flow,,Lolu 3,1,18,17,53
08/16/2025,12:30 PM,75 min.,Lolu Nashville,Free Flow,,Lolu 2,10,18,8,61
08/16/2025,1:00 PM,75 min.,Lolu Nashville,Free Flow,,Lolu 1,11,18,7,68
08/16/2025,5:30 PM,75 min.,Lolu Nashville,Free Flow,,Lolu 1,7,18,11,79
08/16/2025,6:00 PM,75 min.,Lolu Nashville,Free Flow,,Lolu 2,16,18,2,81
08/16/2025,6:30 PM,75 min.,Lolu Nashville,Free Flow,,Lolu 3,7,18,11,92
08/17/2025,8:00 AM,60 min.,Lolu Nashville,Guided: Breathwork Immersion - Intermediate,Evan Galante,Lolu 1,10,12,2,2
08/17/2025,9:00 AM,75 min.,Lolu Nashville,Free Flow,,Lolu 3,14,18,4,6
08/17/2025,9:30 AM,75 min.,Lolu Nashville,Free Flow,,Lolu 1,12,18,6,12
08/17/2025,10:00 AM,75 min.,Lolu Nashville,Free Flow,,Lolu 2,15,18,3,15
08/17/2025,10:30 AM,75 min.,Lolu Nashville,Free Flow,,Lolu 3,10,18,8,23
08/17/2025,3:00 PM,75 min.,Lolu Nashville,Free Flow,,Lolu 1,6,20,14,37
08/17/2025,3:30 PM,75 min.,Lolu Nashville,Free Flow,,Lolu 2,1,20,19,56
08/17/2025,5:00 PM,60 min.,Lolu Nashville,Guided: Restore,,Lolu 1,16,24,8,64
08/17/2025,6:30 PM,75 min.,Lolu Nashville,Free Flow,,Lolu 1,,,,64
08/17/2025,7:00 PM,75 min.,Lolu Nashville,Free Flow,,Lolu 2,7,14,7,71
08/17/2025,7:30 PM,75 min.,Lolu Nashville,Free Flow,,Lolu 3,,,,71
08/04/2025,6:00 AM,60 min.,Lolu Nashville,Lolu Fit,,Lolu 1,10,14,4,4
08/04/2025,7:00 AM,75 min.,Lolu Nashville,Free Flow,,Lolu 2,10,18,8,12
08/04/2025,7:30 AM,75 min.,Lolu Nashville,Free Flow,,Lolu 3,17,18,1,13
08/04/2025,8:00 AM,75 min.,Lolu Nashville,Free Flow,,Lolu 1,4,18,14,27
08/04/2025,10:00 AM,480 min.,Lolu Nashville,Closed: Studio Maintenance,,Lolu 1,,,,27
08/04/2025,6:00 PM,480 min.,Lolu Nashville,Closed: Studio Maintenance,,Lolu 1,,,,27
08/05/2025,7:00 AM,480 min.,Lolu Nashville,Closed: Studio Maintenance,,Lolu 1,,,,0
08/05/2025,3:00 PM,480 min.,Lolu Nashville,Closed: Studio Maintenance,,Lolu 1,,,,0
08/06/2025,6:00 AM,75 min.,Lolu Nashville,Free Flow,,Lolu 3,8,18,10,10
08/06/2025,6:30 AM,75 min.,Lolu Nashville,Free Flow,,Lolu 1,8,18,10,20
08/06/2025,7:00 AM,75 min.,Lolu Nashville,Free Flow,,Lolu 2,6,18,12,32
08/06/2025,7:30 AM,75 min.,Lolu Nashville,Free Flow,,Lolu 3,3,18,15,47
08/06/2025,11:30 AM,75 min.,Lolu Nashville,Free Flow,,Lolu 1,10,18,8,55
08/06/2025,12:00 PM,75 min.,Lolu Nashville,Free Flow,,Lolu 2,13,18,5,60
08/06/2025,4:45 PM,75 min.,Lolu Nashville,Free Flow,,Lolu 1,7,20,13,73
08/06/2025,5:15 PM,75 min.,Lolu Nashville,Free Flow,,Lolu 2,9,20,11,84
08/06/2025,6:45 PM,60 min.,Lolu Nashville,Guided: Restore,,Lolu 3,16,24,8,92
08/07/2025,6:00 AM,60 min.,Lolu Nashville,Guided: Energize,,Lolu 1,17,24,7,7
08/07/2025,7:00 AM,75 min.,Lolu Nashville,Free Flow,,Lolu 3,6,18,12,19
08/07/2025,7:30 AM,75 min.,Lolu Nashville,Free Flow,,Lolu 2,12,18,6,25
08/07/2025,8:00 AM,75 min.,Lolu Nashville,Free Flow,,Lolu 1,9,18,9,34
08/07/2025,11:30 AM,75 min.,Lolu Nashville,Free Flow,,Lolu 1,15,18,3,37
08/07/2025,12:00 PM,75 min.,Lolu Nashville,Free Flow,,Lolu 2,11,18,7,44
08/07/2025,4:45 PM,75 min.,Lolu Nashville,Free Flow,,Lolu 1,14,20,6,50
08/07/2025,5:15 PM,75 min.,Lolu Nashville,Free Flow,,Lolu 3,8,20,12,62
08/07/2025,6:45 PM,75 min.,Lolu Nashville,Quiet Flow,,Lolu 1,20,30,10,72
08/08/2025,6:30 AM,75 min.,Lolu Nashville,Free Flow,,Lolu 1,9,18,9,9
08/08/2025,7:00 AM,75 min.,Lolu Nashville,Free Flow,,Lolu 2,15,18,3,12
08/08/2025,7:30 AM,75 min.,Lolu Nashville,Free Flow,,Lolu 3,3,18,15,27
08/08/2025,8:00 AM,75 min.,Lolu Nashville,Free Flow,,Lolu 1,4,18,14,41
08/08/2025,5:30 PM,75 min.,Lolu Nashville,Free Flow,,Lolu 1,1,18,17,58
08/08/2025,6:00 PM,75 min.,Lolu Nashville,Free Flow,,Lolu 2,,,,58
08/08/2025,6:30 PM,75 min.,Lolu Nashville,Free Flow,,Lolu 3,4,18,14,72
08/09/2025,9:00 AM,90 min.,Lolu Nashville,Lolu On The Lawn!,Evan Galante,Courtyard,23,100,77,77
08/09/2025,5:30 PM,75 min.,Lolu Nashville,Free Flow,,Lolu 1,4,18,14,91
08/09/2025,6:00 PM,75 min.,Lolu Nashville,Free Flow,,Lolu 2,11,18,7,98
08/09/2025,6:30 PM,75 min.,Lolu Nashville,Free Flow,,Lolu 3,12,18,6,104
08/10/2025,8:30 AM,75 min.,Lolu Nashville,Free Flow,,Lolu 2,9,18,9,9
08/10/2025,9:00 AM,75 min.,Lolu Nashville,Free Flow,,Lolu 3,15,18,3,12
08/10/2025,9:30 AM,75 min.,Lolu Nashville,Free Flow,,Lolu 1,7,18,11,23
08/10/2025,10:00 AM,75 min.,Lolu Nashville,Free Flow,,Lolu 2,8,18,10,33
08/10/2025,10:30 AM,75 min.,Lolu Nashville,Free Flow,,Lolu 3,11,18,7,40
08/10/2025,3:00 PM,75 min.,Lolu Nashville,Free Flow,,Lolu 1,1,20,19,59
08/10/2025,3:30 PM,75 min.,Lolu Nashville,Free Flow,,Lolu 2,8,20,12,71
08/10/2025,5:00 PM,60 min.,Lolu Nashville,Guided: Restore,,Lolu 1,19,24,5,76
08/10/2025,6:30 PM,75 min.,Lolu Nashville,Free Flow,,Lolu 1,5,18,13,89
08/10/2025,7:00 PM,75 min.,Lolu Nashville,Free Flow,,Lolu 2,11,18,7,96
08/10/2025,7:30 PM,75 min.,Lolu Nashville,Free Flow,,Lolu 3,12,18,6,102
07/28/2025,6:00 AM,60 min.,Lolu Nashville,Lolu Fit,,Lolu 1,9,14,5,5
07/28/2025,7:00 AM,75 min.,Lolu Nashville,Free Flow,,Lolu 2,13,18,5,10
07/28/2025,7:30 AM,75 min.,Lolu Nashville,Free Flow,,Lolu 3,14,18,4,14
07/28/2025,8:00 AM,75 min.,Lolu Nashville,Free Flow,,Lolu 1,8,18,10,24
07/29/2025,6:00 AM,60 min.,Lolu Nashville,Guided: Energize,,Lolu 1,21,24,3,3
07/29/2025,7:00 AM,75 min.,Lolu Nashville,Free Flow,,Lolu 1,13,18,5,8
07/29/2025,7:30 AM,75 min.,Lolu Nashville,Free Flow,,Lolu 2,14,18,4,12
07/29/2025,8:00 AM,75 min.,Lolu Nashville,Free Flow,,Lolu 3,8,18,10,22
07/29/2025,11:30 AM,75 min.,Lolu Nashville,Free Flow,,Lolu 1,14,18,4,26
07/29/2025,12:00 PM,75 min.,Lolu Nashville,Free Flow,,Lolu 2,16,18,2,28
07/29/2025,4:45 PM,75 min.,Lolu Nashville,Free Flow,,Lolu 1,11,20,9,37
07/29/2025,5:15 PM,75 min.,Lolu Nashville,Free Flow,,Lolu 3,8,20,12,49
07/29/2025,6:45 PM,75 min.,Lolu Nashville,Quiet Flow,,Lolu 1,14,30,16,65
07/30/2025,6:00 AM,75 min.,Lolu Nashville,Free Flow,,Lolu 3,17,18,1,1
07/30/2025,6:30 AM,75 min.,Lolu Nashville,Free Flow,,Lolu 1,13,18,5,6
07/30/2025,7:00 AM,75 min.,Lolu Nashville,Free Flow,,Lolu 2,11,18,7,13
07/30/2025,7:30 AM,75 min.,Lolu Nashville,Free Flow,,Lolu 3,9,18,9,22
07/30/2025,11:30 AM,75 min.,Lolu Nashville,Free Flow,,Lolu 1,14,18,4,26
07/30/2025,12:00 PM,75 min.,Lolu Nashville,Free Flow,,Lolu 2,16,18,2,28
07/30/2025,4:45 PM,75 min.,Lolu Nashville,Free Flow,,Lolu 1,12,20,8,36
07/30/2025,5:15 PM,75 min.,Lolu Nashville,Free Flow,,Lolu 2,9,20,11,47
07/30/2025,6:45 PM,60 min.,Lolu Nashville,Guided: Restore,,Lolu 3,13,24,11,58
07/31/2025,7:00 AM,75 min.,Lolu Nashville,Free Flow,,Lolu 3,14,18,4,4
07/31/2025,7:30 AM,75 min.,Lolu Nashville,Free Flow,,Lolu 1,13,18,5,9
07/31/2025,8:00 AM,75 min.,Lolu Nashville,Free Flow,,Lolu 2,10,18,8,17
07/31/2025,11:30 AM,75 min.,Lolu Nashville,Free Flow,,Lolu 1,9,18,9,26
07/31/2025,12:00 PM,75 min.,Lolu Nashville,Free Flow,,Lolu 2,17,18,1,27
07/31/2025,4:45 PM,75 min.,Lolu Nashville,Free Flow,,Lolu 1,18,20,2,29
07/31/2025,5:15 PM,75 min.,Lolu Nashville,Free Flow,,Lolu 3,14,20,6,35
07/31/2025,6:45 PM,75 min.,Lolu Nashville,Quiet Flow,,Lolu 1,7,30,23,58
08/01/2025,6:30 AM,75 min.,Lolu Nashville,Free Flow,,Lolu 1,15,18,3,3
08/01/2025,7:00 AM,75 min.,Lolu Nashville,Free Flow,,Lolu 2,12,18,6,9
08/01/2025,7:30 AM,75 min.,Lolu Nashville,Free Flow,,Lolu 3,14,18,4,13
08/01/2025,8:00 AM,75 min.,Lolu Nashville,Free Flow,,Lolu 1,13,18,5,18
08/01/2025,5:30 PM,75 min.,Lolu Nashville,Free Flow,,Lolu 1,4,18,14,32
08/01/2025,6:00 PM,75 min.,Lolu Nashville,Free Flow,,Lolu 2,,,,32
08/01/2025,6:30 PM,75 min.,Lolu Nashville,Free Flow,,Lolu 3,5,18,13,45
08/02/2025,8:15 AM,75 min.,Lolu Nashville,Free Flow,,Lolu 1,7,20,13,13
08/02/2025,8:45 AM,75 min.,Lolu Nashville,Free Flow,,Lolu 2,6,20,14,27
08/02/2025,10:30 AM,75 min.,Lolu Nashville,Guided: Lifeforce,Evan Galante,Lolu 1,13,35,22,49
08/02/2025,12:00 PM,75 min.,Lolu Nashville,Free Flow,,Lolu 3,15,18,3,52
08/02/2025,12:30 PM,75 min.,Lolu Nashville,Free Flow,,Lolu 2,4,18,14,66
08/02/2025,5:30 PM,75 min.,Lolu Nashville,Free Flow,,Lolu 1,8,18,10,76
08/02/2025,6:00 PM,75 min.,Lolu Nashville,Free Flow,,Lolu 2,17,18,1,77
08/02/2025,6:30 PM,75 min.,Lolu Nashville,Free Flow,,Lolu 3,10,18,8,85
08/03/2025,8:30 AM,75 min.,Lolu Nashville,Free Flow,,Lolu 2,13,18,5,5
08/03/2025,9:00 AM,75 min.,Lolu Nashville,Free Flow,,Lolu 3,13,18,5,10
08/03/2025,9:30 AM,75 min.,Lolu Nashville,Free Flow,,Lolu 1,14,18,4,14
08/03/2025,10:00 AM,75 min.,Lolu Nashville,Free Flow,,Lolu 2,16,18,2,16
08/03/2025,10:30 AM,75 min.,Lolu Nashville,Free Flow,,Lolu 3,6,18,12,28
08/03/2025,3:00 PM,75 min.,Lolu Nashville,Free Flow,,Lolu 1,,,,28
08/03/2025,3:30 PM,75 min.,Lolu Nashville,Free Flow,,Lolu 2,6,20,14,42
08/03/2025,5:00 PM,60 min.,Lolu Nashville,Guided: Restore,,Lolu 1,6,24,18,60
07/21/2025,6:00 AM,60 min.,Lolu Nashville,Lolu Fit,,Lolu 1,4,14,10,10
07/21/2025,7:00 AM,75 min.,Lolu Nashville,Free Flow,,Lolu 2,11,18,7,17
07/21/2025,7:30 AM,75 min.,Lolu Nashville,Free Flow,,Lolu 3,16,18,2,19
07/21/2025,8:00 AM,75 min.,Lolu Nashville,Free Flow,,Lolu 1,5,18,13,32
07/22/2025,6:00 AM,60 min.,Lolu Nashville,Guided: Energize,,Lolu 1,21,24,3,3
07/22/2025,7:00 AM,75 min.,Lolu Nashville,Free Flow,,Lolu 1,10,18,8,11
07/22/2025,7:30 AM,75 min.,Lolu Nashville,Free Flow,,Lolu 2,12,18,6,17
07/22/2025,8:00 AM,75 min.,Lolu Nashville,Free Flow,,Lolu 3,12,18,6,23
07/22/2025,11:30 AM,75 min.,Lolu Nashville,Free Flow,,Lolu 1,,,,23
07/22/2025,12:00 PM,75 min.,Lolu Nashville,Free Flow,,Lolu 2,12,18,6,29
07/22/2025,4:45 PM,75 min.,Lolu Nashville,Free Flow,,Lolu 1,6,20,14,43
07/22/2025,5:15 PM,75 min.,Lolu Nashville,Free Flow,,Lolu 3,8,20,12,55
07/22/2025,6:45 PM,75 min.,Lolu Nashville,Quiet Flow,,Lolu 1,22,30,8,63
07/23/2025,6:00 AM,75 min.,Lolu Nashville,Free Flow,,Lolu 3,15,18,3,3
07/23/2025,6:30 AM,75 min.,Lolu Nashville,Free Flow,,Lolu 1,12,18,6,9
07/23/2025,7:00 AM,75 min.,Lolu Nashville,Free Flow,,Lolu 2,10,18,8,17
07/23/2025,7:30 AM,75 min.,Lolu Nashville,Free Flow,,Lolu 3,7,18,11,28
07/23/2025,11:30 AM,75 min.,Lolu Nashville,Free Flow,,Lolu 1,16,18,2,30
07/23/2025,12:00 PM,75 min.,Lolu Nashville,Free Flow,,Lolu 2,11,18,7,37
07/23/2025,4:45 PM,75 min.,Lolu Nashville,Free Flow,,Lolu 1,18,20,2,39
07/23/2025,5:15 PM,75 min.,Lolu Nashville,Free Flow,,Lolu 2,3,20,17,56
07/23/2025,6:45 PM,60 min.,Lolu Nashville,Guided: Restore,,Lolu 3,13,24,11,67
07/24/2025,6:00 AM,60 min.,Lolu Nashville,Guided: Energize,,Lolu 1,24,24,0,0
07/24/2025,7:00 AM,75 min.,Lolu Nashville,Free Flow,,Lolu 3,11,18,7,7
07/24/2025,7:30 AM,75 min.,Lolu Nashville,Free Flow,,Lolu 1,7,18,11,18
07/24/2025,8:00 AM,75 min.,Lolu Nashville,Free Flow,,Lolu 2,10,18,8,26
07/24/2025,11:30 AM,75 min.,Lolu Nashville,Free Flow,,Lolu 1,14,18,4,30
07/24/2025,12:00 PM,75 min.,Lolu Nashville,Free Flow,,Lolu 2,16,18,2,32
07/24/2025,4:45 PM,75 min.,Lolu Nashville,Free Flow,,Lolu 1,7,20,13,45
07/24/2025,5:15 PM,75 min.,Lolu Nashville,Free Flow,,Lolu 3,7,20,13,58
07/24/2025,6:45 PM,75 min.,Lolu Nashville,Quiet Flow,,Lolu 1,19,30,11,69
07/25/2025,6:30 AM,75 min.,Lolu Nashville,Free Flow,,Lolu 1,12,18,6,6
07/25/2025,7:00 AM,75 min.,Lolu Nashville,Free Flow,,Lolu 2,11,18,7,13
07/25/2025,7:30 AM,75 min.,Lolu Nashville,Free Flow,,Lolu 3,10,18,8,21
07/25/2025,8:00 AM,75 min.,Lolu Nashville,Free Flow,,Lolu 1,9,18,9,30
07/25/2025,4:30 PM,60 min.,Lolu Nashville,Guided: Unwind,,Lolu 3,22,24,2,32
07/25/2025,5:30 PM,75 min.,Lolu Nashville,Free Flow,,Lolu 1,1,18,17,49
07/25/2025,6:00 PM,75 min.,Lolu Nashville,Free Flow,,Lolu 2,3,18,15,64
07/25/2025,6:30 PM,75 min.,Lolu Nashville,Free Flow,,Lolu 3,7,18,11,75
07/26/2025,8:15 AM,75 min.,Lolu Nashville,Free Flow,,Lolu 1,1,20,19,19
07/26/2025,8:45 AM,75 min.,Lolu Nashville,Free Flow,,Lolu 2,1,20,19,38
07/26/2025,10:30 AM,75 min.,Lolu Nashville,Guided: Lifeforce,Evan Galante,Lolu 1,10,35,25,63
07/26/2025,12:00 PM,75 min.,Lolu Nashville,Free Flow,,Lolu 3,15,18,3,66
07/26/2025,12:30 PM,75 min.,Lolu Nashville,Free Flow,,Lolu 2,10,18,8,74
07/26/2025,1:00 PM,75 min.,Lolu Nashville,Free Flow,,Lolu 1,11,18,7,81
07/26/2025,5:30 PM,75 min.,Lolu Nashville,Free Flow,,Lolu 1,9,18,9,90
07/26/2025,6:00 PM,75 min.,Lolu Nashville,Free Flow,,Lolu 2,13,18,5,95
07/26/2025,6:30 PM,75 min.,Lolu Nashville,Free Flow,,Lolu 3,16,18,2,97
07/27/2025,8:30 AM,75 min.,Lolu Nashville,Free Flow,,Lolu 2,12,18,6,6
07/27/2025,9:00 AM,75 min.,Lolu Nashville,Free Flow,,Lolu 3,14,18,4,10
07/27/2025,9:30 AM,75 min.,Lolu Nashville,Free Flow,,Lolu 1,13,18,5,15
07/27/2025,10:00 AM,75 min.,Lolu Nashville,Free Flow,,Lolu 2,12,18,6,21
07/27/2025,10:30 AM,75 min.,Lolu Nashville,Free Flow,,Lolu 3,9,18,9,30
07/27/2025,3:00 PM,75 min.,Lolu Nashville,Free Flow,,Lolu 1,1,20,19,49
07/27/2025,3:30 PM,75 min.,Lolu Nashville,Free Flow,,Lolu 2,3,20,17,66
07/27/2025,5:00 PM,60 min.,Lolu Nashville,Guided: Restore,,Lolu 1,17,24,7,73
07/14/2025,6:00 AM,60 min.,Lolu Nashville,Lolu Fit,,Lolu 1,1,14,13,13
07/14/2025,7:00 AM,75 min.,Lolu Nashville,Free Flow,,Lolu 2,9,18,9,22
07/14/2025,7:30 AM,75 min.,Lolu Nashville,Free Flow,,Lolu 3,9,18,9,31
07/14/2025,8:00 AM,75 min.,Lolu Nashville,Free Flow,,Lolu 1,7,18,11,42
07/15/2025,6:00 AM,60 min.,Lolu Nashville,Guided: Energize,,Lolu 1,21,24,3,3
07/15/2025,7:00 AM,75 min.,Lolu Nashville,Free Flow,,Lolu 1,12,18,6,9
07/15/2025,7:30 AM,75 min.,Lolu Nashville,Free Flow,,Lolu 2,13,18,5,14
07/15/2025,8:00 AM,75 min.,Lolu Nashville,Free Flow,,Lolu 3,14,18,4,18
07/15/2025,11:30 AM,75 min.,Lolu Nashville,Free Flow,,Lolu 1,11,18,7,25
07/15/2025,12:00 PM,75 min.,Lolu Nashville,Free Flow,,Lolu 2,14,18,4,29
07/15/2025,4:45 PM,75 min.,Lolu Nashville,Free Flow,,Lolu 1,5,20,15,44
07/15/2025,5:15 PM,75 min.,Lolu Nashville,Free Flow,,Lolu 3,4,18,14,58
07/15/2025,6:45 PM,75 min.,Lolu Nashville,Quiet Flow,,Lolu 1,15,30,15,73
07/16/2025,6:00 AM,75 min.,Lolu Nashville,Free Flow,,Lolu 3,12,18,6,6
07/16/2025,6:30 AM,75 min.,Lolu Nashville,Free Flow,,Lolu 1,16,18,2,8
07/16/2025,7:00 AM,75 min.,Lolu Nashville,Free Flow,,Lolu 2,16,18,2,10
07/16/2025,7:30 AM,75 min.,Lolu Nashville,Free Flow,,Lolu 3,6,18,12,22
07/16/2025,11:30 AM,75 min.,Lolu Nashville,Free Flow,,Lolu 1,12,18,6,28
07/16/2025,12:00 PM,75 min.,Lolu Nashville,Free Flow,,Lolu 2,14,18,4,32
07/16/2025,4:45 PM,75 min.,Lolu Nashville,Free Flow,,Lolu 1,12,18,6,38
07/16/2025,5:15 PM,75 min.,Lolu Nashville,Free Flow,,Lolu 2,5,18,13,51
07/16/2025,6:45 PM,60 min.,Lolu Nashville,Guided: Restore,,Lolu 3,9,24,15,66
07/17/2025,6:00 AM,60 min.,Lolu Nashville,Guided: Energize,,Lolu 1,16,24,8,8
07/17/2025,7:00 AM,75 min.,Lolu Nashville,Free Flow,,Lolu 3,13,18,5,13
07/17/2025,7:30 AM,75 min.,Lolu Nashville,Free Flow,,Lolu 1,12,18,6,19
07/17/2025,11:30 AM,75 min.,Lolu Nashville,Free Flow,,Lolu 1,14,18,4,23
07/17/2025,12:00 PM,75 min.,Lolu Nashville,Free Flow,,Lolu 2,10,18,8,31
07/17/2025,4:45 PM,75 min.,Lolu Nashville,Free Flow,,Lolu 1,12,20,8,39
07/17/2025,5:15 PM,75 min.,Lolu Nashville,Free Flow,,Lolu 3,13,18,5,44
07/17/2025,6:45 PM,75 min.,Lolu Nashville,Quiet Flow,,Lolu 1,20,30,10,54
07/18/2025,6:30 AM,75 min.,Lolu Nashville,Free Flow,,Lolu 1,14,18,4,4
07/18/2025,7:00 AM,75 min.,Lolu Nashville,Free Flow,,Lolu 2,6,18,12,16
07/18/2025,7:30 AM,75 min.,Lolu Nashville,Free Flow,,Lolu 3,10,18,8,24
07/18/2025,8:00 AM,75 min.,Lolu Nashville,Free Flow,,Lolu 1,10,18,8,32
07/18/2025,4:30 PM,60 min.,Lolu Nashville,Guided: Unwind,,Lolu 3,14,24,10,42
07/18/2025,5:30 PM,75 min.,Lolu Nashville,Free Flow,,Lolu 1,8,20,12,54
07/18/2025,6:00 PM,75 min.,Lolu Nashville,Free Flow,,Lolu 2,,,,54
07/18/2025,6:30 PM,75 min.,Lolu Nashville,Free Flow,,Lolu 3,4,18,14,68
07/19/2025,8:15 AM,75 min.,Lolu Nashville,Free Flow,,Lolu 1,21,30,9,9
07/19/2025,10:00 AM,75 min.,Lolu Nashville,Guided: Lifeforce,Evan Galante,Lolu 1,12,35,23,32
07/19/2025,5:30 PM,75 min.,Lolu Nashville,Free Flow,,Lolu 1,7,20,13,45
07/19/2025,6:00 PM,75 min.,Lolu Nashville,Free Flow,,Lolu 2,15,20,5,50
07/19/2025,6:30 PM,75 min.,Lolu Nashville,Free Flow,,Lolu 3,12,18,6,56
07/20/2025,8:30 AM,75 min.,Lolu Nashville,Free Flow,,Lolu 2,2,18,16,16
07/20/2025,9:00 AM,75 min.,Lolu Nashville,Free Flow,,Lolu 3,13,18,5,21
07/20/2025,9:30 AM,75 min.,Lolu Nashville,Free Flow,,Lolu 1,12,18,6,27
07/20/2025,10:00 AM,75 min.,Lolu Nashville,Free Flow,,Lolu 2,15,18,3,30
07/20/2025,10:30 AM,75 min.,Lolu Nashville,Free Flow,,Lolu 3,,,,30
07/20/2025,3:00 PM,75 min.,Lolu Nashville,Free Flow,,Lolu 1,8,20,12,42
07/20/2025,3:30 PM,75 min.,Lolu Nashville,Free Flow,,Lolu 2,1,20,19,61
07/20/2025,5:00 PM,60 min.,Lolu Nashville,Guided: Restore,,Lolu 1,10,24,14,75
07/07/2025,7:00 AM,75 min.,Lolu Nashville,Free Flow,,Lolu 2,8,18,10,10
07/07/2025,7:30 AM,75 min.,Lolu Nashville,Free Flow,,Lolu 3,15,18,3,13
07/07/2025,8:00 AM,75 min.,Lolu Nashville,Free Flow,,Lolu 1,5,18,13,26
07/08/2025,6:00 AM,60 min.,Lolu Nashville,Guided: Energize,,Lolu 1,22,24,2,2
07/08/2025,7:00 AM,75 min.,Lolu Nashville,Free Flow,,Lolu 1,11,18,7,9
07/08/2025,7:30 AM,75 min.,Lolu Nashville,Free Flow,,Lolu 2,8,18,10,19
07/08/2025,8:00 AM,75 min.,Lolu Nashville,Free Flow,,Lolu 3,9,18,9,28
07/08/2025,4:45 PM,75 min.,Lolu Nashville,Free Flow,,Lolu 1,6,20,14,42
07/08/2025,5:15 PM,75 min.,Lolu Nashville,Free Flow,,Lolu 3,12,18,6,48
07/08/2025,6:45 PM,75 min.,Lolu Nashville,Quiet Flow,,Lolu 1,23,30,7,55
07/09/2025,6:30 AM,75 min.,Lolu Nashville,Free Flow,,Lolu 1,6,18,12,12
07/09/2025,7:00 AM,75 min.,Lolu Nashville,Free Flow,,Lolu 2,15,18,3,15
07/09/2025,7:30 AM,75 min.,Lolu Nashville,Free Flow,,Lolu 3,9,18,9,24
07/09/2025,11:30 AM,75 min.,Lolu Nashville,Free Flow,,Lolu 1,13,18,5,29
07/09/2025,12:00 PM,75 min.,Lolu Nashville,Free Flow,,Lolu 2,12,18,6,35
07/09/2025,4:45 PM,75 min.,Lolu Nashville,Free Flow,,Lolu 1,9,18,9,44
07/09/2025,5:15 PM,75 min.,Lolu Nashville,Free Flow,,Lolu 2,9,18,9,53
07/09/2025,6:45 PM,60 min.,Lolu Nashville,Guided: Restore,,Lolu 3,18,24,6,59
07/10/2025,6:00 AM,60 min.,Lolu Nashville,Guided: Energize,,Lolu 1,21,24,3,3
07/10/2025,7:00 AM,75 min.,Lolu Nashville,Free Flow,,Lolu 3,9,18,9,12
07/10/2025,7:30 AM,75 min.,Lolu Nashville,Free Flow,,Lolu 1,8,18,10,22
07/10/2025,11:30 AM,75 min.,Lolu Nashville,Free Flow,,Lolu 1,15,18,3,25
07/10/2025,12:00 PM,75 min.,Lolu Nashville,Free Flow,,Lolu 2,9,18,9,34
07/10/2025,4:45 PM,75 min.,Lolu Nashville,Free Flow,,Lolu 1,7,20,13,47
07/10/2025,5:15 PM,75 min.,Lolu Nashville,Free Flow,,Lolu 3,9,18,9,56
07/10/2025,6:45 PM,75 min.,Lolu Nashville,Quiet Flow,,Lolu 1,22,30,8,64
07/11/2025,6:30 AM,75 min.,Lolu Nashville,Free Flow,,Lolu 1,12,18,6,6
07/11/2025,7:00 AM,75 min.,Lolu Nashville,Free Flow,,Lolu 2,10,18,8,14
07/11/2025,7:30 AM,75 min.,Lolu Nashville,Free Flow,,Lolu 3,7,18,11,25
07/11/2025,8:00 AM,75 min.,Lolu Nashville,Free Flow,,Lolu 1,14,18,4,29
07/11/2025,4:30 PM,60 min.,Lolu Nashville,Guided: Unwind,,Lolu 3,21,24,3,32
07/11/2025,5:30 PM,75 min.,Lolu Nashville,Free Flow,,Lolu 1,3,20,17,49
07/11/2025,6:00 PM,75 min.,Lolu Nashville,Free Flow,,Lolu 2,9,20,11,60
07/11/2025,6:30 PM,75 min.,Lolu Nashville,Free Flow,,Lolu 3,12,18,6,66
07/12/2025,8:15 AM,75 min.,Lolu Nashville,Free Flow,,Lolu 1,18,30,12,12
07/12/2025,10:00 AM,75 min.,Lolu Nashville,Guided: Lifeforce,Evan Galante,Lolu 1,10,35,25,37
07/12/2025,11:45 AM,75 min.,Lolu Nashville,Free Flow,,Lolu 3,7,20,13,50
07/12/2025,12:15 PM,75 min.,Lolu Nashville,Free Flow,,Lolu 2,14,20,6,56
07/12/2025,5:30 PM,75 min.,Lolu Nashville,Free Flow,,Lolu 1,10,20,10,66
07/12/2025,6:00 PM,75 min.,Lolu Nashville,Free Flow,,Lolu 2,19,20,1,67
07/12/2025,6:30 PM,75 min.,Lolu Nashville,Free Flow,,Lolu 3,16,18,2,69
07/13/2025,8:30 AM,75 min.,Lolu Nashville,Free Flow,,Lolu 2,12,18,6,6
07/13/2025,9:00 AM,75 min.,Lolu Nashville,Free Flow,,Lolu 3,12,18,6,12
07/13/2025,9:30 AM,75 min.,Lolu Nashville,Free Flow,,Lolu 1,9,18,9,21
07/13/2025,10:00 AM,75 min.,Lolu Nashville,Free Flow,,Lolu 2,12,18,6,27
07/13/2025,10:30 AM,75 min.,Lolu Nashville,Free Flow,,Lolu 3,4,18,14,41
07/13/2025,3:00 PM,75 min.,Lolu Nashville,Free Flow,,Lolu 1,1,20,19,60
07/13/2025,3:30 PM,75 min.,Lolu Nashville,Free Flow,,Lolu 2,,,,60
07/13/2025,5:00 PM,60 min.,Lolu Nashville,Guided: Restore,,Lolu 1,19,24,5,65
06/30/2025,6:30 AM,75 min.,Lolu Nashville,Free Flow,,Lolu 1,10,18,8,8
06/30/2025,7:00 AM,75 min.,Lolu Nashville,Free Flow,,Lolu 2,11,18,7,15
06/30/2025,7:30 AM,75 min.,Lolu Nashville,Free Flow,,Lolu 3,5,18,13,28
07/01/2025,6:00 AM,60 min.,Lolu Nashville,Guided: Energize,,Lolu 1,23,24,1,1
07/01/2025,7:00 AM,75 min.,Lolu Nashville,Free Flow,,Lolu 1,10,18,8,9
07/01/2025,7:30 AM,75 min.,Lolu Nashville,Free Flow,,Lolu 2,9,18,9,18
07/01/2025,8:00 AM,75 min.,Lolu Nashville,Free Flow,,Lolu 3,11,18,7,25
07/01/2025,11:30 AM,75 min.,Lolu Nashville,Free Flow,,Lolu 1,13,18,5,30
07/01/2025,12:00 PM,75 min.,Lolu Nashville,Free Flow,,Lolu 2,13,18,5,35
07/01/2025,4:45 PM,75 min.,Lolu Nashville,Free Flow,,Lolu 1,7,20,13,48
07/01/2025,5:15 PM,75 min.,Lolu Nashville,Free Flow,,Lolu 3,9,18,9,57
07/01/2025,6:45 PM,75 min.,Lolu Nashville,Quiet Flow,,Lolu 1,18,30,12,69
07/02/2025,6:30 AM,75 min.,Lolu Nashville,Free Flow,,Lolu 1,14,18,4,4
07/02/2025,7:00 AM,75 min.,Lolu Nashville,Free Flow,,Lolu 2,13,18,5,9
07/02/2025,7:30 AM,75 min.,Lolu Nashville,Free Flow,,Lolu 3,2,18,16,25
07/02/2025,11:30 AM,75 min.,Lolu Nashville,Free Flow,,Lolu 1,9,18,9,34
07/02/2025,12:00 PM,75 min.,Lolu Nashville,Free Flow,,Lolu 2,14,18,4,38
07/02/2025,4:45 PM,75 min.,Lolu Nashville,Free Flow,,Lolu 1,4,18,14,52
07/02/2025,5:15 PM,75 min.,Lolu Nashville,Free Flow,,Lolu 2,7,18,11,63
07/02/2025,6:45 PM,60 min.,Lolu Nashville,Guided: Restore,,Lolu 3,16,24,8,71
07/03/2025,6:00 AM,60 min.,Lolu Nashville,Guided: Energize,,Lolu 1,14,24,10,10
07/03/2025,7:00 AM,75 min.,Lolu Nashville,Free Flow,,Lolu 3,12,18,6,16
07/03/2025,7:30 AM,75 min.,Lolu Nashville,Free Flow,,Lolu 1,1,18,17,33
07/03/2025,11:30 AM,75 min.,Lolu Nashville,Free Flow,,Lolu 1,9,18,9,42
07/03/2025,12:00 PM,75 min.,Lolu Nashville,Free Flow,,Lolu 2,13,18,5,47
07/03/2025,4:45 PM,75 min.,Lolu Nashville,Free Flow,,Lolu 1,14,20,6,53
07/03/2025,5:15 PM,75 min.,Lolu Nashville,Free Flow,,Lolu 3,4,18,14,67
07/03/2025,6:45 PM,75 min.,Lolu Nashville,Quiet Flow,,Lolu 1,21,30,9,76
07/04/2025,7:00 AM,75 min.,Lolu Nashville,Free Flow,,Lolu 2,17,18,1,1
07/04/2025,7:30 AM,75 min.,Lolu Nashville,Free Flow,,Lolu 3,18,18,0,1
07/04/2025,8:00 AM,75 min.,Lolu Nashville,Free Flow,,Lolu 1,12,18,6,7
07/04/2025,8:30 AM,75 min.,Lolu Nashville,Free Flow,,Lolu 2,6,18,12,19
07/04/2025,11:00 AM,75 min.,Lolu Nashville,Free Flow,,Lolu 3,8,18,10,29
07/04/2025,11:30 AM,75 min.,Lolu Nashville,Free Flow,,Lolu 1,16,18,2,31
07/04/2025,12:00 PM,75 min.,Lolu Nashville,Free Flow,,Lolu 2,7,18,11,42
07/05/2025,8:15 AM,75 min.,Lolu Nashville,Free Flow,,Lolu 1,24,30,6,6
07/05/2025,10:00 AM,75 min.,Lolu Nashville,Guided: Lifeforce,Evan Galante,Lolu 1,25,35,10,16
07/05/2025,11:45 AM,75 min.,Lolu Nashville,Free Flow,,Lolu 3,14,20,6,22
07/05/2025,12:15 PM,75 min.,Lolu Nashville,Free Flow,,Lolu 2,15,20,5,27
07/05/2025,5:30 PM,75 min.,Lolu Nashville,Free Flow,,Lolu 1,10,20,10,37
07/05/2025,6:00 PM,75 min.,Lolu Nashville,Free Flow,,Lolu 2,19,20,1,38
07/05/2025,6:30 PM,75 min.,Lolu Nashville,Free Flow,,Lolu 3,14,18,4,42
07/06/2025,8:00 AM,75 min.,Lolu Nashville,Free Flow,,Lolu 1,8,18,10,10
07/06/2025,8:30 AM,75 min.,Lolu Nashville,Free Flow,,Lolu 2,16,18,2,12
07/06/2025,9:00 AM,75 min.,Lolu Nashville,Free Flow,,Lolu 3,14,18,4,16
07/06/2025,9:30 AM,75 min.,Lolu Nashville,Free Flow,,Lolu 1,12,18,6,22
07/06/2025,10:00 AM,75 min.,Lolu Nashville,Free Flow,,Lolu 2,17,18,1,23
07/06/2025,10:30 AM,75 min.,Lolu Nashville,Free Flow,,Lolu 3,6,18,12,35
07/06/2025,3:00 PM,75 min.,Lolu Nashville,Free Flow,,Lolu 1,6,20,14,49
07/06/2025,3:30 PM,75 min.,Lolu Nashville,Free Flow,,Lolu 2,5,20,15,64
07/06/2025,5:00 PM,60 min.,Lolu Nashville,Guided: Restore,,Lolu 1,11,24,13,77
06/23/2025,6:30 AM,75 min.,Lolu Nashville,Free Flow,,Lolu 1,15,18,3,3
06/23/2025,7:00 AM,75 min.,Lolu Nashville,Free Flow,,Lolu 2,13,18,5,8
06/23/2025,7:30 AM,75 min.,Lolu Nashville,Free Flow,,Lolu 3,9,18,9,17
06/24/2025,6:00 AM,60 min.,Lolu Nashville,Guided: Energize,,Lolu 1,19,24,5,5
06/24/2025,7:00 AM,75 min.,Lolu Nashville,Free Flow,,Lolu 1,15,18,3,8
06/24/2025,7:30 AM,75 min.,Lolu Nashville,Free Flow,,Lolu 2,11,18,7,15
06/24/2025,8:00 AM,75 min.,Lolu Nashville,Free Flow,,Lolu 3,12,18,6,21
06/24/2025,11:30 AM,75 min.,Lolu Nashville,Free Flow,,Lolu 1,13,18,5,26
06/24/2025,12:00 PM,75 min.,Lolu Nashville,Free Flow,,Lolu 2,12,18,6,32
06/24/2025,4:45 PM,75 min.,Lolu Nashville,Free Flow,,Lolu 1,6,20,14,46
06/25/2025,6:30 AM,75 min.,Lolu Nashville,Free Flow,,Lolu 1,13,18,5,5
06/25/2025,7:00 AM,75 min.,Lolu Nashville,Free Flow,,Lolu 2,13,18,5,10
06/25/2025,7:30 AM,75 min.,Lolu Nashville,Free Flow,,Lolu 3,10,18,8,18
06/25/2025,11:30 AM,75 min.,Lolu Nashville,Free Flow,,Lolu 1,14,18,4,22
06/25/2025,12:00 PM,75 min.,Lolu Nashville,Free Flow,,Lolu 2,10,18,8,30
06/25/2025,4:45 PM,75 min.,Lolu Nashville,Free Flow,,Lolu 1,10,18,8,38
06/25/2025,5:15 PM,75 min.,Lolu Nashville,Free Flow,,Lolu 2,9,18,9,47
06/25/2025,6:45 PM,60 min.,Lolu Nashville,Guided: Restore,,Lolu 3,14,24,10,57
06/26/2025,6:00 AM,60 min.,Lolu Nashville,Guided: Energize,,Lolu 1,21,24,3,3
06/26/2025,7:00 AM,75 min.,Lolu Nashville,Free Flow,,Lolu 3,11,18,7,10
06/26/2025,7:30 AM,75 min.,Lolu Nashville,Free Flow,,Lolu 1,8,18,10,20
06/26/2025,11:30 AM,75 min.,Lolu Nashville,Free Flow,,Lolu 1,14,18,4,24
06/26/2025,12:00 PM,75 min.,Lolu Nashville,Free Flow,,Lolu 2,10,18,8,32
06/26/2025,4:45 PM,75 min.,Lolu Nashville,Free Flow,,Lolu 1,13,20,7,39
06/26/2025,5:15 PM,75 min.,Lolu Nashville,Free Flow,,Lolu 3,12,18,6,45
06/26/2025,6:45 PM,75 min.,Lolu Nashville,Quiet Flow,,Lolu 1,23,30,7,52
06/27/2025,6:30 AM,75 min.,Lolu Nashville,Free Flow,,Lolu 1,13,18,5,5
06/27/2025,7:00 AM,75 min.,Lolu Nashville,Free Flow,,Lolu 2,14,18,4,9
06/27/2025,7:30 AM,75 min.,Lolu Nashville,Free Flow,,Lolu 3,16,18,2,11
06/27/2025,8:00 AM,75 min.,Lolu Nashville,Free Flow,,Lolu 1,11,18,7,18
06/27/2025,5:30 PM,75 min.,Lolu Nashville,Free Flow,,Lolu 1,5,20,15,33
06/27/2025,6:00 PM,75 min.,Lolu Nashville,Free Flow,,Lolu 2,17,20,3,36
06/27/2025,6:30 PM,75 min.,Lolu Nashville,Free Flow,,Lolu 3,4,18,14,50
06/28/2025,8:15 AM,75 min.,Lolu Nashville,Free Flow,,Lolu 1,26,30,4,4
06/28/2025,10:00 AM,75 min.,Lolu Nashville,Guided: Lifeforce,Evan Galante,Lolu 1,18,35,17,21
06/28/2025,11:45 AM,75 min.,Lolu Nashville,Free Flow,,Lolu 3,14,20,6,27
06/28/2025,12:15 PM,75 min.,Lolu Nashville,Free Flow,,Lolu 2,17,20,3,30
06/28/2025,5:30 PM,75 min.,Lolu Nashville,Free Flow,,Lolu 1,13,20,7,37
06/28/2025,6:00 PM,75 min.,Lolu Nashville,Free Flow,,Lolu 2,20,20,0,37
06/28/2025,6:30 PM,75 min.,Lolu Nashville,Free Flow,,Lolu 3,9,18,9,46
06/29/2025,8:30 AM,75 min.,Lolu Nashville,Free Flow,,Lolu 2,9,18,9,9
06/29/2025,9:00 AM,75 min.,Lolu Nashville,Free Flow,,Lolu 3,14,18,4,13
06/29/2025,9:30 AM,75 min.,Lolu Nashville,Free Flow,,Lolu 1,13,18,5,18
06/29/2025,10:00 AM,75 min.,Lolu Nashville,Free Flow,,Lolu 2,12,18,6,24
06/29/2025,10:30 AM,75 min.,Lolu Nashville,Free Flow,,Lolu 3,11,18,7,31
06/29/2025,3:00 PM,75 min.,Lolu Nashville,Free Flow,,Lolu 1,9,20,11,42
06/29/2025,3:30 PM,75 min.,Lolu Nashville,Free Flow,,Lolu 2,8,20,12,54
06/29/2025,5:00 PM,60 min.,Lolu Nashville,Guided: Restore,,Lolu 1,19,24,5,59
06/16/2025,6:30 AM,75 min.,Lolu Nashville,Free Flow,,Lolu 1,14,18,4,4
06/16/2025,7:00 AM,75 min.,Lolu Nashville,Free Flow,,Lolu 2,14,18,4,8
06/16/2025,7:30 AM,75 min.,Lolu Nashville,Free Flow,,Lolu 3,13,18,5,13
06/17/2025,6:00 AM,60 min.,Lolu Nashville,Guided: Breathwork Immersion - Intermediate,Evan Galante,Lolu 1,6,12,6,6
06/17/2025,7:00 AM,75 min.,Lolu Nashville,Free Flow,,Lolu 1,11,18,7,13
06/17/2025,7:30 AM,75 min.,Lolu Nashville,Free Flow,,Lolu 2,7,18,11,24
06/17/2025,9:00 AM,60 min.,Lolu Nashville,Guided: Energize,,Lolu 1,22,24,2,26
06/17/2025,11:30 AM,75 min.,Lolu Nashville,Free Flow,,Lolu 1,11,18,7,33
06/17/2025,12:00 PM,75 min.,Lolu Nashville,Free Flow,,Lolu 2,10,18,8,41
06/17/2025,4:45 PM,75 min.,Lolu Nashville,Free Flow,,Lolu 1,11,20,9,50
06/17/2025,5:15 PM,75 min.,Lolu Nashville,Free Flow,,Lolu 3,8,18,10,60
06/17/2025,6:45 PM,75 min.,Lolu Nashville,Quiet Flow,,Lolu 1,20,30,10,70
06/18/2025,6:30 AM,75 min.,Lolu Nashville,Free Flow,,Lolu 1,15,18,3,3
06/18/2025,7:00 AM,75 min.,Lolu Nashville,Free Flow,,Lolu 2,7,18,11,14
06/18/2025,7:30 AM,75 min.,Lolu Nashville,Free Flow,,Lolu 3,11,18,7,21
06/18/2025,11:30 AM,75 min.,Lolu Nashville,Free Flow,,Lolu 1,10,18,8,29
06/18/2025,12:00 PM,75 min.,Lolu Nashville,Free Flow,,Lolu 2,11,18,7,36
06/18/2025,4:45 PM,75 min.,Lolu Nashville,Free Flow,,Lolu 1,13,18,5,41
06/18/2025,5:15 PM,75 min.,Lolu Nashville,Free Flow,,Lolu 2,5,18,13,54
06/18/2025,6:45 PM,60 min.,Lolu Nashville,Guided: Restore,,Lolu 3,15,24,9,63
06/19/2025,6:30 AM,75 min.,Lolu Nashville,Free Flow,,Lolu 2,18,18,0,0
06/19/2025,7:00 AM,75 min.,Lolu Nashville,Free Flow,,Lolu 3,8,18,10,10
06/19/2025,7:30 AM,75 min.,Lolu Nashville,Free Flow,,Lolu 1,9,18,9,19
06/19/2025,11:30 AM,75 min.,Lolu Nashville,Free Flow,,Lolu 1,9,18,9,28
06/19/2025,12:00 PM,75 min.,Lolu Nashville,Free Flow,,Lolu 2,9,18,9,37
06/19/2025,4:45 PM,75 min.,Lolu Nashville,Free Flow,,Lolu 1,14,20,6,43
06/19/2025,5:15 PM,75 min.,Lolu Nashville,Free Flow,,Lolu 3,11,18,7,50
06/19/2025,6:45 PM,75 min.,Lolu Nashville,Quiet Flow,,Lolu 1,24,30,6,56
06/20/2025,6:30 AM,75 min.,Lolu Nashville,Free Flow,,Lolu 1,12,18,6,6
06/20/2025,7:00 AM,75 min.,Lolu Nashville,Free Flow,,Lolu 2,4,18,14,20
06/20/2025,7:30 AM,75 min.,Lolu Nashville,Free Flow,,Lolu 3,12,18,6,26
06/20/2025,8:00 AM,75 min.,Lolu Nashville,Free Flow,,Lolu 1,6,18,12,38
06/20/2025,5:30 PM,75 min.,Lolu Nashville,Free Flow,,Lolu 1,2,20,18,56
06/20/2025,6:00 PM,75 min.,Lolu Nashville,Free Flow,,Lolu 2,16,20,4,60
06/20/2025,6:30 PM,75 min.,Lolu Nashville,Free Flow,,Lolu 3,5,18,13,73
06/21/2025,8:15 AM,75 min.,Lolu Nashville,Free Flow,,Lolu 1,9,18,9,9
06/21/2025,8:45 AM,75 min.,Lolu Nashville,Free Flow,,Lolu 2,13,18,5,14
06/21/2025,9:15 AM,75 min.,Lolu Nashville,Free Flow,,Lolu 3,11,18,7,21
06/21/2025,9:45 AM,75 min.,Lolu Nashville,Free Flow,,Lolu 1,6,18,12,33
06/21/2025,11:45 AM,75 min.,Lolu Nashville,Free Flow,,Lolu 3,6,20,14,47
06/21/2025,12:15 PM,75 min.,Lolu Nashville,Free Flow,,Lolu 2,14,20,6,53
06/21/2025,5:30 PM,75 min.,Lolu Nashville,Free Flow,,Lolu 1,12,20,8,61
06/22/2025,8:30 AM,75 min.,Lolu Nashville,Free Flow,,Lolu 2,12,18,6,6
06/22/2025,9:00 AM,75 min.,Lolu Nashville,Free Flow,,Lolu 3,17,18,1,7
06/22/2025,9:30 AM,75 min.,Lolu Nashville,Free Flow,,Lolu 1,15,18,3,10
06/22/2025,10:00 AM,75 min.,Lolu Nashville,Free Flow,,Lolu 2,18,18,0,10
06/22/2025,10:30 AM,75 min.,Lolu Nashville,Free Flow,,Lolu 3,11,18,7,17
06/22/2025,3:00 PM,75 min.,Lolu Nashville,Free Flow,,Lolu 1,2,20,18,35
06/22/2025,3:30 PM,75 min.,Lolu Nashville,Free Flow,,Lolu 2,9,20,11,46
06/22/2025,5:00 PM,60 min.,Lolu Nashville,Guided: Restore,,Lolu 1,19,24,5,51
06/09/2025,6:30 AM,75 min.,Lolu Nashville,Free Flow,,Lolu 1,17,18,1,1
06/09/2025,7:00 AM,75 min.,Lolu Nashville,Free Flow,,Lolu 2,10,18,8,9
06/09/2025,7:30 AM,75 min.,Lolu Nashville,Free Flow,,Lolu 3,5,18,13,22
06/10/2025,7:00 AM,75 min.,Lolu Nashville,Free Flow,,Lolu 1,7,18,11,11
06/10/2025,7:30 AM,75 min.,Lolu Nashville,Free Flow,,Lolu 2,4,18,14,25
06/10/2025,11:30 AM,75 min.,Lolu Nashville,Free Flow,,Lolu 1,8,18,10,35
06/10/2025,12:00 PM,75 min.,Lolu Nashville,Free Flow,,Lolu 2,15,18,3,38
06/10/2025,4:45 PM,75 min.,Lolu Nashville,Free Flow,,Lolu 1,11,18,7,45
06/10/2025,5:15 PM,75 min.,Lolu Nashville,Free Flow,,Lolu 3,13,18,5,50
06/10/2025,6:45 PM,75 min.,Lolu Nashville,Quiet Flow,,Lolu 1,22,30,8,58
06/11/2025,6:30 AM,75 min.,Lolu Nashville,Free Flow,,Lolu 1,9,18,9,9
06/11/2025,7:00 AM,75 min.,Lolu Nashville,Free Flow,,Lolu 2,12,18,6,15
06/11/2025,7:30 AM,75 min.,Lolu Nashville,Free Flow,,Lolu 3,9,18,9,24
06/11/2025,11:30 AM,75 min.,Lolu Nashville,Free Flow,,Lolu 1,14,18,4,28
06/11/2025,12:00 PM,75 min.,Lolu Nashville,Free Flow,,Lolu 2,16,18,2,30
06/11/2025,4:45 PM,75 min.,Lolu Nashville,Free Flow,,Lolu 1,10,18,8,38
06/11/2025,5:15 PM,75 min.,Lolu Nashville,Free Flow,,Lolu 2,7,18,11,49
06/11/2025,6:45 PM,60 min.,Lolu Nashville,Guided: Restore,,Lolu 3,17,24,7,56
06/12/2025,6:00 AM,60 min.,Lolu Nashville,Guided: Energize,,Lolu 1,20,24,4,4
06/12/2025,7:00 AM,75 min.,Lolu Nashville,Free Flow,,Lolu 3,10,18,8,12
06/12/2025,7:30 AM,75 min.,Lolu Nashville,Free Flow,,Lolu 1,10,18,8,20
06/12/2025,12:00 PM,75 min.,Lolu Nashville,Free Flow,,Lolu 2,7,18,11,31
06/12/2025,5:15 PM,75 min.,Lolu Nashville,Free Flow,,Lolu 3,11,18,7,38
06/12/2025,6:45 PM,75 min.,Lolu Nashville,Quiet Flow: Live Rhythms,,Lolu 1,16,30,14,52
06/13/2025,6:30 AM,75 min.,Lolu Nashville,Free Flow,,Lolu 1,16,18,2,2
06/13/2025,7:00 AM,75 min.,Lolu Nashville,Free Flow,,Lolu 2,16,18,2,4
06/13/2025,7:30 AM,75 min.,Lolu Nashville,Free Flow,,Lolu 3,9,18,9,13
06/13/2025,8:00 AM,75 min.,Lolu Nashville,Free Flow,,Lolu 1,11,18,7,20
06/13/2025,5:30 PM,75 min.,Lolu Nashville,Free Flow,,Lolu 1,2,20,18,38
06/13/2025,6:00 PM,75 min.,Lolu Nashville,Free Flow,,Lolu 2,14,20,6,44
06/13/2025,6:30 PM,75 min.,Lolu Nashville,Free Flow,,Lolu 3,9,18,9,53
06/14/2025,8:15 AM,75 min.,Lolu Nashville,Free Flow,,Lolu 1,12,30,18,18
06/14/2025,10:00 AM,75 min.,Lolu Nashville,Guided: Lifeforce,Evan Galante,Lolu 1,22,35,13,31
06/14/2025,11:45 AM,75 min.,Lolu Nashville,Free Flow,,Lolu 3,17,20,3,34
06/14/2025,12:15 PM,75 min.,Lolu Nashville,Free Flow,,Lolu 2,6,20,14,48
06/14/2025,5:30 PM,75 min.,Lolu Nashville,Free Flow,,Lolu 1,7,20,13,61
06/14/2025,6:00 PM,75 min.,Lolu Nashville,Free Flow,,Lolu 2,12,20,8,69
06/14/2025,6:30 PM,75 min.,Lolu Nashville,Free Flow,,Lolu 3,9,18,9,78
06/15/2025,8:30 AM,75 min.,Lolu Nashville,Free Flow,,Lolu 2,10,18,8,8
06/15/2025,9:00 AM,75 min.,Lolu Nashville,Free Flow,,Lolu 3,18,18,0,8
06/15/2025,9:30 AM,75 min.,Lolu Nashville,Free Flow,,Lolu 1,9,18,9,17
06/15/2025,10:00 AM,75 min.,Lolu Nashville,Free Flow,,Lolu 2,5,18,13,30
06/15/2025,10:30 AM,75 min.,Lolu Nashville,Free Flow,,Lolu 3,15,18,3,33
06/15/2025,3:00 PM,75 min.,Lolu Nashville,Free Flow,,Lolu 1,5,20,15,48
06/15/2025,3:30 PM,75 min.,Lolu Nashville,Free Flow,,Lolu 2,6,20,14,62
06/15/2025,5:00 PM,60 min.,Lolu Nashville,Guided: Restore,,Lolu 1,15,24,9,71
06/02/2025,6:30 AM,75 min.,Lolu Nashville,Free Flow,,Lolu 1,15,18,3,3
06/02/2025,7:00 AM,75 min.,Lolu Nashville,Free Flow,,Lolu 2,13,18,5,8
06/02/2025,7:30 AM,75 min.,Lolu Nashville,Free Flow,,Lolu 3,,,,8
06/03/2025,7:00 AM,75 min.,Lolu Nashville,Free Flow,,Lolu 1,9,18,9,9
06/03/2025,7:30 AM,75 min.,Lolu Nashville,Free Flow,,Lolu 2,8,18,10,19
06/03/2025,9:00 AM,60 min.,Lolu Nashville,Guided: Energize,,Lolu 1,22,24,2,21
06/03/2025,11:30 AM,75 min.,Lolu Nashville,Free Flow,,Lolu 1,13,18,5,26
06/03/2025,12:00 PM,75 min.,Lolu Nashville,Free Flow,,Lolu 2,13,18,5,31
06/03/2025,4:45 PM,75 min.,Lolu Nashville,Free Flow,,Lolu 1,21,30,9,40
06/03/2025,5:15 PM,75 min.,Lolu Nashville,Free Flow,,Lolu 3,12,18,6,46
06/03/2025,6:45 PM,75 min.,Lolu Nashville,Quiet Flow,,Lolu 1,16,30,14,60
06/04/2025,6:30 AM,75 min.,Lolu Nashville,Free Flow,,Lolu 1,15,18,3,3
06/04/2025,7:00 AM,75 min.,Lolu Nashville,Free Flow,,Lolu 2,11,18,7,10
06/04/2025,7:30 AM,75 min.,Lolu Nashville,Free Flow,,Lolu 3,6,18,12,22
06/04/2025,11:30 AM,75 min.,Lolu Nashville,Free Flow,,Lolu 1,7,18,11,33
06/04/2025,12:00 PM,75 min.,Lolu Nashville,Free Flow,,Lolu 2,14,18,4,37
06/04/2025,4:45 PM,75 min.,Lolu Nashville,Free Flow,,Lolu 1,4,18,14,51
06/04/2025,5:15 PM,75 min.,Lolu Nashville,Free Flow,,Lolu 2,12,18,6,57
06/04/2025,6:45 PM,60 min.,Lolu Nashville,Guided: Restore,,Lolu 3,16,24,8,65
06/05/2025,6:00 AM,60 min.,Lolu Nashville,Guided: Energize,,Lolu 1,20,24,4,4
06/05/2025,7:00 AM,75 min.,Lolu Nashville,Free Flow,,Lolu 3,11,18,7,11
06/05/2025,7:30 AM,75 min.,Lolu Nashville,Free Flow,,Lolu 1,12,18,6,17
06/05/2025,11:30 AM,75 min.,Lolu Nashville,Free Flow,,Lolu 1,10,18,8,25
06/05/2025,12:00 PM,75 min.,Lolu Nashville,Free Flow,,Lolu 2,13,18,5,30
06/05/2025,4:45 PM,75 min.,Lolu Nashville,Free Flow,,Lolu 1,19,30,11,41
06/05/2025,5:15 PM,75 min.,Lolu Nashville,Free Flow,,Lolu 3,9,18,9,50
06/05/2025,6:45 PM,75 min.,Lolu Nashville,Quiet Flow,,Lolu 1,18,30,12,62
06/06/2025,6:30 AM,75 min.,Lolu Nashville,Free Flow,,Lolu 1,16,18,2,2
06/06/2025,7:00 AM,75 min.,Lolu Nashville,Free Flow,,Lolu 2,15,18,3,5
06/06/2025,7:30 AM,75 min.,Lolu Nashville,Free Flow,,Lolu 3,,,,5
06/06/2025,8:00 AM,75 min.,Lolu Nashville,Free Flow,,Lolu 1,8,18,10,15
06/06/2025,5:30 PM,75 min.,Lolu Nashville,Free Flow,,Lolu 1,7,20,13,28
06/06/2025,6:00 PM,75 min.,Lolu Nashville,Free Flow,,Lolu 2,11,20,9,37
06/06/2025,6:30 PM,75 min.,Lolu Nashville,Free Flow,,Lolu 3,13,18,5,42
06/07/2025,8:30 AM,75 min.,Lolu Nashville,Free Flow,,Lolu 1,1,20,19,19
06/07/2025,9:00 AM,75 min.,Lolu Nashville,Free Flow,,Lolu 2,2,20,18,37
06/07/2025,9:30 AM,75 min.,Lolu Nashville,Free Flow,,Lolu 3,5,18,13,50
06/07/2025,10:00 AM,75 min.,Lolu Nashville,Free Flow,,Lolu 1,13,18,5,55
06/07/2025,10:30 AM,75 min.,Lolu Nashville,Free Flow,,Lolu 2,10,18,8,63
06/07/2025,11:45 AM,75 min.,Lolu Nashville,Free Flow,,Lolu 3,19,20,1,64
06/07/2025,12:15 PM,75 min.,Lolu Nashville,Free Flow,,Lolu 2,14,20,6,70
06/07/2025,5:30 PM,75 min.,Lolu Nashville,Free Flow,,Lolu 1,11,20,9,79
06/07/2025,6:00 PM,75 min.,Lolu Nashville,Free Flow,,Lolu 2,17,20,3,82
06/07/2025,6:30 PM,75 min.,Lolu Nashville,Free Flow,,Lolu 3,14,18,4,86
06/08/2025,8:30 AM,75 min.,Lolu Nashville,Free Flow,,Lolu 2,8,18,10,10
06/08/2025,9:00 AM,75 min.,Lolu Nashville,Free Flow,,Lolu 3,8,18,10,20
06/08/2025,9:30 AM,75 min.,Lolu Nashville,Free Flow,,Lolu 1,14,18,4,24
06/08/2025,10:00 AM,75 min.,Lolu Nashville,Free Flow,,Lolu 2,11,18,7,31
06/08/2025,10:30 AM,75 min.,Lolu Nashville,Free Flow,,Lolu 3,3,18,15,46
06/08/2025,3:00 PM,75 min.,Lolu Nashville,Free Flow,,Lolu 1,10,20,10,56
06/08/2025,3:30 PM,75 min.,Lolu Nashville,Free Flow,,Lolu 2,16,20,4,60
06/08/2025,5:00 PM,60 min.,Lolu Nashville,Guided: Restore,,Lolu 1,17,24,7,67
05/26/2025,7:00 AM,75 min.,Lolu Nashville,Free Flow,,Lolu 2,16,18,2,2
05/26/2025,7:30 AM,75 min.,Lolu Nashville,Free Flow,,Lolu 3,5,18,13,15
05/26/2025,8:00 AM,75 min.,Lolu Nashville,Free Flow,,Lolu 1,,,,15
05/26/2025,8:30 AM,75 min.,Lolu Nashville,Free Flow,,Lolu 2,,,,15
05/26/2025,11:30 AM,75 min.,Lolu Nashville,Free Flow,,Lolu 1,4,18,14,29
05/26/2025,12:00 PM,75 min.,Lolu Nashville,Free Flow,,Lolu 2,5,18,13,42
05/27/2025,7:00 AM,75 min.,Lolu Nashville,Free Flow,,Lolu 1,14,18,4,4
05/27/2025,7:30 AM,75 min.,Lolu Nashville,Free Flow,,Lolu 2,14,18,4,8
05/27/2025,8:00 AM,75 min.,Lolu Nashville,Free Flow,,Lolu 3,13,18,5,13
05/27/2025,11:30 AM,75 min.,Lolu Nashville,Free Flow,,Lolu 1,16,18,2,15
05/27/2025,12:00 PM,75 min.,Lolu Nashville,Free Flow,,Lolu 2,14,18,4,19
05/27/2025,4:45 PM,75 min.,Lolu Nashville,Free Flow,,Lolu 1,19,30,11,30
05/27/2025,6:15 PM,75 min.,Lolu Nashville,Quiet Flow,,Lolu 1,11,30,19,49
05/28/2025,6:30 AM,75 min.,Lolu Nashville,Free Flow,,Lolu 1,13,18,5,5
05/28/2025,7:00 AM,75 min.,Lolu Nashville,Free Flow,,Lolu 2,12,18,6,11
05/28/2025,7:30 AM,75 min.,Lolu Nashville,Free Flow,,Lolu 3,4,18,14,25
05/28/2025,11:30 AM,75 min.,Lolu Nashville,Free Flow,,Lolu 1,13,18,5,30
05/28/2025,12:00 PM,75 min.,Lolu Nashville,Free Flow,,Lolu 2,9,18,9,39
05/28/2025,4:45 PM,75 min.,Lolu Nashville,Free Flow,,Lolu 1,6,18,12,51
05/28/2025,5:15 PM,75 min.,Lolu Nashville,Free Flow,,Lolu 2,3,18,15,66
05/28/2025,6:30 PM,60 min.,Lolu Nashville,Guided: Restore,,Lolu 3,18,24,6,72
05/29/2025,6:00 AM,60 min.,Lolu Nashville,Guided: Energize,,Lolu 1,18,24,6,6
05/29/2025,7:00 AM,75 min.,Lolu Nashville,Free Flow with Breakfast Club,,Lolu 3,10,18,8,14
05/29/2025,7:30 AM,75 min.,Lolu Nashville,Free Flow with Breakfast Club,,Lolu 1,5,18,13,27
05/29/2025,11:30 AM,75 min.,Lolu Nashville,Free Flow,,Lolu 1,13,18,5,32
05/29/2025,12:00 PM,75 min.,Lolu Nashville,Free Flow,,Lolu 2,17,18,1,33
05/29/2025,4:45 PM,75 min.,Lolu Nashville,Free Flow,,Lolu 1,26,30,4,37
05/29/2025,6:15 PM,75 min.,Lolu Nashville,Quiet Flow,,Lolu 1,15,30,15,52
05/30/2025,6:30 AM,75 min.,Lolu Nashville,Free Flow,,Lolu 1,14,18,4,4
05/30/2025,7:00 AM,75 min.,Lolu Nashville,Free Flow,,Lolu 2,13,18,5,9
05/30/2025,7:30 AM,75 min.,Lolu Nashville,Free Flow,,Lolu 3,7,18,11,20
05/30/2025,8:00 AM,75 min.,Lolu Nashville,Free Flow,,Lolu 1,14,18,4,24
05/30/2025,5:30 PM,75 min.,Lolu Nashville,Free Flow,,Lolu 1,3,20,17,41
05/30/2025,6:00 PM,75 min.,Lolu Nashville,Free Flow,,Lolu 2,16,20,4,45
05/30/2025,6:30 PM,75 min.,Lolu Nashville,Free Flow,,Lolu 3,5,18,13,58
05/31/2025,8:15 AM,75 min.,Lolu Nashville,Free Flow,,Lolu 1,14,30,16,16
05/31/2025,10:00 AM,75 min.,Lolu Nashville,Guided: Lifeforce,Evan Galante,Lolu 1,9,35,26,42
05/31/2025,11:45 AM,75 min.,Lolu Nashville,Free Flow,,Lolu 1,16,30,14,56
05/31/2025,5:30 PM,75 min.,Lolu Nashville,Free Flow,,Lolu 1,9,20,11,67
05/31/2025,6:00 PM,75 min.,Lolu Nashville,Free Flow,,Lolu 2,15,20,5,72
05/31/2025,6:30 PM,75 min.,Lolu Nashville,Free Flow,,Lolu 3,11,18,7,79
06/01/2025,8:30 AM,75 min.,Lolu Nashville,Free Flow,,Lolu 2,12,18,6,6
06/01/2025,9:00 AM,75 min.,Lolu Nashville,Free Flow,,Lolu 3,9,18,9,15
06/01/2025,9:30 AM,75 min.,Lolu Nashville,Free Flow,,Lolu 1,18,18,0,15
06/01/2025,10:00 AM,75 min.,Lolu Nashville,Free Flow,,Lolu 2,12,18,6,21
06/01/2025,10:30 AM,75 min.,Lolu Nashville,Free Flow,,Lolu 3,13,18,5,26
06/01/2025,3:00 PM,75 min.,Lolu Nashville,Free Flow,,Lolu 1,14,20,6,32
06/01/2025,3:30 PM,75 min.,Lolu Nashville,Free Flow,,Lolu 2,14,20,6,38
06/01/2025,5:00 PM,60 min.,Lolu Nashville,Guided: Restore,,Lolu 1,19,24,5,43
05/19/2025,6:30 AM,75 min.,Lolu Nashville,Free Flow,,Lolu 1,14,18,4,4
05/19/2025,7:00 AM,75 min.,Lolu Nashville,Free Flow,,Lolu 2,13,18,5,9
05/19/2025,7:30 AM,75 min.,Lolu Nashville,Free Flow,,Lolu 3,7,18,11,20
05/20/2025,7:00 AM,75 min.,Lolu Nashville,Free Flow,,Lolu 1,11,18,7,7
05/20/2025,7:30 AM,75 min.,Lolu Nashville,Free Flow,,Lolu 2,,,,7
05/20/2025,9:00 AM,60 min.,Lolu Nashville,Guided: Energize,,Lolu 1,19,24,5,12
05/20/2025,11:30 AM,75 min.,Lolu Nashville,Free Flow,,Lolu 1,9,18,9,21
05/20/2025,12:00 PM,75 min.,Lolu Nashville,Free Flow,,Lolu 2,13,18,5,26
05/20/2025,4:45 PM,75 min.,Lolu Nashville,Free Flow,,Lolu 1,21,30,9,35
05/20/2025,6:15 PM,75 min.,Lolu Nashville,Quiet Flow,,Lolu 1,18,30,12,47
05/21/2025,6:30 AM,75 min.,Lolu Nashville,Free Flow,,Lolu 1,13,18,5,5
05/21/2025,7:00 AM,75 min.,Lolu Nashville,Free Flow,,Lolu 2,14,18,4,9
05/21/2025,7:30 AM,75 min.,Lolu Nashville,Free Flow,,Lolu 3,6,18,12,21
05/21/2025,9:00 AM,60 min.,Lolu Nashville,Guided: Balance,,Lolu 1,14,24,10,31
05/21/2025,11:30 AM,75 min.,Lolu Nashville,Free Flow,,Lolu 1,16,18,2,33
05/21/2025,12:00 PM,75 min.,Lolu Nashville,Free Flow,,Lolu 2,16,18,2,35
05/21/2025,4:45 PM,75 min.,Lolu Nashville,Free Flow,,Lolu 1,8,18,10,45
05/21/2025,5:15 PM,75 min.,Lolu Nashville,Free Flow,,Lolu 2,12,18,6,51
05/21/2025,6:30 PM,60 min.,Lolu Nashville,Guided: Restore,,Lolu 3,21,24,3,54
05/22/2025,6:00 AM,60 min.,Lolu Nashville,Guided: Energize,,Lolu 1,20,24,4,4
05/22/2025,7:00 AM,75 min.,Lolu Nashville,Free Flow + Nashville Pie Company Breakfast Club,,Lolu 3,4,18,14,18
05/22/2025,7:30 AM,75 min.,Lolu Nashville,Free Flow + Nashville Pie Company Breakfast Club,,Lolu 1,2,18,16,34
05/22/2025,11:30 AM,75 min.,Lolu Nashville,Free Flow,,Lolu 1,9,18,9,43
05/22/2025,12:00 PM,75 min.,Lolu Nashville,Free Flow,,Lolu 2,13,18,5,48
05/22/2025,4:45 PM,75 min.,Lolu Nashville,Free Flow,,Lolu 1,14,30,16,64
05/22/2025,6:15 PM,75 min.,Lolu Nashville,Quiet Flow,,Lolu 1,18,30,12,76
05/23/2025,6:30 AM,75 min.,Lolu Nashville,Free Flow,,Lolu 1,15,18,3,3
05/23/2025,7:00 AM,75 min.,Lolu Nashville,Free Flow,,Lolu 2,12,18,6,9
05/23/2025,7:30 AM,75 min.,Lolu Nashville,Free Flow,,Lolu 3,,,,9
05/23/2025,6:30 PM,120 min.,Lolu Nashville,Ladies Night,,Lolu 1,9,25,16,25
05/24/2025,8:15 AM,75 min.,Lolu Nashville,Free Flow,,Lolu 1,19,30,11,11
05/24/2025,10:00 AM,75 min.,Lolu Nashville,Guided: Lifeforce,Evan Galante,Lolu 1,23,35,12,23
05/24/2025,11:45 AM,75 min.,Lolu Nashville,Free Flow,,Lolu 1,,,,23
05/24/2025,5:30 PM,75 min.,Lolu Nashville,Free Flow,,Lolu 1,13,20,7,30
05/24/2025,6:00 PM,75 min.,Lolu Nashville,Free Flow,,Lolu 2,18,20,2,32
05/25/2025,8:30 AM,75 min.,Lolu Nashville,Free Flow,,Lolu 2,12,18,6,6
05/25/2025,9:00 AM,75 min.,Lolu Nashville,Free Flow,,Lolu 3,12,18,6,12
05/25/2025,9:30 AM,75 min.,Lolu Nashville,Free Flow,,Lolu 1,16,18,2,14
05/25/2025,10:00 AM,75 min.,Lolu Nashville,Free Flow,,Lolu 2,9,18,9,23
05/25/2025,10:30 AM,75 min.,Lolu Nashville,Free Flow,,Lolu 3,8,18,10,33
05/25/2025,5:00 PM,75 min.,Lolu Nashville,Free Flow,,Lolu 1,20,24,4,37
05/12/2025,6:30 AM,75 min.,Lolu Nashville,Free Flow,,Lolu 1,18,18,0,0
05/12/2025,7:00 AM,75 min.,Lolu Nashville,Free Flow,,Lolu 2,13,18,5,5
05/12/2025,7:30 AM,75 min.,Lolu Nashville,Free Flow,,Lolu 3,10,18,8,13
05/13/2025,6:00 AM,60 min.,Lolu Nashville,Guided: Balance,,Lolu 1,21,24,3,3
05/13/2025,7:00 AM,75 min.,Lolu Nashville,Free Flow,,Lolu 1,13,18,5,8
05/13/2025,7:30 AM,75 min.,Lolu Nashville,Free Flow,,Lolu 2,12,18,6,14
05/13/2025,9:00 AM,60 min.,Lolu Nashville,Guided: Energize,,Lolu 1,16,24,8,22
05/13/2025,11:30 AM,75 min.,Lolu Nashville,Free Flow,,Lolu 1,4,18,14,36
05/13/2025,12:00 PM,75 min.,Lolu Nashville,Free Flow,,Lolu 2,11,18,7,43
05/13/2025,4:45 PM,75 min.,Lolu Nashville,Free Flow,,Lolu 1,11,30,19,62
05/13/2025,6:15 PM,75 min.,Lolu Nashville,Quiet Flow,,Lolu 1,15,30,15,77
05/14/2025,6:30 AM,75 min.,Lolu Nashville,Free Flow,,Lolu 1,17,18,1,1
05/14/2025,7:00 AM,75 min.,Lolu Nashville,Free Flow,,Lolu 2,15,18,3,4
05/14/2025,7:30 AM,75 min.,Lolu Nashville,Free Flow,,Lolu 3,10,18,8,12
05/14/2025,11:30 AM,75 min.,Lolu Nashville,Free Flow,,Lolu 1,15,18,3,15
05/14/2025,12:00 PM,75 min.,Lolu Nashville,Free Flow,,Lolu 2,8,18,10,25
05/14/2025,4:45 PM,75 min.,Lolu Nashville,Free Flow,,Lolu 1,11,18,7,32
05/14/2025,5:15 PM,75 min.,Lolu Nashville,Free Flow,,Lolu 2,9,18,9,41
05/14/2025,6:30 PM,60 min.,Lolu Nashville,Guided: Restore,,Lolu 3,15,24,9,50
05/15/2025,6:00 AM,60 min.,Lolu Nashville,Guided: Energize,,Lolu 1,16,24,8,8
05/15/2025,7:00 AM,75 min.,Lolu Nashville,Free Flow with Breakfast Club,,Lolu 3,10,18,8,16
05/15/2025,7:30 AM,75 min.,Lolu Nashville,Free Flow with Breakfast Club,,Lolu 1,12,18,6,22
05/15/2025,8:30 AM,75 min.,Lolu Nashville,Free Flow with Breakfast Club,,Lolu 3,15,18,3,25
05/15/2025,9:30 AM,75 min.,Lolu Nashville,Free Flow with Breakfast Club,,Lolu 1,10,18,8,33
05/15/2025,11:30 AM,75 min.,Lolu Nashville,Free Flow,,Lolu 1,10,18,8,41
05/15/2025,12:00 PM,75 min.,Lolu Nashville,Free Flow,,Lolu 2,14,18,4,45
05/15/2025,4:45 PM,75 min.,Lolu Nashville,Free Flow,,Lolu 1,20,30,10,55
05/15/2025,6:15 PM,75 min.,Lolu Nashville,Quiet Flow,,Lolu 1,17,30,13,68
05/16/2025,6:30 AM,75 min.,Lolu Nashville,Free Flow,,Lolu 1,18,18,0,0
05/16/2025,7:00 AM,75 min.,Lolu Nashville,Free Flow,,Lolu 2,17,18,1,1
05/16/2025,7:30 AM,75 min.,Lolu Nashville,Free Flow,,Lolu 3,8,18,10,11
05/16/2025,9:30 AM,60 min.,Lolu Nashville,Guided: Energize,Brooke Allison,Lolu 1,14,24,10,21
05/16/2025,5:30 PM,75 min.,Lolu Nashville,Free Flow,,Lolu 1,8,20,12,33
05/16/2025,6:00 PM,75 min.,Lolu Nashville,Free Flow,,Lolu 2,15,20,5,38
05/17/2025,8:15 AM,75 min.,Lolu Nashville,Free Flow,,Lolu 1,13,30,17,17
05/17/2025,10:00 AM,75 min.,Lolu Nashville,Guided: Lifeforce,Evan Galante,Lolu 1,10,35,25,42
05/17/2025,11:45 AM,75 min.,Lolu Nashville,Free Flow,,Lolu 1,,,,42
05/17/2025,5:30 PM,75 min.,Lolu Nashville,Free Flow,,Lolu 1,10,20,10,52
05/17/2025,6:00 PM,75 min.,Lolu Nashville,Free Flow,,Lolu 2,18,20,2,54
05/18/2025,8:30 AM,75 min.,Lolu Nashville,Free Flow,,Lolu 2,10,18,8,8
05/18/2025,9:00 AM,75 min.,Lolu Nashville,Free Flow,,Lolu 3,16,18,2,10
05/18/2025,9:30 AM,75 min.,Lolu Nashville,Free Flow,,Lolu 1,14,18,4,14
05/18/2025,10:00 AM,75 min.,Lolu Nashville,Free Flow,,Lolu 2,16,18,2,16
05/18/2025,10:30 AM,75 min.,Lolu Nashville,Free Flow,,Lolu 3,11,18,7,23
05/18/2025,3:00 PM,75 min.,Lolu Nashville,Free Flow,,Lolu 1,2,20,18,41
05/18/2025,3:30 PM,75 min.,Lolu Nashville,Free Flow,,Lolu 2,,,,41
05/18/2025,5:00 PM,60 min.,Lolu Nashville,Guided: Restore,,Lolu 1,13,24,11,52
05/05/2025,6:30 AM,75 min.,Lolu Nashville,Free Flow,,Lolu 1,17,18,1,1
05/05/2025,7:00 AM,75 min.,Lolu Nashville,Free Flow,,Lolu 2,15,18,3,4
05/05/2025,7:30 AM,75 min.,Lolu Nashville,Free Flow,,Lolu 3,10,18,8,12
05/05/2025,11:30 AM,75 min.,Lolu Nashville,Free Flow,,Lolu 1,7,18,11,23
05/05/2025,4:45 PM,75 min.,Lolu Nashville,Free Flow,,Lolu 1,11,18,7,30
05/05/2025,5:15 PM,75 min.,Lolu Nashville,Free Flow,,Lolu 2,11,18,7,37
05/05/2025,5:45 PM,75 min.,Lolu Nashville,Free Flow,,Lolu 3,3,18,15,52
05/06/2025,7:00 AM,75 min.,Lolu Nashville,Free Flow,,Lolu 1,12,18,6,6
05/06/2025,7:30 AM,75 min.,Lolu Nashville,Free Flow,,Lolu 2,6,18,12,18
05/06/2025,11:30 AM,75 min.,Lolu Nashville,Free Flow,,Lolu 1,11,18,7,25
05/06/2025,12:00 PM,75 min.,Lolu Nashville,Free Flow,,Lolu 2,14,18,4,29
05/06/2025,4:45 PM,75 min.,Lolu Nashville,Free Flow,,Lolu 1,24,30,6,35
05/06/2025,6:15 PM,75 min.,Lolu Nashville,Quiet Flow: Live Rhythms,,Lolu 1,13,30,17,52
05/07/2025,6:30 AM,75 min.,Lolu Nashville,Free Flow,,Lolu 1,15,18,3,3
05/07/2025,7:00 AM,75 min.,Lolu Nashville,Free Flow,,Lolu 2,14,18,4,7
05/07/2025,7:30 AM,75 min.,Lolu Nashville,Free Flow,,Lolu 3,8,18,10,17
05/07/2025,11:30 AM,75 min.,Lolu Nashville,Free Flow,,Lolu 1,14,18,4,21
05/07/2025,12:00 PM,75 min.,Lolu Nashville,Free Flow,,Lolu 2,13,18,5,26
05/07/2025,4:45 PM,75 min.,Lolu Nashville,Free Flow,,Lolu 1,2,18,16,42
05/07/2025,5:15 PM,75 min.,Lolu Nashville,Free Flow,,Lolu 2,12,18,6,48
05/07/2025,6:30 PM,60 min.,Lolu Nashville,Guided: Restore,,Lolu 3,17,24,7,55
05/08/2025,6:00 AM,60 min.,Lolu Nashville,Guided: Energize,,Lolu 1,20,24,4,4
05/08/2025,7:00 AM,75 min.,Lolu Nashville,Free Flow with Breakfast Club,,Lolu 3,10,18,8,12
05/08/2025,7:30 AM,75 min.,Lolu Nashville,Free Flow with Breakfast Club,,Lolu 1,5,18,13,25
05/08/2025,11:30 AM,75 min.,Lolu Nashville,Free Flow,,Lolu 1,12,18,6,31
05/08/2025,12:00 PM,75 min.,Lolu Nashville,Free Flow,,Lolu 2,15,18,3,34
05/08/2025,4:45 PM,75 min.,Lolu Nashville,Free Flow,,Lolu 1,19,30,11,45
05/08/2025,6:15 PM,75 min.,Lolu Nashville,Quiet Flow,,Lolu 1,15,30,15,60
05/09/2025,6:30 AM,75 min.,Lolu Nashville,Free Flow,,Lolu 1,11,18,7,7
05/09/2025,7:00 AM,75 min.,Lolu Nashville,Free Flow,,Lolu 2,9,18,9,16
05/09/2025,7:30 AM,75 min.,Lolu Nashville,Free Flow,,Lolu 3,3,18,15,31
05/09/2025,9:00 AM,75 min.,Lolu Nashville,Free Flow,,Lolu 2,15,20,5,36
05/09/2025,5:30 PM,75 min.,Lolu Nashville,Free Flow,,Lolu 1,7,20,13,49
05/09/2025,6:00 PM,75 min.,Lolu Nashville,Free Flow,,Lolu 2,11,20,9,58
05/10/2025,8:15 AM,75 min.,Lolu Nashville,Free Flow,,Lolu 1,22,30,8,8
05/10/2025,10:00 AM,75 min.,Lolu Nashville,Guided: Lifeforce,Evan Galante,Lolu 1,5,35,30,38
05/10/2025,11:45 AM,75 min.,Lolu Nashville,Free Flow,,Lolu 1,15,30,15,53
05/10/2025,5:30 PM,75 min.,Lolu Nashville,Free Flow,,Lolu 1,11,20,9,62
05/10/2025,6:00 PM,75 min.,Lolu Nashville,Free Flow,,Lolu 2,17,20,3,65
05/11/2025,8:30 AM,75 min.,Lolu Nashville,Free Flow,,Lolu 2,12,18,6,6
05/11/2025,9:00 AM,75 min.,Lolu Nashville,Free Flow,,Lolu 3,15,18,3,9
05/11/2025,9:30 AM,75 min.,Lolu Nashville,Free Flow,,Lolu 1,14,18,4,13
05/11/2025,10:00 AM,75 min.,Lolu Nashville,Free Flow,,Lolu 2,13,18,5,18
05/11/2025,10:30 AM,75 min.,Lolu Nashville,Free Flow,,Lolu 3,10,18,8,26
05/11/2025,3:00 PM,75 min.,Lolu Nashville,Free Flow,,Lolu 1,11,20,9,35
05/11/2025,3:30 PM,75 min.,Lolu Nashville,Free Flow,,Lolu 2,10,20,10,45
05/11/2025,5:00 PM,60 min.,Lolu Nashville,Guided: Restore,,Lolu 1,11,24,13,58
04/28/2025,6:30 AM,75 min.,Lolu Nashville,Free Flow,,Lolu 1,15,18,3,3
04/28/2025,7:00 AM,75 min.,Lolu Nashville,Free Flow,,Lolu 2,11,18,7,10
04/28/2025,7:30 AM,75 min.,Lolu Nashville,Free Flow,,Lolu 3,5,18,13,23
04/28/2025,11:30 AM,75 min.,Lolu Nashville,Free Flow,,Lolu 1,12,18,6,29
04/28/2025,12:00 PM,75 min.,Lolu Nashville,Free Flow,,Lolu 2,7,18,11,40
04/28/2025,4:45 PM,75 min.,Lolu Nashville,Free Flow,,Lolu 1,4,18,14,54
04/28/2025,5:15 PM,75 min.,Lolu Nashville,Free Flow,,Lolu 2,14,18,4,58
04/28/2025,5:45 PM,75 min.,Lolu Nashville,Free Flow,,Lolu 3,4,18,14,72
04/29/2025,7:00 AM,75 min.,Lolu Nashville,Free Flow,,Lolu 1,15,18,3,3
04/29/2025,7:30 AM,75 min.,Lolu Nashville,Free Flow,,Lolu 2,9,18,9,12
04/29/2025,11:30 AM,75 min.,Lolu Nashville,Free Flow,,Lolu 1,13,18,5,17
04/29/2025,12:00 PM,75 min.,Lolu Nashville,Free Flow,,Lolu 2,17,18,1,18
04/29/2025,4:45 PM,75 min.,Lolu Nashville,Free Flow,,Lolu 1,9,30,21,39
04/29/2025,6:15 PM,75 min.,Lolu Nashville,Quiet Flow,,Lolu 1,5,30,25,64
04/30/2025,6:30 AM,75 min.,Lolu Nashville,Free Flow,,Lolu 1,14,18,4,4
04/30/2025,7:00 AM,75 min.,Lolu Nashville,Free Flow,,Lolu 2,5,18,13,17
04/30/2025,7:30 AM,75 min.,Lolu Nashville,Free Flow,,Lolu 3,,,,17
04/30/2025,11:30 AM,75 min.,Lolu Nashville,Free Flow,,Lolu 1,13,18,5,22
04/30/2025,12:00 PM,75 min.,Lolu Nashville,Free Flow,,Lolu 2,10,18,8,30
05/01/2025,6:00 AM,60 min.,Lolu Nashville,Guided: Energize,,Lolu 1,15,24,9,9
05/01/2025,7:00 AM,75 min.,Lolu Nashville,Free Flow with Breakfast Club,,Lolu 3,6,18,12,21
05/01/2025,7:30 AM,75 min.,Lolu Nashville,Free Flow with Breakfast Club,,Lolu 1,6,18,12,33
05/01/2025,11:30 AM,75 min.,Lolu Nashville,Free Flow,,Lolu 1,10,18,8,41
05/01/2025,12:00 PM,75 min.,Lolu Nashville,Free Flow,,Lolu 2,9,18,9,50
05/01/2025,4:45 PM,75 min.,Lolu Nashville,Free Flow,,Lolu 1,30,30,0,50
05/01/2025,6:15 PM,75 min.,Lolu Nashville,Quiet Flow,,Lolu 1,30,30,0,50
05/02/2025,6:30 AM,75 min.,Lolu Nashville,Free Flow,,Lolu 1,16,18,2,2
05/02/2025,7:00 AM,75 min.,Lolu Nashville,Free Flow,,Lolu 2,11,18,7,9
05/02/2025,7:30 AM,75 min.,Lolu Nashville,Free Flow,,Lolu 3,4,18,14,23
05/02/2025,9:00 AM,60 min.,Lolu Nashville,Guided: Energize,,Lolu 1,16,24,8,31
05/02/2025,5:30 PM,75 min.,Lolu Nashville,Free Flow,,Lolu 1,7,20,13,44
05/02/2025,6:00 PM,75 min.,Lolu Nashville,Free Flow,,Lolu 2,,,,44
05/03/2025,8:15 AM,75 min.,Lolu Nashville,Free Flow,,Lolu 1,13,30,17,17
05/03/2025,10:00 AM,75 min.,Lolu Nashville,Guided: Lifeforce,Evan Galante,Lolu 1,2,35,33,50
05/03/2025,11:45 AM,75 min.,Lolu Nashville,Free Flow,,Lolu 1,8,30,22,72
05/03/2025,5:30 PM,75 min.,Lolu Nashville,Free Flow,,Lolu 1,1,20,19,91
05/03/2025,6:00 PM,75 min.,Lolu Nashville,Free Flow,,Lolu 2,11,20,9,100
05/04/2025,8:30 AM,75 min.,Lolu Nashville,Free Flow,,Lolu 2,14,18,4,4
05/04/2025,9:00 AM,75 min.,Lolu Nashville,Free Flow,,Lolu 3,16,18,2,6
05/04/2025,9:30 AM,75 min.,Lolu Nashville,Free Flow,,Lolu 1,14,18,4,10
05/04/2025,10:00 AM,75 min.,Lolu Nashville,Free Flow,,Lolu 2,12,18,6,16
05/04/2025,10:30 AM,75 min.,Lolu Nashville,Free Flow,,Lolu 3,9,18,9,25
05/04/2025,3:00 PM,75 min.,Lolu Nashville,Free Flow,,Lolu 1,12,20,8,33
05/04/2025,3:30 PM,75 min.,Lolu Nashville,Free Flow,,Lolu 2,4,20,16,49
05/04/2025,5:00 PM,60 min.,Lolu Nashville,Guided: Restore,,Lolu 1,13,24,11,60
04/21/2025,6:30 AM,75 min.,Lolu Nashville,Free Flow,,Lolu 1,15,18,3,3
04/21/2025,7:00 AM,75 min.,Lolu Nashville,Free Flow,,Lolu 2,12,18,6,9
04/21/2025,7:30 AM,75 min.,Lolu Nashville,Free Flow,,Lolu 3,9,18,9,18
04/21/2025,11:30 AM,75 min.,Lolu Nashville,Free Flow,,Lolu 1,11,18,7,25
04/21/2025,12:00 PM,75 min.,Lolu Nashville,Free Flow,,Lolu 2,13,18,5,30
04/21/2025,4:45 PM,75 min.,Lolu Nashville,Free Flow,,Lolu 1,12,18,6,36
04/21/2025,5:15 PM,75 min.,Lolu Nashville,Free Flow,,Lolu 2,16,18,2,38
04/21/2025,5:45 PM,75 min.,Lolu Nashville,Free Flow,,Lolu 3,6,18,12,50
04/22/2025,7:00 AM,75 min.,Lolu Nashville,Free Flow,,Lolu 1,13,18,5,5
04/22/2025,7:30 AM,75 min.,Lolu Nashville,Free Flow,,Lolu 2,8,18,10,15
04/22/2025,9:00 AM,60 min.,Lolu Nashville,Guided: Energize,,Lolu 1,20,24,4,19
04/22/2025,11:30 AM,75 min.,Lolu Nashville,Free Flow,,Lolu 1,11,18,7,26
04/22/2025,12:00 PM,75 min.,Lolu Nashville,Free Flow,,Lolu 2,12,18,6,32
04/22/2025,4:45 PM,75 min.,Lolu Nashville,Free Flow,,Lolu 1,18,30,12,44
04/22/2025,6:15 PM,75 min.,Lolu Nashville,Quiet Flow,,Lolu 1,16,30,14,58
04/23/2025,6:30 AM,75 min.,Lolu Nashville,Free Flow,,Lolu 1,13,18,5,5
04/23/2025,7:00 AM,75 min.,Lolu Nashville,Free Flow,,Lolu 2,11,18,7,12
04/23/2025,7:30 AM,75 min.,Lolu Nashville,Free Flow,,Lolu 3,6,18,12,24
04/23/2025,11:30 AM,75 min.,Lolu Nashville,Free Flow,,Lolu 1,9,18,9,33
04/23/2025,12:00 PM,75 min.,Lolu Nashville,Free Flow,,Lolu 2,10,18,8,41
04/23/2025,4:45 PM,75 min.,Lolu Nashville,Free Flow,,Lolu 1,8,18,10,51
04/23/2025,5:15 PM,75 min.,Lolu Nashville,Free Flow,,Lolu 2,11,18,7,58
04/23/2025,6:30 PM,60 min.,Lolu Nashville,Guided: Restore,,Lolu 3,22,24,2,60
04/24/2025,6:00 AM,60 min.,Lolu Nashville,Guided: Energize,,Lolu 1,16,24,8,8
04/24/2025,7:00 AM,75 min.,Lolu Nashville,Free Flow with Breakfast Club,,Lolu 3,8,18,10,18
04/24/2025,7:30 AM,75 min.,Lolu Nashville,Free Flow with Breakfast Club,,Lolu 1,8,18,10,28
04/24/2025,11:30 AM,75 min.,Lolu Nashville,Free Flow,,Lolu 1,7,18,11,39
04/24/2025,12:00 PM,75 min.,Lolu Nashville,Free Flow,,Lolu 2,10,18,8,47
04/24/2025,4:45 PM,75 min.,Lolu Nashville,Free Flow,,Lolu 1,12,30,18,65
04/24/2025,6:15 PM,75 min.,Lolu Nashville,Quiet Flow,,Lolu 1,20,30,10,75
04/25/2025,6:30 AM,75 min.,Lolu Nashville,Free Flow,,Lolu 1,15,18,3,3
04/25/2025,7:00 AM,75 min.,Lolu Nashville,Free Flow,,Lolu 2,16,18,2,5
04/25/2025,7:30 AM,75 min.,Lolu Nashville,Free Flow,,Lolu 3,13,18,5,10
04/25/2025,9:30 AM,75 min.,Lolu Nashville,Post Shakeout Run Free Flow,,Lolu 1,5,30,25,35
04/25/2025,5:30 PM,75 min.,Lolu Nashville,Free Flow,,Lolu 1,12,20,8,43
04/25/2025,6:00 PM,75 min.,Lolu Nashville,Free Flow,,Lolu 2,11,20,9,52
04/26/2025,8:15 AM,75 min.,Lolu Nashville,Free Flow,,Lolu 1,3,30,27,27
04/26/2025,9:30 AM,75 min.,Lolu Nashville,Free Flow,,Lolu 2,16,30,14,41
04/26/2025,10:45 AM,75 min.,Lolu Nashville,Free Flow,,Lolu 1,11,30,19,60
04/26/2025,5:30 PM,75 min.,Lolu Nashville,Free Flow,,Lolu 1,9,20,11,71
04/26/2025,6:00 PM,75 min.,Lolu Nashville,Free Flow,,Lolu 2,16,20,4,75
04/27/2025,8:30 AM,75 min.,Lolu Nashville,Free Flow,,Lolu 2,10,18,8,8
04/27/2025,9:00 AM,75 min.,Lolu Nashville,Free Flow,,Lolu 3,13,18,5,13
04/27/2025,9:30 AM,75 min.,Lolu Nashville,Free Flow,,Lolu 1,4,18,14,27
04/27/2025,10:00 AM,75 min.,Lolu Nashville,Free Flow,,Lolu 2,7,18,11,38
04/27/2025,10:30 AM,75 min.,Lolu Nashville,Free Flow,,Lolu 3,2,18,16,54
04/27/2025,3:00 PM,75 min.,Lolu Nashville,Free Flow,,Lolu 1,1,20,19,73
04/27/2025,3:30 PM,75 min.,Lolu Nashville,Free Flow,,Lolu 2,1,20,19,92
04/27/2025,5:00 PM,60 min.,Lolu Nashville,Guided: Restore,,Lolu 1,14,24,10,102
04/27/2025,7:00 PM,60 min.,Lolu Nashville,Guided: Balance,,Lolu 1,20,24,4,106
04/14/2025,6:30 AM,75 min.,Lolu Nashville,Free Flow,,Lolu 1,4,18,14,14
04/14/2025,7:00 AM,75 min.,Lolu Nashville,Free Flow,,Lolu 2,13,18,5,19
04/14/2025,7:30 AM,75 min.,Lolu Nashville,Free Flow,,Lolu 3,6,18,12,31
04/14/2025,11:30 AM,75 min.,Lolu Nashville,Free Flow,,Lolu 1,,,,31
04/14/2025,12:00 PM,75 min.,Lolu Nashville,Free Flow,,Lolu 2,13,18,5,36
04/14/2025,4:45 PM,75 min.,Lolu Nashville,Free Flow,,Lolu 1,9,18,9,45
04/14/2025,5:15 PM,75 min.,Lolu Nashville,Free Flow,,Lolu 2,14,18,4,49
04/14/2025,5:45 PM,75 min.,Lolu Nashville,Free Flow,,Lolu 3,7,18,11,60
04/15/2025,7:00 AM,75 min.,Lolu Nashville,Free Flow,,Lolu 1,11,18,7,7
04/15/2025,7:30 AM,75 min.,Lolu Nashville,Free Flow,,Lolu 2,9,18,9,16
04/15/2025,4:45 PM,75 min.,Lolu Nashville,Free Flow,,Lolu 1,14,30,16,32
04/15/2025,6:15 PM,75 min.,Lolu Nashville,Quiet Flow: Live Rhythms,,Lolu 1,3,30,27,59
04/16/2025,6:30 AM,75 min.,Lolu Nashville,Free Flow,,Lolu 1,15,18,3,3
04/16/2025,7:00 AM,75 min.,Lolu Nashville,Free Flow,,Lolu 2,10,18,8,11
04/16/2025,7:30 AM,75 min.,Lolu Nashville,Free Flow,,Lolu 3,10,18,8,19
04/16/2025,11:30 AM,75 min.,Lolu Nashville,Free Flow,,Lolu 1,10,18,8,27
04/16/2025,12:00 PM,75 min.,Lolu Nashville,Free Flow,,Lolu 2,10,18,8,35
04/16/2025,4:45 PM,75 min.,Lolu Nashville,Free Flow,,Lolu 1,9,18,9,44
04/16/2025,5:15 PM,75 min.,Lolu Nashville,Free Flow,,Lolu 2,11,18,7,51
04/16/2025,6:30 PM,60 min.,Lolu Nashville,Guided: Restore,,Lolu 3,19,24,5,56
04/17/2025,6:00 AM,60 min.,Lolu Nashville,Guided: Energize,,Lolu 1,14,24,10,10
04/17/2025,7:00 AM,75 min.,Lolu Nashville,Free Flow with Breakfast Club,,Lolu 3,10,18,8,18
04/17/2025,7:30 AM,75 min.,Lolu Nashville,Free Flow with Breakfast Club,,Lolu 1,2,18,16,34
04/17/2025,11:30 AM,75 min.,Lolu Nashville,Free Flow,,Lolu 1,12,18,6,40
04/17/2025,12:00 PM,75 min.,Lolu Nashville,Free Flow,,Lolu 2,11,18,7,47
04/17/2025,4:45 PM,75 min.,Lolu Nashville,Free Flow,,Lolu 1,14,30,16,63
04/17/2025,6:15 PM,75 min.,Lolu Nashville,Quiet Flow,,Lolu 1,17,30,13,76
04/18/2025,6:30 AM,75 min.,Lolu Nashville,Free Flow,,Lolu 1,17,18,1,1
04/18/2025,7:00 AM,75 min.,Lolu Nashville,Free Flow,,Lolu 2,9,18,9,10
04/18/2025,7:30 AM,75 min.,Lolu Nashville,Free Flow,,Lolu 3,9,18,9,19
04/18/2025,9:30 AM,60 min.,Lolu Nashville,Guided: Energize,Brooke Allison,Lolu 1,17,24,7,26
04/18/2025,5:30 PM,75 min.,Lolu Nashville,Free Flow,,Lolu 1,2,20,18,44
04/18/2025,6:00 PM,75 min.,Lolu Nashville,Free Flow,,Lolu 2,6,20,14,58
04/19/2025,8:15 AM,75 min.,Lolu Nashville,Free Flow,,Lolu 1,14,30,16,16
04/19/2025,10:00 AM,75 min.,Lolu Nashville,Guided: Lifeforce,Evan Galante,Lolu 1,12,35,23,39
04/19/2025,11:45 AM,75 min.,Lolu Nashville,Free Flow,,Lolu 1,,,,39
04/19/2025,5:30 PM,75 min.,Lolu Nashville,Free Flow,,Lolu 1,10,20,10,49
04/19/2025,6:00 PM,75 min.,Lolu Nashville,Free Flow,,Lolu 2,11,20,9,58
04/20/2025,8:30 AM,75 min.,Lolu Nashville,Free Flow,,Lolu 2,15,18,3,3
04/20/2025,9:00 AM,75 min.,Lolu Nashville,Free Flow,,Lolu 3,15,18,3,6
04/20/2025,9:30 AM,75 min.,Lolu Nashville,Free Flow,,Lolu 1,16,18,2,8
04/20/2025,10:00 AM,75 min.,Lolu Nashville,Free Flow,,Lolu 2,16,18,2,10
04/20/2025,10:30 AM,75 min.,Lolu Nashville,Free Flow,,Lolu 3,13,18,5,15
04/20/2025,3:00 PM,75 min.,Lolu Nashville,Free Flow,,Lolu 1,13,20,7,22
04/20/2025,3:30 PM,75 min.,Lolu Nashville,Free Flow,,Lolu 2,13,20,7,29
04/20/2025,7:00 PM,60 min.,Lolu Nashville,Guided: Balance,,Lolu 1,14,24,10,39
04/07/2025,6:30 AM,75 min.,Lolu Nashville,Free Flow,,Lolu 1,15,18,3,3
04/07/2025,7:00 AM,75 min.,Lolu Nashville,Free Flow,,Lolu 2,11,18,7,10
04/07/2025,7:30 AM,75 min.,Lolu Nashville,Free Flow,,Lolu 3,9,18,9,19
04/07/2025,11:30 AM,75 min.,Lolu Nashville,Free Flow,,Lolu 1,3,18,15,34
04/07/2025,12:00 PM,75 min.,Lolu Nashville,Free Flow,,Lolu 2,9,18,9,43
04/07/2025,4:45 PM,75 min.,Lolu Nashville,Free Flow,,Lolu 1,6,18,12,55
04/07/2025,5:15 PM,75 min.,Lolu Nashville,Free Flow,,Lolu 2,14,18,4,59
04/07/2025,5:45 PM,75 min.,Lolu Nashville,Free Flow,,Lolu 3,1,18,17,76
04/08/2025,7:00 AM,75 min.,Lolu Nashville,Free Flow,,Lolu 1,5,18,13,13
04/08/2025,7:30 AM,75 min.,Lolu Nashville,Free Flow,,Lolu 2,2,18,16,29
04/09/2025,6:30 AM,75 min.,Lolu Nashville,Free Flow,,Lolu 1,14,18,4,4
04/09/2025,7:00 AM,75 min.,Lolu Nashville,Free Flow,,Lolu 2,9,18,9,13
04/09/2025,7:30 AM,75 min.,Lolu Nashville,Free Flow,,Lolu 3,4,18,14,27
04/09/2025,11:30 AM,75 min.,Lolu Nashville,Free Flow,,Lolu 1,12,18,6,33
04/09/2025,12:00 PM,75 min.,Lolu Nashville,Free Flow,,Lolu 2,13,18,5,38
04/09/2025,4:45 PM,75 min.,Lolu Nashville,Free Flow,,Lolu 1,12,18,6,44
04/09/2025,5:15 PM,75 min.,Lolu Nashville,Free Flow,,Lolu 2,14,18,4,48
04/09/2025,5:45 PM,75 min.,Lolu Nashville,Free Flow,,Lolu 3,3,18,15,63
04/10/2025,6:00 AM,60 min.,Lolu Nashville,Guided: Energize,,Lolu 1,8,24,16,16
04/10/2025,7:00 AM,75 min.,Lolu Nashville,Free Flow with Breakfast Club,,Lolu 3,7,18,11,27
04/10/2025,7:30 AM,75 min.,Lolu Nashville,Free Flow with Breakfast Club,,Lolu 1,5,18,13,40
04/10/2025,11:30 AM,75 min.,Lolu Nashville,Free Flow,,Lolu 1,12,18,6,46
04/10/2025,12:00 PM,75 min.,Lolu Nashville,Free Flow,,Lolu 2,16,18,2,48
04/10/2025,4:45 PM,75 min.,Lolu Nashville,Free Flow,,Lolu 1,20,30,10,58
04/10/2025,6:15 PM,75 min.,Lolu Nashville,Quiet Flow,,Lolu 1,20,30,10,68
04/11/2025,6:30 AM,75 min.,Lolu Nashville,Free Flow,,Lolu 1,15,18,3,3
04/11/2025,7:00 AM,75 min.,Lolu Nashville,Free Flow,,Lolu 2,16,18,2,5
04/11/2025,7:30 AM,75 min.,Lolu Nashville,Free Flow,,Lolu 3,10,18,8,13
04/11/2025,9:00 AM,60 min.,Lolu Nashville,Guided: Energize,,Lolu 1,13,24,11,24
04/11/2025,10:30 AM,75 min.,Lolu Nashville,Free Flow,,Lolu 3,7,18,11,35
04/11/2025,5:30 PM,75 min.,Lolu Nashville,Free Flow,,Lolu 1,2,18,16,51
04/11/2025,6:00 PM,75 min.,Lolu Nashville,Free Flow,,Lolu 2,7,18,11,62
04/11/2025,6:30 PM,75 min.,Lolu Nashville,Free Flow,,Lolu 3,6,18,12,74
04/12/2025,8:15 AM,75 min.,Lolu Nashville,Free Flow,,Lolu 1,20,30,10,10
04/12/2025,10:00 AM,75 min.,Lolu Nashville,Guided: Lifeforce,Evan Galante,Lolu 1,2,35,33,43
04/12/2025,11:45 AM,75 min.,Lolu Nashville,Free Flow,,Lolu 1,10,30,20,63
04/12/2025,5:30 PM,75 min.,Lolu Nashville,Free Flow,,Lolu 1,4,18,14,77
04/12/2025,6:00 PM,75 min.,Lolu Nashville,Free Flow,,Lolu 2,17,18,1,78
04/12/2025,6:30 PM,75 min.,Lolu Nashville,Free Flow,,Lolu 3,13,18,5,83
04/13/2025,8:30 AM,75 min.,Lolu Nashville,Free Flow,,Lolu 2,12,18,6,6
04/13/2025,9:00 AM,75 min.,Lolu Nashville,Free Flow,,Lolu 3,12,18,6,12
04/13/2025,9:30 AM,75 min.,Lolu Nashville,Free Flow,,Lolu 1,16,18,2,14
04/13/2025,10:00 AM,75 min.,Lolu Nashville,Free Flow,,Lolu 2,13,18,5,19
04/13/2025,10:30 AM,75 min.,Lolu Nashville,Free Flow,,Lolu 3,10,18,8,27
04/13/2025,3:00 PM,75 min.,Lolu Nashville,Free Flow,,Lolu 1,12,20,8,35
04/13/2025,3:30 PM,75 min.,Lolu Nashville,Free Flow,,Lolu 2,15,20,5,40
04/13/2025,5:00 PM,60 min.,Lolu Nashville,Guided: Restore,,Lolu 1,12,24,12,52
04/13/2025,6:30 PM,60 min.,Lolu Nashville,Guided: Balance,,Lolu 1,21,24,3,55
03/31/2025,6:30 AM,75 min.,Lolu Nashville,Free Flow,,Lolu 1,5,18,13,13
03/31/2025,7:00 AM,75 min.,Lolu Nashville,Free Flow,,Lolu 2,10,18,8,21
03/31/2025,7:30 AM,75 min.,Lolu Nashville,Free Flow,,Lolu 3,5,18,13,34
03/31/2025,11:30 AM,75 min.,Lolu Nashville,Free Flow,,Lolu 1,6,18,12,46
03/31/2025,12:00 PM,75 min.,Lolu Nashville,Free Flow,,Lolu 2,13,18,5,51
03/31/2025,4:45 PM,75 min.,Lolu Nashville,Free Flow,,Lolu 1,10,18,8,59
03/31/2025,5:15 PM,75 min.,Lolu Nashville,Free Flow,,Lolu 2,9,18,9,68
03/31/2025,5:45 PM,75 min.,Lolu Nashville,Free Flow,,Lolu 3,1,18,17,85
04/01/2025,7:00 AM,75 min.,Lolu Nashville,Free Flow,,Lolu 1,8,18,10,10
04/01/2025,7:30 AM,75 min.,Lolu Nashville,Free Flow,,Lolu 2,9,18,9,19
04/01/2025,9:00 AM,60 min.,Lolu Nashville,Guided: Energize,,Lolu 1,20,24,4,23
04/01/2025,11:30 AM,75 min.,Lolu Nashville,Free Flow,,Lolu 1,13,18,5,28
04/01/2025,12:00 PM,75 min.,Lolu Nashville,Free Flow,,Lolu 2,14,18,4,32
04/01/2025,4:45 PM,75 min.,Lolu Nashville,Free Flow,,Lolu 1,19,30,11,43
04/01/2025,6:15 PM,75 min.,Lolu Nashville,Quiet Flow,,Lolu 1,8,30,22,65
04/02/2025,6:30 AM,75 min.,Lolu Nashville,Free Flow,,Lolu 1,14,18,4,4
04/02/2025,7:00 AM,75 min.,Lolu Nashville,Free Flow,,Lolu 2,11,18,7,11
04/02/2025,7:30 AM,75 min.,Lolu Nashville,Free Flow,,Lolu 3,6,18,12,23
04/02/2025,9:00 AM,60 min.,Lolu Nashville,Guided: Balance,,Lolu 1,20,24,4,27
04/02/2025,11:30 AM,75 min.,Lolu Nashville,Free Flow,,Lolu 1,11,18,7,34
04/02/2025,12:00 PM,75 min.,Lolu Nashville,Free Flow,,Lolu 2,9,18,9,43
04/02/2025,4:45 PM,75 min.,Lolu Nashville,Free Flow,,Lolu 1,15,18,3,46
04/02/2025,5:15 PM,75 min.,Lolu Nashville,Free Flow,,Lolu 2,11,18,7,53
04/02/2025,5:45 PM,75 min.,Lolu Nashville,Free Flow,,Lolu 3,5,18,13,66
04/03/2025,7:00 AM,75 min.,Lolu Nashville,Free Flow with Breakfast Club,,Lolu 3,16,18,2,2
04/03/2025,7:30 AM,75 min.,Lolu Nashville,Free Flow with Breakfast Club,,Lolu 1,13,18,5,7
04/03/2025,11:30 AM,75 min.,Lolu Nashville,Free Flow,,Lolu 1,7,18,11,18
04/03/2025,4:45 PM,75 min.,Lolu Nashville,Free Flow,,Lolu 1,18,30,12,30
04/03/2025,6:15 PM,75 min.,Lolu Nashville,Quiet Flow,,Lolu 1,17,30,13,43
04/04/2025,6:30 AM,75 min.,Lolu Nashville,Free Flow,,Lolu 1,15,18,3,3
04/04/2025,7:00 AM,75 min.,Lolu Nashville,Free Flow,,Lolu 2,14,18,4,7
04/04/2025,7:30 AM,75 min.,Lolu Nashville,Free Flow,,Lolu 3,9,18,9,16
04/04/2025,9:30 AM,60 min.,Lolu Nashville,Guided: Energize,Brooke Allison,Lolu 1,12,24,12,28
04/04/2025,5:30 PM,75 min.,Lolu Nashville,Free Flow,,Lolu 1,8,18,10,38
04/04/2025,6:00 PM,75 min.,Lolu Nashville,Free Flow,,Lolu 2,1,18,17,55
04/05/2025,8:15 AM,75 min.,Lolu Nashville,Free Flow,,Lolu 1,10,30,20,20
04/05/2025,10:00 AM,75 min.,Lolu Nashville,Guided: Lifeforce,Evan Galante,Lolu 1,11,35,24,44
04/05/2025,11:45 AM,75 min.,Lolu Nashville,Free Flow,,Lolu 1,8,30,22,66
04/05/2025,5:30 PM,75 min.,Lolu Nashville,Free Flow,,Lolu 1,2,18,16,82
04/05/2025,6:00 PM,75 min.,Lolu Nashville,Free Flow,,Lolu 2,9,18,9,91
04/06/2025,8:30 AM,75 min.,Lolu Nashville,Free Flow,,Lolu 2,10,18,8,8
04/06/2025,9:00 AM,75 min.,Lolu Nashville,Free Flow,,Lolu 3,9,18,9,17
04/06/2025,9:30 AM,75 min.,Lolu Nashville,Free Flow,,Lolu 1,15,18,3,20
04/06/2025,10:00 AM,75 min.,Lolu Nashville,Free Flow,,Lolu 2,,,,20
04/06/2025,5:00 PM,60 min.,Lolu Nashville,Guided: Restore,,Lolu 1,1,24,23,43
03/24/2025,6:30 AM,75 min.,Lolu Nashville,Free Flow,,Lolu 1,15,18,3,3
03/24/2025,7:00 AM,75 min.,Lolu Nashville,Free Flow,,Lolu 2,6,18,12,15
03/24/2025,7:30 AM,75 min.,Lolu Nashville,Free Flow,,Lolu 3,11,18,7,22
03/24/2025,11:30 AM,75 min.,Lolu Nashville,Free Flow,,Lolu 1,8,18,10,32
03/24/2025,12:00 PM,75 min.,Lolu Nashville,Free Flow,,Lolu 2,10,18,8,40
03/24/2025,4:45 PM,75 min.,Lolu Nashville,Free Flow,,Lolu 1,8,18,10,50
03/24/2025,5:15 PM,75 min.,Lolu Nashville,Free Flow,,Lolu 2,6,18,12,62
03/24/2025,5:45 PM,75 min.,Lolu Nashville,Free Flow,,Lolu 3,3,18,15,77
03/25/2025,7:00 AM,75 min.,Lolu Nashville,Free Flow,,Lolu 1,5,18,13,13
03/25/2025,7:30 AM,75 min.,Lolu Nashville,Free Flow,,Lolu 2,4,18,14,27
03/25/2025,4:45 PM,75 min.,Lolu Nashville,Free Flow,,Lolu 1,16,30,14,41
03/25/2025,6:15 PM,75 min.,Lolu Nashville,Quiet Flow,,Lolu 1,13,30,17,58
03/26/2025,6:30 AM,75 min.,Lolu Nashville,Free Flow,,Lolu 1,15,18,3,3
03/26/2025,7:00 AM,75 min.,Lolu Nashville,Free Flow,,Lolu 2,12,18,6,9
03/26/2025,7:30 AM,75 min.,Lolu Nashville,Free Flow,,Lolu 3,8,18,10,19
03/26/2025,11:30 AM,75 min.,Lolu Nashville,Free Flow,,Lolu 1,9,18,9,28
03/26/2025,12:00 PM,75 min.,Lolu Nashville,Free Flow,,Lolu 2,14,18,4,32
03/26/2025,4:45 PM,75 min.,Lolu Nashville,Free Flow,,Lolu 1,10,18,8,40
03/26/2025,5:15 PM,75 min.,Lolu Nashville,Free Flow,,Lolu 2,1,18,17,57
03/26/2025,6:30 PM,60 min.,Lolu Nashville,Guided: Restore,,Lolu 3,20,24,4,61
03/27/2025,6:00 AM,60 min.,Lolu Nashville,Guided: Energize,,Lolu 1,19,24,5,5
03/27/2025,7:00 AM,75 min.,Lolu Nashville,Free Flow with Breakfast Club,,Lolu 3,11,18,7,12
03/27/2025,7:30 AM,75 min.,Lolu Nashville,Free Flow with Breakfast Club,,Lolu 1,3,18,15,27
03/27/2025,4:45 PM,75 min.,Lolu Nashville,Free Flow,,Lolu 1,14,30,16,43
03/27/2025,6:15 PM,75 min.,Lolu Nashville,Quiet Flow,,Lolu 1,14,30,16,59
03/28/2025,6:30 AM,75 min.,Lolu Nashville,Free Flow,,Lolu 1,16,18,2,2
03/28/2025,7:00 AM,75 min.,Lolu Nashville,Free Flow,,Lolu 2,9,18,9,11
03/28/2025,7:30 AM,75 min.,Lolu Nashville,Free Flow,,Lolu 3,10,18,8,19
03/28/2025,9:30 AM,60 min.,Lolu Nashville,Guided: Energize,Brooke Allison,Lolu 1,9,24,15,34
03/28/2025,5:30 PM,75 min.,Lolu Nashville,Free Flow,,Lolu 1,6,18,12,46
03/28/2025,6:00 PM,75 min.,Lolu Nashville,Free Flow,,Lolu 2,9,18,9,55
03/28/2025,6:30 PM,75 min.,Lolu Nashville,Free Flow,,Lolu 3,11,18,7,62
03/29/2025,8:15 AM,75 min.,Lolu Nashville,Free Flow,,Lolu 1,12,30,18,18
03/29/2025,10:00 AM,75 min.,Lolu Nashville,Guided: Lifeforce,Evan Galante,Lolu 1,9,35,26,44
03/29/2025,11:45 AM,75 min.,Lolu Nashville,Free Flow,,Lolu 1,22,30,8,52
03/29/2025,5:30 PM,75 min.,Lolu Nashville,Free Flow,,Lolu 1,7,18,11,63
03/29/2025,6:00 PM,75 min.,Lolu Nashville,Free Flow,,Lolu 2,16,18,2,65
03/29/2025,6:30 PM,75 min.,Lolu Nashville,Free Flow,,Lolu 3,10,18,8,73
03/30/2025,8:30 AM,75 min.,Lolu Nashville,Free Flow,,Lolu 2,5,18,13,13
03/30/2025,9:00 AM,75 min.,Lolu Nashville,Free Flow,,Lolu 3,14,18,4,17
03/30/2025,9:30 AM,75 min.,Lolu Nashville,Free Flow,,Lolu 1,15,18,3,20
03/30/2025,10:00 AM,75 min.,Lolu Nashville,Free Flow,,Lolu 2,5,18,13,33
03/30/2025,3:00 PM,75 min.,Lolu Nashville,Free Flow,,Lolu 1,13,20,7,40
03/30/2025,3:30 PM,75 min.,Lolu Nashville,Free Flow,,Lolu 2,2,20,18,58
03/30/2025,5:00 PM,60 min.,Lolu Nashville,Guided: Restore,,Lolu 1,13,35,22,80
03/17/2025,6:30 AM,75 min.,Lolu Nashville,Free Flow,,Lolu 1,12,18,6,6
03/17/2025,7:00 AM,75 min.,Lolu Nashville,Free Flow,,Lolu 2,3,18,15,21
03/17/2025,7:30 AM,75 min.,Lolu Nashville,Free Flow,,Lolu 3,9,18,9,30
03/17/2025,11:30 AM,75 min.,Lolu Nashville,Free Flow,,Lolu 1,12,18,6,36
03/17/2025,12:00 PM,75 min.,Lolu Nashville,Free Flow,,Lolu 2,17,18,1,37
03/17/2025,4:45 PM,75 min.,Lolu Nashville,Free Flow,,Lolu 1,9,18,9,46
03/17/2025,5:15 PM,75 min.,Lolu Nashville,Free Flow,,Lolu 2,11,18,7,53
03/17/2025,5:45 PM,75 min.,Lolu Nashville,Free Flow,,Lolu 3,5,18,13,66
03/18/2025,7:00 AM,75 min.,Lolu Nashville,Free Flow,,Lolu 1,7,18,11,11
03/18/2025,7:30 AM,75 min.,Lolu Nashville,Free Flow,,Lolu 2,4,18,14,25
03/18/2025,4:45 PM,75 min.,Lolu Nashville,Free Flow,,Lolu 1,3,30,27,52
03/18/2025,6:00 PM,75 min.,Lolu Nashville,Quiet Flow,,Lolu 1,14,30,16,68
03/19/2025,6:30 AM,75 min.,Lolu Nashville,Free Flow,,Lolu 1,8,18,10,10
03/19/2025,7:00 AM,75 min.,Lolu Nashville,Free Flow,,Lolu 2,9,18,9,19
03/19/2025,7:30 AM,75 min.,Lolu Nashville,Free Flow,,Lolu 3,11,18,7,26
03/19/2025,9:30 AM,60 min.,Lolu Nashville,Guided: Balance,,Lolu 1,12,24,12,38
03/19/2025,11:30 AM,75 min.,Lolu Nashville,Free Flow,,Lolu 1,10,18,8,46
03/19/2025,12:00 PM,75 min.,Lolu Nashville,Free Flow,,Lolu 2,18,18,0,46
03/19/2025,4:45 PM,75 min.,Lolu Nashville,Free Flow,,Lolu 1,3,18,15,61
03/19/2025,5:15 PM,75 min.,Lolu Nashville,Free Flow,,Lolu 2,2,18,16,77
03/19/2025,6:30 PM,60 min.,Lolu Nashville,Guided: Restore,,Lolu 3,12,24,12,89
03/20/2025,6:00 AM,60 min.,Lolu Nashville,Guided: Energize,,Lolu 1,14,24,10,10
03/20/2025,7:00 AM,75 min.,Lolu Nashville,Free Flow with Breakfast Club,,Lolu 1,14,18,4,14
03/20/2025,7:30 AM,75 min.,Lolu Nashville,Free Flow with Breakfast Club,,Lolu 2,14,18,4,18
03/20/2025,9:30 AM,60 min.,Lolu Nashville,Guided: Balance,Kitty Amy,Lolu 1,21,24,3,21
03/20/2025,4:45 PM,75 min.,Lolu Nashville,Free Flow,,Lolu 1,2,30,28,49
03/20/2025,6:00 PM,75 min.,Lolu Nashville,Quiet Flow,,Lolu 1,8,30,22,71
03/21/2025,6:30 AM,75 min.,Lolu Nashville,Free Flow,,Lolu 1,14,18,4,4
03/21/2025,7:00 AM,75 min.,Lolu Nashville,Free Flow,,Lolu 2,11,18,7,11
03/21/2025,7:30 AM,75 min.,Lolu Nashville,Free Flow,,Lolu 3,8,18,10,21
03/21/2025,9:30 AM,60 min.,Lolu Nashville,Guided: Energize,Brooke Allison,Lolu 1,18,24,6,27
03/21/2025,5:30 PM,75 min.,Lolu Nashville,Free Flow,,Lolu 1,,,,27
03/21/2025,6:00 PM,75 min.,Lolu Nashville,Free Flow,,Lolu 2,6,18,12,39
03/21/2025,6:30 PM,75 min.,Lolu Nashville,Free Flow,,Lolu 3,13,18,5,44
03/22/2025,8:15 AM,75 min.,Lolu Nashville,Free Flow,,Lolu 1,1,30,29,29
03/22/2025,10:00 AM,75 min.,Lolu Nashville,Guided: Lifeforce,Evan Galante,Lolu 1,5,35,30,59
03/22/2025,5:30 PM,75 min.,Lolu Nashville,Free Flow,,Lolu 1,8,18,10,69
03/22/2025,6:00 PM,75 min.,Lolu Nashville,Free Flow,,Lolu 2,9,18,9,78
03/22/2025,6:30 PM,75 min.,Lolu Nashville,Free Flow,,Lolu 3,10,18,8,86
03/23/2025,8:30 AM,75 min.,Lolu Nashville,Free Flow,,Lolu 2,2,18,16,16
03/23/2025,9:00 AM,75 min.,Lolu Nashville,Free Flow,,Lolu 3,12,18,6,22
03/23/2025,9:30 AM,75 min.,Lolu Nashville,Free Flow,,Lolu 1,6,18,12,34
03/23/2025,10:00 AM,75 min.,Lolu Nashville,Free Flow,,Lolu 2,4,18,14,48
03/23/2025,5:00 PM,60 min.,Lolu Nashville,Guided: Restore,,Lolu 1,1,24,23,71
03/10/2025,6:30 AM,75 min.,Lolu Nashville,Free Flow,,Lolu 1,14,18,4,4
03/10/2025,7:00 AM,75 min.,Lolu Nashville,Free Flow,,Lolu 2,9,18,9,13
03/10/2025,7:30 AM,75 min.,Lolu Nashville,Free Flow,,Lolu 3,5,18,13,26
03/10/2025,11:30 AM,75 min.,Lolu Nashville,Free Flow,,Lolu 1,10,18,8,34
03/10/2025,12:00 PM,75 min.,Lolu Nashville,Free Flow,,Lolu 2,11,18,7,41
03/10/2025,4:45 PM,75 min.,Lolu Nashville,Free Flow,,Lolu 1,10,18,8,49
03/10/2025,5:15 PM,75 min.,Lolu Nashville,Free Flow,,Lolu 2,9,18,9,58
03/10/2025,5:45 PM,75 min.,Lolu Nashville,Free Flow,,Lolu 3,6,18,12,70
03/11/2025,7:00 AM,75 min.,Lolu Nashville,Free Flow,,Lolu 1,6,18,12,12
03/11/2025,7:30 AM,75 min.,Lolu Nashville,Free Flow,,Lolu 2,,,,12
03/11/2025,9:30 AM,75 min.,Lolu Nashville,Crew x Lolu Free Flow,,Lolu 2,9,20,11,23
03/12/2025,6:30 AM,75 min.,Lolu Nashville,Free Flow,,Lolu 1,13,18,5,5
03/12/2025,7:00 AM,75 min.,Lolu Nashville,Free Flow,,Lolu 2,5,18,13,18
03/12/2025,7:30 AM,75 min.,Lolu Nashville,Free Flow,,Lolu 3,4,18,14,32
03/12/2025,9:30 AM,60 min.,Lolu Nashville,Guided: Balance,,Lolu 1,20,24,4,36
03/12/2025,11:30 AM,75 min.,Lolu Nashville,Free Flow,,Lolu 1,14,18,4,40
03/12/2025,12:00 PM,75 min.,Lolu Nashville,Free Flow,,Lolu 2,15,18,3,43
03/12/2025,4:45 PM,75 min.,Lolu Nashville,Free Flow,,Lolu 1,1,18,17,60
03/12/2025,5:15 PM,75 min.,Lolu Nashville,Free Flow,,Lolu 2,1,18,17,77
03/12/2025,6:30 PM,60 min.,Lolu Nashville,Guided: Restore,,Lolu 3,11,24,13,90
03/13/2025,6:00 AM,60 min.,Lolu Nashville,Guided: Energize,Brooke Allison,Lolu 1,22,24,2,2
03/13/2025,7:00 AM,75 min.,Lolu Nashville,Free Flow + Breakfast Club,,Lolu 1,1,18,17,19
03/13/2025,7:30 AM,75 min.,Lolu Nashville,Free Flow + Breakfast Club,,Lolu 2,1,18,17,36
03/13/2025,4:45 PM,75 min.,Lolu Nashville,Free Flow,,Lolu 1,13,30,17,53
03/13/2025,6:00 PM,75 min.,Lolu Nashville,Quiet Flow,,Lolu 1,12,30,18,71
03/14/2025,6:30 AM,75 min.,Lolu Nashville,Free Flow,,Lolu 1,13,18,5,5
03/14/2025,7:00 AM,75 min.,Lolu Nashville,Free Flow,,Lolu 2,3,18,15,20
03/14/2025,7:30 AM,75 min.,Lolu Nashville,Free Flow,,Lolu 3,,,,20
03/14/2025,9:30 AM,60 min.,Lolu Nashville,Guided: Energize,Brooke Allison,Lolu 1,17,24,7,27
03/14/2025,5:30 PM,75 min.,Lolu Nashville,Free Flow,,Lolu 1,1,18,17,44
03/14/2025,6:00 PM,75 min.,Lolu Nashville,Free Flow,,Lolu 2,16,18,2,46
03/14/2025,6:30 PM,75 min.,Lolu Nashville,Free Flow,,Lolu 3,12,18,6,52
03/15/2025,8:15 AM,75 min.,Lolu Nashville,Free Flow,,Lolu 1,19,30,11,11
03/15/2025,10:00 AM,75 min.,Lolu Nashville,Guided: Lifeforce,Evan Galante,Lolu 1,4,35,31,42
03/15/2025,5:30 PM,75 min.,Lolu Nashville,Free Flow,,Lolu 1,10,18,8,50
03/15/2025,6:00 PM,75 min.,Lolu Nashville,Free Flow,,Lolu 2,13,18,5,55
03/16/2025,8:30 AM,75 min.,Lolu Nashville,Free Flow + Awake at Lolu (DJ + Coffee),,Lolu 2,1,18,17,17
03/16/2025,9:00 AM,75 min.,Lolu Nashville,Free Flow + Awake at Lolu (DJ + Coffee),,Lolu 3,,,,17
03/16/2025,9:30 AM,75 min.,Lolu Nashville,Free Flow + Awake at Lolu (DJ + Coffee),,Lolu 1,,,,17
03/16/2025,10:00 AM,75 min.,Lolu Nashville,Free Flow + Awake at Lolu (DJ + Coffee),,Lolu 2,,,,17
03/16/2025,5:00 PM,60 min.,Lolu Nashville,Guided: Restore,,Lolu 1,6,24,18,35
03/03/2025,6:30 AM,75 min.,Lolu Nashville,Free Flow,,Lolu 1,13,18,5,5
03/03/2025,7:00 AM,75 min.,Lolu Nashville,Free Flow,,Lolu 2,5,18,13,18
03/03/2025,7:30 AM,75 min.,Lolu Nashville,Free Flow,,Lolu 3,1,18,17,35
03/03/2025,11:30 AM,75 min.,Lolu Nashville,Free Flow,,Lolu 1,6,18,12,47
03/03/2025,12:00 PM,75 min.,Lolu Nashville,Free Flow,,Lolu 2,11,18,7,54
03/03/2025,4:45 PM,75 min.,Lolu Nashville,Free Flow,,Lolu 1,5,18,13,67
03/03/2025,5:15 PM,75 min.,Lolu Nashville,Free Flow,,Lolu 2,9,18,9,76
03/03/2025,5:45 PM,75 min.,Lolu Nashville,Free Flow,,Lolu 3,6,18,12,88
03/04/2025,7:00 AM,75 min.,Lolu Nashville,Free Flow,,Lolu 1,6,18,12,12
03/04/2025,7:30 AM,75 min.,Lolu Nashville,Free Flow,,Lolu 2,1,18,17,29
03/04/2025,4:45 PM,75 min.,Lolu Nashville,Free Flow,,Lolu 1,12,30,18,47
03/04/2025,6:00 PM,75 min.,Lolu Nashville,Quiet Flow,,Lolu 1,6,30,24,71
03/05/2025,6:30 AM,75 min.,Lolu Nashville,Free Flow,,Lolu 1,12,18,6,6
03/05/2025,7:00 AM,75 min.,Lolu Nashville,Free Flow,,Lolu 2,8,18,10,16
03/05/2025,7:30 AM,75 min.,Lolu Nashville,Free Flow,,Lolu 3,7,18,11,27
03/05/2025,9:30 AM,60 min.,Lolu Nashville,Guided: Balance,,Lolu 1,21,24,3,30
03/05/2025,11:30 AM,75 min.,Lolu Nashville,Free Flow,,Lolu 1,12,18,6,36
03/05/2025,12:00 PM,75 min.,Lolu Nashville,Free Flow,,Lolu 2,11,18,7,43
03/05/2025,4:45 PM,75 min.,Lolu Nashville,Free Flow,,Lolu 1,,,,43
03/05/2025,5:15 PM,75 min.,Lolu Nashville,Free Flow,,Lolu 2,11,18,7,50
03/05/2025,5:45 PM,75 min.,Lolu Nashville,Free Flow,,Lolu 3,1,18,17,67
03/06/2025,6:00 AM,60 min.,Lolu Nashville,Guided: Energize,,Lolu 1,11,24,13,13
03/06/2025,7:00 AM,75 min.,Lolu Nashville,Free Flow,,Lolu 1,15,18,3,16
03/06/2025,7:30 AM,75 min.,Lolu Nashville,Free Flow,,Lolu 2,7,18,11,27
03/06/2025,4:45 PM,75 min.,Lolu Nashville,Free Flow,,Lolu 1,10,30,20,47
03/06/2025,6:00 PM,75 min.,Lolu Nashville,Quiet Flow,,Lolu 1,9,30,21,68
03/07/2025,6:30 AM,75 min.,Lolu Nashville,Free Flow,,Lolu 1,10,18,8,8
03/07/2025,7:00 AM,75 min.,Lolu Nashville,Free Flow,,Lolu 2,5,18,13,21
03/07/2025,7:30 AM,75 min.,Lolu Nashville,Free Flow,,Lolu 3,7,18,11,32
03/07/2025,9:30 AM,60 min.,Lolu Nashville,Guided: Energize,Brooke Allison,Lolu 1,16,24,8,40
03/07/2025,1:00 PM,75 min.,Lolu Nashville,Crew x Lolu Free Flow,,Lolu 2,17,30,13,53
03/07/2025,5:30 PM,75 min.,Lolu Nashville,Free Flow,,Lolu 1,1,18,17,70
03/07/2025,6:00 PM,75 min.,Lolu Nashville,Free Flow,,Lolu 2,,,,70
03/07/2025,6:30 PM,75 min.,Lolu Nashville,Free Flow,,Lolu 3,1,18,17,87
03/08/2025,8:15 AM,75 min.,Lolu Nashville,Free Flow,,Lolu 1,8,30,22,22
03/08/2025,10:00 AM,75 min.,Lolu Nashville,Guided: Lifeforce,Evan Galante,Lolu 1,2,35,33,55
03/08/2025,5:30 PM,75 min.,Lolu Nashville,Free Flow,,Lolu 1,7,18,11,66
03/08/2025,6:00 PM,75 min.,Lolu Nashville,Free Flow,,Lolu 2,14,18,4,70
03/08/2025,6:30 PM,75 min.,Lolu Nashville,Free Flow,,Lolu 3,14,18,4,74
03/09/2025,8:30 AM,75 min.,Lolu Nashville,Free Flow,,Lolu 2,12,18,6,6
03/09/2025,9:00 AM,75 min.,Lolu Nashville,Free Flow,,Lolu 3,11,18,7,13
03/09/2025,9:30 AM,75 min.,Lolu Nashville,Free Flow,,Lolu 1,12,18,6,19
03/09/2025,10:00 AM,75 min.,Lolu Nashville,Free Flow,,Lolu 2,9,18,9,28
03/09/2025,5:00 PM,60 min.,Lolu Nashville,Guided: Restore,,Lolu 1,1,24,23,51
03/09/2025,6:00 PM,60 min.,Lolu Nashville,Crew x Lolu Guided Recharge Class,Evan Galante,Lolu 2,3,35,32,83
02/24/2025,6:30 AM,75 min.,Lolu Nashville,Free Flow,,Lolu 1,13,18,5,5
02/24/2025,7:00 AM,75 min.,Lolu Nashville,Free Flow,,Lolu 2,1,18,17,22
02/24/2025,7:30 AM,75 min.,Lolu Nashville,Free Flow,,Lolu 3,,,,22
02/24/2025,11:30 AM,75 min.,Lolu Nashville,Free Flow,,Lolu 1,6,18,12,34
02/24/2025,12:00 PM,75 min.,Lolu Nashville,Free Flow,,Lolu 2,12,18,6,40
02/24/2025,4:45 PM,75 min.,Lolu Nashville,Free Flow,,Lolu 1,9,18,9,49
02/24/2025,5:15 PM,75 min.,Lolu Nashville,Free Flow,,Lolu 2,1,18,17,66
02/24/2025,5:45 PM,75 min.,Lolu Nashville,Free Flow,,Lolu 3,1,18,17,83
02/25/2025,7:00 AM,75 min.,Lolu Nashville,Free Flow,,Lolu 1,4,18,14,14
02/25/2025,7:30 AM,75 min.,Lolu Nashville,Free Flow,,Lolu 2,2,18,16,30
02/25/2025,4:45 PM,75 min.,Lolu Nashville,Free Flow,,Lolu 1,18,30,12,42
02/25/2025,6:00 PM,75 min.,Lolu Nashville,Quiet Flow,,Lolu 1,5,30,25,67
02/26/2025,6:30 AM,75 min.,Lolu Nashville,Free Flow,,Lolu 1,11,18,7,7
02/26/2025,7:00 AM,75 min.,Lolu Nashville,Free Flow,,Lolu 2,8,18,10,17
02/26/2025,7:30 AM,75 min.,Lolu Nashville,Free Flow,,Lolu 3,1,18,17,34
02/26/2025,11:30 AM,75 min.,Lolu Nashville,Free Flow,,Lolu 1,6,18,12,46
02/26/2025,12:00 PM,75 min.,Lolu Nashville,Free Flow,,Lolu 2,14,18,4,50
02/26/2025,4:45 PM,75 min.,Lolu Nashville,Free Flow,,Lolu 1,13,18,5,55
02/26/2025,5:15 PM,75 min.,Lolu Nashville,Free Flow,,Lolu 2,9,18,9,64
02/26/2025,5:45 PM,75 min.,Lolu Nashville,Free Flow,,Lolu 3,3,18,15,79
02/27/2025,6:00 AM,60 min.,Lolu Nashville,Guided: Energize,,Lolu 1,13,24,11,11
02/27/2025,7:00 AM,75 min.,Lolu Nashville,Free Flow,,Lolu 1,11,18,7,18
02/27/2025,7:30 AM,75 min.,Lolu Nashville,Free Flow,,Lolu 2,1,18,17,35
02/27/2025,4:45 PM,75 min.,Lolu Nashville,Free Flow,,Lolu 1,19,30,11,46
02/27/2025,6:00 PM,75 min.,Lolu Nashville,Quiet Flow,,Lolu 1,7,30,23,69
02/28/2025,6:30 AM,75 min.,Lolu Nashville,Free Flow,,Lolu 1,14,18,4,4
02/28/2025,7:00 AM,75 min.,Lolu Nashville,Free Flow,,Lolu 2,3,18,15,19
02/28/2025,7:30 AM,75 min.,Lolu Nashville,Free Flow,,Lolu 3,2,18,16,35
02/28/2025,9:30 AM,60 min.,Lolu Nashville,Guided: Energize,Brooke Allison,Lolu 1,5,24,19,54
02/28/2025,5:30 PM,75 min.,Lolu Nashville,Free Flow,,Lolu 1,1,18,17,71
02/28/2025,6:00 PM,75 min.,Lolu Nashville,Free Flow,,Lolu 2,7,18,11,82
02/28/2025,6:30 PM,75 min.,Lolu Nashville,Free Flow,,Lolu 3,8,18,10,92
03/01/2025,8:15 AM,75 min.,Lolu Nashville,Free Flow,,Lolu 1,9,30,21,21
03/01/2025,10:00 AM,75 min.,Lolu Nashville,Guided: Lifeforce,Evan Galante,Lolu 1,3,35,32,53
03/01/2025,5:30 PM,75 min.,Lolu Nashville,Free Flow,,Lolu 1,1,18,17,70
03/01/2025,6:00 PM,75 min.,Lolu Nashville,Free Flow,,Lolu 2,6,18,12,82
03/01/2025,6:30 PM,75 min.,Lolu Nashville,Free Flow,,Lolu 3,7,18,11,93
03/02/2025,8:00 AM,75 min.,Lolu Nashville,Free Flow,,Lolu 1,9,18,9,9
03/02/2025,8:30 AM,75 min.,Lolu Nashville,Free Flow,,Lolu 2,6,18,12,21
03/02/2025,9:00 AM,75 min.,Lolu Nashville,Free Flow,,Lolu 3,5,18,13,34
03/02/2025,9:30 AM,75 min.,Lolu Nashville,Free Flow,,Lolu 1,2,18,16,50
03/02/2025,5:00 PM,60 min.,Lolu Nashville,Guided: Restore,,Lolu 1,1,24,23,73
02/17/2025,6:30 AM,75 min.,Lolu Nashville,Free Flow,,Lolu 1,10,18,8,8
02/17/2025,7:00 AM,75 min.,Lolu Nashville,Free Flow,,Lolu 2,4,18,14,22
02/17/2025,7:30 AM,75 min.,Lolu Nashville,Free Flow,,Lolu 3,6,18,12,34
02/17/2025,11:30 AM,75 min.,Lolu Nashville,Free Flow,,Lolu 1,3,18,15,49
02/17/2025,12:00 PM,75 min.,Lolu Nashville,Free Flow,,Lolu 2,5,18,13,62
02/17/2025,4:45 PM,75 min.,Lolu Nashville,Free Flow,,Lolu 1,3,18,15,77
02/17/2025,5:15 PM,75 min.,Lolu Nashville,Free Flow,,Lolu 2,,,,77
02/17/2025,5:45 PM,75 min.,Lolu Nashville,Free Flow,,Lolu 3,,,,77
02/18/2025,7:00 AM,75 min.,Lolu Nashville,Free Flow,,Lolu 1,1,18,17,17
02/18/2025,7:30 AM,75 min.,Lolu Nashville,Free Flow x High Rise,,Lolu 2,3,18,15,32
02/19/2025,6:30 AM,75 min.,Lolu Nashville,Free Flow,,Lolu 1,13,18,5,5
02/19/2025,7:00 AM,75 min.,Lolu Nashville,Free Flow,,Lolu 2,7,18,11,16
02/19/2025,7:30 AM,75 min.,Lolu Nashville,Free Flow,,Lolu 3,5,18,13,29
02/19/2025,11:30 AM,75 min.,Lolu Nashville,Free Flow,,Lolu 1,7,18,11,40
02/19/2025,12:00 PM,75 min.,Lolu Nashville,Free Flow,,Lolu 2,8,18,10,50
02/19/2025,4:45 PM,75 min.,Lolu Nashville,Free Flow,,Lolu 1,6,18,12,62
02/19/2025,5:15 PM,75 min.,Lolu Nashville,Free Flow,,Lolu 2,9,18,9,71
02/19/2025,5:45 PM,75 min.,Lolu Nashville,Free Flow,,Lolu 3,,,,71
02/20/2025,6:00 AM,60 min.,Lolu Nashville,Guided: Energize,,Lolu 1,13,24,11,11
02/20/2025,7:00 AM,75 min.,Lolu Nashville,Free Flow,,Lolu 1,1,18,17,28
02/20/2025,7:30 AM,75 min.,Lolu Nashville,Free Flow,,Lolu 2,10,18,8,36
02/20/2025,4:45 PM,75 min.,Lolu Nashville,Free Flow,,Lolu 1,,,,36
02/20/2025,6:00 PM,75 min.,Lolu Nashville,Quiet Flow,,Lolu 1,8,30,22,58
02/21/2025,6:30 AM,75 min.,Lolu Nashville,Free Flow,,Lolu 1,12,18,6,6
02/21/2025,7:00 AM,75 min.,Lolu Nashville,Free Flow,,Lolu 2,1,18,17,23
02/21/2025,7:30 AM,75 min.,Lolu Nashville,Free Flow,,Lolu 3,1,18,17,40
02/21/2025,10:30 AM,60 min.,Lolu Nashville,Guided: Energize,Brooke Allison,Lolu 1,15,24,9,49
02/21/2025,4:30 PM,60 min.,Lolu Nashville,Guided: Balance,,Lolu 1,15,24,9,58
02/21/2025,5:30 PM,75 min.,Lolu Nashville,Free Flow,,Lolu 1,,,,58
02/21/2025,6:00 PM,75 min.,Lolu Nashville,Free Flow,,Lolu 2,11,18,7,65
02/21/2025,6:30 PM,75 min.,Lolu Nashville,Free Flow,,Lolu 3,5,18,13,78
02/22/2025,8:15 AM,75 min.,Lolu Nashville,Free Flow,,Lolu 1,2,30,28,28
02/22/2025,10:00 AM,75 min.,Lolu Nashville,Guided: Lifeforce,Evan Galante,Lolu 1,3,35,32,60
02/22/2025,5:30 PM,75 min.,Lolu Nashville,Free Flow x Alternative Night Out,,Lolu 1,1,18,17,77
02/22/2025,6:00 PM,75 min.,Lolu Nashville,Free Flow x Alternative Night Out,,Lolu 2,1,18,17,94
02/22/2025,6:30 PM,75 min.,Lolu Nashville,Free Flow x Alternative Night Out,,Lolu 3,2,18,16,110
02/23/2025,8:00 AM,75 min.,Lolu Nashville,Free Flow,,Lolu 1,5,18,13,13
02/23/2025,8:30 AM,75 min.,Lolu Nashville,Free Flow,,Lolu 2,,,,13
02/23/2025,9:00 AM,75 min.,Lolu Nashville,Free Flow,,Lolu 3,,,,13
02/23/2025,9:30 AM,75 min.,Lolu Nashville,Free Flow,,Lolu 1,1,18,17,30
02/23/2025,5:00 PM,60 min.,Lolu Nashville,Guided: Restore,,Lolu 1,5,24,19,49
02/10/2025,6:30 AM,75 min.,Lolu Nashville,Free Flow,,Lolu 1,17,18,1,1
02/10/2025,7:00 AM,75 min.,Lolu Nashville,Free Flow,,Lolu 2,2,18,16,17
02/10/2025,7:30 AM,75 min.,Lolu Nashville,Free Flow,,Lolu 3,3,18,15,32
02/10/2025,11:30 AM,75 min.,Lolu Nashville,Free Flow,,Lolu 1,6,18,12,44
02/10/2025,12:00 PM,75 min.,Lolu Nashville,Free Flow,,Lolu 2,14,18,4,48
02/10/2025,4:45 PM,75 min.,Lolu Nashville,Free Flow,,Lolu 1,5,18,13,61
02/10/2025,5:15 PM,75 min.,Lolu Nashville,Free Flow,,Lolu 2,4,18,14,75
02/10/2025,5:45 PM,75 min.,Lolu Nashville,Free Flow,,Lolu 3,,,,75
02/11/2025,7:00 AM,75 min.,Lolu Nashville,Free Flow x Ladybird Taco,,Lolu 1,2,18,16,16
02/11/2025,7:30 AM,75 min.,Lolu Nashville,Free Flow x Ladybird Taco,,Lolu 2,2,18,16,32
02/11/2025,4:45 PM,75 min.,Lolu Nashville,Free Flow,,Lolu 1,10,30,20,52
02/11/2025,6:00 PM,75 min.,Lolu Nashville,Quiet Flow,,Lolu 1,11,30,19,71
02/12/2025,6:30 AM,75 min.,Lolu Nashville,Free Flow,,Lolu 1,7,18,11,11
02/12/2025,7:00 AM,75 min.,Lolu Nashville,Free Flow,,Lolu 2,4,18,14,25
02/12/2025,7:30 AM,75 min.,Lolu Nashville,Free Flow,,Lolu 3,3,18,15,40
02/12/2025,11:30 AM,75 min.,Lolu Nashville,Free Flow,,Lolu 1,9,18,9,49
02/12/2025,12:00 PM,75 min.,Lolu Nashville,Free Flow,,Lolu 2,9,18,9,58
02/12/2025,4:45 PM,75 min.,Lolu Nashville,Free Flow,,Lolu 1,,,,58
02/12/2025,5:15 PM,75 min.,Lolu Nashville,Free Flow,,Lolu 2,,,,58
02/12/2025,5:45 PM,75 min.,Lolu Nashville,Free Flow,,Lolu 3,1,18,17,75
02/13/2025,6:00 AM,60 min.,Lolu Nashville,Guided: Energize,Brooke Allison,Lolu 1,12,24,12,12
02/13/2025,7:00 AM,75 min.,Lolu Nashville,Free Flow,,Lolu 1,6,18,12,24
02/13/2025,7:30 AM,75 min.,Lolu Nashville,Free Flow,,Lolu 2,5,18,13,37
02/13/2025,4:45 PM,75 min.,Lolu Nashville,Free Flow,,Lolu 1,10,30,20,57
02/13/2025,6:00 PM,75 min.,Lolu Nashville,Quiet Flow,,Lolu 1,4,30,26,83
02/14/2025,6:30 AM,75 min.,Lolu Nashville,Free Flow,,Lolu 1,9,18,9,9
02/14/2025,7:00 AM,75 min.,Lolu Nashville,Free Flow,,Lolu 2,,,,9
02/14/2025,7:30 AM,75 min.,Lolu Nashville,Free Flow,,Lolu 3,1,18,17,26
02/14/2025,5:30 PM,75 min.,Lolu Nashville,Free Flow,,Lolu 1,1,18,17,43
02/14/2025,6:00 PM,75 min.,Lolu Nashville,Free Flow,,Lolu 2,9,18,9,52
02/14/2025,6:30 PM,75 min.,Lolu Nashville,Free Flow,,Lolu 3,3,18,15,67
02/15/2025,8:15 AM,75 min.,Lolu Nashville,Free Flow,,Lolu 1,7,30,23,23
02/15/2025,10:00 AM,75 min.,Lolu Nashville,Guided: Lifeforce,Evan Galante,Lolu 1,4,35,31,54
02/15/2025,5:30 PM,75 min.,Lolu Nashville,Free Flow,,Lolu 1,1,18,17,71
02/15/2025,6:00 PM,75 min.,Lolu Nashville,Free Flow,,Lolu 2,,,,71
02/15/2025,6:30 PM,75 min.,Lolu Nashville,Free Flow,,Lolu 3,3,18,15,86
02/16/2025,8:00 AM,75 min.,Lolu Nashville,Free Flow,,Lolu 1,6,18,12,12
02/16/2025,8:30 AM,75 min.,Lolu Nashville,Free Flow,,Lolu 2,4,18,14,26
02/16/2025,9:00 AM,75 min.,Lolu Nashville,Free Flow,,Lolu 3,5,18,13,39
02/16/2025,9:30 AM,75 min.,Lolu Nashville,Free Flow,,Lolu 1,,,,39
02/03/2025,6:30 AM,75 min.,Lolu Nashville,Free Flow,,Lolu 1,10,18,8,8
02/03/2025,7:00 AM,75 min.,Lolu Nashville,Free Flow,,Lolu 2,7,18,11,19
02/03/2025,7:30 AM,75 min.,Lolu Nashville,Free Flow,,Lolu 3,4,18,14,33
02/03/2025,11:30 AM,75 min.,Lolu Nashville,Free Flow,,Lolu 1,8,18,10,43
02/03/2025,12:00 PM,75 min.,Lolu Nashville,Free Flow,,Lolu 2,14,18,4,47
02/03/2025,4:45 PM,75 min.,Lolu Nashville,Free Flow,,Lolu 1,6,18,12,59
02/03/2025,5:15 PM,75 min.,Lolu Nashville,Free Flow,,Lolu 2,8,18,10,69
02/03/2025,5:45 PM,75 min.,Lolu Nashville,Free Flow,,Lolu 3,,,,69
02/04/2025,7:00 AM,75 min.,Lolu Nashville,Free Flow x Ladybird Taco,,Lolu 1,2,18,16,16
02/04/2025,7:30 AM,75 min.,Lolu Nashville,Free Flow x Ladybird Taco,,Lolu 2,1,18,17,33
02/04/2025,4:45 PM,75 min.,Lolu Nashville,Free Flow,,Lolu 1,14,30,16,49
02/04/2025,6:00 PM,75 min.,Lolu Nashville,Quiet Flow,,Lolu 1,8,30,22,71
02/05/2025,6:30 AM,75 min.,Lolu Nashville,Free Flow,,Lolu 1,14,18,4,4
02/05/2025,7:00 AM,75 min.,Lolu Nashville,Free Flow,,Lolu 2,7,18,11,15
02/05/2025,7:30 AM,75 min.,Lolu Nashville,Free Flow,,Lolu 3,2,18,16,31
02/05/2025,11:30 AM,75 min.,Lolu Nashville,Free Flow,,Lolu 1,,,,31
02/05/2025,12:00 PM,75 min.,Lolu Nashville,Free Flow,,Lolu 2,9,18,9,40
02/05/2025,4:45 PM,75 min.,Lolu Nashville,Free Flow,,Lolu 1,5,18,13,53
02/05/2025,5:15 PM,75 min.,Lolu Nashville,Free Flow,,Lolu 2,10,18,8,61
02/05/2025,5:45 PM,75 min.,Lolu Nashville,Free Flow,,Lolu 3,,,,61
02/06/2025,6:00 AM,60 min.,Lolu Nashville,Guided: Energize,Brooke Allison,Lolu 1,13,24,11,11
02/06/2025,7:00 AM,75 min.,Lolu Nashville,Quiet Flow,,Lolu 1,2,18,16,27
02/06/2025,7:30 AM,75 min.,Lolu Nashville,Free Flow,,Lolu 2,18,18,0,27
02/06/2025,9:00 AM,60 min.,Lolu Nashville,Guided: Balance,Evan Galante,Lolu 1,12,24,12,39
02/06/2025,4:45 PM,75 min.,Lolu Nashville,Free Flow,,Lolu 1,6,30,24,63
02/06/2025,6:00 PM,75 min.,Lolu Nashville,Quiet Flow,,Lolu 1,10,30,20,83
02/07/2025,6:30 AM,75 min.,Lolu Nashville,Free Flow,,Lolu 1,10,18,8,8
02/07/2025,7:00 AM,75 min.,Lolu Nashville,Free Flow,,Lolu 2,5,18,13,21
02/07/2025,7:30 AM,75 min.,Lolu Nashville,Free Flow,,Lolu 3,1,18,17,38
02/07/2025,5:30 PM,75 min.,Lolu Nashville,Free Flow,,Lolu 1,,,,38
02/07/2025,6:00 PM,75 min.,Lolu Nashville,Free Flow,,Lolu 2,1,18,17,55
02/07/2025,6:30 PM,75 min.,Lolu Nashville,Free Flow,,Lolu 3,6,18,12,67
02/08/2025,8:15 AM,75 min.,Lolu Nashville,Free Flow,,Lolu 1,6,30,24,24
02/08/2025,10:00 AM,75 min.,Lolu Nashville,Guided: Lifeforce,Evan Galante,Lolu 1,4,35,31,55
02/08/2025,5:30 PM,75 min.,Lolu Nashville,Free Flow,,Lolu 1,9,18,9,64
02/08/2025,6:00 PM,75 min.,Lolu Nashville,Free Flow,,Lolu 2,9,18,9,73
02/08/2025,6:30 PM,75 min.,Lolu Nashville,Free Flow,,Lolu 3,7,18,11,84
02/09/2025,8:00 AM,75 min.,Lolu Nashville,Free Flow,,Lolu 1,1,18,17,17
02/09/2025,8:30 AM,75 min.,Lolu Nashville,Free Flow,,Lolu 2,1,18,17,34
02/09/2025,9:00 AM,75 min.,Lolu Nashville,Free Flow,,Lolu 3,2,18,16,50
02/09/2025,5:00 PM,60 min.,Lolu Nashville,Guided: Restore,Brooke Allison,Lolu 1,5,24,19,69
01/27/2025,6:30 AM,75 min.,Lolu Nashville,Free Flow,,Lolu 1,11,18,7,7
01/27/2025,7:00 AM,75 min.,Lolu Nashville,Free Flow,,Lolu 2,1,18,17,24
01/27/2025,7:30 AM,75 min.,Lolu Nashville,Free Flow,,Lolu 3,9,18,9,33
01/27/2025,11:30 AM,75 min.,Lolu Nashville,Free Flow,,Lolu 1,9,18,9,42
01/27/2025,12:00 PM,75 min.,Lolu Nashville,Free Flow,,Lolu 2,10,18,8,50
01/27/2025,4:45 PM,75 min.,Lolu Nashville,Free Flow,,Lolu 1,1,18,17,67
01/27/2025,5:15 PM,75 min.,Lolu Nashville,Free Flow,,Lolu 2,6,18,12,79
01/27/2025,5:45 PM,75 min.,Lolu Nashville,Free Flow,,Lolu 3,,,,79
01/28/2025,7:00 AM,75 min.,Lolu Nashville,Free Flow,,Lolu 1,6,30,24,24
01/28/2025,9:00 AM,60 min.,Lolu Nashville,Guided: Energize,Brooke Allison,Lolu 1,17,24,7,31
01/28/2025,4:45 PM,75 min.,Lolu Nashville,Free Flow,,Lolu 1,,,,31
01/28/2025,6:00 PM,75 min.,Lolu Nashville,Quiet Flow,,Lolu 1,6,20,14,45
01/29/2025,6:30 AM,75 min.,Lolu Nashville,Free Flow,,Lolu 1,12,18,6,6
01/29/2025,7:00 AM,75 min.,Lolu Nashville,Free Flow,,Lolu 2,3,18,15,21
01/29/2025,7:30 AM,75 min.,Lolu Nashville,Free Flow,,Lolu 3,1,18,17,38
01/29/2025,11:30 AM,75 min.,Lolu Nashville,Free Flow,,Lolu 1,1,18,17,55
01/29/2025,12:00 PM,75 min.,Lolu Nashville,Free Flow,,Lolu 2,6,18,12,67
01/29/2025,4:45 PM,75 min.,Lolu Nashville,Free Flow,,Lolu 1,2,18,16,83
01/29/2025,5:15 PM,75 min.,Lolu Nashville,Free Flow,,Lolu 2,2,18,16,99
01/29/2025,5:45 PM,75 min.,Lolu Nashville,Free Flow,,Lolu 3,1,18,17,116
01/30/2025,7:00 AM,75 min.,Lolu Nashville,Free Flow,,Lolu 1,11,30,19,19
01/30/2025,9:00 AM,60 min.,Lolu Nashville,Guided: Energize,,Lolu 1,10,24,14,33
01/30/2025,4:30 PM,75 min.,Lolu Nashville,Free Flow,,Lolu 1,1,18,17,50
01/30/2025,5:00 PM,75 min.,Lolu Nashville,Free Flow,,Lolu 2,3,18,15,65
01/30/2025,6:30 PM,75 min.,Lolu Nashville,Quiet Flow,,Lolu 1,3,20,17,82
01/31/2025,7:00 AM,75 min.,Lolu Nashville,Free Flow,,Lolu 1,4,30,26,26
01/31/2025,5:30 PM,75 min.,Lolu Nashville,Free Flow,,Lolu 1,,,,26
01/31/2025,6:00 PM,75 min.,Lolu Nashville,Free Flow,,Lolu 2,1,18,17,43
01/31/2025,6:30 PM,75 min.,Lolu Nashville,Free Flow,,Lolu 3,1,18,17,60
02/01/2025,8:15 AM,75 min.,Lolu Nashville,Free Flow,,Lolu 1,9,30,21,21
02/01/2025,10:00 AM,75 min.,Lolu Nashville,Guided: Lifeforce,Evan Galante,Lolu 1,6,35,29,50
02/01/2025,5:30 PM,75 min.,Lolu Nashville,Free Flow,,Lolu 1,,,,50
02/01/2025,6:00 PM,75 min.,Lolu Nashville,Free Flow,,Lolu 2,,,,50
02/01/2025,6:30 PM,75 min.,Lolu Nashville,Free Flow,,Lolu 3,,,,50
02/02/2025,8:00 AM,75 min.,Lolu Nashville,Free Flow,,Lolu 1,,,,0
02/02/2025,8:30 AM,75 min.,Lolu Nashville,Free Flow,,Lolu 2,3,18,15,15
02/02/2025,9:00 AM,75 min.,Lolu Nashville,Free Flow,,Lolu 3,6,18,12,27
02/02/2025,5:00 PM,60 min.,Lolu Nashville,Guided: Restore,,Lolu 1,5,24,19,46
01/20/2025,6:30 AM,75 min.,Lolu Nashville,Free Flow,,Lolu 1,14,18,4,4
01/20/2025,7:00 AM,75 min.,Lolu Nashville,Free Flow,,Lolu 2,8,18,10,14
01/20/2025,7:30 AM,75 min.,Lolu Nashville,Free Flow,,Lolu 3,3,18,15,29
01/20/2025,11:30 AM,75 min.,Lolu Nashville,Free Flow,,Lolu 1,2,20,18,47
01/20/2025,12:00 PM,75 min.,Lolu Nashville,Free Flow,,Lolu 2,3,20,17,64
01/20/2025,4:45 PM,75 min.,Lolu Nashville,Free Flow,,Lolu 1,,,,64
01/20/2025,5:15 PM,75 min.,Lolu Nashville,Free Flow,,Lolu 2,,,,64
01/21/2025,7:00 AM,75 min.,Lolu Nashville,Free Flow,,Lolu 1,10,30,20,20
01/21/2025,9:00 AM,60 min.,Lolu Nashville,Guided: Energize,Evan Galante,Lolu 1,11,24,13,33
01/22/2025,6:30 AM,75 min.,Lolu Nashville,Free Flow,,Lolu 1,11,18,7,7
01/22/2025,7:00 AM,75 min.,Lolu Nashville,Free Flow,,Lolu 2,3,18,15,22
01/22/2025,7:30 AM,75 min.,Lolu Nashville,Free Flow,,Lolu 3,5,18,13,35
01/22/2025,11:30 AM,75 min.,Lolu Nashville,Free Flow,,Lolu 1,14,20,6,41
01/22/2025,12:00 PM,75 min.,Lolu Nashville,Free Flow,,Lolu 2,13,20,7,48
01/22/2025,4:45 PM,75 min.,Lolu Nashville,Free Flow,,Lolu 1,10,20,10,58
01/22/2025,5:15 PM,75 min.,Lolu Nashville,Free Flow,,Lolu 2,4,20,16,74
01/23/2025,7:00 AM,75 min.,Lolu Nashville,Free Flow,,Lolu 1,14,30,16,16
01/23/2025,9:00 AM,60 min.,Lolu Nashville,Guided: Balance,,Lolu 1,12,24,12,28
01/23/2025,4:45 PM,75 min.,Lolu Nashville,Free Flow,,Lolu 1,1,20,19,47
01/23/2025,5:15 PM,75 min.,Lolu Nashville,Free Flow,,Lolu 2,2,20,18,65
01/13/2025,6:30 AM,75 min.,Lolu Nashville,Free Flow,,Lolu 1,2,18,16,16
01/13/2025,7:00 AM,75 min.,Lolu Nashville,Free Flow,,Lolu 2,2,18,16,32
01/13/2025,7:30 AM,75 min.,Lolu Nashville,Free Flow,,Lolu 3,4,18,14,46
01/13/2025,4:45 PM,75 min.,Lolu Nashville,Free Flow,,Lolu 1,2,18,16,62
01/13/2025,5:15 PM,75 min.,Lolu Nashville,Free Flow,,Lolu 2,2,18,16,78
01/14/2025,7:00 AM,75 min.,Lolu Nashville,Free Flow,,Lolu 1,3,18,15,15
01/14/2025,7:30 AM,75 min.,Lolu Nashville,Free Flow,,Lolu 2,8,18,10,25
01/14/2025,8:00 AM,75 min.,Lolu Nashville,Free Flow,,Lolu 3,1,18,17,42
01/14/2025,4:45 PM,75 min.,Lolu Nashville,Free Flow,,Lolu 1,9,18,9,51
01/14/2025,5:15 PM,75 min.,Lolu Nashville,Free Flow,,Lolu 2,1,18,17,68
01/15/2025,7:00 AM,75 min.,Lolu Nashville,Free Flow,,Lolu 1,6,18,12,12
01/15/2025,7:30 AM,75 min.,Lolu Nashville,Free Flow,,Lolu 2,2,18,16,28
01/15/2025,8:00 AM,75 min.,Lolu Nashville,Free Flow,,Lolu 3,4,18,14,42
01/15/2025,4:45 PM,75 min.,Lolu Nashville,Free Flow,,Lolu 1,4,18,14,56
01/15/2025,5:15 PM,75 min.,Lolu Nashville,Free Flow,,Lolu 2,2,18,16,72
01/16/2025,7:00 AM,75 min.,Lolu Nashville,Free Flow,,Lolu 1,4,18,14,14
01/16/2025,9:00 AM,60 min.,Lolu Nashville,Guided: Balance,,Lolu 1,2,24,22,36
01/16/2025,4:45 PM,75 min.,Lolu Nashville,Free Flow,,Lolu 1,1,18,17,53
01/16/2025,6:30 PM,60 min.,Lolu Nashville,Girls Run Nash,Evan Galante,Lolu 1,16,30,14,67
01/17/2025,7:00 AM,75 min.,Lolu Nashville,Free Flow,,Lolu 1,5,18,13,13
01/17/2025,7:30 AM,75 min.,Lolu Nashville,Free Flow,,Lolu 2,2,18,16,29
01/17/2025,8:00 AM,75 min.,Lolu Nashville,Free Flow,,Lolu 3,6,18,12,41
01/17/2025,4:45 PM,75 min.,Lolu Nashville,Free Flow,,Lolu 1,6,18,12,53
01/17/2025,5:15 PM,75 min.,Lolu Nashville,Free Flow,,Lolu 2,6,18,12,65
01/18/2025,8:00 AM,75 min.,Lolu Nashville,Free Flow,,Lolu 1,10,18,8,8
01/18/2025,8:30 AM,75 min.,Lolu Nashville,Free Flow,,Lolu 2,6,18,12,20
01/18/2025,10:00 AM,60 min.,Lolu Nashville,Guided: Energize,Evan Galante,Lolu 1,2,24,22,42
01/18/2025,11:30 AM,75 min.,Lolu Nashville,Free Flow,,Lolu 3,3,18,15,57
01/18/2025,5:30 PM,75 min.,Lolu Nashville,Free Flow,,Lolu 2,3,18,15,72
01/18/2025,6:00 PM,75 min.,Lolu Nashville,Free Flow,,Lolu 3,2,18,16,88
01/18/2025,6:30 PM,75 min.,Lolu Nashville,Free Flow,,Lolu 1,9,18,9,97
01/19/2025,8:00 AM,75 min.,Lolu Nashville,Free Flow,,Lolu 1,4,18,14,14
01/19/2025,8:30 AM,75 min.,Lolu Nashville,Free Flow,,Lolu 2,8,18,10,24
01/19/2025,9:00 AM,75 min.,Lolu Nashville,Free Flow,,Lolu 3,10,18,8,32
01/19/2025,5:00 PM,60 min.,Lolu Nashville,Guided: Restore,Brooke Allison,Lolu 1,5,24,19,51
01/06/2025,6:15 AM,75 min.,Lolu Nashville,Free Flow,,Lolu 1,11,18,7,7
01/06/2025,6:45 AM,75 min.,Lolu Nashville,Free Flow,,Lolu 2,17,18,1,8
01/06/2025,7:15 AM,75 min.,Lolu Nashville,Free Flow,,Lolu 3,5,18,13,21
01/06/2025,7:45 AM,75 min.,Lolu Nashville,Free Flow,,Lolu 1,7,18,11,32
01/06/2025,4:15 PM,75 min.,Lolu Nashville,Free Flow,,Lolu 1,7,18,11,43
01/06/2025,4:45 PM,75 min.,Lolu Nashville,Free Flow,,Lolu 2,12,18,6,49
01/06/2025,5:15 PM,75 min.,Lolu Nashville,Free Flow,,Lolu 3,1,18,17,66
01/07/2025,6:15 AM,75 min.,Lolu Nashville,Free Flow,,Lolu 1,17,18,1,1
01/07/2025,6:45 AM,75 min.,Lolu Nashville,Free Flow,,Lolu 2,13,18,5,6
01/07/2025,7:15 AM,75 min.,Lolu Nashville,Free Flow,,Lolu 3,9,18,9,15
01/07/2025,7:45 AM,75 min.,Lolu Nashville,Free Flow,,Lolu 1,7,18,11,26
01/07/2025,4:15 PM,75 min.,Lolu Nashville,Free Flow,,Lolu 1,10,18,8,34
01/07/2025,4:45 PM,75 min.,Lolu Nashville,Free Flow,,Lolu 2,12,18,6,40
01/07/2025,5:15 PM,75 min.,Lolu Nashville,Free Flow,,Lolu 3,2,18,16,56
01/10/2025,7:00 AM,75 min.,Lolu Nashville,Free Flow,,Lolu 1,11,18,7,7
01/10/2025,7:30 AM,75 min.,Lolu Nashville,Free Flow,,Lolu 2,9,18,9,16
01/10/2025,8:00 AM,75 min.,Lolu Nashville,Free Flow,,Lolu 3,9,18,9,25
01/10/2025,8:30 AM,75 min.,Lolu Nashville,Free Flow,,Lolu 1,8,18,10,35
01/10/2025,6:00 PM,75 min.,Lolu Nashville,Free Flow,,Lolu 2,8,18,10,45
01/10/2025,6:30 PM,75 min.,Lolu Nashville,Free Flow,,Lolu 1,2,18,16,61
01/11/2025,8:30 AM,75 min.,Lolu Nashville,Free Flow,,Lolu 2,1,18,17,17
01/11/2025,10:00 AM,60 min.,Lolu Nashville,Guided: Balance,Evan Galante,Lolu 1,2,35,33,50
01/11/2025,11:30 AM,75 min.,Lolu Nashville,Free Flow,,Lolu 2,2,18,16,66
01/11/2025,5:00 PM,75 min.,Lolu Nashville,Free Flow,,Lolu 1,,,,66
01/11/2025,5:30 PM,75 min.,Lolu Nashville,Free Flow,,Lolu 2,14,18,4,70
01/11/2025,6:00 PM,75 min.,Lolu Nashville,Free Flow,,Lolu 3,6,18,12,82
01/11/2025,6:30 PM,75 min.,Lolu Nashville,Free Flow,,Lolu 1,4,18,14,96
01/12/2025,8:00 AM,75 min.,Lolu Nashville,Free Flow,,Lolu 1,,,,0
01/12/2025,8:30 AM,75 min.,Lolu Nashville,Free Flow,,Lolu 2,1,18,17,17
01/12/2025,9:00 AM,75 min.,Lolu Nashville,Free Flow,,Lolu 3,3,18,15,32
01/03/2025,8:00 AM,75 min.,Lolu Nashville,Free Flow,,Lolu 1,6,18,12,12
01/03/2025,8:30 AM,75 min.,Lolu Nashville,Free Flow,,Lolu 2,15,18,3,15
01/03/2025,10:00 AM,75 min.,Lolu Nashville,Free Flow,,Lolu 1,16,18,2,17
01/03/2025,11:45 AM,75 min.,Lolu Nashville,Free Flow,,Lolu 2,18,18,0,17
01/03/2025,12:15 PM,75 min.,Lolu Nashville,Free Flow,,Lolu 3,15,18,3,20
01/03/2025,4:00 PM,75 min.,Lolu Nashville,Free Flow,,Lolu 1,14,18,4,24
01/03/2025,4:30 PM,75 min.,Lolu Nashville,Free Flow,,Lolu 2,2,18,16,40
01/04/2025,7:00 AM,75 min.,Lolu Nashville,Free Flow,,Lolu 1,6,18,12,12
01/04/2025,7:30 AM,75 min.,Lolu Nashville,Free Flow,,Lolu 2,15,18,3,15
01/04/2025,9:00 AM,60 min.,Lolu Nashville,Guided: Energize,Evan Galante,Lolu 1,26,35,9,24
01/04/2025,10:15 AM,75 min.,Lolu Nashville,Free Flow,,Lolu 1,13,18,5,29
01/04/2025,10:45 AM,75 min.,Lolu Nashville,Free Flow,,Lolu 2,17,18,1,30
01/04/2025,11:15 AM,75 min.,Lolu Nashville,Free Flow,,Lolu 3,16,18,2,32
01/04/2025,11:45 AM,75 min.,Lolu Nashville,Free Flow,,Lolu 1,11,18,7,39
01/04/2025,5:00 PM,60 min.,Lolu Nashville,Guided: Restore,Brooke Allison,Lolu 1,27,35,8,47
01/04/2025,6:15 PM,75 min.,Lolu Nashville,Free Flow,,Lolu 1,5,18,13,60
01/05/2025,8:15 AM,75 min.,Lolu Nashville,Free Flow,,Lolu 1,8,18,10,10
01/05/2025,8:30 AM,75 min.,Lolu Nashville,Free Flow,,Lolu 2,13,18,5,15
01/05/2025,10:00 AM,60 min.,Lolu Nashville,Guided: Energize,Evan Galante,Lolu 1,19,35,16,31
01/05/2025,11:15 AM,75 min.,Lolu Nashville,Free Flow,,Lolu 1,9,18,9,40
01/05/2025,11:30 AM,75 min.,Lolu Nashville,Free Flow,,Lolu 2,11,18,7,47
01/05/2025,11:45 AM,75 min.,Lolu Nashville,Free Flow,,Lolu 3,14,18,4,51
01/05/2025,5:00 PM,75 min.,Lolu Nashville,Free Flow,,Lolu 1,,,,51