Date,Time,Duration,Location,Session Name,Instructor,Room,Spots Available,Total Spots,Booked,Cumulative Bookings
10/13/2025,7:00 AM,60 min.,Flatiron,Guided Down: Sound Immersion - 60 min,Rootsgod Fender,Sauna,60,64,4,4
10/13/2025,8:30 AM,75 min.,Flatiron,Free Flow,,Sauna.,29,40,11,15
10/13/2025,9:00 AM,75 min.,Flatiron,Free Flow,,Sauna..,34,40,6,21
10/13/2025,9:30 AM,75 min.,Flatiron,Free Flow,,Sauna...,37,40,3,24
10/13/2025,10:00 AM,75 min.,Flatiron,Free Flow,,Sauna.,23,40,17,41
10/13/2025,10:15 AM,75 min.,Flatiron,Free Flow,,Sauna..,18,40,22,63
10/13/2025,12:00 PM,60 min.,Flatiron,Guided Down: Deep Stretch - 60 min,,Sauna.,24,60,36,99
10/13/2025,1:30 PM,75 min.,Flatiron,Free Flow,,Sauna.,9,40,31,130
10/13/2025,1:45 PM,75 min.,Flatiron,Free Flow,,Sauna..,30,40,10,140
10/13/2025,2:15 PM,75 min.,Flatiron,Free Flow,,Sauna...,27,40,13,153
10/13/2025,2:45 PM,75 min.,Flatiron,Free Flow,,Sauna....,28,40,12,165
10/13/2025,3:15 PM,75 min.,Flatiron,Free Flow,,Sauna.....,28,40,12,177
10/13/2025,3:45 PM,75 min.,Flatiron,Free Flow,,Sauna.,22,40,18,195
10/13/2025,4:15 PM,75 min.,Flatiron,Free Flow,,Sauna..,19,40,21,216
10/13/2025,4:45 PM,75 min.,Flatiron,Free Flow,,Sauna...,0,30,30,246
10/13/2025,5:15 PM,75 min.,Flatiron,Lively Free Flow,,Sauna....,0,30,30,276
10/13/2025,6:30 PM,75 min.,Flatiron,Guided All Around: Acceptance,,Sauna.,1,64,63,339
10/13/2025,7:45 PM,75 min.,Flatiron,Guided Down: Pure Presence,,Sauna.,13,64,51,390
10/13/2025,9:00 PM,75 min.,Flatiron,Guided All Around: Gratitude,Aaron Albert,Sauna.,46,64,18,408
10/14/2025,7:00 AM,60 min.,Flatiron,Guided Up: Self-Care Sweat - 60 min,,Sauna,26,64,38,38
10/14/2025,8:30 AM,75 min.,Flatiron,Quieter Free Flow,,Sauna.,0,40,40,78
10/14/2025,9:00 AM,75 min.,Flatiron,Quieter Free Flow,,Sauna..,0,40,40,118
10/14/2025,9:30 AM,75 min.,Flatiron,Quieter Free Flow,,Sauna...,0,40,40,158
10/14/2025,10:00 AM,75 min.,Flatiron,Quieter Free Flow,,Sauna.,0,40,40,198
10/14/2025,10:15 AM,75 min.,Flatiron,Quieter Free Flow,,Sauna..,0,40,40,238
10/14/2025,12:00 PM,60 min.,Flatiron,Guided Down: Deep Stretch - 60 min,,Sauna.,50,64,14,252
10/14/2025,3:15 PM,75 min.,Flatiron,Free Flow,,Sauna..,27,40,13,265
10/14/2025,3:45 PM,75 min.,Flatiron,Free Flow,,Sauna....,27,30,3,268
10/14/2025,4:15 PM,75 min.,Flatiron,Free Flow,,Sauna.....,30,30,0,268
10/14/2025,4:45 PM,75 min.,Flatiron,Free Flow,,Sauna.,35,40,5,273
10/14/2025,5:15 PM,75 min.,Flatiron,Lively Free Flow,,Sauna...,10,30,20,293
10/14/2025,6:30 PM,75 min.,Flatiron,Guided Down: Sound Immersion,Rootsgod Fender,Sauna,30,64,34,327
10/14/2025,7:45 PM,75 min.,Flatiron,Guided All Around: A-Z Emotions,,Sauna,47,64,17,344
10/14/2025,9:00 PM,75 min.,Flatiron,Free Flow,,Sauna.....,0,15,15,359
10/14/2025,9:15 PM,75 min.,Flatiron,Free Flow,,Sauna....,21,25,4,363
10/14/2025,9:30 PM,75 min.,Flatiron,Free Flow,,Sauna.,29,30,1,364
10/14/2025,9:45 PM,75 min.,Flatiron,Free Flow,,Sauna..,30,30,0,364
10/15/2025,7:00 AM,60 min.,Flatiron,Guided Up: Feel Good Now - 60 min,Aaron Albert,Sauna,58,64,6,6
10/15/2025,8:30 AM,75 min.,Flatiron,Free Flow,,Sauna.,37,40,3,9
10/15/2025,9:00 AM,75 min.,Flatiron,Free Flow,,Sauna..,39,40,1,10
10/15/2025,9:30 AM,75 min.,Flatiron,Free Flow,,Sauna...,40,40,0,10
10/15/2025,10:00 AM,75 min.,Flatiron,Free Flow,,Sauna.,35,40,5,15
10/15/2025,10:15 AM,75 min.,Flatiron,Free Flow,,Sauna..,40,40,0,15
10/15/2025,12:00 PM,60 min.,Flatiron,Guided All Around: Release - 60 min,,Sauna,56,64,8,23
10/15/2025,1:45 PM,75 min.,Flatiron,Free Flow,,Sauna.,34,40,6,29
10/15/2025,2:15 PM,75 min.,Flatiron,Free Flow,,Sauna..,39,40,1,30
10/15/2025,2:45 PM,75 min.,Flatiron,Free Flow,,Sauna...,39,40,1,31
10/15/2025,3:15 PM,75 min.,Flatiron,Free Flow,,Sauna....,39,40,1,32
10/15/2025,3:45 PM,75 min.,Flatiron,Free Flow,,Sauna.....,30,30,0,32
10/15/2025,4:15 PM,75 min.,Flatiron,Free Flow,,Sauna.,24,30,6,38
10/15/2025,5:30 PM,75 min.,Flatiron,Guided All Around: Reset,,Sauna,37,64,27,65
10/15/2025,6:45 PM,75 min.,Flatiron,Guided All Around: Journey Through the Elements,,Sauna,31,64,33,98
10/15/2025,8:00 PM,75 min.,Flatiron,Free Flow,,Sauna.,13,30,17,115
10/15/2025,8:15 PM,75 min.,Flatiron,Free Flow,,Sauna..,19,20,1,116
10/15/2025,8:30 PM,75 min.,Flatiron,Free Flow,,Sauna...,19,25,6,122
10/15/2025,8:45 PM,75 min.,Flatiron,Free Flow,,Sauna....,20,20,0,122
10/15/2025,9:00 PM,75 min.,Flatiron,Free Flow,,Sauna.....,14,15,1,123
10/15/2025,9:30 PM,75 min.,Flatiron,Free Flow,,Sauna.,30,30,0,123
10/15/2025,9:45 PM,75 min.,Flatiron,Free Flow,,Sauna..,30,30,0,123
10/16/2025,7:00 AM,60 min.,Flatiron,Guided Down: Deep Stretch - 60 min,,Sauna,53,60,7,7
10/16/2025,8:30 AM,75 min.,Flatiron,Free Flow,,Sauna.,37,40,3,10
10/16/2025,9:00 AM,75 min.,Flatiron,Free Flow,,Sauna..,39,40,1,11
10/16/2025,9:30 AM,75 min.,Flatiron,Free Flow,,Sauna...,40,40,0,11
10/16/2025,10:00 AM,75 min.,Flatiron,Free Flow,,Sauna.,39,40,1,12
10/16/2025,10:15 AM,75 min.,Flatiron,Free Flow,,Sauna..,39,40,1,13
10/16/2025,12:00 PM,60 min.,Flatiron,Guided Up: Awakening - 60 min,,Sauna,62,64,2,15
10/16/2025,1:30 PM,75 min.,Flatiron,Free Flow,,Sauna.,40,40,0,15
10/16/2025,2:00 PM,75 min.,Flatiron,Free Flow,,Sauna..,40,40,0,15
10/16/2025,2:30 PM,75 min.,Flatiron,Free Flow,,Sauna...,39,40,1,16
10/16/2025,3:00 PM,75 min.,Flatiron,Free Flow,,Sauna....,38,40,2,18
10/16/2025,3:30 PM,75 min.,Flatiron,Free Flow,,Sauna.,39,40,1,19
10/16/2025,4:00 PM,75 min.,Flatiron,Free Flow,,Sauna..,39,40,1,20
10/16/2025,4:30 PM,75 min.,Flatiron,Free Flow,,Sauna...,40,40,0,20
10/16/2025,5:00 PM,75 min.,Flatiron,Free Flow,,Sauna.,39,40,1,21
10/16/2025,5:30 PM,75 min.,Flatiron,Lively Free Flow,,Sauna..,29,40,11,32
10/16/2025,6:45 PM,75 min.,Flatiron,Guided Up: Feel Good Now,Aaron Albert,Sauna,40,64,24,56
10/16/2025,8:00 PM,75 min.,Flatiron,Lively Free Flow,,Sauna.,16,25,9,65
10/16/2025,8:15 PM,75 min.,Flatiron,Lively Free Flow,,Sauna..,15,15,0,65
10/16/2025,8:30 PM,75 min.,Flatiron,Lively Free Flow,,Sauna...,24,30,6,71
10/16/2025,8:45 PM,75 min.,Flatiron,Lively Free Flow,,Sauna....,25,25,0,71
10/16/2025,9:00 PM,75 min.,Flatiron,Lively Free Flow,,Sauna.....,15,15,0,71
10/16/2025,9:30 PM,75 min.,Flatiron,Lively Free Flow,,Sauna.,30,30,0,71
10/16/2025,9:45 PM,75 min.,Flatiron,Lively Free Flow,,Sauna..,22,30,8,79
10/17/2025,7:00 AM,75 min.,Flatiron,Guided Down: Senses,,Sauna,58,64,6,6
10/17/2025,8:15 AM,75 min.,Flatiron,Guided All Around: Hardwiring Happiness,,Sauna,53,64,11,17
10/17/2025,9:30 AM,75 min.,Flatiron,Guided All Around: A-Z Emotions,,Sauna,58,64,6,23
10/17/2025,12:30 PM,75 min.,Flatiron,Free Flow,,Sauna..,30,30,0,23
10/17/2025,1:00 PM,75 min.,Flatiron,Free Flow,,Sauna...,44,45,1,24
10/17/2025,1:30 PM,75 min.,Flatiron,Free Flow,,Sauna....,35,35,0,24
10/17/2025,2:00 PM,75 min.,Flatiron,Free Flow,,Sauna.....,30,30,0,24
10/17/2025,2:30 PM,75 min.,Flatiron,Free Flow,,Sauna.,45,45,0,24
10/17/2025,3:00 PM,75 min.,Flatiron,Free Flow,,Sauna..,35,35,0,24
10/17/2025,3:30 PM,75 min.,Flatiron,Free Flow,,Sauna...,30,30,0,24
10/17/2025,4:00 PM,75 min.,Flatiron,Free Flow,,Sauna....,43,45,2,26
10/17/2025,4:30 PM,75 min.,Flatiron,Free Flow,,Sauna.....,32,35,3,29
10/17/2025,5:00 PM,75 min.,Flatiron,Free Flow,,Sauna.,27,30,3,32
10/17/2025,5:30 PM,75 min.,Flatiron,Free Flow,,Sauna..,40,45,5,37
10/17/2025,6:00 PM,75 min.,Flatiron,Lively Free Flow,,Sauna...,10,20,10,47
10/17/2025,6:30 PM,75 min.,Flatiron,Lively Free Flow,,Sauna....,21,25,4,51
10/17/2025,7:45 PM,75 min.,Flatiron,Guided All Around: Sound Immersion,,Sauna.,39,64,25,76
10/17/2025,9:00 PM,120 min.,Flatiron,Social,,Sauna.,11,25,14,90
10/17/2025,9:20 PM,120 min.,Flatiron,Social,,Sauna..,28,30,2,92
10/17/2025,9:40 PM,120 min.,Flatiron,Social,,Sauna...,30,30,0,92
10/17/2025,10:00 PM,120 min.,Flatiron,Social,,Sauna....,29,30,1,93
10/18/2025,8:00 AM,75 min.,Flatiron,Guided Down: Self-Care Sweat,nicole lopes,Sauna,60,64,4,4
10/18/2025,9:15 AM,75 min.,Flatiron,Guided Down: Embodied,Carlie Williams,Sauna,52,60,8,12
10/18/2025,10:30 AM,75 min.,Flatiron,Guided All Around: Reset,,Sauna,46,60,14,26
10/18/2025,11:45 AM,75 min.,Flatiron,Guided All Around: Heart Opener,Vanessa Fontana,Sauna,50,64,14,40
10/18/2025,1:00 PM,75 min.,Flatiron,Lively Free Flow,,Sauna....,12,20,8,48
10/18/2025,1:30 PM,75 min.,Flatiron,Lively Free Flow,,Sauna.....,8,20,12,60
10/18/2025,2:00 PM,75 min.,Flatiron,Lively Free Flow,,Sauna.,43,45,2,62
10/18/2025,2:30 PM,75 min.,Flatiron,Lively Free Flow,,Sauna..,33,35,2,64
10/18/2025,3:00 PM,75 min.,Flatiron,Lively Free Flow,,Sauna...,30,30,0,64
10/18/2025,3:30 PM,75 min.,Flatiron,Lively Free Flow,,Sauna....,45,45,0,64
10/18/2025,4:00 PM,75 min.,Flatiron,Lively Free Flow,,Sauna.....,35,35,0,64
10/18/2025,4:30 PM,75 min.,Flatiron,Lively Free Flow,,Sauna.,30,30,0,64
10/18/2025,5:00 PM,75 min.,Flatiron,Lively Free Flow,,Sauna..,45,45,0,64
10/18/2025,5:30 PM,75 min.,Flatiron,Lively Free Flow,,Sauna...,34,35,1,65
10/18/2025,6:00 PM,75 min.,Flatiron,Lively Free Flow,,Sauna....,30,30,0,65
10/18/2025,6:15 PM,75 min.,Flatiron,Lively Free Flow,,Sauna.....,12,20,8,73
10/18/2025,7:30 PM,75 min.,Flatiron,Guided All Around: Journey Through the Seasons,,Sauna,61,64,3,76
10/18/2025,9:15 PM,120 min.,Flatiron,Lovership: A Singles Social - Women's Arrival,,Sauna...,20,50,30,106
10/18/2025,9:30 PM,120 min.,Flatiron,Lovership: A Singles Social - Men's Arrival,,Sauna.,31,50,19,125
10/19/2025,8:00 AM,75 min.,Flatiron,Guided Down: Sound Immersion,,Sauna,58,64,6,6
10/19/2025,9:15 AM,75 min.,Flatiron,Guided Up: Self-Care Sweat,,Sauna,56,64,8,14
10/19/2025,10:30 AM,75 min.,Flatiron,Guided Down: Deep Stretch,,Sauna,48,60,12,26
10/19/2025,11:45 AM,75 min.,Flatiron,Guided All Around: Gratitude,,Sauna,54,64,10,36
10/19/2025,1:00 PM,75 min.,Flatiron,Lively Free Flow,,Sauna.,23,30,7,43
10/19/2025,1:30 PM,75 min.,Flatiron,Lively Free Flow,,Sauna..,25,30,5,48
10/19/2025,2:00 PM,75 min.,Flatiron,Lively Free Flow,,Sauna...,42,45,3,51
10/19/2025,2:30 PM,75 min.,Flatiron,Lively Free Flow,,Sauna....,35,35,0,51
10/19/2025,3:00 PM,75 min.,Flatiron,Lively Free Flow,,Sauna.....,25,30,5,56
10/19/2025,3:30 PM,75 min.,Flatiron,Lively Free Flow,,Sauna.,44,45,1,57
10/19/2025,4:00 PM,75 min.,Flatiron,Lively Free Flow,,Sauna..,32,35,3,60
10/19/2025,4:30 PM,75 min.,Flatiron,Lively Free Flow,,Sauna...,21,30,9,69
10/19/2025,5:00 PM,75 min.,Flatiron,Lively Free Flow,,Sauna....,45,45,0,69
10/19/2025,5:30 PM,75 min.,Flatiron,Lively Free Flow,,Sauna.....,32,35,3,72
10/19/2025,6:00 PM,75 min.,Flatiron,Lively Free Flow,,Sauna.,30,30,0,72
10/19/2025,7:15 PM,75 min.,Flatiron,Guided All Around: Heart Opener,Teresa Lafferty,Sauna,47,64,17,89
10/19/2025,9:00 PM,120 min.,Flatiron,Music Discovery Night,,Sauna.,60,75,15,104
10/06/2025,7:00 AM,60 min.,Flatiron,Guided Down: Sound Immersion - 60 min,,Sauna,54,64,10,10
10/06/2025,8:30 AM,75 min.,Flatiron,Quieter Free Flow with Viola,,Sauna.,28,40,12,22
10/06/2025,9:00 AM,75 min.,Flatiron,Quieter Free Flow with Viola,,Sauna..,34,40,6,28
10/06/2025,9:30 AM,75 min.,Flatiron,Quieter Free Flow with Viola,,Sauna...,36,40,4,32
10/06/2025,10:00 AM,75 min.,Flatiron,Quieter Free Flow with Viola,,Sauna.,37,40,3,35
10/06/2025,10:15 AM,75 min.,Flatiron,Quieter Free Flow with Viola,,Sauna..,32,40,8,43
10/06/2025,12:00 PM,60 min.,Flatiron,Guided All Around: Reflect - 60 min,,Sauna.,46,64,18,61
10/06/2025,1:30 PM,75 min.,Flatiron,Free Flow,,Sauna.,29,40,11,72
10/06/2025,1:45 PM,75 min.,Flatiron,Free Flow,,Sauna..,34,40,6,78
10/06/2025,2:15 PM,75 min.,Flatiron,Free Flow,,Sauna...,36,40,4,82
10/06/2025,2:45 PM,75 min.,Flatiron,Free Flow,,Sauna....,36,40,4,86
10/06/2025,3:15 PM,75 min.,Flatiron,Free Flow,,Sauna.....,30,40,10,96
10/06/2025,3:45 PM,75 min.,Flatiron,Free Flow,,Sauna.,32,40,8,104
10/06/2025,4:15 PM,75 min.,Flatiron,Free Flow,,Sauna..,33,40,7,111
10/06/2025,4:45 PM,75 min.,Flatiron,Free Flow,,Sauna...,24,30,6,117
10/06/2025,5:15 PM,75 min.,Flatiron,Lively Free Flow,,Sauna....,2,30,28,145
10/06/2025,6:30 PM,75 min.,Flatiron,Guided Up: Feel Good Now,Aaron Albert,Sauna.,1,64,63,208
10/06/2025,7:45 PM,75 min.,Flatiron,Guided All Around: Journey Through the Elements,,Sauna.,40,64,24,232
10/07/2025,7:00 AM,60 min.,Flatiron,Guided Down: Deep Stretch - 60 min,,Sauna,38,60,22,22
10/07/2025,8:30 AM,75 min.,Flatiron,Quieter Free Flow,,Sauna.,31,40,9,31
10/07/2025,9:00 AM,75 min.,Flatiron,Quieter Free Flow,,Sauna..,35,40,5,36
10/07/2025,9:30 AM,75 min.,Flatiron,Quieter Free Flow,,Sauna...,35,40,5,41
10/07/2025,10:00 AM,75 min.,Flatiron,Quieter Free Flow,,Sauna.,38,40,2,43
10/07/2025,10:15 AM,75 min.,Flatiron,Quieter Free Flow,,Sauna..,34,40,6,49
10/07/2025,12:00 PM,60 min.,Flatiron,"Guided All Around: Rose, Thorn, Bud - 60 min",,Sauna.,48,64,16,65
10/07/2025,1:30 PM,75 min.,Flatiron,Free Flow,,Sauna...,32,40,8,73
10/07/2025,1:45 PM,75 min.,Flatiron,Free Flow,,Sauna..,37,40,3,76
10/07/2025,2:15 PM,75 min.,Flatiron,Free Flow,,Sauna....,39,40,1,77
10/07/2025,2:45 PM,75 min.,Flatiron,Free Flow,,Sauna.,38,40,2,79
10/07/2025,3:15 PM,75 min.,Flatiron,Free Flow,,Sauna..,36,40,4,83
10/07/2025,3:45 PM,75 min.,Flatiron,Free Flow,,Sauna....,27,30,3,86
10/07/2025,4:15 PM,75 min.,Flatiron,Free Flow,,Sauna.....,9,30,21,107
10/07/2025,8:30 PM,75 min.,Flatiron,Live Music with Breathwork,Harry Taylor,Sauna.,3,75,72,179
10/07/2025,9:45 PM,75 min.,Flatiron,Live Music with Breathwork,Harry Taylor,Sauna.,29,75,46,225
10/08/2025,7:00 AM,60 min.,Flatiron,Guided Up: Feel Good Now - 60 min,Aaron Albert,Sauna,49,64,15,15
10/08/2025,8:30 AM,75 min.,Flatiron,Free Flow,,Sauna.,29,40,11,26
10/08/2025,9:00 AM,75 min.,Flatiron,Free Flow,,Sauna..,37,40,3,29
10/08/2025,9:30 AM,75 min.,Flatiron,Free Flow,,Sauna...,38,40,2,31
10/08/2025,10:00 AM,75 min.,Flatiron,Free Flow,,Sauna.,36,40,4,35
10/08/2025,10:15 AM,75 min.,Flatiron,Free Flow,,Sauna..,36,40,4,39
10/08/2025,12:00 PM,60 min.,Flatiron,Guided All Around: Release - 60 min,,Sauna,51,64,13,52
10/08/2025,1:45 PM,75 min.,Flatiron,Free Flow,,Sauna.,35,40,5,57
10/08/2025,2:15 PM,75 min.,Flatiron,Free Flow,,Sauna..,33,40,7,64
10/08/2025,2:45 PM,75 min.,Flatiron,Free Flow,,Sauna...,30,40,10,74
10/08/2025,3:15 PM,75 min.,Flatiron,Free Flow,,Sauna....,29,40,11,85
10/08/2025,3:45 PM,75 min.,Flatiron,Free Flow,,Sauna.....,20,30,10,95
10/08/2025,4:15 PM,75 min.,Flatiron,Free Flow,,Sauna.,9,30,21,116
10/08/2025,5:30 PM,75 min.,Flatiron,Guided All Around: Reflect,,Sauna,46,64,18,134
10/08/2025,6:45 PM,75 min.,Flatiron,Guided All Around: Loving Kindness,,Sauna,15,64,49,183
10/08/2025,8:00 PM,75 min.,Flatiron,Free Flow,,Sauna.,0,30,30,213
10/08/2025,8:15 PM,75 min.,Flatiron,Free Flow,,Sauna..,0,20,20,233
10/08/2025,8:30 PM,75 min.,Flatiron,Free Flow,,Sauna...,9,25,16,249
10/08/2025,8:45 PM,75 min.,Flatiron,Free Flow,,Sauna....,3,20,17,266
10/08/2025,9:00 PM,75 min.,Flatiron,Free Flow,,Sauna.....,1,15,14,280
10/08/2025,9:30 PM,75 min.,Flatiron,Free Flow,,Sauna.,26,30,4,284
10/08/2025,9:45 PM,75 min.,Flatiron,Free Flow,,Sauna..,25,30,5,289
10/09/2025,7:00 AM,60 min.,Flatiron,Guided Up: Self-Care Sweat - 60 min,,Sauna,36,64,28,28
10/09/2025,8:30 AM,75 min.,Flatiron,Free Flow,,Sauna.,31,40,9,37
10/09/2025,9:00 AM,75 min.,Flatiron,Free Flow,,Sauna..,36,40,4,41
10/09/2025,9:30 AM,75 min.,Flatiron,Free Flow,,Sauna...,35,40,5,46
10/09/2025,10:00 AM,75 min.,Flatiron,Free Flow,,Sauna.,25,40,15,61
10/09/2025,10:15 AM,75 min.,Flatiron,Free Flow,,Sauna..,32,40,8,69
10/09/2025,12:00 PM,60 min.,Flatiron,Guided Up: Awakening - 60 min,,Sauna,46,64,18,87
10/09/2025,1:30 PM,75 min.,Flatiron,Free Flow,,Sauna.,23,40,17,104
10/09/2025,5:30 PM,75 min.,Flatiron,Lively Free Flow,,Sauna..,2,40,38,142
10/09/2025,6:45 PM,75 min.,Flatiron,Guided All Around: Hardwiring Happiness,,Sauna,1,64,63,205
10/09/2025,8:00 PM,75 min.,Flatiron,Lively Free Flow,,Sauna.,0,25,25,230
10/09/2025,8:15 PM,75 min.,Flatiron,Lively Free Flow,,Sauna..,1,15,14,244
10/09/2025,8:30 PM,75 min.,Flatiron,Lively Free Flow,,Sauna...,16,30,14,258
10/09/2025,8:45 PM,75 min.,Flatiron,Lively Free Flow,,Sauna....,19,25,6,264
10/09/2025,9:00 PM,75 min.,Flatiron,Lively Free Flow,,Sauna.....,5,15,10,274
10/09/2025,9:30 PM,75 min.,Flatiron,Lively Free Flow,,Sauna.,26,30,4,278
10/09/2025,9:45 PM,75 min.,Flatiron,Lively Free Flow,,Sauna..,25,30,5,283
10/10/2025,7:00 AM,75 min.,Flatiron,Guided Down: Senses x Rhone,,Sauna,57,64,7,7
10/10/2025,8:15 AM,75 min.,Flatiron,Guided All Around: Reset x Rhone,,Sauna,43,64,21,28
10/10/2025,12:00 PM,75 min.,Flatiron,Free Flow x Rhone,,Sauna.,15,30,15,43
10/10/2025,12:30 PM,75 min.,Flatiron,Free Flow x Rhone,,Sauna..,19,30,11,54
10/10/2025,1:00 PM,75 min.,Flatiron,Free Flow x Rhone,,Sauna...,40,45,5,59
10/10/2025,1:30 PM,75 min.,Flatiron,Free Flow x Rhone,,Sauna....,25,35,10,69
10/10/2025,2:00 PM,75 min.,Flatiron,Free Flow x Rhone,,Sauna.....,15,30,15,84
10/10/2025,2:30 PM,75 min.,Flatiron,Free Flow x Rhone,,Sauna.,35,45,10,94
10/10/2025,3:00 PM,75 min.,Flatiron,Free Flow x Rhone,,Sauna..,22,35,13,107
10/10/2025,3:30 PM,75 min.,Flatiron,Free Flow x Rhone,,Sauna...,19,30,11,118
10/10/2025,4:00 PM,75 min.,Flatiron,Free Flow x Rhone,,Sauna....,25,45,20,138
10/10/2025,4:30 PM,75 min.,Flatiron,Free Flow x Rhone,,Sauna.....,20,35,15,153
10/10/2025,5:00 PM,75 min.,Flatiron,Free Flow x Rhone,,Sauna.,17,30,13,166
10/10/2025,5:30 PM,75 min.,Flatiron,Free Flow x Rhone,,Sauna..,15,45,30,196
10/10/2025,6:00 PM,75 min.,Flatiron,Free Flow x Rhone,,Sauna...,1,20,19,215
10/10/2025,6:30 PM,75 min.,Flatiron,Free Flow x Rhone,,Sauna....,0,25,25,240
10/10/2025,7:45 PM,75 min.,Flatiron,Guided All Around: Inner Power x Rhone,,Sauna.,27,64,37,277
10/10/2025,9:00 PM,120 min.,Flatiron,Social x Rhone,,Sauna.,1,25,24,301
10/10/2025,9:20 PM,120 min.,Flatiron,Social x Rhone,,Sauna..,3,30,27,328
10/10/2025,9:40 PM,120 min.,Flatiron,Social x Rhone,,Sauna...,27,30,3,331
10/10/2025,10:00 PM,120 min.,Flatiron,Social x Rhone,,Sauna....,23,30,7,338
10/11/2025,8:00 AM,75 min.,Flatiron,Guided Down: Sound Immersion,Rootsgod Fender,Sauna,47,60,13,13
10/11/2025,9:15 AM,75 min.,Flatiron,Guided Down: Embodied,Carlie Williams,Sauna,43,60,17,30
10/11/2025,10:30 AM,75 min.,Flatiron,Guided Down: Deep Stretch,,Sauna,13,64,51,81
10/11/2025,11:45 AM,75 min.,Flatiron,Guided All Around: A-Z Emotions,,Sauna,7,64,57,138
10/11/2025,1:00 PM,75 min.,Flatiron,Lively Free Flow,,Sauna....,1,20,19,157
10/11/2025,1:30 PM,75 min.,Flatiron,Lively Free Flow,,Sauna.....,0,20,20,177
10/11/2025,2:00 PM,75 min.,Flatiron,Lively Free Flow,,Sauna.,15,45,30,207
10/11/2025,2:30 PM,75 min.,Flatiron,Lively Free Flow,,Sauna..,15,35,20,227
10/11/2025,3:00 PM,75 min.,Flatiron,Lively Free Flow,,Sauna...,18,30,12,239
10/11/2025,3:30 PM,75 min.,Flatiron,Lively Free Flow,,Sauna....,30,45,15,254
10/11/2025,4:00 PM,75 min.,Flatiron,Lively Free Flow,,Sauna.....,20,35,15,269
10/11/2025,4:30 PM,75 min.,Flatiron,Lively Free Flow,,Sauna.,13,30,17,286
10/11/2025,5:00 PM,75 min.,Flatiron,Lively Free Flow,,Sauna..,36,45,9,295
10/11/2025,5:30 PM,75 min.,Flatiron,Lively Free Flow,,Sauna...,12,35,23,318
10/11/2025,6:00 PM,75 min.,Flatiron,Lively Free Flow,,Sauna....,22,30,8,326
10/11/2025,6:30 PM,75 min.,Flatiron,Lively Free Flow,,Sauna.....,4,20,16,342
10/11/2025,7:45 PM,75 min.,Flatiron,Guided All Around: Journey Through the Seasons,,Sauna,30,64,34,376
10/11/2025,9:00 PM,120 min.,Flatiron,Beat Drop: DJ Takeover,,Sauna.....,2,30,28,404
10/11/2025,9:20 PM,120 min.,Flatiron,Beat Drop: DJ Takeover,,Sauna.,,,,404
10/11/2025,9:40 PM,120 min.,Flatiron,Beat Drop: DJ Takeover,,Sauna...,11,35,24,428
10/11/2025,10:00 PM,120 min.,Flatiron,Beat Drop: DJ Takeover,,Sauna..,23,30,7,435
10/12/2025,1:00 PM,75 min.,Flatiron,Lively Free Flow,,Sauna.,1,30,29,29
10/12/2025,1:30 PM,75 min.,Flatiron,Lively Free Flow,,Sauna..,1,30,29,58
10/12/2025,2:00 PM,75 min.,Flatiron,Lively Free Flow,,Sauna...,1,45,44,102
10/12/2025,2:30 PM,75 min.,Flatiron,Lively Free Flow,,Sauna....,2,35,33,135
10/12/2025,3:00 PM,75 min.,Flatiron,Lively Free Flow,,Sauna.....,0,30,30,165
10/12/2025,3:30 PM,75 min.,Flatiron,Lively Free Flow,,Sauna.,17,45,28,193
10/12/2025,4:00 PM,75 min.,Flatiron,Lively Free Flow,,Sauna..,5,35,30,223
10/12/2025,4:30 PM,75 min.,Flatiron,Lively Free Flow,,Sauna...,6,30,24,247
10/12/2025,5:00 PM,75 min.,Flatiron,Lively Free Flow,,Sauna....,11,45,34,281
10/12/2025,5:30 PM,75 min.,Flatiron,Lively Free Flow,,Sauna.....,0,35,35,316
10/12/2025,6:00 PM,75 min.,Flatiron,Lively Free Flow,,Sauna.,0,30,30,346
10/12/2025,7:15 PM,75 min.,Flatiron,Guided All Around: Release,Jenny Frenkel,Sauna,4,64,60,406
10/12/2025,8:30 PM,75 min.,Flatiron,Free Flow,,Sauna.,0,25,25,431
10/12/2025,8:45 PM,75 min.,Flatiron,Free Flow,,Sauna..,12,25,13,444
10/12/2025,9:15 PM,75 min.,Flatiron,Free Flow,,Sauna...,35,35,0,444
10/12/2025,9:30 PM,75 min.,Flatiron,Free Flow,,Sauna....,30,30,0,444
09/29/2025,7:00 AM,60 min.,Flatiron,Guided Down: Sound Immersion - 60 min,,Sauna,51,64,13,13
09/29/2025,8:30 AM,75 min.,Flatiron,Quieter Free Flow,,Sauna.,31,40,9,22
09/29/2025,9:00 AM,75 min.,Flatiron,Quieter Free Flow,,Sauna..,34,40,6,28
09/29/2025,9:30 AM,75 min.,Flatiron,Quieter Free Flow,,Sauna...,37,40,3,31
09/29/2025,10:00 AM,75 min.,Flatiron,Quieter Free Flow,,Sauna.,35,40,5,36
09/29/2025,10:15 AM,75 min.,Flatiron,Quieter Free Flow,,Sauna..,37,40,3,39
09/29/2025,12:00 PM,60 min.,Flatiron,Guided Down: Deep Stretch - 60 min,,Sauna.,40,60,20,59
09/29/2025,1:30 PM,75 min.,Flatiron,Free Flow,,Sauna.,23,40,17,76
09/29/2025,1:45 PM,75 min.,Flatiron,Free Flow,,Sauna..,36,40,4,80
09/29/2025,2:15 PM,75 min.,Flatiron,Free Flow,,Sauna...,35,40,5,85
09/29/2025,2:45 PM,75 min.,Flatiron,Free Flow,,Sauna....,35,40,5,90
09/29/2025,3:15 PM,75 min.,Flatiron,Free Flow,,Sauna.....,31,40,9,99
09/29/2025,3:45 PM,75 min.,Flatiron,Free Flow,,Sauna.,33,40,7,106
09/29/2025,4:15 PM,75 min.,Flatiron,Free Flow,,Sauna..,34,40,6,112
09/29/2025,4:45 PM,75 min.,Flatiron,Free Flow,,Sauna...,15,30,15,127
09/29/2025,5:15 PM,75 min.,Flatiron,Lively Free Flow,,Sauna....,0,30,30,157
09/29/2025,6:30 PM,75 min.,Flatiron,Guided All Around: Gratitude,Aaron Albert,Sauna.,27,64,37,194
09/29/2025,7:45 PM,75 min.,Flatiron,Guided All Around: Journey Through the Elements,,Sauna.,9,64,55,249
09/29/2025,9:00 PM,75 min.,Flatiron,Guided All Around: Acceptance,,Sauna.,33,64,31,280
09/30/2025,7:00 AM,60 min.,Flatiron,Guided Up: Self-Care Sweat - 60 min,,Sauna,44,64,20,20
09/30/2025,8:30 AM,75 min.,Flatiron,Quieter Free Flow,,Sauna.,25,40,15,35
09/30/2025,9:00 AM,75 min.,Flatiron,Quieter Free Flow,,Sauna..,33,40,7,42
09/30/2025,9:30 AM,75 min.,Flatiron,Quieter Free Flow,,Sauna...,36,40,4,46
09/30/2025,10:00 AM,75 min.,Flatiron,Quieter Free Flow,,Sauna.,35,40,5,51
09/30/2025,10:15 AM,75 min.,Flatiron,Quieter Free Flow,,Sauna..,33,40,7,58
09/30/2025,12:00 PM,60 min.,Flatiron,Guided Down: Deep Stretch - 60 min,,Sauna.,43,60,17,75
09/30/2025,1:30 PM,75 min.,Flatiron,Free Flow,,Sauna...,27,40,13,88
09/30/2025,1:45 PM,75 min.,Flatiron,Free Flow,,Sauna..,36,40,4,92
09/30/2025,2:15 PM,75 min.,Flatiron,Free Flow,,Sauna....,35,40,5,97
09/30/2025,2:45 PM,75 min.,Flatiron,Free Flow,,Sauna.,39,40,1,98
09/30/2025,3:15 PM,75 min.,Flatiron,Free Flow,,Sauna..,36,40,4,102
09/30/2025,3:45 PM,75 min.,Flatiron,Free Flow,,Sauna....,24,30,6,108
09/30/2025,4:15 PM,75 min.,Flatiron,Free Flow,,Sauna.....,26,30,4,112
09/30/2025,4:45 PM,75 min.,Flatiron,Free Flow,,Sauna.,30,40,10,122
09/30/2025,5:15 PM,75 min.,Flatiron,Lively Free Flow,,Sauna...,8,30,22,144
09/30/2025,6:30 PM,75 min.,Flatiron,Guided All Around: Heart Opener,Teresa Lafferty,Sauna,25,64,39,183
09/30/2025,7:45 PM,75 min.,Flatiron,Guided All Around: Gratitude,,Sauna,23,64,41,224
09/30/2025,9:00 PM,75 min.,Flatiron,Free Flow,,Sauna.....,0,15,15,239
09/30/2025,9:15 PM,75 min.,Flatiron,Free Flow,,Sauna....,2,25,23,262
09/30/2025,9:30 PM,75 min.,Flatiron,Free Flow,,Sauna.,14,30,16,278
09/30/2025,9:45 PM,75 min.,Flatiron,Free Flow,,Sauna..,21,30,9,287
10/01/2025,7:00 AM,60 min.,Flatiron,Guided Up: Feel Good Now - 60 min,Aaron Albert,Sauna,33,64,31,31
10/01/2025,8:30 AM,75 min.,Flatiron,Free Flow,,Sauna.,25,40,15,46
10/01/2025,9:00 AM,75 min.,Flatiron,Free Flow,,Sauna..,38,40,2,48
10/01/2025,9:30 AM,75 min.,Flatiron,Free Flow,,Sauna...,38,40,2,50
10/01/2025,10:00 AM,75 min.,Flatiron,Free Flow,,Sauna.,33,40,7,57
10/01/2025,10:15 AM,75 min.,Flatiron,Free Flow,,Sauna..,37,40,3,60
10/01/2025,12:00 PM,60 min.,Flatiron,Guided All Around: Release - 60 min,,Sauna,45,64,19,79
10/01/2025,1:45 PM,75 min.,Flatiron,Free Flow,,Sauna.,31,40,9,88
10/01/2025,2:15 PM,75 min.,Flatiron,Free Flow,,Sauna..,39,40,1,89
10/01/2025,2:45 PM,75 min.,Flatiron,Free Flow,,Sauna...,36,40,4,93
10/01/2025,3:15 PM,75 min.,Flatiron,Free Flow,,Sauna....,36,40,4,97
10/01/2025,3:45 PM,75 min.,Flatiron,Free Flow,,Sauna.....,21,30,9,106
10/01/2025,4:15 PM,75 min.,Flatiron,Free Flow,,Sauna.,17,30,13,119
10/01/2025,5:30 PM,75 min.,Flatiron,Guided All Around: Reset,,Sauna,35,64,29,148
10/01/2025,6:45 PM,75 min.,Flatiron,Guided All Around: Loving Kindness,,Sauna,5,64,59,207
10/01/2025,8:15 PM,75 min.,Flatiron,Othership & Metwally Presents CONTRAST:001,,Sauna..,7,38,31,238
10/01/2025,8:30 PM,75 min.,Flatiron,Othership & Metwally Presents CONTRAST:001,,Sauna...,7,25,18,256
10/01/2025,8:45 PM,75 min.,Flatiron,Othership & Metwally Presents CONTRAST:001,,Sauna....,6,20,14,270
10/01/2025,9:00 PM,75 min.,Flatiron,Othership & Metwally Presents CONTRAST:001,,Sauna.....,13,36,23,293
10/02/2025,7:00 AM,60 min.,Flatiron,Guided Down: Deep Stretch - 60 min,,Sauna,44,60,16,16
10/02/2025,8:30 AM,75 min.,Flatiron,Free Flow,,Sauna.,30,40,10,26
10/02/2025,9:00 AM,75 min.,Flatiron,Free Flow,,Sauna..,34,40,6,32
10/02/2025,9:30 AM,75 min.,Flatiron,Free Flow,,Sauna...,38,40,2,34
10/02/2025,10:00 AM,75 min.,Flatiron,Free Flow,,Sauna.,37,40,3,37
10/02/2025,10:15 AM,75 min.,Flatiron,Free Flow,,Sauna..,34,40,6,43
10/02/2025,12:00 PM,60 min.,Flatiron,Guided Up: Awakening - 60 min,,Sauna,49,64,15,58
10/02/2025,1:30 PM,75 min.,Flatiron,Free Flow,,Sauna.,28,40,12,70
10/02/2025,2:00 PM,75 min.,Flatiron,Free Flow,,Sauna..,32,40,8,78
10/02/2025,2:30 PM,75 min.,Flatiron,Free Flow,,Sauna...,32,40,8,86
10/02/2025,3:00 PM,75 min.,Flatiron,Free Flow,,Sauna....,38,40,2,88
10/02/2025,3:30 PM,75 min.,Flatiron,Free Flow,,Sauna.,35,40,5,93
10/02/2025,4:00 PM,75 min.,Flatiron,Free Flow,,Sauna..,30,40,10,103
10/02/2025,4:30 PM,75 min.,Flatiron,Free Flow,,Sauna...,29,40,11,114
10/02/2025,5:00 PM,75 min.,Flatiron,Free Flow,,Sauna.,25,40,15,129
10/02/2025,5:30 PM,75 min.,Flatiron,Lively Free Flow,,Sauna..,0,40,40,169
10/02/2025,8:45 PM,75 min.,Flatiron,Lively Free Flow,,Sauna....,0,25,25,194
10/02/2025,9:00 PM,75 min.,Flatiron,Lively Free Flow,,Sauna.....,1,15,14,208
10/02/2025,9:30 PM,75 min.,Flatiron,Lively Free Flow,,Sauna.,18,30,12,220
10/02/2025,9:45 PM,75 min.,Flatiron,Lively Free Flow,,Sauna..,24,30,6,226
10/03/2025,7:00 AM,75 min.,Flatiron,Guided All Around: Release,Jenny Frenkel,Sauna,47,64,17,17
10/03/2025,8:15 AM,75 min.,Flatiron,Guided All Around: Hardwiring Happiness,,Sauna,52,64,12,29
10/03/2025,9:30 AM,75 min.,Flatiron,Guided Down: Unwind,Brian Lamy,Sauna,45,64,19,48
10/03/2025,10:45 AM,75 min.,Flatiron,Guided Up: Arctic Tundra,,Sauna,57,64,7,55
10/03/2025,12:00 PM,75 min.,Flatiron,Free Flow,,Sauna.,9,30,21,76
10/03/2025,12:30 PM,75 min.,Flatiron,Free Flow,,Sauna..,27,30,3,79
10/03/2025,1:00 PM,75 min.,Flatiron,Free Flow,,Sauna...,38,45,7,86
10/03/2025,1:30 PM,75 min.,Flatiron,Free Flow,,Sauna....,28,35,7,93
10/03/2025,2:00 PM,75 min.,Flatiron,Free Flow,,Sauna.....,18,30,12,105
10/03/2025,2:30 PM,75 min.,Flatiron,Free Flow,,Sauna.,40,45,5,110
10/03/2025,3:00 PM,75 min.,Flatiron,Free Flow,,Sauna..,30,35,5,115
10/03/2025,3:30 PM,75 min.,Flatiron,Free Flow,,Sauna...,22,30,8,123
10/03/2025,4:00 PM,75 min.,Flatiron,Free Flow,,Sauna....,27,45,18,141
10/03/2025,4:30 PM,75 min.,Flatiron,Free Flow,,Sauna.....,11,35,24,165
10/03/2025,5:00 PM,75 min.,Flatiron,Free Flow,,Sauna.,10,30,20,185
10/03/2025,5:30 PM,75 min.,Flatiron,Free Flow,,Sauna..,11,45,34,219
10/03/2025,6:00 PM,75 min.,Flatiron,Lively Free Flow,,Sauna...,1,20,19,238
10/03/2025,6:30 PM,75 min.,Flatiron,Lively Free Flow,,Sauna....,0,25,25,263
10/03/2025,7:45 PM,75 min.,Flatiron,Guided Down: Self-Care Sweat,nicole lopes,Sauna.,9,64,55,318
10/03/2025,9:00 PM,120 min.,Flatiron,Social,,Sauna.,7,25,18,336
10/03/2025,9:20 PM,120 min.,Flatiron,Social,,Sauna..,19,30,11,347
10/03/2025,9:40 PM,120 min.,Flatiron,Social,,Sauna...,23,30,7,354
10/03/2025,10:00 PM,120 min.,Flatiron,Social,,Sauna....,20,30,10,364
10/04/2025,8:00 AM,75 min.,Flatiron,Guided Down: Self-Care Sweat,nicole lopes,Sauna,56,64,8,8
10/04/2025,9:15 AM,75 min.,Flatiron,Guided Down: Embodied,Carlie Williams,Sauna,45,60,15,23
10/04/2025,10:30 AM,75 min.,Flatiron,Guided All Around: Reset,,Sauna,5,64,59,82
10/04/2025,11:45 AM,75 min.,Flatiron,Guided All Around: Heart Opener,Vanessa Fontana,Sauna,32,64,32,114
10/04/2025,1:00 PM,75 min.,Flatiron,Lively Free Flow,,Sauna....,0,20,20,134
10/04/2025,1:30 PM,75 min.,Flatiron,Lively Free Flow,,Sauna.....,1,20,19,153
10/04/2025,2:00 PM,75 min.,Flatiron,Lively Free Flow,,Sauna.,36,45,9,162
10/04/2025,2:30 PM,75 min.,Flatiron,Lively Free Flow,,Sauna..,15,35,20,182
10/04/2025,3:00 PM,75 min.,Flatiron,Lively Free Flow,,Sauna...,17,30,13,195
10/04/2025,3:30 PM,75 min.,Flatiron,Lively Free Flow,,Sauna....,32,45,13,208
10/04/2025,4:00 PM,75 min.,Flatiron,Lively Free Flow,,Sauna.....,19,35,16,224
10/04/2025,4:30 PM,75 min.,Flatiron,Lively Free Flow,,Sauna.,18,30,12,236
10/04/2025,5:00 PM,75 min.,Flatiron,Lively Free Flow,,Sauna..,32,45,13,249
10/04/2025,5:30 PM,75 min.,Flatiron,Lively Free Flow,,Sauna...,28,35,7,256
10/04/2025,6:00 PM,75 min.,Flatiron,Lively Free Flow,,Sauna....,13,30,17,273
10/04/2025,6:30 PM,75 min.,Flatiron,Lively Free Flow,,Sauna.....,6,20,14,287
10/04/2025,7:45 PM,75 min.,Flatiron,Guided All Around: Release,Jenny Frenkel,Sauna,27,64,37,324
10/04/2025,9:00 PM,120 min.,Flatiron,Social,,Sauna.....,14,30,16,340
10/04/2025,9:20 PM,120 min.,Flatiron,Social,,Sauna.,27,30,3,343
10/04/2025,9:40 PM,120 min.,Flatiron,Social,,Sauna...,30,35,5,348
10/04/2025,10:00 PM,120 min.,Flatiron,Social,,Sauna..,24,30,6,354
10/05/2025,8:00 AM,75 min.,Flatiron,Guided Down: Sound Immersion,,Sauna,56,64,8,8
10/05/2025,9:15 AM,75 min.,Flatiron,Guided Down: Deep Stretch,,Sauna,36,60,24,32
10/05/2025,10:30 AM,75 min.,Flatiron,Guided Down: Sound Immersion,Rootsgod Fender,Sauna,22,64,42,74
10/05/2025,11:45 AM,75 min.,Flatiron,Guided All Around: Reflect,,Sauna,23,64,41,115
10/05/2025,1:00 PM,75 min.,Flatiron,Lively Free Flow,,Sauna.,1,30,29,144
10/05/2025,1:30 PM,75 min.,Flatiron,Lively Free Flow,,Sauna..,12,30,18,162
10/05/2025,2:00 PM,75 min.,Flatiron,Lively Free Flow,,Sauna...,22,45,23,185
10/05/2025,2:30 PM,75 min.,Flatiron,Lively Free Flow,,Sauna....,17,35,18,203
10/05/2025,3:00 PM,75 min.,Flatiron,Lively Free Flow,,Sauna.....,1,30,29,232
10/05/2025,3:30 PM,75 min.,Flatiron,Lively Free Flow,,Sauna.,32,45,13,245
10/05/2025,4:00 PM,75 min.,Flatiron,Lively Free Flow,,Sauna..,19,35,16,261
10/05/2025,4:30 PM,75 min.,Flatiron,Lively Free Flow,,Sauna...,0,30,30,291
10/05/2025,5:00 PM,75 min.,Flatiron,Lively Free Flow,,Sauna....,25,45,20,311
10/05/2025,5:30 PM,75 min.,Flatiron,Lively Free Flow,,Sauna.....,0,35,35,346
10/05/2025,6:00 PM,75 min.,Flatiron,Lively Free Flow,,Sauna...,0,20,20,366
10/05/2025,7:15 PM,75 min.,Flatiron,Guided All Around: Reset,,Sauna,4,64,60,426
10/05/2025,8:30 PM,75 min.,Flatiron,Free Flow,,Sauna.,3,25,22,448
10/05/2025,8:45 PM,75 min.,Flatiron,Free Flow,,Sauna..,1,25,24,472
10/05/2025,9:15 PM,75 min.,Flatiron,Free Flow,,Sauna...,32,35,3,475
10/05/2025,9:30 PM,75 min.,Flatiron,Free Flow,,Sauna....,23,30,7,482
09/23/2025,7:00 AM,60 min.,Flatiron,Guided Down: Deep Stretch - 60 min,,Sauna,46,60,14,14
09/23/2025,8:30 AM,75 min.,Flatiron,Quieter Free Flow,,Sauna.,29,40,11,25
09/23/2025,9:00 AM,75 min.,Flatiron,Quieter Free Flow,,Sauna..,34,40,6,31
09/23/2025,9:30 AM,75 min.,Flatiron,Quieter Free Flow,,Sauna...,35,40,5,36
09/23/2025,10:00 AM,75 min.,Flatiron,Quieter Free Flow,,Sauna.,37,40,3,39
09/23/2025,10:15 AM,75 min.,Flatiron,Quieter Free Flow,,Sauna..,33,40,7,46
09/23/2025,12:00 PM,60 min.,Flatiron,"Guided All Around: Rose, Thorn, Bud - 60 min",,Sauna.,46,64,18,64
09/23/2025,1:30 PM,75 min.,Flatiron,Free Flow,,Sauna...,20,40,20,84
09/23/2025,1:45 PM,75 min.,Flatiron,Free Flow,,Sauna..,37,40,3,87
09/23/2025,2:15 PM,75 min.,Flatiron,Free Flow,,Sauna....,31,40,9,96
09/23/2025,2:45 PM,75 min.,Flatiron,Free Flow,,Sauna.,34,40,6,102
09/23/2025,3:15 PM,75 min.,Flatiron,Free Flow,,Sauna..,37,40,3,105
09/23/2025,3:45 PM,75 min.,Flatiron,Free Flow,,Sauna....,25,30,5,110
09/23/2025,4:15 PM,75 min.,Flatiron,Free Flow,,Sauna.....,23,30,7,117
09/23/2025,4:45 PM,75 min.,Flatiron,Free Flow,,Sauna.,23,40,17,134
09/23/2025,5:15 PM,75 min.,Flatiron,Lively Free Flow,,Sauna...,0,30,30,164
09/23/2025,6:30 PM,75 min.,Flatiron,Guided All Around: Reset,Derek Baynton,Sauna,15,64,49,213
09/23/2025,7:45 PM,75 min.,Flatiron,Guided All Around: Gratitude,,Sauna,39,64,25,238
09/23/2025,9:00 PM,75 min.,Flatiron,Free Flow,,Sauna.....,0,15,15,253
09/23/2025,9:15 PM,75 min.,Flatiron,Free Flow,,Sauna....,3,25,22,275
09/23/2025,9:30 PM,75 min.,Flatiron,Free Flow,,Sauna.,2,30,28,303
09/23/2025,9:45 PM,75 min.,Flatiron,Free Flow,,Sauna..,18,30,12,315
09/24/2025,7:00 AM,60 min.,Flatiron,Guided All Around: Hardwiring Happiness - 60 min,,Sauna,37,64,27,27
09/24/2025,8:30 AM,75 min.,Flatiron,Free Flow,,Sauna.,30,40,10,37
09/24/2025,9:00 AM,75 min.,Flatiron,Free Flow,,Sauna..,35,40,5,42
09/24/2025,9:30 AM,75 min.,Flatiron,Free Flow,,Sauna...,38,40,2,44
09/24/2025,10:00 AM,75 min.,Flatiron,Free Flow,,Sauna.,31,40,9,53
09/24/2025,10:15 AM,75 min.,Flatiron,Free Flow,,Sauna..,30,40,10,63
09/24/2025,12:00 PM,60 min.,Flatiron,Guided Down: Pure Presence - 60 min,Jiva Smith,Sauna,44,64,20,83
09/24/2025,1:45 PM,75 min.,Flatiron,Free Flow,,Sauna.,28,40,12,95
09/24/2025,2:15 PM,75 min.,Flatiron,Free Flow,,Sauna..,35,40,5,100
09/24/2025,2:45 PM,75 min.,Flatiron,Free Flow,,Sauna...,37,40,3,103
09/24/2025,3:15 PM,75 min.,Flatiron,Free Flow,,Sauna....,39,40,1,104
09/24/2025,3:45 PM,75 min.,Flatiron,Free Flow,,Sauna.....,18,30,12,116
09/24/2025,4:15 PM,75 min.,Flatiron,Free Flow,,Sauna.,10,30,20,136
09/24/2025,5:30 PM,75 min.,Flatiron,Guided All Around: Hardwiring Happiness,,Sauna,43,64,21,157
09/24/2025,6:45 PM,75 min.,Flatiron,Guided All Around: A-Z Emotions,,Sauna,11,64,53,210
09/24/2025,8:00 PM,75 min.,Flatiron,Free Flow,,Sauna.,6,30,24,234
09/24/2025,8:15 PM,75 min.,Flatiron,Free Flow,,Sauna..,10,20,10,244
09/24/2025,8:30 PM,75 min.,Flatiron,Free Flow,,Sauna...,11,25,14,258
09/24/2025,8:45 PM,75 min.,Flatiron,Free Flow,,Sauna....,18,20,2,260
09/24/2025,9:00 PM,75 min.,Flatiron,Free Flow,,Sauna.....,10,15,5,265
09/24/2025,9:30 PM,75 min.,Flatiron,Free Flow,,Sauna.,20,30,10,275
09/24/2025,9:45 PM,75 min.,Flatiron,Free Flow,,Sauna..,28,30,2,277
09/25/2025,7:00 AM,60 min.,Flatiron,Guided Up: Self-Care Sweat - 60 min,,Sauna,37,64,27,27
09/25/2025,8:30 AM,75 min.,Flatiron,Free Flow,,Sauna.,32,40,8,35
09/25/2025,9:00 AM,75 min.,Flatiron,Free Flow,,Sauna..,34,40,6,41
09/25/2025,9:30 AM,75 min.,Flatiron,Free Flow,,Sauna...,37,40,3,44
09/25/2025,10:00 AM,75 min.,Flatiron,Free Flow,,Sauna.,35,40,5,49
09/25/2025,10:15 AM,75 min.,Flatiron,Free Flow,,Sauna..,34,40,6,55
09/25/2025,1:45 PM,75 min.,Flatiron,Free Flow,,Sauna.,25,40,15,70
09/25/2025,2:00 PM,75 min.,Flatiron,Free Flow,,Sauna..,35,40,5,75
09/25/2025,2:30 PM,75 min.,Flatiron,Free Flow,,Sauna...,33,40,7,82
09/25/2025,3:00 PM,75 min.,Flatiron,Free Flow,,Sauna....,27,40,13,95
09/25/2025,3:30 PM,75 min.,Flatiron,Free Flow,,Sauna.,36,40,4,99
09/25/2025,4:00 PM,75 min.,Flatiron,Free Flow,,Sauna..,31,40,9,108
09/25/2025,4:30 PM,75 min.,Flatiron,Free Flow,,Sauna...,35,40,5,113
09/25/2025,5:00 PM,75 min.,Flatiron,Free Flow,,Sauna.,13,40,27,140
09/25/2025,5:30 PM,75 min.,Flatiron,Lively Free Flow,,Sauna..,10,40,30,170
09/25/2025,6:45 PM,75 min.,Flatiron,Guided All Around: Release,Jenny Frenkel,Sauna,14,64,50,220
09/25/2025,8:00 PM,75 min.,Flatiron,Lively Free Flow,,Sauna.,1,25,24,244
09/25/2025,8:15 PM,75 min.,Flatiron,Lively Free Flow,,Sauna..,1,15,14,258
09/25/2025,8:30 PM,75 min.,Flatiron,Lively Free Flow,,Sauna...,17,30,13,271
09/25/2025,8:45 PM,75 min.,Flatiron,Lively Free Flow,,Sauna....,23,25,2,273
09/25/2025,9:00 PM,75 min.,Flatiron,Lively Free Flow,,Sauna.....,8,15,7,280
09/25/2025,9:30 PM,75 min.,Flatiron,Lively Free Flow,,Sauna.,25,30,5,285
09/25/2025,9:45 PM,75 min.,Flatiron,Lively Free Flow,,Sauna..,24,30,6,291
09/26/2025,7:00 AM,75 min.,Flatiron,Guided Down: Senses,,Sauna,51,64,13,13
09/26/2025,8:15 AM,75 min.,Flatiron,Guided All Around: Reset,,Sauna,49,64,15,28
09/26/2025,9:30 AM,75 min.,Flatiron,Guided Down: Unwind,Brian Lamy,Sauna,54,64,10,38
09/26/2025,10:45 AM,75 min.,Flatiron,Guided Down: Deep Stretch,,Sauna,40,60,20,58
09/26/2025,12:00 PM,75 min.,Flatiron,Free Flow,,Sauna.,27,30,3,61
09/26/2025,12:30 PM,75 min.,Flatiron,Free Flow,,Sauna..,27,30,3,64
09/26/2025,1:00 PM,75 min.,Flatiron,Free Flow,,Sauna...,39,45,6,70
09/26/2025,1:30 PM,75 min.,Flatiron,Free Flow,,Sauna....,26,35,9,79
09/26/2025,2:00 PM,75 min.,Flatiron,Free Flow,,Sauna.....,19,30,11,90
09/26/2025,2:30 PM,75 min.,Flatiron,Free Flow,,Sauna.,36,45,9,99
09/26/2025,3:00 PM,75 min.,Flatiron,Free Flow,,Sauna..,31,35,4,103
09/26/2025,3:30 PM,75 min.,Flatiron,Free Flow,,Sauna...,22,30,8,111
09/26/2025,4:00 PM,75 min.,Flatiron,Free Flow,,Sauna....,28,45,17,128
09/26/2025,4:30 PM,75 min.,Flatiron,Free Flow,,Sauna.....,21,35,14,142
09/26/2025,5:00 PM,75 min.,Flatiron,Free Flow,,Sauna.,13,30,17,159
09/26/2025,5:30 PM,75 min.,Flatiron,Free Flow,,Sauna..,18,45,27,186
09/26/2025,6:00 PM,75 min.,Flatiron,Lively Free Flow,,Sauna...,7,20,13,199
09/26/2025,6:30 PM,75 min.,Flatiron,Lively Free Flow,,Sauna....,1,25,24,223
09/26/2025,7:45 PM,75 min.,Flatiron,Guided Up: Self-Care Sweat,,Sauna.,26,64,38,261
09/26/2025,9:00 PM,120 min.,Flatiron,Social,,Sauna.,2,25,23,284
09/26/2025,9:20 PM,120 min.,Flatiron,Social,,Sauna..,2,30,28,312
09/26/2025,9:40 PM,120 min.,Flatiron,Social,,Sauna...,12,30,18,330
09/26/2025,10:00 PM,120 min.,Flatiron,Social,,Sauna....,26,30,4,334
09/27/2025,8:00 AM,75 min.,Flatiron,Guided All Around: Heart Opener,Vanessa Fontana,Sauna,52,64,12,12
09/27/2025,9:15 AM,75 min.,Flatiron,Guided Down: Embodied,Carlie Williams,Sauna,39,64,25,37
09/27/2025,10:30 AM,75 min.,Flatiron,Guided All Around: A-Z Emotions,,Sauna,30,64,34,71
09/27/2025,11:45 AM,75 min.,Flatiron,Guided Down: Sound Immersion,Rootsgod Fender,Sauna,11,64,53,124
09/27/2025,1:00 PM,75 min.,Flatiron,Lively Free Flow,,Sauna....,4,20,16,140
09/27/2025,1:30 PM,75 min.,Flatiron,Lively Free Flow,,Sauna.....,0,20,20,160
09/27/2025,2:00 PM,75 min.,Flatiron,Lively Free Flow,,Sauna.,7,45,38,198
09/27/2025,2:30 PM,75 min.,Flatiron,Lively Free Flow,,Sauna..,22,35,13,211
09/27/2025,3:00 PM,75 min.,Flatiron,Lively Free Flow,,Sauna...,14,30,16,227
09/27/2025,3:30 PM,75 min.,Flatiron,Lively Free Flow,,Sauna....,24,45,21,248
09/27/2025,4:00 PM,75 min.,Flatiron,Lively Free Flow,,Sauna.....,24,35,11,259
09/27/2025,4:30 PM,75 min.,Flatiron,Lively Free Flow,,Sauna.,19,30,11,270
09/27/2025,5:00 PM,75 min.,Flatiron,Lively Free Flow,,Sauna..,35,45,10,280
09/27/2025,5:30 PM,75 min.,Flatiron,Lively Free Flow,,Sauna...,27,35,8,288
09/27/2025,6:00 PM,75 min.,Flatiron,Lively Free Flow,,Sauna....,15,30,15,303
09/27/2025,6:30 PM,75 min.,Flatiron,Lively Free Flow,,Sauna.....,7,20,13,316
09/27/2025,7:45 PM,75 min.,Flatiron,Guided All Around: Journey Through the Seasons,,Sauna,37,64,27,343
09/27/2025,9:00 PM,120 min.,Flatiron,Beat Drop: DJ Takeover,,Sauna.....,7,40,33,376
09/27/2025,9:20 PM,120 min.,Flatiron,Beat Drop: DJ Takeover,,Sauna.,15,30,15,391
09/27/2025,9:40 PM,120 min.,Flatiron,Beat Drop: DJ Takeover,,Sauna...,33,35,2,393
09/27/2025,10:00 PM,120 min.,Flatiron,Beat Drop: DJ Takeover,,Sauna..,22,30,8,401
09/28/2025,7:00 AM,60 min.,Flatiron,Guided All Around: Hardwiring Happiness - 60 min,,Sauna,52,64,12,12
09/28/2025,8:30 AM,75 min.,Flatiron,Viola Quieter Free Flow,,Sauna.,29,40,11,23
09/28/2025,9:00 AM,75 min.,Flatiron,Viola Quieter Free Flow,,Sauna..,36,40,4,27
09/28/2025,9:30 AM,75 min.,Flatiron,Viola Quieter Free Flow,,Sauna...,37,40,3,30
09/28/2025,10:00 AM,75 min.,Flatiron,Viola Quieter Free Flow,,Sauna.,36,40,4,34
09/28/2025,10:15 AM,75 min.,Flatiron,Viola Quieter Free Flow,,Sauna..,34,40,6,40
09/28/2025,12:00 PM,60 min.,Flatiron,Guided All Around: Reflect - 60 min,,Sauna.,51,64,13,53
09/28/2025,1:30 PM,75 min.,Flatiron,Free Flow,,Sauna.,30,40,10,63
09/28/2025,1:45 PM,75 min.,Flatiron,Free Flow,,Sauna..,36,40,4,67
09/28/2025,2:15 PM,75 min.,Flatiron,Free Flow,,Sauna...,37,40,3,70
09/28/2025,2:45 PM,75 min.,Flatiron,Free Flow,,Sauna....,35,40,5,75
09/28/2025,3:15 PM,75 min.,Flatiron,Free Flow,,Sauna.....,33,40,7,82
09/28/2025,3:45 PM,75 min.,Flatiron,Free Flow,,Sauna.,29,40,11,93
09/28/2025,4:15 PM,75 min.,Flatiron,Free Flow,,Sauna..,35,40,5,98
09/28/2025,4:45 PM,75 min.,Flatiron,Free Flow,,Sauna...,20,30,10,108
09/28/2025,5:15 PM,75 min.,Flatiron,Lively Free Flow,,Sauna....,1,30,29,137
09/28/2025,6:30 PM,75 min.,Flatiron,Guided Up: Feel Good Now,Aaron Albert,Sauna.,21,64,43,180
09/28/2025,7:45 PM,75 min.,Flatiron,Guided All Around: Loving Kindness,,Sauna.,15,64,49,229
09/28/2025,9:00 PM,75 min.,Flatiron,Guided Down: Unwind,,Sauna.,49,64,15,244
09/15/2025,7:00 AM,60 min.,Flatiron,Guided Down: Sound Immersion - 60 min,,Sauna,53,64,11,11
09/15/2025,8:30 AM,75 min.,Flatiron,Quieter Free Flow,,Sauna.,31,40,9,20
09/15/2025,9:00 AM,75 min.,Flatiron,Quieter Free Flow,,Sauna..,39,40,1,21
09/15/2025,9:30 AM,75 min.,Flatiron,Quieter Free Flow,,Sauna...,40,40,0,21
09/15/2025,10:00 AM,75 min.,Flatiron,Quieter Free Flow,,Sauna.,34,40,6,27
09/15/2025,10:15 AM,75 min.,Flatiron,Quieter Free Flow,,Sauna..,35,40,5,32
09/15/2025,12:00 PM,60 min.,Flatiron,Guided Down: Deep Stretch - 60 min,,Sauna,56,64,8,40
09/15/2025,1:30 PM,75 min.,Flatiron,Free Flow,,Sauna.,27,40,13,53
09/15/2025,1:45 PM,75 min.,Flatiron,Free Flow,,Sauna..,39,40,1,54
09/15/2025,2:15 PM,75 min.,Flatiron,Free Flow,,Sauna...,37,40,3,57
09/15/2025,2:45 PM,75 min.,Flatiron,Free Flow,,Sauna....,37,40,3,60
09/15/2025,3:15 PM,75 min.,Flatiron,Free Flow,,Sauna.....,36,40,4,64
09/15/2025,3:45 PM,75 min.,Flatiron,Free Flow,,Sauna.,31,40,9,73
09/15/2025,4:15 PM,75 min.,Flatiron,Free Flow,,Sauna..,37,40,3,76
09/15/2025,4:45 PM,75 min.,Flatiron,Free Flow,,Sauna...,23,30,7,83
09/15/2025,5:15 PM,75 min.,Flatiron,Lively Free Flow,,Sauna....,10,30,20,103
09/15/2025,6:30 PM,75 min.,Flatiron,Guided All Around: Gratitude,Aaron Albert,Sauna,3,64,61,164
09/15/2025,7:45 PM,75 min.,Flatiron,Guided Down: Pure Presence,,Sauna,14,64,50,214
09/15/2025,9:30 PM,120 min.,Flatiron,Comedy Night,,Sauna.,3,75,72,286
09/16/2025,7:00 AM,60 min.,Flatiron,Guided Up: Self-Care Sweat - 60 min,,Sauna,49,64,15,15
09/16/2025,8:30 AM,75 min.,Flatiron,Quieter Free Flow,,Sauna.,27,40,13,28
09/16/2025,9:00 AM,75 min.,Flatiron,Quieter Free Flow,,Sauna..,34,40,6,34
09/16/2025,9:30 AM,75 min.,Flatiron,Quieter Free Flow,,Sauna...,36,40,4,38
09/16/2025,10:00 AM,75 min.,Flatiron,Quieter Free Flow,,Sauna.,39,40,1,39
09/16/2025,10:15 AM,75 min.,Flatiron,Quieter Free Flow,,Sauna..,36,40,4,43
09/16/2025,12:00 PM,60 min.,Flatiron,Guided Down: Deep Stretch - 60 min,,Sauna,39,60,21,64
09/16/2025,1:30 PM,75 min.,Flatiron,Free Flow,,Sauna...,31,40,9,73
09/16/2025,1:45 PM,75 min.,Flatiron,Free Flow,,Sauna..,35,40,5,78
09/16/2025,2:15 PM,75 min.,Flatiron,Free Flow,,Sauna....,39,40,1,79
09/16/2025,2:45 PM,75 min.,Flatiron,Free Flow,,Sauna.,36,40,4,83
09/16/2025,3:15 PM,75 min.,Flatiron,Free Flow,,Sauna..,32,40,8,91
09/16/2025,3:45 PM,75 min.,Flatiron,Free Flow,,Sauna....,27,30,3,94
09/16/2025,4:15 PM,75 min.,Flatiron,Free Flow,,Sauna.....,20,30,10,104
09/16/2025,4:45 PM,75 min.,Flatiron,Free Flow,,Sauna.,12,25,13,117
09/16/2025,6:00 PM,75 min.,Flatiron,Guided Down: Unwind,,Sauna,17,64,47,164
09/16/2025,7:15 PM,75 min.,Flatiron,Guided All Around: A-Z Emotions,,Sauna,33,64,31,195
09/16/2025,9:00 PM,120 min.,Flatiron,Runner's Night,,Sauna.....,2,40,38,233
09/16/2025,9:15 PM,120 min.,Flatiron,Runner's Night,,Sauna..,17,40,23,256
09/16/2025,9:30 PM,120 min.,Flatiron,Runner's Night,,Sauna...,32,40,8,264
09/17/2025,7:00 AM,60 min.,Flatiron,Guided Up: Feel Good Now - 60 min,Aaron Albert,Sauna,50,64,14,14
09/17/2025,8:30 AM,75 min.,Flatiron,Free Flow,,Sauna.,28,40,12,26
09/17/2025,9:00 AM,75 min.,Flatiron,Free Flow,,Sauna..,34,40,6,32
09/17/2025,9:30 AM,75 min.,Flatiron,Free Flow,,Sauna...,36,40,4,36
09/17/2025,10:00 AM,75 min.,Flatiron,Free Flow,,Sauna.,40,40,0,36
09/17/2025,10:15 AM,75 min.,Flatiron,Free Flow,,Sauna..,33,40,7,43
09/17/2025,12:00 PM,60 min.,Flatiron,Guided All Around: Release - 60 min,,Sauna,33,64,31,74
09/17/2025,1:45 PM,75 min.,Flatiron,Free Flow,,Sauna.,29,40,11,85
09/17/2025,2:15 PM,75 min.,Flatiron,Free Flow,,Sauna..,38,40,2,87
09/17/2025,2:45 PM,75 min.,Flatiron,Free Flow,,Sauna...,34,40,6,93
09/17/2025,3:15 PM,75 min.,Flatiron,Free Flow,,Sauna....,37,40,3,96
09/17/2025,3:45 PM,75 min.,Flatiron,Free Flow,,Sauna.....,20,30,10,106
09/17/2025,4:15 PM,75 min.,Flatiron,Free Flow,,Sauna.,5,30,25,131
09/17/2025,5:30 PM,75 min.,Flatiron,Guided All Around: Journey Through the Elements,,Sauna,47,64,17,148
09/17/2025,6:45 PM,75 min.,Flatiron,Guided All Around: Reset,,Sauna,14,64,50,198
09/17/2025,8:00 PM,75 min.,Flatiron,Free Flow,,Sauna.,2,30,28,226
09/17/2025,8:15 PM,75 min.,Flatiron,Free Flow,,Sauna..,0,20,20,246
09/17/2025,8:30 PM,75 min.,Flatiron,Free Flow,,Sauna...,2,25,23,269
09/17/2025,8:45 PM,75 min.,Flatiron,Free Flow,,Sauna....,6,20,14,283
09/17/2025,9:00 PM,75 min.,Flatiron,Free Flow,,Sauna.....,11,15,4,287
09/17/2025,9:30 PM,75 min.,Flatiron,Free Flow,,Sauna.,21,30,9,296
09/17/2025,9:45 PM,75 min.,Flatiron,Free Flow,,Sauna..,25,30,5,301
09/18/2025,7:00 AM,60 min.,Flatiron,Guided Down: Self-Care Sweat - 60 min,nicole lopes,Sauna,38,64,26,26
09/18/2025,8:30 AM,75 min.,Flatiron,Free Flow,,Sauna.,25,40,15,41
09/18/2025,9:00 AM,75 min.,Flatiron,Free Flow,,Sauna..,30,40,10,51
09/18/2025,9:30 AM,75 min.,Flatiron,Free Flow,,Sauna...,36,40,4,55
09/18/2025,10:00 AM,75 min.,Flatiron,Free Flow,,Sauna.,32,40,8,63
09/18/2025,10:15 AM,75 min.,Flatiron,Free Flow,,Sauna..,34,40,6,69
09/18/2025,12:00 PM,60 min.,Flatiron,Guided Up: Awakening - 60 min,,Sauna,53,64,11,80
09/18/2025,1:30 PM,75 min.,Flatiron,Free Flow,,Sauna.,32,40,8,88
09/18/2025,2:00 PM,75 min.,Flatiron,Free Flow,,Sauna..,39,40,1,89
09/18/2025,2:30 PM,75 min.,Flatiron,Free Flow,,Sauna...,31,40,9,98
09/18/2025,3:00 PM,75 min.,Flatiron,Free Flow,,Sauna....,35,40,5,103
09/18/2025,3:30 PM,75 min.,Flatiron,Free Flow,,Sauna.,26,40,14,117
09/18/2025,4:00 PM,75 min.,Flatiron,Free Flow,,Sauna..,30,40,10,127
09/18/2025,4:30 PM,75 min.,Flatiron,Free Flow,,Sauna...,30,40,10,137
09/18/2025,5:00 PM,75 min.,Flatiron,Free Flow,,Sauna.,25,40,15,152
09/18/2025,5:30 PM,75 min.,Flatiron,Lively Free Flow,,Sauna..,16,40,24,176
09/18/2025,6:45 PM,75 min.,Flatiron,Guided Up: Feel Good Now,Aaron Albert,Sauna,17,64,47,223
09/18/2025,8:00 PM,75 min.,Flatiron,Lively Free Flow,,Sauna.,1,25,24,247
09/18/2025,8:15 PM,75 min.,Flatiron,Lively Free Flow,,Sauna..,2,15,13,260
09/18/2025,8:30 PM,75 min.,Flatiron,Lively Free Flow,,Sauna...,11,30,19,279
09/18/2025,8:45 PM,75 min.,Flatiron,Lively Free Flow,,Sauna....,23,25,2,281
09/18/2025,9:00 PM,75 min.,Flatiron,Lively Free Flow,,Sauna.....,8,15,7,288
09/18/2025,9:30 PM,75 min.,Flatiron,Lively Free Flow,,Sauna.,23,30,7,295
09/18/2025,9:45 PM,75 min.,Flatiron,Lively Free Flow,,Sauna..,27,30,3,298
09/19/2025,7:00 AM,75 min.,Flatiron,Guided Down: Senses,,Sauna,48,64,16,16
09/19/2025,8:15 AM,75 min.,Flatiron,Guided All Around: Hardwiring Happiness,,Sauna,51,64,13,29
09/19/2025,9:30 AM,75 min.,Flatiron,Guided All Around: Release,Jenny Frenkel,Sauna,38,64,26,55
09/19/2025,10:45 AM,75 min.,Flatiron,Guided Up: Arctic Tundra,,Sauna,52,64,12,67
09/19/2025,12:00 PM,75 min.,Flatiron,Free Flow,,Sauna.,16,30,14,81
09/19/2025,12:30 PM,75 min.,Flatiron,Free Flow,,Sauna..,25,30,5,86
09/19/2025,1:00 PM,75 min.,Flatiron,Free Flow,,Sauna...,44,45,1,87
09/19/2025,1:30 PM,75 min.,Flatiron,Free Flow,,Sauna....,26,35,9,96
09/19/2025,2:00 PM,75 min.,Flatiron,Free Flow,,Sauna.....,21,30,9,105
09/19/2025,2:30 PM,75 min.,Flatiron,Free Flow,,Sauna.,39,45,6,111
09/19/2025,3:00 PM,75 min.,Flatiron,Free Flow,,Sauna..,29,35,6,117
09/19/2025,3:30 PM,75 min.,Flatiron,Free Flow,,Sauna...,22,30,8,125
09/19/2025,4:00 PM,75 min.,Flatiron,Free Flow,,Sauna....,33,45,12,137
09/19/2025,4:30 PM,75 min.,Flatiron,Free Flow,,Sauna.....,16,35,19,156
09/19/2025,5:00 PM,75 min.,Flatiron,Free Flow,,Sauna.,6,30,24,180
09/19/2025,5:30 PM,75 min.,Flatiron,Free Flow,,Sauna..,3,45,42,222
09/19/2025,6:00 PM,75 min.,Flatiron,Lively Free Flow,,Sauna...,0,20,20,242
09/19/2025,7:15 PM,75 min.,Flatiron,Guided You + Me: Relationship,Aaron Albert,Sauna.,15,58,43,285
09/20/2025,8:00 AM,75 min.,Flatiron,Guided Down: Embodied,Carlie Williams,Sauna,50,64,14,14
09/20/2025,9:15 AM,75 min.,Flatiron,Guided All Around: Journey Through the Seasons,,Sauna,35,64,29,43
09/20/2025,10:30 AM,75 min.,Flatiron,Guided All Around: Heart Opener,Vanessa Fontana,Sauna,22,64,42,85
09/20/2025,11:45 AM,75 min.,Flatiron,Guided All Around: Reset,,Sauna,3,64,61,146
09/20/2025,1:00 PM,75 min.,Flatiron,Lively Free Flow,,Sauna....,2,20,18,164
09/20/2025,1:30 PM,75 min.,Flatiron,Lively Free Flow,,Sauna.....,2,20,18,182
09/20/2025,2:00 PM,75 min.,Flatiron,Lively Free Flow,,Sauna.,28,45,17,199
09/20/2025,2:30 PM,75 min.,Flatiron,Lively Free Flow,,Sauna..,19,35,16,215
09/20/2025,3:00 PM,75 min.,Flatiron,Lively Free Flow,,Sauna...,19,30,11,226
09/20/2025,3:30 PM,75 min.,Flatiron,Lively Free Flow,,Sauna....,28,45,17,243
09/20/2025,4:00 PM,75 min.,Flatiron,Lively Free Flow,,Sauna.....,24,35,11,254
09/20/2025,4:30 PM,75 min.,Flatiron,Lively Free Flow,,Sauna.,12,30,18,272
09/20/2025,5:00 PM,75 min.,Flatiron,Lively Free Flow,,Sauna..,30,45,15,287
09/20/2025,5:30 PM,75 min.,Flatiron,Lively Free Flow,,Sauna...,31,35,4,291
09/20/2025,6:00 PM,75 min.,Flatiron,Lively Free Flow,,Sauna....,19,30,11,302
09/20/2025,6:30 PM,75 min.,Flatiron,Lively Free Flow,,Sauna.....,6,20,14,316
09/20/2025,7:45 PM,75 min.,Flatiron,Guided All Around: Release,Jenny Frenkel,Sauna,19,64,45,361
09/20/2025,9:00 PM,120 min.,Flatiron,Social,,Sauna.....,11,30,19,380
09/20/2025,9:20 PM,120 min.,Flatiron,Social,,Sauna.,22,30,8,388
09/20/2025,9:40 PM,120 min.,Flatiron,Social,,Sauna...,34,35,1,389
09/20/2025,10:00 PM,120 min.,Flatiron,Social,,Sauna..,26,30,4,393
09/21/2025,8:00 AM,75 min.,Flatiron,Guided Down: Sound Immersion,,Sauna,47,64,17,17
09/21/2025,9:15 AM,75 min.,Flatiron,Guided Down: Senses,,Sauna,42,64,22,39
09/21/2025,10:30 AM,75 min.,Flatiron,Guided Down: Deep Stretch,,Sauna,24,60,36,75
09/21/2025,11:45 AM,75 min.,Flatiron,Guided All Around: Journey Through the Seasons,,Sauna,1,64,63,138
09/21/2025,1:00 PM,75 min.,Flatiron,Lively Free Flow,,Sauna.,3,30,27,165
09/21/2025,1:30 PM,75 min.,Flatiron,Lively Free Flow,,Sauna..,6,30,24,189
09/21/2025,2:00 PM,75 min.,Flatiron,Lively Free Flow,,Sauna...,23,45,22,211
09/21/2025,2:30 PM,75 min.,Flatiron,Lively Free Flow,,Sauna....,10,35,25,236
09/21/2025,3:00 PM,75 min.,Flatiron,Lively Free Flow,,Sauna.....,5,30,25,261
09/21/2025,3:30 PM,75 min.,Flatiron,Lively Free Flow,,Sauna.,26,45,19,280
09/21/2025,4:00 PM,75 min.,Flatiron,Lively Free Flow,,Sauna..,16,35,19,299
09/21/2025,4:30 PM,75 min.,Flatiron,Lively Free Flow,,Sauna...,10,30,20,319
09/21/2025,5:00 PM,75 min.,Flatiron,Lively Free Flow,,Sauna....,12,45,33,352
09/21/2025,5:30 PM,75 min.,Flatiron,Lively Free Flow,,Sauna.....,2,35,33,385
09/21/2025,6:00 PM,75 min.,Flatiron,Lively Free Flow,,Sauna.,1,30,29,414
09/21/2025,7:15 PM,75 min.,Flatiron,Guided All Around: Release,Jenny Frenkel,Sauna,1,64,63,477
09/21/2025,9:00 PM,120 min.,Flatiron,Music Discovery Night,,Sauna.,2,75,73,550
09/08/2025,7:00 AM,60 min.,Flatiron,Guided Up: Self-Care Sweat - 60 min,,Sauna,0,64,64,64
09/08/2025,8:30 AM,75 min.,Flatiron,Viola Quieter Free Flow,,Sauna.,0,40,40,104
09/08/2025,9:00 AM,75 min.,Flatiron,Viola Quieter Free Flow,,Sauna..,0,40,40,144
09/08/2025,9:30 AM,75 min.,Flatiron,Viola Quieter Free Flow,,Sauna...,0,40,40,184
09/08/2025,10:00 AM,75 min.,Flatiron,Viola Quieter Free Flow,,Sauna.,0,40,40,224
09/08/2025,10:15 AM,75 min.,Flatiron,Viola Quieter Free Flow,,Sauna..,0,40,40,264
09/08/2025,12:00 PM,60 min.,Flatiron,Guided All Around: Heart Opener - 60 min,Teresa Lafferty,Sauna.,58,64,6,270
09/08/2025,1:30 PM,75 min.,Flatiron,Free Flow,,Sauna.,27,40,13,283
09/08/2025,1:45 PM,75 min.,Flatiron,Free Flow,,Sauna..,38,40,2,285
09/08/2025,2:15 PM,75 min.,Flatiron,Free Flow,,Sauna...,34,40,6,291
09/08/2025,2:45 PM,75 min.,Flatiron,Free Flow,,Sauna....,35,40,5,296
09/08/2025,3:15 PM,75 min.,Flatiron,Free Flow,,Sauna.....,34,40,6,302
09/08/2025,3:45 PM,75 min.,Flatiron,Free Flow,,Sauna.,30,40,10,312
09/08/2025,4:15 PM,75 min.,Flatiron,Free Flow,,Sauna..,34,40,6,318
09/08/2025,4:45 PM,75 min.,Flatiron,Free Flow,,Sauna...,19,30,11,329
09/08/2025,5:15 PM,75 min.,Flatiron,Lively Free Flow,,Sauna....,2,30,28,357
09/08/2025,6:30 PM,75 min.,Flatiron,Guided All Around: Loving Kindness,,Sauna.,22,64,42,399
09/08/2025,7:45 PM,75 min.,Flatiron,Guided All Around: Reset,,Sauna.,17,64,47,446
09/08/2025,9:00 PM,75 min.,Flatiron,Guided All Around: Acceptance,,Sauna.,50,64,14,460
09/09/2025,7:00 AM,60 min.,Flatiron,Guided Up: Arctic Tundra - 60 min,,Sauna,50,64,14,14
09/09/2025,8:30 AM,75 min.,Flatiron,Quieter Free Flow,,Sauna.,28,40,12,26
09/09/2025,9:00 AM,75 min.,Flatiron,Quieter Free Flow,,Sauna..,38,40,2,28
09/09/2025,9:30 AM,75 min.,Flatiron,Quieter Free Flow,,Sauna...,34,40,6,34
09/09/2025,10:00 AM,75 min.,Flatiron,Quieter Free Flow,,Sauna.,33,40,7,41
09/09/2025,10:15 AM,75 min.,Flatiron,Quieter Free Flow,,Sauna..,31,40,9,50
09/09/2025,12:00 PM,60 min.,Flatiron,Guided Up: Awakening - 60 min,,Sauna.,43,64,21,71
09/09/2025,3:15 PM,75 min.,Flatiron,Free Flow,,Sauna..,34,40,6,77
09/09/2025,3:45 PM,75 min.,Flatiron,Free Flow,,Sauna....,18,30,12,89
09/09/2025,4:15 PM,75 min.,Flatiron,Free Flow,,Sauna.....,29,30,1,90
09/09/2025,4:45 PM,75 min.,Flatiron,Free Flow,,Sauna..,29,40,11,101
09/09/2025,5:15 PM,75 min.,Flatiron,Lively Free Flow,,Sauna...,1,30,29,130
09/09/2025,6:30 PM,75 min.,Flatiron,Guided Down: Unwind,,Sauna.,1,64,63,193
09/09/2025,7:45 PM,75 min.,Flatiron,Guided Down: Sound Immersion,Rootsgod Fender,Sauna.,1,64,63,256
09/09/2025,9:00 PM,75 min.,Flatiron,Free Flow,,Sauna.....,0,15,15,271
09/09/2025,9:15 PM,75 min.,Flatiron,Free Flow,,Sauna....,1,25,24,295
09/09/2025,9:30 PM,75 min.,Flatiron,Free Flow,,Sauna.,22,30,8,303
09/09/2025,9:45 PM,75 min.,Flatiron,Free Flow,,Sauna..,28,30,2,305
09/10/2025,7:00 AM,60 min.,Flatiron,Guided Up: Self-Care Sweat - 60 min,,Sauna,36,64,28,28
09/10/2025,8:30 AM,75 min.,Flatiron,Free Flow,,Sauna.,35,40,5,33
09/10/2025,9:00 AM,75 min.,Flatiron,Free Flow,,Sauna..,40,40,0,33
09/10/2025,9:30 AM,75 min.,Flatiron,Free Flow,,Sauna...,34,40,6,39
09/10/2025,10:00 AM,75 min.,Flatiron,Free Flow,,Sauna.,37,40,3,42
09/10/2025,10:15 AM,75 min.,Flatiron,Free Flow,,Sauna..,28,40,12,54
09/10/2025,1:45 PM,75 min.,Flatiron,Free Flow,,Sauna.,26,40,14,68
09/10/2025,2:15 PM,75 min.,Flatiron,Free Flow,,Sauna..,25,40,15,83
09/10/2025,2:45 PM,75 min.,Flatiron,Free Flow,,Sauna...,38,40,2,85
09/10/2025,3:15 PM,75 min.,Flatiron,Free Flow,,Sauna....,35,40,5,90
09/10/2025,3:45 PM,75 min.,Flatiron,Free Flow,,Sauna.....,19,30,11,101
09/10/2025,4:15 PM,75 min.,Flatiron,Free Flow,,Sauna.,14,30,16,117
09/10/2025,5:30 PM,75 min.,Flatiron,Guided All Around: Loving Kindness,,Sauna,27,64,37,154
09/10/2025,7:15 PM,75 min.,Flatiron,Guided All Around: Hardwiring Happiness,,Sauna,5,64,59,213
09/10/2025,9:45 PM,75 min.,Flatiron,Free Flow,,Sauna..,0,30,30,243
09/10/2025,10:00 PM,75 min.,Flatiron,Free Flow,,Sauna.,0,30,30,273
09/11/2025,7:00 AM,60 min.,Flatiron,Guided Down: Senses - 60 min,Christina Ionno,Sauna,47,64,17,17
09/11/2025,8:30 AM,75 min.,Flatiron,Free Flow,,Sauna.,33,40,7,24
09/11/2025,9:00 AM,75 min.,Flatiron,Free Flow,,Sauna..,34,40,6,30
09/11/2025,9:30 AM,75 min.,Flatiron,Free Flow,,Sauna...,37,40,3,33
09/11/2025,10:00 AM,75 min.,Flatiron,Free Flow,,Sauna.,33,40,7,40
09/11/2025,10:15 AM,75 min.,Flatiron,Free Flow,,Sauna..,38,40,2,42
09/11/2025,12:00 PM,60 min.,Flatiron,Guided Down: Senses - 60 min,,Sauna,44,64,20,62
09/11/2025,1:30 PM,75 min.,Flatiron,Free Flow,,Sauna.,29,40,11,73
09/11/2025,2:00 PM,75 min.,Flatiron,Free Flow,,Sauna..,35,40,5,78
09/11/2025,2:30 PM,75 min.,Flatiron,Free Flow,,Sauna...,36,40,4,82
09/11/2025,3:00 PM,75 min.,Flatiron,Free Flow,,Sauna....,38,40,2,84
09/11/2025,3:30 PM,75 min.,Flatiron,Free Flow,,Sauna.,35,40,5,89
09/11/2025,4:00 PM,75 min.,Flatiron,Free Flow,,Sauna..,33,40,7,96
09/11/2025,4:30 PM,75 min.,Flatiron,Free Flow,,Sauna...,32,40,8,104
09/11/2025,5:00 PM,75 min.,Flatiron,Free Flow,,Sauna.,19,40,21,125
09/11/2025,5:30 PM,75 min.,Flatiron,Lively Free Flow,,Sauna..,1,40,39,164
09/11/2025,6:45 PM,75 min.,Flatiron,Guided All Around: Heart Opener,Teresa Lafferty,Sauna,10,64,54,218
09/11/2025,8:00 PM,75 min.,Flatiron,Lively Free Flow,,Sauna.,0,25,25,243
09/11/2025,8:15 PM,75 min.,Flatiron,Lively Free Flow,,Sauna..,0,15,15,258
09/11/2025,8:30 PM,75 min.,Flatiron,Lively Free Flow,,Sauna...,13,30,17,275
09/11/2025,8:45 PM,75 min.,Flatiron,Lively Free Flow,,Sauna....,16,25,9,284
09/11/2025,9:00 PM,75 min.,Flatiron,Lively Free Flow,,Sauna.....,9,15,6,290
09/11/2025,9:30 PM,75 min.,Flatiron,Lively Free Flow,,Sauna.,24,30,6,296
09/11/2025,9:45 PM,75 min.,Flatiron,Lively Free Flow,,Sauna..,25,30,5,301
09/12/2025,7:00 AM,75 min.,Flatiron,Guided Down: Sound Immersion,Rootsgod Fender,Sauna,47,64,17,17
09/12/2025,8:15 AM,75 min.,Flatiron,Guided Up: Awakening,,Sauna,48,64,16,33
09/12/2025,9:30 AM,75 min.,Flatiron,Guided All Around: Gratitude,Nika Antuanette,Sauna,40,64,24,57
09/12/2025,10:45 AM,75 min.,Flatiron,Guided All Around: Heart Opener,Teresa Lafferty,Sauna,43,64,21,78
09/12/2025,2:15 PM,75 min.,Flatiron,Free Flow,,Sauna.....,9,25,16,94
09/12/2025,2:30 PM,75 min.,Flatiron,Free Flow,,Sauna.,40,45,5,99
09/12/2025,3:00 PM,75 min.,Flatiron,Free Flow,,Sauna..,16,35,19,118
09/12/2025,3:30 PM,75 min.,Flatiron,Free Flow,,Sauna...,17,30,13,131
09/12/2025,4:00 PM,75 min.,Flatiron,Free Flow,,Sauna....,40,45,5,136
09/12/2025,4:30 PM,75 min.,Flatiron,Free Flow,,Sauna.....,15,35,20,156
09/12/2025,5:00 PM,75 min.,Flatiron,Free Flow,,Sauna.,11,30,19,175
09/12/2025,5:30 PM,75 min.,Flatiron,Free Flow,,Sauna..,6,45,39,214
09/12/2025,6:00 PM,75 min.,Flatiron,Lively Free Flow,,Sauna...,0,20,20,234
09/12/2025,6:30 PM,75 min.,Flatiron,Lively Free Flow,,Sauna....,0,25,25,259
09/12/2025,7:45 PM,75 min.,Flatiron,Guided All Around: Reflect,,Sauna,9,64,55,314
09/12/2025,9:00 PM,120 min.,Flatiron,Social,,Sauna.,3,25,22,336
09/12/2025,9:20 PM,120 min.,Flatiron,Social,,Sauna..,10,30,20,356
09/12/2025,9:40 PM,120 min.,Flatiron,Social,,Sauna...,26,30,4,360
09/12/2025,10:00 PM,120 min.,Flatiron,Social,,Sauna....,29,30,1,361
09/13/2025,8:00 AM,75 min.,Flatiron,Guided Up: Feel Good Now,,Sauna,43,64,21,21
09/13/2025,9:15 AM,75 min.,Flatiron,Guided All Around: Release,Jenny Frenkel,Sauna,30,64,34,55
09/13/2025,10:30 AM,75 min.,Flatiron,Guided All Around: Hardwiring Happiness,,Sauna,,,,55
09/13/2025,11:45 AM,75 min.,Flatiron,Guided All Around: Heart Opener,Teresa Lafferty,Sauna,6,64,58,113
09/13/2025,1:00 PM,75 min.,Flatiron,Lively Free Flow,,Sauna....,5,20,15,128
09/13/2025,1:30 PM,75 min.,Flatiron,Lively Free Flow,,Sauna.....,1,20,19,147
09/13/2025,2:00 PM,75 min.,Flatiron,Lively Free Flow,,Sauna.,21,45,24,171
09/13/2025,2:30 PM,75 min.,Flatiron,Lively Free Flow,,Sauna..,23,35,12,183
09/13/2025,3:00 PM,75 min.,Flatiron,Lively Free Flow,,Sauna...,10,30,20,203
09/13/2025,3:30 PM,75 min.,Flatiron,Lively Free Flow,,Sauna....,37,45,8,211
09/13/2025,4:00 PM,75 min.,Flatiron,Lively Free Flow,,Sauna.....,9,35,26,237
09/13/2025,4:30 PM,75 min.,Flatiron,Lively Free Flow,,Sauna.,12,30,18,255
09/13/2025,5:00 PM,75 min.,Flatiron,Lively Free Flow,,Sauna..,31,45,14,269
09/13/2025,5:30 PM,75 min.,Flatiron,Lively Free Flow,,Sauna...,30,35,5,274
09/13/2025,6:00 PM,75 min.,Flatiron,Lively Free Flow,,Sauna....,18,30,12,286
09/13/2025,6:30 PM,75 min.,Flatiron,Lively Free Flow,,Sauna.....,3,20,17,303
09/13/2025,7:45 PM,75 min.,Flatiron,"Guided All Around: Rose, Thorn, Bud",,Sauna,34,64,30,333
09/13/2025,9:00 PM,120 min.,Flatiron,Beat Drop: DJ Takeover,,Sauna.,2,30,28,361
09/13/2025,9:20 PM,120 min.,Flatiron,Beat Drop: DJ Takeover,,Sauna.....,9,40,31,392
09/13/2025,9:40 PM,120 min.,Flatiron,Beat Drop: DJ Takeover,,Sauna...,27,35,8,400
09/13/2025,10:00 PM,120 min.,Flatiron,Beat Drop: DJ Takeover,,Sauna..,26,30,4,404
09/14/2025,8:00 AM,75 min.,Flatiron,Guided Down: Sound Immersion,,Sauna,45,64,19,19
09/14/2025,9:15 AM,75 min.,Flatiron,Guided All Around: Reflect,,Sauna,40,64,24,43
09/14/2025,10:30 AM,75 min.,Flatiron,Guided All Around: Release,Jenny Frenkel,Sauna,5,64,59,102
09/14/2025,11:45 AM,75 min.,Flatiron,Guided Down: Deep Stretch,,Sauna,2,60,58,160
09/14/2025,1:00 PM,75 min.,Flatiron,Lively Free Flow,,Sauna.,3,30,27,187
09/14/2025,1:30 PM,75 min.,Flatiron,Lively Free Flow,,Sauna..,0,30,30,217
09/14/2025,2:00 PM,75 min.,Flatiron,Lively Free Flow,,Sauna...,13,45,32,249
09/14/2025,2:30 PM,75 min.,Flatiron,Lively Free Flow,,Sauna....,17,35,18,267
09/14/2025,3:00 PM,75 min.,Flatiron,Lively Free Flow,,Sauna.....,8,30,22,289
09/14/2025,3:30 PM,75 min.,Flatiron,Lively Free Flow,,Sauna.,28,45,17,306
09/14/2025,4:00 PM,75 min.,Flatiron,Lively Free Flow,,Sauna..,11,35,24,330
09/14/2025,4:30 PM,75 min.,Flatiron,Lively Free Flow,,Sauna...,10,30,20,350
09/14/2025,5:00 PM,75 min.,Flatiron,Lively Free Flow,,Sauna....,23,45,22,372
09/14/2025,5:30 PM,75 min.,Flatiron,Lively Free Flow,,Sauna.....,0,35,35,407
09/14/2025,6:00 PM,75 min.,Flatiron,Lively Free Flow,,Sauna.,1,30,29,436
09/14/2025,7:15 PM,75 min.,Flatiron,Guided Down: Embodied,,Sauna,6,64,58,494
09/14/2025,8:30 PM,75 min.,Flatiron,Free Flow,,Sauna.,0,25,25,519
09/14/2025,8:45 PM,75 min.,Flatiron,Free Flow,,Sauna..,7,25,18,537
09/14/2025,9:15 PM,75 min.,Flatiron,Free Flow,,Sauna...,10,35,25,562
09/14/2025,9:30 PM,75 min.,Flatiron,Free Flow,,Sauna....,25,30,5,567
09/01/2025,7:00 AM,60 min.,Flatiron,Guided Down: Deep Stretch - 60 min,,Sauna.,40,64,24,24
09/01/2025,8:30 AM,75 min.,Flatiron,Free Flow,,Sauna.,32,40,8,32
09/01/2025,9:00 AM,75 min.,Flatiron,Free Flow,,Sauna..,40,40,0,32
09/01/2025,9:30 AM,75 min.,Flatiron,Free Flow,,Sauna...,31,40,9,41
09/01/2025,10:00 AM,75 min.,Flatiron,Free Flow,,Sauna.,23,40,17,58
09/01/2025,10:15 AM,75 min.,Flatiron,Free Flow,,Sauna..,6,40,34,92
09/01/2025,12:00 PM,60 min.,Flatiron,Guided Down: Sound Immersion - 60 min,,Sauna.,4,64,60,152
09/01/2025,1:30 PM,75 min.,Flatiron,Lively Free Flow,,Sauna.,3,40,37,189
09/01/2025,1:45 PM,75 min.,Flatiron,Lively Free Flow,,Sauna..,22,40,18,207
09/01/2025,2:15 PM,75 min.,Flatiron,Lively Free Flow,,Sauna...,7,40,33,240
09/01/2025,2:45 PM,75 min.,Flatiron,Lively Free Flow,,Sauna....,21,40,19,259
09/01/2025,3:15 PM,75 min.,Flatiron,Lively Free Flow,,Sauna.....,27,40,13,272
09/01/2025,3:45 PM,75 min.,Flatiron,Lively Free Flow,,Sauna.,27,40,13,285
09/01/2025,4:15 PM,75 min.,Flatiron,Lively Free Flow,,Sauna..,12,40,28,313
09/01/2025,4:45 PM,75 min.,Flatiron,Lively Free Flow,,Sauna...,0,30,30,343
09/01/2025,5:15 PM,75 min.,Flatiron,Lively Free Flow,,Sauna....,0,30,30,373
09/01/2025,6:30 PM,75 min.,Flatiron,Guided All Around: Loving Kindness,,Sauna.,18,64,46,419
09/01/2025,7:45 PM,75 min.,Flatiron,Guided Down: Unwind,,Sauna.,17,64,47,466
09/01/2025,9:00 PM,75 min.,Flatiron,Guided Down: Pure Presence,,Sauna.,48,64,16,482
09/02/2025,7:00 AM,60 min.,Flatiron,Guided Up: Self-Care Sweat - 60 min,,Sauna.,56,64,8,8
09/02/2025,8:30 AM,75 min.,Flatiron,Quieter Free Flow,,Sauna.,33,40,7,15
09/02/2025,9:00 AM,75 min.,Flatiron,Quieter Free Flow,,Sauna..,39,40,1,16
09/02/2025,9:30 AM,75 min.,Flatiron,Quieter Free Flow,,Sauna...,38,40,2,18
09/02/2025,10:00 AM,75 min.,Flatiron,Quieter Free Flow,,Sauna.,39,40,1,19
09/02/2025,10:15 AM,75 min.,Flatiron,Quieter Free Flow,,Sauna..,35,40,5,24
09/02/2025,12:00 PM,60 min.,Flatiron,Guided Down: Senses - 60 min,,Sauna.,58,64,6,30
09/02/2025,1:45 PM,75 min.,Flatiron,Guided All Around: Hardwiring Happiness,,Sauna.,55,64,9,39
09/02/2025,3:30 PM,75 min.,Flatiron,Free Flow,,Sauna.,27,40,13,52
09/02/2025,3:45 PM,75 min.,Flatiron,Free Flow,,Sauna..,36,40,4,56
09/02/2025,4:00 PM,75 min.,Flatiron,Free Flow,,Sauna....,23,30,7,63
09/02/2025,4:15 PM,75 min.,Flatiron,Free Flow,,Sauna.....,18,30,12,75
09/02/2025,5:30 PM,75 min.,Flatiron,Guided All Around: Journey Through the Seasons,,Sauna.,35,64,29,104
09/02/2025,6:45 PM,75 min.,Flatiron,Guided All Around: Acceptance,,Sauna.,4,64,60,164
09/02/2025,8:00 PM,75 min.,Flatiron,Free Flow,,Sauna.,1,25,24,188
09/02/2025,8:15 PM,75 min.,Flatiron,Free Flow,,Sauna..,7,20,13,201
09/02/2025,8:30 PM,75 min.,Flatiron,Free Flow,,Sauna...,13,30,17,218
09/02/2025,8:45 PM,75 min.,Flatiron,Free Flow,,Sauna....,21,25,4,222
09/02/2025,9:00 PM,75 min.,Flatiron,Free Flow,,Sauna.....,10,15,5,227
09/02/2025,9:30 PM,75 min.,Flatiron,Free Flow,,Sauna.,22,30,8,235
09/02/2025,9:45 PM,75 min.,Flatiron,Free Flow,,Sauna..,27,30,3,238
09/03/2025,7:00 AM,60 min.,Flatiron,Guided Up: Awakening - 60 min,,Sauna.,51,64,13,13
09/03/2025,8:30 AM,75 min.,Flatiron,Free Flow,,Sauna.,34,40,6,19
09/03/2025,9:00 AM,75 min.,Flatiron,Free Flow,,Sauna..,40,40,0,19
09/03/2025,9:30 AM,75 min.,Flatiron,Free Flow,,Sauna...,36,40,4,23
09/03/2025,10:00 AM,75 min.,Flatiron,Free Flow,,Sauna.,37,40,3,26
09/03/2025,10:15 AM,75 min.,Flatiron,Free Flow,,Sauna..,30,40,10,36
09/03/2025,12:00 PM,60 min.,Flatiron,Guided All Around: Release - 60 min,Jenny Frenkel,Sauna.,46,64,18,54
09/03/2025,1:45 PM,75 min.,Flatiron,Free Flow,,Sauna.,37,40,3,57
09/03/2025,2:15 PM,75 min.,Flatiron,Free Flow,,Sauna..,35,40,5,62
09/03/2025,2:45 PM,75 min.,Flatiron,Free Flow,,Sauna...,40,40,0,62
09/03/2025,3:15 PM,75 min.,Flatiron,Free Flow,,Sauna....,33,40,7,69
09/03/2025,3:45 PM,75 min.,Flatiron,Free Flow,,Sauna.....,21,30,9,78
09/03/2025,4:15 PM,75 min.,Flatiron,Free Flow,,Sauna.,24,30,6,84
09/03/2025,5:30 PM,75 min.,Flatiron,Guided All Around: Reset,,Sauna.,49,64,15,99
09/03/2025,6:45 PM,75 min.,Flatiron,Guided All Around: Inner Power,,Sauna.,22,64,42,141
09/03/2025,8:00 PM,75 min.,Flatiron,Free Flow,,Sauna.,1,30,29,170
09/03/2025,8:15 PM,75 min.,Flatiron,Free Flow,,Sauna..,13,20,7,177
09/03/2025,8:30 PM,75 min.,Flatiron,Free Flow,,Sauna...,16,25,9,186
09/03/2025,8:45 PM,75 min.,Flatiron,Free Flow,,Sauna....,17,20,3,189
09/03/2025,9:00 PM,75 min.,Flatiron,Free Flow,,Sauna.....,7,15,8,197
09/03/2025,9:30 PM,75 min.,Flatiron,Free Flow,,Sauna.,20,30,10,207
09/04/2025,7:00 AM,60 min.,Flatiron,Guided Up: Arctic Tundra - 60 min,,Sauna.,44,64,20,20
09/04/2025,8:30 AM,75 min.,Flatiron,Free Flow,,Sauna.,24,40,16,36
09/04/2025,9:00 AM,75 min.,Flatiron,Free Flow,,Sauna..,34,40,6,42
09/04/2025,9:30 AM,75 min.,Flatiron,Free Flow,,Sauna...,36,40,4,46
09/04/2025,10:00 AM,75 min.,Flatiron,Free Flow,,Sauna.,37,40,3,49
09/04/2025,10:15 AM,75 min.,Flatiron,Free Flow,,Sauna..,28,40,12,61
09/04/2025,12:00 PM,60 min.,Flatiron,Guided All Around: Inner Power - 60 min,,Sauna.,42,64,22,83
09/04/2025,1:45 PM,75 min.,Flatiron,Guided Down: Self-Care Sweat,,Sauna.,43,64,21,104
09/04/2025,3:30 PM,75 min.,Flatiron,Free Flow,,Sauna.,26,40,14,118
09/04/2025,4:00 PM,75 min.,Flatiron,Free Flow,,Sauna..,37,40,3,121
09/04/2025,4:30 PM,75 min.,Flatiron,Free Flow,,Sauna...,33,40,7,128
09/04/2025,5:00 PM,75 min.,Flatiron,Free Flow,,Sauna.,32,40,8,136
09/04/2025,5:30 PM,75 min.,Flatiron,Free Flow,,Sauna..,6,40,34,170
09/04/2025,6:45 PM,75 min.,Flatiron,Guided Up: Feel Good Now,Aaron Albert,Sauna.,7,64,57,227
09/04/2025,8:00 PM,75 min.,Flatiron,Lively Free Flow,,Sauna.,2,25,23,250
09/04/2025,8:15 PM,75 min.,Flatiron,Lively Free Flow,,Sauna..,2,15,13,263
09/04/2025,8:30 PM,75 min.,Flatiron,Lively Free Flow,,Sauna...,19,30,11,274
09/04/2025,8:45 PM,75 min.,Flatiron,Lively Free Flow,,Sauna....,21,25,4,278
09/04/2025,9:00 PM,75 min.,Flatiron,Lively Free Flow,,Sauna.....,9,15,6,284
09/04/2025,9:30 PM,75 min.,Flatiron,Lively Free Flow,,Sauna.,27,30,3,287
09/04/2025,9:45 PM,75 min.,Flatiron,Lively Free Flow,,Sauna..,26,30,4,291
09/05/2025,7:00 AM,75 min.,Flatiron,Guided Down: Embodied,,Sauna.,48,60,12,12
09/05/2025,8:15 AM,75 min.,Flatiron,Guided Down: Sound Immersion,Rootsgod Fender,Sauna.,47,64,17,29
09/05/2025,9:30 AM,75 min.,Flatiron,Guided Down: Sound Immersion,,Sauna.,53,64,11,40
09/05/2025,10:45 AM,75 min.,Flatiron,Guided Down: Pure Presence,Jiva Smith,Sauna.,40,64,24,64
09/05/2025,12:00 PM,75 min.,Flatiron,Free Flow,,Sauna.,21,30,9,73
09/05/2025,12:30 PM,75 min.,Flatiron,Free Flow,,Sauna..,27,30,3,76
09/05/2025,1:00 PM,75 min.,Flatiron,Free Flow,,Sauna...,36,45,9,85
09/05/2025,1:30 PM,75 min.,Flatiron,Free Flow,,Sauna....,28,35,7,92
09/05/2025,2:00 PM,75 min.,Flatiron,Free Flow,,Sauna.....,28,30,2,94
09/05/2025,2:30 PM,75 min.,Flatiron,Free Flow,,Sauna.,39,45,6,100
09/05/2025,3:00 PM,75 min.,Flatiron,Free Flow,,Sauna..,26,35,9,109
09/05/2025,3:30 PM,75 min.,Flatiron,Free Flow,,Sauna...,19,30,11,120
09/05/2025,4:00 PM,75 min.,Flatiron,Free Flow,,Sauna....,33,45,12,132
09/05/2025,4:30 PM,75 min.,Flatiron,Free Flow,,Sauna.....,11,35,24,156
09/05/2025,5:00 PM,75 min.,Flatiron,Free Flow,,Sauna.,7,30,23,179
09/05/2025,5:30 PM,75 min.,Flatiron,Free Flow,,Sauna..,9,45,36,215
09/05/2025,6:00 PM,75 min.,Flatiron,Lively Free Flow,,Sauna...,1,20,19,234
09/05/2025,6:30 PM,75 min.,Flatiron,Lively Free Flow,,Sauna....,1,25,24,258
09/05/2025,7:45 PM,75 min.,Flatiron,Guided Down: Sound Immersion,,Sauna.,8,64,56,314
09/05/2025,9:00 PM,120 min.,Flatiron,Social,,Sauna.,,,,314
09/05/2025,9:20 PM,120 min.,Flatiron,Social,,Sauna..,3,30,27,341
09/05/2025,9:40 PM,120 min.,Flatiron,Social,,Sauna...,27,30,3,344
09/05/2025,10:00 PM,120 min.,Flatiron,Social,,Sauna....,28,30,2,346
09/06/2025,8:00 AM,75 min.,Flatiron,Guided All Around: Release,Jenny Frenkel,Sauna.,59,64,5,5
09/06/2025,9:15 AM,75 min.,Flatiron,Guided All Around: Loving Kindness,,Sauna.,36,64,28,33
09/06/2025,10:30 AM,75 min.,Flatiron,Guided Up: Feel Good Now,,Sauna.,2,64,62,95
09/06/2025,11:45 AM,75 min.,Flatiron,Lively Free Flow,,Sauna.,3,20,17,112
09/06/2025,12:00 PM,75 min.,Flatiron,Lively Free Flow,,Sauna..,0,20,20,132
09/06/2025,12:30 PM,75 min.,Flatiron,Lively Free Flow,,Sauna...,22,45,23,155
09/06/2025,1:00 PM,75 min.,Flatiron,Lively Free Flow,,Sauna....,11,30,19,174
09/06/2025,1:30 PM,75 min.,Flatiron,Lively Free Flow,,Sauna.....,14,30,16,190
09/06/2025,2:00 PM,75 min.,Flatiron,Lively Free Flow,,Sauna.,30,45,15,205
09/06/2025,2:30 PM,75 min.,Flatiron,Lively Free Flow,,Sauna..,23,35,12,217
09/06/2025,3:00 PM,75 min.,Flatiron,Lively Free Flow,,Sauna...,23,30,7,224
09/06/2025,3:30 PM,75 min.,Flatiron,Lively Free Flow,,Sauna....,30,45,15,239
09/06/2025,4:00 PM,75 min.,Flatiron,Lively Free Flow,,Sauna.....,24,35,11,250
09/06/2025,4:30 PM,75 min.,Flatiron,Lively Free Flow,,Sauna.,12,30,18,268
09/06/2025,5:00 PM,75 min.,Flatiron,Lively Free Flow,,Sauna..,24,45,21,289
09/06/2025,5:30 PM,75 min.,Flatiron,Lively Free Flow,,Sauna...,28,35,7,296
09/06/2025,6:00 PM,75 min.,Flatiron,Lively Free Flow,,Sauna....,21,30,9,305
09/06/2025,6:15 PM,75 min.,Flatiron,Lively Free Flow,,Sauna.....,8,20,12,317
09/06/2025,7:30 PM,75 min.,Flatiron,Guided All Around: Journey Through the Seasons,,Sauna.,40,64,24,341
09/06/2025,8:45 PM,120 min.,Flatiron,Social,,Sauna.,5,30,25,366
09/06/2025,9:15 PM,120 min.,Flatiron,Social,,Sauna.....,22,40,18,384
09/06/2025,9:30 PM,120 min.,Flatiron,Social,,Sauna...,26,35,9,393
09/06/2025,10:00 PM,120 min.,Flatiron,Social,,Sauna..,21,30,9,402
09/07/2025,8:00 AM,75 min.,Flatiron,Guided Up: Self-Care Sweat,,Sauna.,36,64,28,28
09/07/2025,9:15 AM,75 min.,Flatiron,Guided Down: Senses,,Sauna.,28,64,36,64
09/07/2025,10:30 AM,75 min.,Flatiron,"Guided Down: Rose, Thorn, Bud",,Sauna.,1,64,63,127
09/07/2025,11:45 AM,75 min.,Flatiron,Guided Down: Deep Stretch,,Sauna.,6,60,54,181
09/07/2025,1:00 PM,75 min.,Flatiron,Lively Free Flow,,Sauna.,1,30,29,210
09/07/2025,1:30 PM,75 min.,Flatiron,Lively Free Flow,,Sauna..,1,30,29,239
09/07/2025,2:00 PM,75 min.,Flatiron,Lively Free Flow,,Sauna...,22,45,23,262
09/07/2025,2:30 PM,75 min.,Flatiron,Lively Free Flow,,Sauna....,13,35,22,284
09/07/2025,3:00 PM,75 min.,Flatiron,Lively Free Flow,,Sauna.....,18,30,12,296
09/07/2025,3:30 PM,75 min.,Flatiron,Lively Free Flow,,Sauna.,27,45,18,314
09/07/2025,4:00 PM,75 min.,Flatiron,Lively Free Flow,,Sauna..,3,35,32,346
09/07/2025,4:30 PM,75 min.,Flatiron,Lively Free Flow,,Sauna...,12,30,18,364
09/07/2025,5:00 PM,75 min.,Flatiron,Lively Free Flow,,Sauna....,18,45,27,391
09/07/2025,5:30 PM,75 min.,Flatiron,Lively Free Flow,,Sauna.....,13,35,22,413
09/07/2025,6:00 PM,75 min.,Flatiron,Lively Free Flow,,Sauna.,8,30,22,435
09/07/2025,7:15 PM,75 min.,Flatiron,Guided All Around: A-Z Emotions,,Sauna.,5,64,59,494
09/07/2025,8:30 PM,120 min.,Flatiron,Quieter Free Flow: Live Music Immersion,,Sauna.,1,55,54,548
09/07/2025,8:45 PM,120 min.,Flatiron,Quieter Free Flow: Live Music Immersion,,Sauna..,0,35,35,583
09/07/2025,9:30 PM,120 min.,Flatiron,Quieter Free Flow: Live Music Immersion,,Sauna.....,1,20,19,602
08/25/2025,7:00 AM,60 min.,Flatiron,Guided Down: Sound Immersion - 60 min,,Sauna.,46,64,18,18
08/25/2025,8:30 AM,75 min.,Flatiron,Viola Quieter Free Flow,,Sauna.,30,40,10,28
08/25/2025,9:00 AM,75 min.,Flatiron,Viola Quieter Free Flow,,Sauna..,39,40,1,29
08/25/2025,9:30 AM,75 min.,Flatiron,Viola Quieter Free Flow,,Sauna...,36,40,4,33
08/25/2025,10:00 AM,75 min.,Flatiron,Viola Quieter Free Flow,,Sauna.,36,40,4,37
08/25/2025,10:15 AM,75 min.,Flatiron,Viola Quieter Free Flow,,Sauna..,33,40,7,44
08/25/2025,12:00 PM,60 min.,Flatiron,Guided All Around: Inner Power - 60 min,,Sauna.,55,64,9,53
08/25/2025,1:30 PM,75 min.,Flatiron,Free Flow,,Sauna.,35,40,5,58
08/25/2025,1:45 PM,75 min.,Flatiron,Free Flow,,Sauna..,36,40,4,62
08/25/2025,2:15 PM,75 min.,Flatiron,Free Flow,,Sauna...,34,40,6,68
08/25/2025,2:45 PM,75 min.,Flatiron,Free Flow,,Sauna....,36,40,4,72
08/25/2025,3:15 PM,75 min.,Flatiron,Free Flow,,Sauna.....,39,40,1,73
08/25/2025,3:45 PM,75 min.,Flatiron,Free Flow,,Sauna.,17,40,23,96
08/25/2025,4:15 PM,75 min.,Flatiron,Free Flow,,Sauna..,38,40,2,98
08/25/2025,4:45 PM,75 min.,Flatiron,Free Flow,,Sauna...,10,30,20,118
08/25/2025,5:15 PM,75 min.,Flatiron,Free Flow,,Sauna....,11,30,19,137
08/25/2025,6:30 PM,75 min.,Flatiron,Guided Down: Pure Presence,,Sauna.,21,64,43,180
08/25/2025,7:45 PM,75 min.,Flatiron,Guided All Around: Loving Kindness,,Sauna.,22,64,42,222
08/25/2025,9:00 PM,75 min.,Flatiron,Guided All Around: Acceptance,,Sauna.,42,64,22,244
08/26/2025,7:00 AM,60 min.,Flatiron,Guided Up: Arctic Tundra - 60 min,Aaron Albert,Sauna.,48,64,16,16
08/26/2025,10:00 AM,75 min.,Flatiron,Quieter Free Flow,,Sauna.,33,40,7,23
08/26/2025,10:15 AM,75 min.,Flatiron,Quieter Free Flow,,Sauna..,34,40,6,29
08/26/2025,12:00 PM,60 min.,Flatiron,Guided Up: Awakening - 60 min,,Sauna.,50,64,14,43
08/26/2025,1:45 PM,75 min.,Flatiron,Guided All Around: Journey Through the Seasons,,Sauna.,50,64,14,57
08/26/2025,3:30 PM,75 min.,Flatiron,Free Flow,,Sauna.,28,40,12,69
08/26/2025,3:45 PM,75 min.,Flatiron,Free Flow,,Sauna..,38,40,2,71
08/26/2025,4:00 PM,75 min.,Flatiron,Free Flow,,Sauna....,23,30,7,78
08/26/2025,4:15 PM,75 min.,Flatiron,Free Flow,,Sauna.....,15,30,15,93
08/26/2025,5:30 PM,75 min.,Flatiron,Guided Down: Unwind,,Sauna.,15,64,49,142
08/26/2025,6:45 PM,75 min.,Flatiron,Guided All Around: Sound Immersion,,Sauna.,15,64,49,191
08/26/2025,8:00 PM,75 min.,Flatiron,Free Flow,,Sauna.,3,25,22,213
08/26/2025,8:15 PM,75 min.,Flatiron,Free Flow,,Sauna..,2,20,18,231
08/26/2025,8:30 PM,75 min.,Flatiron,Free Flow,,Sauna...,10,30,20,251
08/26/2025,8:45 PM,75 min.,Flatiron,Free Flow,,Sauna....,15,25,10,261
08/26/2025,9:00 PM,75 min.,Flatiron,Free Flow,,Sauna.....,1,15,14,275
08/26/2025,9:30 PM,75 min.,Flatiron,Free Flow,,Sauna.,29,30,1,276
08/26/2025,9:45 PM,75 min.,Flatiron,Free Flow,,Sauna..,27,30,3,279
08/27/2025,7:00 AM,60 min.,Flatiron,Guided Down: Deep Stretch - 60 min,,Sauna.,42,60,18,18
08/27/2025,8:30 AM,75 min.,Flatiron,Free Flow,,Sauna.,29,40,11,29
08/27/2025,9:00 AM,75 min.,Flatiron,Free Flow,,Sauna..,27,40,13,42
08/27/2025,9:30 AM,75 min.,Flatiron,Free Flow,,Sauna...,37,40,3,45
08/27/2025,10:00 AM,75 min.,Flatiron,Free Flow,,Sauna.,37,40,3,48
08/27/2025,10:15 AM,75 min.,Flatiron,Free Flow,,Sauna..,35,40,5,53
08/27/2025,12:00 PM,60 min.,Flatiron,Guided All Around: Journey Through Elements-60 min,,Sauna.,43,64,21,74
08/27/2025,1:45 PM,75 min.,Flatiron,Free Flow,,Sauna.,33,40,7,81
08/27/2025,2:15 PM,75 min.,Flatiron,Free Flow,,Sauna..,37,40,3,84
08/27/2025,2:45 PM,75 min.,Flatiron,Free Flow,,Sauna...,36,40,4,88
08/27/2025,3:15 PM,75 min.,Flatiron,Free Flow,,Sauna....,31,40,9,97
08/27/2025,3:45 PM,75 min.,Flatiron,Free Flow,,Sauna.....,18,30,12,109
08/27/2025,4:15 PM,75 min.,Flatiron,Free Flow,,Sauna.,15,30,15,124
08/27/2025,5:30 PM,75 min.,Flatiron,Guided All Around: Inner Power,,Sauna.,42,64,22,146
08/27/2025,6:45 PM,75 min.,Flatiron,Guided All Around: Hardwiring Happiness,,Sauna.,20,64,44,190
08/27/2025,8:00 PM,75 min.,Flatiron,Free Flow,,Sauna.,5,30,25,215
08/27/2025,8:15 PM,75 min.,Flatiron,Free Flow,,Sauna..,0,20,20,235
08/27/2025,8:30 PM,75 min.,Flatiron,Free Flow,,Sauna...,5,25,20,255
08/27/2025,8:45 PM,75 min.,Flatiron,Free Flow,,Sauna....,12,20,8,263
08/27/2025,9:00 PM,75 min.,Flatiron,Free Flow,,Sauna.....,8,15,7,270
08/27/2025,9:30 PM,75 min.,Flatiron,Free Flow,,Sauna.,24,30,6,276
08/27/2025,9:45 PM,75 min.,Flatiron,Free Flow,,Sauna..,27,30,3,279
08/28/2025,7:00 AM,60 min.,Flatiron,Guided Up: Self-Care Sweat - 60 min,,Sauna.,36,64,28,28
08/28/2025,8:30 AM,75 min.,Flatiron,Free Flow,,Sauna.,19,40,21,49
08/28/2025,9:00 AM,75 min.,Flatiron,Free Flow,,Sauna..,35,40,5,54
08/28/2025,9:30 AM,75 min.,Flatiron,Free Flow,,Sauna...,36,40,4,58
08/28/2025,10:00 AM,75 min.,Flatiron,Free Flow,,Sauna.,37,40,3,61
08/28/2025,10:15 AM,75 min.,Flatiron,Free Flow,,Sauna..,34,40,6,67
08/28/2025,12:00 PM,60 min.,Flatiron,Guided Down: Senses - 60 min,,Sauna.,52,64,12,79
08/28/2025,1:45 PM,75 min.,Flatiron,Guided Down: Sound Immersion,,Sauna.,48,64,16,95
08/28/2025,3:30 PM,75 min.,Flatiron,Free Flow,,Sauna.,25,40,15,110
08/28/2025,4:00 PM,75 min.,Flatiron,Free Flow,,Sauna..,33,40,7,117
08/28/2025,4:30 PM,75 min.,Flatiron,Free Flow,,Sauna...,34,40,6,123
08/28/2025,5:00 PM,75 min.,Flatiron,Free Flow,,Sauna.,29,40,11,134
08/28/2025,5:30 PM,75 min.,Flatiron,Free Flow,,Sauna..,9,40,31,165
08/28/2025,6:45 PM,75 min.,Flatiron,Guided All Around: Hardwiring Happiness,,Sauna.,,,,165
08/28/2025,8:00 PM,75 min.,Flatiron,Lively Free Flow,,Sauna.,5,25,20,185
08/28/2025,8:15 PM,75 min.,Flatiron,Lively Free Flow,,Sauna..,4,15,11,196
08/28/2025,8:30 PM,75 min.,Flatiron,Lively Free Flow,,Sauna...,22,30,8,204
08/28/2025,8:45 PM,75 min.,Flatiron,Lively Free Flow,,Sauna....,23,25,2,206
08/28/2025,9:00 PM,75 min.,Flatiron,Lively Free Flow,,Sauna.....,14,15,1,207
08/28/2025,9:30 PM,75 min.,Flatiron,Lively Free Flow,,Sauna.,23,30,7,214
08/28/2025,9:45 PM,75 min.,Flatiron,Lively Free Flow,,Sauna..,28,30,2,216
08/29/2025,7:00 AM,75 min.,Flatiron,Guided Up: Feel Good Now,Aaron Albert,Sauna.,55,64,9,9
08/29/2025,8:15 AM,75 min.,Flatiron,Guided Up: Awakening,,Sauna.,44,64,20,29
08/29/2025,9:30 AM,75 min.,Flatiron,Guided All Around: Gratitude,,Sauna.,38,64,26,55
08/29/2025,10:45 AM,75 min.,Flatiron,Guided Up: Arctic Tundra,,Sauna.,47,64,17,72
08/29/2025,12:00 PM,75 min.,Flatiron,Free Flow,,Sauna.,13,30,17,89
08/29/2025,12:30 PM,75 min.,Flatiron,Free Flow,,Sauna..,24,30,6,95
08/29/2025,1:00 PM,75 min.,Flatiron,Free Flow,,Sauna...,35,45,10,105
08/29/2025,1:30 PM,75 min.,Flatiron,Free Flow,,Sauna....,22,35,13,118
08/29/2025,2:00 PM,75 min.,Flatiron,Free Flow,,Sauna.....,26,30,4,122
08/29/2025,2:30 PM,75 min.,Flatiron,Free Flow,,Sauna.,41,45,4,126
08/29/2025,3:00 PM,75 min.,Flatiron,Free Flow,,Sauna..,20,35,15,141
08/29/2025,3:30 PM,75 min.,Flatiron,Free Flow,,Sauna...,12,30,18,159
08/29/2025,4:00 PM,75 min.,Flatiron,Free Flow,,Sauna....,37,45,8,167
08/29/2025,4:30 PM,75 min.,Flatiron,Free Flow,,Sauna.....,23,35,12,179
08/29/2025,5:00 PM,75 min.,Flatiron,Free Flow,,Sauna.,10,30,20,199
08/29/2025,5:30 PM,75 min.,Flatiron,Free Flow,,Sauna..,28,45,17,216
08/29/2025,6:00 PM,75 min.,Flatiron,Lively Free Flow,,Sauna...,0,20,20,236
08/29/2025,6:30 PM,75 min.,Flatiron,Lively Free Flow,,Sauna....,0,25,25,261
08/29/2025,7:45 PM,75 min.,Flatiron,Guided All Around: Reset,,Sauna.,24,64,40,301
08/29/2025,9:00 PM,120 min.,Flatiron,Social,,Sauna.,1,25,24,325
08/29/2025,9:20 PM,120 min.,Flatiron,Social,,Sauna..,4,30,26,351
08/29/2025,9:40 PM,120 min.,Flatiron,Social,,Sauna...,21,30,9,360
08/29/2025,10:00 PM,120 min.,Flatiron,Social,,Sauna....,22,30,8,368
08/30/2025,8:00 AM,75 min.,Flatiron,Guided All Around: Release,,Sauna.,51,64,13,13
08/30/2025,9:15 AM,75 min.,Flatiron,Guided Down: Sound Immersion,,Sauna.,35,64,29,42
08/30/2025,10:30 AM,75 min.,Flatiron,Guided Down: Pure Presence,,Sauna.,32,60,28,70
08/30/2025,11:45 AM,75 min.,Flatiron,Lively Free Flow,,Sauna.,1,20,19,89
08/30/2025,12:00 PM,75 min.,Flatiron,Lively Free Flow,,Sauna..,10,20,10,99
08/30/2025,12:30 PM,75 min.,Flatiron,Lively Free Flow,,Sauna...,25,45,20,119
08/30/2025,1:00 PM,75 min.,Flatiron,Lively Free Flow,,Sauna....,14,30,16,135
08/30/2025,1:30 PM,75 min.,Flatiron,Lively Free Flow,,Sauna.....,25,30,5,140
08/30/2025,2:00 PM,75 min.,Flatiron,Lively Free Flow,,Sauna.,38,45,7,147
08/30/2025,2:30 PM,75 min.,Flatiron,Lively Free Flow,,Sauna..,22,35,13,160
08/30/2025,3:00 PM,75 min.,Flatiron,Lively Free Flow,,Sauna...,21,30,9,169
08/30/2025,3:30 PM,75 min.,Flatiron,Lively Free Flow,,Sauna....,38,45,7,176
08/30/2025,4:00 PM,75 min.,Flatiron,Lively Free Flow,,Sauna.....,30,35,5,181
08/30/2025,4:30 PM,75 min.,Flatiron,Lively Free Flow,,Sauna.,24,30,6,187
08/30/2025,5:00 PM,75 min.,Flatiron,Lively Free Flow,,Sauna..,39,45,6,193
08/30/2025,5:30 PM,75 min.,Flatiron,Lively Free Flow,,Sauna...,21,35,14,207
08/30/2025,6:00 PM,75 min.,Flatiron,Lively Free Flow,,Sauna....,25,30,5,212
08/30/2025,6:15 PM,75 min.,Flatiron,Lively Free Flow,,Sauna.....,8,20,12,224
08/30/2025,7:30 PM,75 min.,Flatiron,"Guided All Around: Rose, Thorn, Bud",,Sauna.,28,64,36,260
08/30/2025,8:45 PM,120 min.,Flatiron,Beat Drop: DJ Takeover,,Sauna.,2,30,28,288
08/30/2025,9:15 PM,120 min.,Flatiron,Beat Drop: DJ Takeover,,Sauna.....,19,40,21,309
08/30/2025,9:30 PM,120 min.,Flatiron,Beat Drop: DJ Takeover,,Sauna...,24,35,11,320
08/30/2025,10:00 PM,120 min.,Flatiron,Beat Drop: DJ Takeover,,Sauna..,25,30,5,325
08/31/2025,8:00 AM,75 min.,Flatiron,Guided Down: Pure Presence,,Sauna.,47,64,17,17
08/31/2025,9:15 AM,75 min.,Flatiron,Guided All Around: Journey Through the Seasons,,Sauna.,39,64,25,42
08/31/2025,10:30 AM,75 min.,Flatiron,Guided All Around: Inner Power,,Sauna.,23,60,37,79
08/31/2025,11:45 AM,75 min.,Flatiron,Guided All Around: Reflect,,Sauna.,16,64,48,127
08/31/2025,1:00 PM,75 min.,Flatiron,Lively Free Flow,,Sauna.,2,30,28,155
08/31/2025,1:30 PM,75 min.,Flatiron,Lively Free Flow,,Sauna..,17,30,13,168
08/31/2025,2:00 PM,75 min.,Flatiron,Lively Free Flow,,Sauna...,32,45,13,181
08/31/2025,2:30 PM,75 min.,Flatiron,Lively Free Flow,,Sauna....,21,35,14,195
08/31/2025,3:00 PM,75 min.,Flatiron,Lively Free Flow,,Sauna.....,20,30,10,205
08/31/2025,3:30 PM,75 min.,Flatiron,Lively Free Flow,,Sauna.,34,45,11,216
08/31/2025,4:00 PM,75 min.,Flatiron,Lively Free Flow,,Sauna..,16,35,19,235
08/31/2025,4:30 PM,75 min.,Flatiron,Lively Free Flow,,Sauna...,21,30,9,244
08/31/2025,5:00 PM,75 min.,Flatiron,Lively Free Flow,,Sauna....,36,45,9,253
08/31/2025,5:30 PM,75 min.,Flatiron,Lively Free Flow,,Sauna.....,16,35,19,272
08/31/2025,6:00 PM,75 min.,Flatiron,Lively Free Flow,,Sauna.,11,30,19,291
08/31/2025,7:15 PM,75 min.,Flatiron,Guided All Around: Gratitude,,Sauna.,21,64,43,334
08/31/2025,8:30 PM,75 min.,Flatiron,Free Flow,,Sauna.,2,25,23,357
08/31/2025,8:45 PM,75 min.,Flatiron,Free Flow,,Sauna..,21,25,4,361
08/31/2025,9:15 PM,75 min.,Flatiron,Free Flow,,Sauna...,29,35,6,367
08/31/2025,9:30 PM,75 min.,Flatiron,Free Flow,,Sauna....,27,30,3,370
08/18/2025,7:00 AM,60 min.,Flatiron,Guided Up: Self-Care Sweat - 60 min,,Sauna.,36,64,28,28
08/18/2025,8:30 AM,75 min.,Flatiron,Gong Quieter Free Flow,,Sauna.,30,40,10,38
08/18/2025,9:00 AM,75 min.,Flatiron,Gong Quieter Free Flow,,Sauna..,40,40,0,38
08/18/2025,9:30 AM,75 min.,Flatiron,Gong Quieter Free Flow,,Sauna...,37,40,3,41
08/18/2025,10:00 AM,75 min.,Flatiron,Gong Quieter Free Flow,,Sauna.,33,40,7,48
08/18/2025,10:15 AM,75 min.,Flatiron,Gong Quieter Free Flow,,Sauna..,30,40,10,58
08/18/2025,12:00 PM,60 min.,Flatiron,Guided Down: Sound Immersion Spanish Edition 60min,,Sauna.,53,64,11,69
08/18/2025,1:30 PM,75 min.,Flatiron,Free Flow,,Sauna.,32,40,8,77
08/18/2025,1:45 PM,75 min.,Flatiron,Free Flow,,Sauna..,34,40,6,83
08/18/2025,2:15 PM,75 min.,Flatiron,Free Flow,,Sauna...,34,40,6,89
08/18/2025,2:45 PM,75 min.,Flatiron,Free Flow,,Sauna....,38,40,2,91
08/18/2025,3:15 PM,75 min.,Flatiron,Free Flow,,Sauna.....,35,40,5,96
08/18/2025,3:45 PM,75 min.,Flatiron,Free Flow,,Sauna.,31,40,9,105
08/18/2025,4:15 PM,75 min.,Flatiron,Free Flow,,Sauna..,35,40,5,110
08/18/2025,4:45 PM,75 min.,Flatiron,Free Flow,,Sauna...,12,30,18,128
08/18/2025,5:15 PM,75 min.,Flatiron,Free Flow,,Sauna....,0,30,30,158
08/18/2025,6:30 PM,75 min.,Flatiron,Guided Down: Senses,,Sauna.,5,64,59,217
08/18/2025,7:45 PM,75 min.,Flatiron,Guided Down: Sound Immersion,,Sauna.,18,64,46,263
08/18/2025,9:00 PM,120 min.,Flatiron,Comedy Night,,Sauna.,2,64,62,325
08/19/2025,7:00 AM,60 min.,Flatiron,Guided Up: Self-Care Sweat - 60 min,,Sauna.,31,64,33,33
08/19/2025,8:30 AM,75 min.,Flatiron,Quieter Free Flow,,Sauna.,33,40,7,40
08/19/2025,9:00 AM,75 min.,Flatiron,Quieter Free Flow,,Sauna..,36,40,4,44
08/19/2025,9:30 AM,75 min.,Flatiron,Quieter Free Flow,,Sauna...,34,40,6,50
08/19/2025,10:00 AM,75 min.,Flatiron,Quieter Free Flow,,Sauna.,27,40,13,63
08/19/2025,10:15 AM,75 min.,Flatiron,Quieter Free Flow,,Sauna..,36,40,4,67
08/19/2025,12:00 PM,60 min.,Flatiron,Guided Up: Arctic Tundra - 60 min,,Sauna.,48,64,16,83
08/19/2025,1:45 PM,75 min.,Flatiron,Guided All Around: Reset,,Sauna.,39,64,25,108
08/19/2025,3:30 PM,75 min.,Flatiron,Free Flow,,Sauna.,34,40,6,114
08/19/2025,3:45 PM,75 min.,Flatiron,Free Flow,,Sauna..,38,40,2,116
08/19/2025,4:00 PM,75 min.,Flatiron,Free Flow,,Sauna....,25,30,5,121
08/19/2025,4:15 PM,75 min.,Flatiron,Free Flow,,Sauna.....,24,30,6,127
08/19/2025,5:30 PM,75 min.,Flatiron,Guided All Around: Inner Power,,Sauna.,10,64,54,181
08/19/2025,6:45 PM,75 min.,Flatiron,Guided All Around: Acceptance,,Sauna.,8,64,56,237
08/19/2025,8:00 PM,75 min.,Flatiron,Free Flow,,Sauna.,1,25,24,261
08/19/2025,8:15 PM,75 min.,Flatiron,Free Flow,,Sauna..,2,20,18,279
08/19/2025,8:30 PM,75 min.,Flatiron,Free Flow,,Sauna...,0,30,30,309
08/19/2025,8:45 PM,75 min.,Flatiron,Free Flow,,Sauna....,15,25,10,319
08/19/2025,9:00 PM,75 min.,Flatiron,Free Flow,,Sauna.....,1,15,14,333
08/19/2025,9:30 PM,75 min.,Flatiron,Free Flow,,Sauna.,25,30,5,338
08/19/2025,9:45 PM,75 min.,Flatiron,Free Flow,,Sauna..,25,30,5,343
08/20/2025,7:00 AM,60 min.,Flatiron,Guided Up: Self-Care Sweat - 60 min,,Sauna.,41,64,23,23
08/20/2025,8:30 AM,75 min.,Flatiron,Free Flow,,Sauna.,26,40,14,37
08/20/2025,9:00 AM,75 min.,Flatiron,Free Flow,,Sauna..,34,40,6,43
08/20/2025,9:30 AM,75 min.,Flatiron,Free Flow,,Sauna...,31,40,9,52
08/20/2025,10:00 AM,75 min.,Flatiron,Free Flow,,Sauna.,35,40,5,57
08/20/2025,10:15 AM,75 min.,Flatiron,Free Flow,,Sauna..,34,40,6,63
08/20/2025,2:15 PM,75 min.,Flatiron,Free Flow,,Sauna..,31,40,9,72
08/20/2025,2:45 PM,75 min.,Flatiron,Free Flow,,Sauna...,35,40,5,77
08/20/2025,3:15 PM,75 min.,Flatiron,Free Flow,,Sauna....,34,40,6,83
08/20/2025,3:45 PM,75 min.,Flatiron,Free Flow,,Sauna.....,20,30,10,93
08/20/2025,4:15 PM,75 min.,Flatiron,Free Flow,,Sauna.,13,30,17,110
08/20/2025,5:30 PM,75 min.,Flatiron,Guided All Around: Loving Kindness,,Sauna.,17,64,47,157
08/20/2025,6:45 PM,75 min.,Flatiron,Guided Down: Pure Presence,,Sauna.,15,64,49,206
08/20/2025,8:00 PM,75 min.,Flatiron,Free Flow,,Sauna.,0,30,30,236
08/20/2025,8:15 PM,75 min.,Flatiron,Free Flow,,Sauna..,11,20,9,245
08/20/2025,8:30 PM,75 min.,Flatiron,Free Flow,,Sauna...,19,25,6,251
08/20/2025,8:45 PM,75 min.,Flatiron,Free Flow,,Sauna....,15,20,5,256
08/20/2025,9:00 PM,75 min.,Flatiron,Free Flow,,Sauna.....,11,15,4,260
08/20/2025,9:30 PM,75 min.,Flatiron,Free Flow,,Sauna.,26,30,4,264
08/20/2025,9:45 PM,75 min.,Flatiron,Free Flow,,Sauna..,0,30,30,294
08/21/2025,7:00 AM,60 min.,Flatiron,Guided Up: Arctic Tundra - 60 min,,Sauna.,50,64,14,14
08/21/2025,8:30 AM,75 min.,Flatiron,Free Flow,,Sauna.,33,40,7,21
08/21/2025,9:00 AM,75 min.,Flatiron,Free Flow,,Sauna..,35,40,5,26
08/21/2025,9:30 AM,75 min.,Flatiron,Free Flow,,Sauna...,30,40,10,36
08/21/2025,10:00 AM,75 min.,Flatiron,Free Flow,,Sauna.,37,40,3,39
08/21/2025,10:15 AM,75 min.,Flatiron,Free Flow,,Sauna..,34,40,6,45
08/21/2025,12:00 PM,60 min.,Flatiron,Guided Down: Deep Stretch - 60 min,,Sauna.,45,64,19,64
08/21/2025,1:45 PM,75 min.,Flatiron,Guided Down: Self-Care Sweat,,Sauna.,42,64,22,86
08/21/2025,3:30 PM,75 min.,Flatiron,Free Flow,,Sauna.,25,40,15,101
08/21/2025,4:00 PM,75 min.,Flatiron,Free Flow,,Sauna..,30,40,10,111
08/21/2025,4:30 PM,75 min.,Flatiron,Free Flow,,Sauna...,15,40,25,136
08/21/2025,8:45 PM,75 min.,Flatiron,Lively Free Flow,,Sauna....,2,25,23,159
08/21/2025,9:00 PM,75 min.,Flatiron,Lively Free Flow,,Sauna.....,0,15,15,174
08/21/2025,9:30 PM,75 min.,Flatiron,Lively Free Flow,,Sauna.,12,30,18,192
08/21/2025,9:45 PM,75 min.,Flatiron,Lively Free Flow,,Sauna..,27,30,3,195
08/22/2025,7:00 AM,75 min.,Flatiron,Guided Down: Embodied,,Sauna.,40,60,20,20
08/22/2025,8:15 AM,75 min.,Flatiron,"Guided All Around: Rose, Thorn, Bud",,Sauna.,46,64,18,38
08/22/2025,9:30 AM,75 min.,Flatiron,Guided Down: Deep Stretch,,Sauna.,39,60,21,59
08/22/2025,10:45 AM,75 min.,Flatiron,Guided Down: Sound Immersion,,Sauna.,35,64,29,88
08/22/2025,12:00 PM,75 min.,Flatiron,Free Flow,,Sauna.,17,30,13,101
08/22/2025,12:30 PM,75 min.,Flatiron,Free Flow,,Sauna..,27,30,3,104
08/22/2025,1:00 PM,75 min.,Flatiron,Free Flow,,Sauna...,43,45,2,106
08/22/2025,1:30 PM,75 min.,Flatiron,Free Flow,,Sauna....,20,35,15,121
08/22/2025,2:00 PM,75 min.,Flatiron,Free Flow,,Sauna.....,24,30,6,127
08/22/2025,2:30 PM,75 min.,Flatiron,Free Flow,,Sauna.,39,45,6,133
08/22/2025,3:00 PM,75 min.,Flatiron,Free Flow,,Sauna..,23,35,12,145
08/22/2025,3:30 PM,75 min.,Flatiron,Free Flow,,Sauna...,18,30,12,157
08/22/2025,4:00 PM,75 min.,Flatiron,Free Flow,,Sauna....,41,45,4,161
08/22/2025,4:30 PM,75 min.,Flatiron,Free Flow,,Sauna.....,16,35,19,180
08/22/2025,5:00 PM,75 min.,Flatiron,Free Flow,,Sauna.,22,30,8,188
08/22/2025,5:30 PM,75 min.,Flatiron,Free Flow,,Sauna..,0,45,45,233
08/22/2025,6:00 PM,75 min.,Flatiron,Lively Free Flow,,Sauna...,0,20,20,253
08/22/2025,6:30 PM,75 min.,Flatiron,Lively Free Flow,,Sauna....,2,25,23,276
08/22/2025,7:45 PM,75 min.,Flatiron,Guided All Around: Inner Power,,Sauna.,11,64,53,329
08/22/2025,9:00 PM,120 min.,Flatiron,Music Discovery Night,,Sauna.,20,75,55,384
08/23/2025,8:00 AM,75 min.,Flatiron,Guided Down: Deep Stretch,,Sauna.,43,60,17,17
08/23/2025,9:15 AM,75 min.,Flatiron,Guided All Around: Reset,,Sauna.,36,64,28,45
08/23/2025,10:30 AM,75 min.,Flatiron,Guided All Around: Release,,Sauna.,2,64,62,107
08/23/2025,11:45 AM,75 min.,Flatiron,Lively Free Flow,,Sauna.,3,30,27,134
08/23/2025,12:00 PM,75 min.,Flatiron,Lively Free Flow,,Sauna..,0,20,20,154
08/23/2025,12:30 PM,75 min.,Flatiron,Lively Free Flow,,Sauna...,21,30,9,163
08/23/2025,1:00 PM,75 min.,Flatiron,Lively Free Flow,,Sauna....,12,30,18,181
08/23/2025,1:30 PM,75 min.,Flatiron,Lively Free Flow,,Sauna.....,27,30,3,184
08/23/2025,2:00 PM,75 min.,Flatiron,Lively Free Flow,,Sauna.,33,45,12,196
08/23/2025,2:30 PM,75 min.,Flatiron,Lively Free Flow,,Sauna..,29,35,6,202
08/23/2025,3:00 PM,75 min.,Flatiron,Lively Free Flow,,Sauna...,22,30,8,210
08/23/2025,3:30 PM,75 min.,Flatiron,Lively Free Flow,,Sauna....,38,45,7,217
08/23/2025,4:00 PM,75 min.,Flatiron,Lively Free Flow,,Sauna.....,22,35,13,230
08/23/2025,4:30 PM,75 min.,Flatiron,Lively Free Flow,,Sauna.,12,30,18,248
08/23/2025,5:00 PM,75 min.,Flatiron,Lively Free Flow,,Sauna..,36,45,9,257
08/23/2025,5:30 PM,75 min.,Flatiron,Lively Free Flow,,Sauna...,26,35,9,266
08/23/2025,6:00 PM,75 min.,Flatiron,Lively Free Flow,,Sauna....,22,30,8,274
08/23/2025,6:15 PM,75 min.,Flatiron,Lively Free Flow,,Sauna.....,9,20,11,285
08/23/2025,7:30 PM,75 min.,Flatiron,Guided Down: Deep Stretch,,Sauna.,30,60,30,315
08/23/2025,8:45 PM,120 min.,Flatiron,Social,,Sauna.,16,30,14,329
08/23/2025,9:15 PM,120 min.,Flatiron,Social,,Sauna.....,33,40,7,336
08/23/2025,9:30 PM,120 min.,Flatiron,Social,,Sauna...,32,35,3,339
08/23/2025,10:00 PM,120 min.,Flatiron,Social,,Sauna..,28,30,2,341
08/24/2025,8:00 AM,75 min.,Flatiron,Guided Up: Self-Care Sweat,,Sauna.,53,64,11,11
08/24/2025,9:15 AM,75 min.,Flatiron,Guided Down: Senses,,Sauna.,44,64,20,31
08/24/2025,10:30 AM,75 min.,Flatiron,"Guided Down: Rose, Thorn, Bud",,Sauna.,39,64,25,56
08/24/2025,11:45 AM,75 min.,Flatiron,Guided All Around: Reset,,Sauna.,18,64,46,102
08/24/2025,1:00 PM,75 min.,Flatiron,Lively Free Flow,,Sauna.,1,30,29,131
08/24/2025,1:30 PM,75 min.,Flatiron,Lively Free Flow,,Sauna..,3,30,27,158
08/24/2025,2:00 PM,75 min.,Flatiron,Lively Free Flow,,Sauna...,20,45,25,183
08/24/2025,2:30 PM,75 min.,Flatiron,Lively Free Flow,,Sauna....,21,35,14,197
08/24/2025,3:00 PM,75 min.,Flatiron,Lively Free Flow,,Sauna.....,13,30,17,214
08/24/2025,3:30 PM,75 min.,Flatiron,Lively Free Flow,,Sauna.,16,45,29,243
08/24/2025,4:00 PM,75 min.,Flatiron,Lively Free Flow,,Sauna..,14,35,21,264
08/24/2025,4:30 PM,75 min.,Flatiron,Lively Free Flow,,Sauna...,11,30,19,283
08/24/2025,5:00 PM,75 min.,Flatiron,Lively Free Flow,,Sauna....,20,45,25,308
08/24/2025,5:30 PM,75 min.,Flatiron,Lively Free Flow,,Sauna.....,16,35,19,327
08/24/2025,6:00 PM,75 min.,Flatiron,Lively Free Flow,,Sauna.,0,30,30,357
08/24/2025,7:15 PM,75 min.,Flatiron,"Guided All Around: Rose, Thorn, Bud",,Sauna.,16,64,48,405
08/24/2025,8:30 PM,75 min.,Flatiron,Free Flow,,Sauna.,1,25,24,429
08/24/2025,8:45 PM,75 min.,Flatiron,Free Flow,,Sauna..,10,25,15,444
08/24/2025,9:15 PM,75 min.,Flatiron,Free Flow,,Sauna...,30,35,5,449
08/24/2025,9:30 PM,75 min.,Flatiron,Free Flow,,Sauna....,23,30,7,456
08/11/2025,7:00 AM,60 min.,Flatiron,Guided Up: Self-Care Sweat - 60 min,,Sauna.,46,64,18,18
08/11/2025,8:30 AM,75 min.,Flatiron,Quieter Free Flow,,Sauna.,32,40,8,26
08/11/2025,9:00 AM,75 min.,Flatiron,Quieter Free Flow,,Sauna..,37,40,3,29
08/11/2025,9:30 AM,75 min.,Flatiron,Quieter Free Flow,,Sauna...,36,40,4,33
08/11/2025,10:00 AM,75 min.,Flatiron,Quieter Free Flow,,Sauna.,38,40,2,35
08/11/2025,10:15 AM,75 min.,Flatiron,Quieter Free Flow,,Sauna..,34,40,6,41
08/11/2025,12:00 PM,60 min.,Flatiron,Guided All Around: Inner Power - 60 min,,Sauna.,45,64,19,60
08/11/2025,1:30 PM,75 min.,Flatiron,Free Flow,,Sauna.,33,40,7,67
08/11/2025,1:45 PM,75 min.,Flatiron,Free Flow,,Sauna..,35,40,5,72
08/11/2025,2:15 PM,75 min.,Flatiron,Free Flow,,Sauna...,38,40,2,74
08/11/2025,2:45 PM,75 min.,Flatiron,Free Flow,,Sauna....,36,40,4,78
08/11/2025,3:15 PM,75 min.,Flatiron,Free Flow,,Sauna.....,35,40,5,83
08/11/2025,3:45 PM,75 min.,Flatiron,Free Flow,,Sauna.,13,40,27,110
08/11/2025,4:15 PM,75 min.,Flatiron,Free Flow,,Sauna..,35,40,5,115
08/11/2025,4:45 PM,75 min.,Flatiron,Free Flow,,Sauna...,19,30,11,126
08/11/2025,5:15 PM,75 min.,Flatiron,Free Flow,,Sauna....,0,30,30,156
08/11/2025,6:30 PM,75 min.,Flatiron,Guided All Around: Loving Kindness,,Sauna.,18,64,46,202
08/11/2025,7:45 PM,75 min.,Flatiron,Guided All Around: Reset,,Sauna.,22,64,42,244
08/11/2025,9:00 PM,75 min.,Flatiron,Guided All Around: Acceptance,,Sauna.,39,64,25,269
08/12/2025,7:00 AM,60 min.,Flatiron,Guided Up: Arctic Tundra - 60 min,,Sauna.,38,64,26,26
08/12/2025,8:30 AM,75 min.,Flatiron,Quieter Free Flow,,Sauna.,31,40,9,35
08/12/2025,9:00 AM,75 min.,Flatiron,Quieter Free Flow,,Sauna..,38,40,2,37
08/12/2025,9:30 AM,75 min.,Flatiron,Quieter Free Flow,,Sauna...,36,40,4,41
08/12/2025,10:00 AM,75 min.,Flatiron,Quieter Free Flow,,Sauna.,34,40,6,47
08/12/2025,10:15 AM,75 min.,Flatiron,Quieter Free Flow,,Sauna..,32,40,8,55
08/12/2025,12:00 PM,60 min.,Flatiron,Guided All Around: Inner Power - 60 min,,Sauna.,45,64,19,74
08/12/2025,1:45 PM,75 min.,Flatiron,Guided Down: Pure Presence,,Sauna.,47,64,17,91
08/12/2025,3:30 PM,75 min.,Flatiron,Free Flow,,Sauna.,30,40,10,101
08/12/2025,3:45 PM,75 min.,Flatiron,Free Flow,,Sauna..,39,40,1,102
08/12/2025,4:00 PM,75 min.,Flatiron,Free Flow,,Sauna....,25,30,5,107
08/12/2025,4:15 PM,75 min.,Flatiron,Free Flow,,Sauna.....,20,30,10,117
08/12/2025,5:30 PM,75 min.,Flatiron,Guided Down: Unwind,,Sauna.,14,64,50,167
08/12/2025,6:45 PM,75 min.,Flatiron,Guided Down: Sound Immersion,,Sauna.,21,64,43,210
08/12/2025,8:00 PM,75 min.,Flatiron,Free Flow,,Sauna.,1,25,24,234
08/12/2025,8:15 PM,75 min.,Flatiron,Free Flow,,Sauna..,0,20,20,254
08/12/2025,8:30 PM,75 min.,Flatiron,Free Flow,,Sauna...,0,30,30,284
08/12/2025,8:45 PM,75 min.,Flatiron,Free Flow,,Sauna....,5,25,20,304
08/12/2025,9:00 PM,75 min.,Flatiron,Free Flow,,Sauna.....,5,15,10,314
08/12/2025,9:30 PM,75 min.,Flatiron,Free Flow,,Sauna.,29,30,1,315
08/12/2025,9:45 PM,75 min.,Flatiron,Free Flow,,Sauna..,27,30,3,318
08/13/2025,7:00 AM,60 min.,Flatiron,Guided Up: Self-Care Sweat - 60 min,,Sauna.,31,64,33,33
08/13/2025,8:30 AM,75 min.,Flatiron,Free Flow,,Sauna.,31,40,9,42
08/13/2025,9:00 AM,75 min.,Flatiron,Free Flow,,Sauna..,37,40,3,45
08/13/2025,9:30 AM,75 min.,Flatiron,Free Flow,,Sauna...,30,40,10,55
08/13/2025,10:00 AM,75 min.,Flatiron,Free Flow,,Sauna.,37,40,3,58
08/13/2025,10:15 AM,75 min.,Flatiron,Free Flow,,Sauna..,33,40,7,65
08/13/2025,12:00 PM,60 min.,Flatiron,Guided Down: Pure Presence - 60 min,,Sauna.,7,64,57,122
08/13/2025,1:45 PM,75 min.,Flatiron,Free Flow,,Sauna.,29,40,11,133
08/13/2025,2:15 PM,75 min.,Flatiron,Free Flow,,Sauna..,35,40,5,138
08/13/2025,2:45 PM,75 min.,Flatiron,Free Flow,,Sauna...,39,40,1,139
08/13/2025,3:15 PM,75 min.,Flatiron,Free Flow,,Sauna....,25,40,15,154
08/13/2025,3:45 PM,75 min.,Flatiron,Free Flow,,Sauna.....,29,30,1,155
08/13/2025,4:15 PM,75 min.,Flatiron,Free Flow,,Sauna.,10,30,20,175
08/13/2025,5:30 PM,75 min.,Flatiron,Guided All Around: Inner Power,,Sauna.,41,64,23,198
08/13/2025,6:45 PM,75 min.,Flatiron,Guided All Around: Reset,,Sauna.,32,64,32,230
08/13/2025,8:00 PM,75 min.,Flatiron,Free Flow,,Sauna.,7,30,23,253
08/13/2025,8:15 PM,75 min.,Flatiron,Free Flow,,Sauna..,3,20,17,270
08/13/2025,8:30 PM,75 min.,Flatiron,Free Flow,,Sauna...,15,25,10,280
08/13/2025,8:45 PM,75 min.,Flatiron,Free Flow,,Sauna....,19,20,1,281
08/13/2025,9:00 PM,75 min.,Flatiron,Free Flow,,Sauna.....,13,15,2,283
08/13/2025,9:30 PM,75 min.,Flatiron,Free Flow,,Sauna.,24,30,6,289
08/13/2025,9:45 PM,75 min.,Flatiron,Free Flow,,Sauna..,0,30,30,319
08/14/2025,7:00 AM,60 min.,Flatiron,Guided All Around: Inner Power - 60 min,,Sauna.,39,60,21,21
08/14/2025,8:30 AM,75 min.,Flatiron,Free Flow,,Sauna.,34,40,6,27
08/14/2025,9:00 AM,75 min.,Flatiron,Free Flow,,Sauna..,35,40,5,32
08/14/2025,9:30 AM,75 min.,Flatiron,Free Flow,,Sauna...,31,40,9,41
08/14/2025,10:00 AM,75 min.,Flatiron,Free Flow,,Sauna.,35,40,5,46
08/14/2025,10:15 AM,75 min.,Flatiron,Free Flow,,Sauna..,31,40,9,55
08/14/2025,12:00 PM,60 min.,Flatiron,Guided Up: Self-Care Sweat - 60 min,,Sauna.,56,64,8,63
08/14/2025,1:45 PM,75 min.,Flatiron,Guided Down: Sound Immersion,,Sauna.,46,64,18,81
08/14/2025,3:30 PM,75 min.,Flatiron,Free Flow,,Sauna.,22,40,18,99
08/14/2025,4:00 PM,75 min.,Flatiron,Free Flow,,Sauna..,28,40,12,111
08/14/2025,4:30 PM,75 min.,Flatiron,Free Flow,,Sauna...,30,40,10,121
08/14/2025,5:00 PM,75 min.,Flatiron,Free Flow,,Sauna.,34,40,6,127
08/14/2025,5:30 PM,75 min.,Flatiron,Free Flow,,Sauna..,7,40,33,160
08/14/2025,6:45 PM,75 min.,Flatiron,Guided All Around: Inner Power,,Sauna.,4,64,60,220
08/14/2025,8:00 PM,75 min.,Flatiron,Lively Free Flow,,Sauna.,0,25,25,245
08/14/2025,8:15 PM,75 min.,Flatiron,Lively Free Flow,,Sauna..,7,15,8,253
08/14/2025,8:30 PM,75 min.,Flatiron,Lively Free Flow,,Sauna...,26,30,4,257
08/14/2025,8:45 PM,75 min.,Flatiron,Lively Free Flow,,Sauna....,18,25,7,264
08/14/2025,9:00 PM,75 min.,Flatiron,Lively Free Flow,,Sauna.....,7,15,8,272
08/14/2025,9:30 PM,75 min.,Flatiron,Lively Free Flow,,Sauna.,26,30,4,276
08/14/2025,9:45 PM,75 min.,Flatiron,Lively Free Flow,,Sauna..,23,30,7,283
08/15/2025,7:00 AM,75 min.,Flatiron,Guided Up: Feel Good Now,Aaron Albert,Sauna.,50,64,14,14
08/15/2025,8:15 AM,75 min.,Flatiron,Guided All Around: Inner Power,,Sauna.,48,64,16,30
08/15/2025,9:30 AM,75 min.,Flatiron,Guided All Around: Gratitude,,Sauna.,40,64,24,54
08/15/2025,10:45 AM,75 min.,Flatiron,Guided Up: Arctic Tundra,,Sauna.,50,64,14,68
08/15/2025,12:00 PM,75 min.,Flatiron,Free Flow,,Sauna.,17,30,13,81
08/15/2025,12:30 PM,75 min.,Flatiron,Free Flow,,Sauna..,18,30,12,93
08/15/2025,1:00 PM,75 min.,Flatiron,Free Flow,,Sauna...,38,45,7,100
08/15/2025,1:30 PM,75 min.,Flatiron,Free Flow,,Sauna....,28,35,7,107
08/15/2025,2:00 PM,75 min.,Flatiron,Free Flow,,Sauna.....,22,30,8,115
08/15/2025,2:30 PM,75 min.,Flatiron,Free Flow,,Sauna.,41,45,4,119
08/15/2025,3:00 PM,75 min.,Flatiron,Free Flow,,Sauna..,31,35,4,123
08/15/2025,3:30 PM,75 min.,Flatiron,Free Flow,,Sauna...,21,30,9,132
08/15/2025,4:00 PM,75 min.,Flatiron,Free Flow,,Sauna....,41,45,4,136
08/15/2025,4:30 PM,75 min.,Flatiron,Free Flow,,Sauna.....,30,35,5,141
08/15/2025,5:00 PM,75 min.,Flatiron,Free Flow,,Sauna.,11,30,19,160
08/15/2025,5:30 PM,75 min.,Flatiron,Free Flow,,Sauna..,34,45,11,171
08/15/2025,6:00 PM,75 min.,Flatiron,Lively Free Flow,,Sauna...,9,30,21,192
08/15/2025,6:30 PM,75 min.,Flatiron,Lively Free Flow,,Sauna....,0,30,30,222
08/15/2025,7:45 PM,75 min.,Flatiron,Guided All Around: Hardwiring Happiness,,Sauna.,,,,222
08/15/2025,9:00 PM,120 min.,Flatiron,Social,,Sauna.,4,30,26,248
08/15/2025,9:20 PM,120 min.,Flatiron,Social,,Sauna..,3,30,27,275
08/15/2025,9:40 PM,120 min.,Flatiron,Social,,Sauna...,16,30,14,289
08/15/2025,10:00 PM,120 min.,Flatiron,Social,,Sauna....,24,30,6,295
08/16/2025,8:00 AM,75 min.,Flatiron,Guided Up: Feel Good Now,,Sauna.,53,64,11,11
08/16/2025,9:15 AM,75 min.,Flatiron,Guided Down: Sound Immersion,,Sauna.,24,64,40,51
08/16/2025,10:30 AM,75 min.,Flatiron,Guided All Around: Gratitude,Aaron Albert,Sauna.,4,64,60,111
08/16/2025,11:45 AM,75 min.,Flatiron,Lively Free Flow,,Sauna.,7,30,23,134
08/16/2025,12:00 PM,75 min.,Flatiron,Lively Free Flow,,Sauna..,11,20,9,143
08/16/2025,12:30 PM,75 min.,Flatiron,Lively Free Flow,,Sauna...,18,30,12,155
08/16/2025,1:00 PM,75 min.,Flatiron,Lively Free Flow,,Sauna....,15,30,15,170
08/16/2025,1:30 PM,75 min.,Flatiron,Lively Free Flow,,Sauna.....,20,30,10,180
08/16/2025,2:00 PM,75 min.,Flatiron,Lively Free Flow,,Sauna.,29,45,16,196
08/16/2025,2:30 PM,75 min.,Flatiron,Lively Free Flow,,Sauna..,29,35,6,202
08/16/2025,3:00 PM,75 min.,Flatiron,Lively Free Flow,,Sauna...,13,30,17,219
08/16/2025,3:30 PM,75 min.,Flatiron,Lively Free Flow,,Sauna....,24,45,21,240
08/16/2025,4:00 PM,75 min.,Flatiron,Lively Free Flow,,Sauna.....,31,35,4,244
08/16/2025,4:30 PM,75 min.,Flatiron,Lively Free Flow,,Sauna.,20,30,10,254
08/16/2025,5:00 PM,75 min.,Flatiron,Lively Free Flow,,Sauna..,34,45,11,265
08/16/2025,5:30 PM,75 min.,Flatiron,Lively Free Flow,,Sauna...,26,35,9,274
08/16/2025,6:00 PM,75 min.,Flatiron,Lively Free Flow,,Sauna....,20,30,10,284
08/16/2025,6:15 PM,75 min.,Flatiron,Lively Free Flow,,Sauna.....,5,20,15,299
08/16/2025,7:30 PM,75 min.,Flatiron,Guided All Around: Inner Power,,Sauna.,50,64,14,313
08/16/2025,8:45 PM,120 min.,Flatiron,Beat Drop Featuring The Feels Community,,Sauna.,3,30,27,340
08/16/2025,9:15 PM,120 min.,Flatiron,Beat Drop Featuring The Feels Community,,Sauna.....,10,40,30,370
08/16/2025,9:30 PM,120 min.,Flatiron,Beat Drop Featuring The Feels Community,,Sauna...,23,35,12,382
08/16/2025,10:00 PM,120 min.,Flatiron,Beat Drop Featuring The Feels Community,,Sauna..,26,30,4,386
08/17/2025,8:00 AM,75 min.,Flatiron,Guided Down: Pure Presence,,Sauna.,52,64,12,12
08/17/2025,9:15 AM,75 min.,Flatiron,Guided Up: Feel Good Now,Aaron Albert,Sauna.,32,64,32,44
08/17/2025,10:30 AM,75 min.,Flatiron,Guided All Around: Inner Power,,Sauna.,26,64,38,82
08/17/2025,11:45 AM,75 min.,Flatiron,Guided Up: Self-Care Sweat,,Sauna.,12,64,52,134
08/17/2025,1:00 PM,75 min.,Flatiron,Lively Free Flow,,Sauna.,1,30,29,163
08/17/2025,1:30 PM,75 min.,Flatiron,Lively Free Flow,,Sauna..,1,30,29,192
08/17/2025,2:00 PM,75 min.,Flatiron,Lively Free Flow,,Sauna...,29,45,16,208
08/17/2025,2:30 PM,75 min.,Flatiron,Lively Free Flow,,Sauna....,23,35,12,220
08/17/2025,3:00 PM,75 min.,Flatiron,Lively Free Flow,,Sauna.....,22,30,8,228
08/17/2025,3:30 PM,75 min.,Flatiron,Lively Free Flow,,Sauna.,20,45,25,253
08/17/2025,4:00 PM,75 min.,Flatiron,Lively Free Flow,,Sauna..,12,35,23,276
08/17/2025,4:30 PM,75 min.,Flatiron,Lively Free Flow,,Sauna...,11,30,19,295
08/17/2025,5:00 PM,75 min.,Flatiron,Lively Free Flow,,Sauna....,13,45,32,327
08/17/2025,5:30 PM,75 min.,Flatiron,Lively Free Flow,,Sauna.....,17,35,18,345
08/17/2025,6:00 PM,75 min.,Flatiron,Lively Free Flow,,Sauna.,2,30,28,373
08/17/2025,7:15 PM,75 min.,Flatiron,Guided All Around: Heart Opener,,Sauna.,12,64,52,425
08/17/2025,8:30 PM,75 min.,Flatiron,Free Flow,,Sauna.,13,25,12,437
08/17/2025,8:45 PM,75 min.,Flatiron,Free Flow,,Sauna..,10,25,15,452
08/17/2025,9:15 PM,75 min.,Flatiron,Free Flow,,Sauna...,29,35,6,458
08/17/2025,9:30 PM,75 min.,Flatiron,Free Flow,,Sauna....,28,30,2,460
08/04/2025,7:00 AM,60 min.,Flatiron,Guided Down: Deep Stretch - 60 min,,Sauna.,46,60,14,14
08/04/2025,8:30 AM,75 min.,Flatiron,Quieter Free Flow,,Sauna.,20,40,20,34
08/04/2025,9:00 AM,75 min.,Flatiron,Quieter Free Flow,,Sauna..,40,40,0,34
08/04/2025,9:30 AM,75 min.,Flatiron,Quieter Free Flow,,Sauna...,38,40,2,36
08/04/2025,10:00 AM,75 min.,Flatiron,Quieter Free Flow,,Sauna.,38,40,2,38
08/04/2025,10:15 AM,75 min.,Flatiron,Quieter Free Flow,,Sauna..,29,40,11,49
08/04/2025,12:00 PM,60 min.,Flatiron,Guided Down: Sound Immersion - 60 min,,Sauna.,52,64,12,61
08/04/2025,1:30 PM,75 min.,Flatiron,Free Flow,,Sauna.,28,40,12,73
08/04/2025,1:45 PM,75 min.,Flatiron,Free Flow,,Sauna..,40,40,0,73
08/04/2025,2:15 PM,75 min.,Flatiron,Free Flow,,Sauna...,37,40,3,76
08/04/2025,2:45 PM,75 min.,Flatiron,Free Flow,,Sauna....,35,40,5,81
08/04/2025,3:15 PM,75 min.,Flatiron,Free Flow,,Sauna.....,34,40,6,87
08/04/2025,3:45 PM,75 min.,Flatiron,Free Flow,,Sauna.,32,40,8,95
08/04/2025,4:15 PM,75 min.,Flatiron,Free Flow,,Sauna..,31,40,9,104
08/04/2025,4:45 PM,75 min.,Flatiron,Free Flow,,Sauna...,21,30,9,113
08/04/2025,5:15 PM,75 min.,Flatiron,Free Flow,,Sauna....,3,30,27,140
08/04/2025,6:30 PM,75 min.,Flatiron,Guided All Around: Gratitude,Aaron Albert,Sauna.,9,64,55,195
08/04/2025,7:45 PM,75 min.,Flatiron,Guided Down: Unwind,,Sauna.,28,64,36,231
08/04/2025,9:00 PM,75 min.,Flatiron,Guided Down: Pure Presence,,Sauna.,48,64,16,247
08/05/2025,7:00 AM,60 min.,Flatiron,Guided Up: Awakening - 60 min,,Sauna.,45,64,19,19
08/05/2025,8:30 AM,75 min.,Flatiron,Quieter Free Flow,,Sauna.,31,40,9,28
08/05/2025,9:00 AM,75 min.,Flatiron,Quieter Free Flow,,Sauna..,32,40,8,36
08/05/2025,9:30 AM,75 min.,Flatiron,Quieter Free Flow,,Sauna...,38,40,2,38
08/05/2025,10:00 AM,75 min.,Flatiron,Quieter Free Flow,,Sauna.,36,40,4,42
08/05/2025,10:15 AM,75 min.,Flatiron,Quieter Free Flow,,Sauna..,31,40,9,51
08/05/2025,12:00 PM,60 min.,Flatiron,Guided All Around: Journey Through Seasons -60 min,,Sauna.,53,64,11,62
08/05/2025,1:45 PM,75 min.,Flatiron,Guided All Around: Hardwiring Happiness,,Sauna.,46,64,18,80
08/05/2025,3:30 PM,75 min.,Flatiron,Free Flow,,Sauna.,25,40,15,95
08/05/2025,3:45 PM,75 min.,Flatiron,Free Flow,,Sauna..,38,40,2,97
08/05/2025,4:00 PM,75 min.,Flatiron,Free Flow,,Sauna....,28,30,2,99
08/05/2025,4:15 PM,75 min.,Flatiron,Free Flow,,Sauna.....,20,30,10,109
08/05/2025,5:30 PM,75 min.,Flatiron,Guided Down: Pure Presence,,Sauna.,15,64,49,158
08/05/2025,6:45 PM,75 min.,Flatiron,Guided All Around: Acceptance,,Sauna.,2,64,62,220
08/05/2025,8:00 PM,75 min.,Flatiron,Free Flow,,Sauna.,1,25,24,244
08/05/2025,8:15 PM,75 min.,Flatiron,Free Flow,,Sauna..,2,20,18,262
08/05/2025,8:30 PM,75 min.,Flatiron,Free Flow,,Sauna...,21,30,9,271
08/05/2025,8:45 PM,75 min.,Flatiron,Free Flow,,Sauna....,19,25,6,277
08/05/2025,9:00 PM,75 min.,Flatiron,Free Flow,,Sauna.....,7,15,8,285
08/05/2025,9:30 PM,75 min.,Flatiron,Free Flow,,Sauna.,28,30,2,287
08/05/2025,9:45 PM,75 min.,Flatiron,Free Flow,,Sauna..,27,30,3,290
08/06/2025,9:30 AM,75 min.,Flatiron,Free Flow,,Sauna...,29,40,11,11
08/06/2025,10:00 AM,75 min.,Flatiron,Free Flow,,Sauna.,33,40,7,18
08/06/2025,10:15 AM,75 min.,Flatiron,Free Flow,,Sauna..,37,40,3,21
08/06/2025,12:00 PM,60 min.,Flatiron,"Guided All Around: Rose, Thorn, Bud - 60 min",,Sauna.,56,64,8,29
08/06/2025,1:45 PM,75 min.,Flatiron,Free Flow,,Sauna.,34,40,6,35
08/06/2025,2:15 PM,75 min.,Flatiron,Free Flow,,Sauna..,32,40,8,43
08/06/2025,2:45 PM,75 min.,Flatiron,Free Flow,,Sauna...,40,40,0,43
08/06/2025,3:15 PM,75 min.,Flatiron,Free Flow,,Sauna....,37,40,3,46
08/06/2025,3:45 PM,75 min.,Flatiron,Free Flow,,Sauna.....,22,30,8,54
08/06/2025,4:15 PM,75 min.,Flatiron,Free Flow,,Sauna.,10,30,20,74
08/06/2025,5:30 PM,75 min.,Flatiron,Guided All Around: Reset,,Sauna.,34,64,30,104
08/06/2025,6:45 PM,75 min.,Flatiron,Guided All Around: Inner Power,,Sauna.,10,64,54,158
08/06/2025,8:00 PM,75 min.,Flatiron,Free Flow,,Sauna.,2,30,28,186
08/06/2025,8:15 PM,75 min.,Flatiron,Free Flow,,Sauna..,3,20,17,203
08/06/2025,8:30 PM,75 min.,Flatiron,Free Flow,,Sauna...,3,25,22,225
08/06/2025,8:45 PM,75 min.,Flatiron,Free Flow,,Sauna....,17,20,3,228
08/06/2025,9:00 PM,75 min.,Flatiron,Free Flow,,Sauna.....,3,15,12,240
08/06/2025,9:30 PM,75 min.,Flatiron,Free Flow,,Sauna.,25,30,5,245
08/06/2025,9:45 PM,75 min.,Flatiron,Free Flow,,Sauna..,0,30,30,275
08/07/2025,7:00 AM,60 min.,Flatiron,Guided Up: Awakening - 60 min,,Sauna.,42,64,22,22
08/07/2025,8:30 AM,75 min.,Flatiron,Free Flow,,Sauna.,25,40,15,37
08/07/2025,9:00 AM,75 min.,Flatiron,Free Flow,,Sauna..,35,40,5,42
08/07/2025,9:30 AM,75 min.,Flatiron,Free Flow,,Sauna...,37,40,3,45
08/07/2025,10:00 AM,75 min.,Flatiron,Free Flow,,Sauna.,33,40,7,52
08/07/2025,10:15 AM,75 min.,Flatiron,Free Flow,,Sauna..,30,40,10,62
08/07/2025,12:00 PM,75 min.,Flatiron,Guided Down: Deep Stretch,,Sauna.,48,60,12,74
08/07/2025,1:45 PM,75 min.,Flatiron,Guided All Around: Inner Power,,Sauna.,44,64,20,94
08/07/2025,5:00 PM,75 min.,Flatiron,Free Flow,,Sauna.,9,40,31,125
08/07/2025,5:30 PM,75 min.,Flatiron,Free Flow,,Sauna..,4,40,36,161
08/07/2025,6:45 PM,75 min.,Flatiron,Guided All Around: Gratitude,Aaron Albert,Sauna.,5,64,59,220
08/07/2025,8:00 PM,75 min.,Flatiron,Lively Free Flow,,Sauna.,1,25,24,244
08/07/2025,8:15 PM,75 min.,Flatiron,Lively Free Flow,,Sauna..,,,,244
08/07/2025,8:30 PM,75 min.,Flatiron,Lively Free Flow,,Sauna...,2,30,28,272
08/07/2025,8:45 PM,75 min.,Flatiron,Lively Free Flow,,Sauna....,22,25,3,275
08/07/2025,9:00 PM,75 min.,Flatiron,Lively Free Flow,,Sauna.....,10,15,5,280
08/07/2025,9:30 PM,75 min.,Flatiron,Lively Free Flow,,Sauna.,19,30,11,291
08/07/2025,9:45 PM,75 min.,Flatiron,Lively Free Flow,,Sauna..,0,30,30,321
08/08/2025,7:00 AM,75 min.,Flatiron,Guided Up: Self-Care Sweat,,Sauna.,42,64,22,22
08/08/2025,8:15 AM,75 min.,Flatiron,Guided Up: Feel Good Now,Aaron Albert,Sauna.,53,64,11,33
08/08/2025,9:30 AM,75 min.,Flatiron,Guided Down: Sound Immersion,,Sauna.,53,64,11,44
08/08/2025,10:45 AM,75 min.,Flatiron,Guided Down: Pure Presence,,Sauna.,49,64,15,59
08/08/2025,12:00 PM,75 min.,Flatiron,Free Flow,,Sauna.,24,30,6,65
08/08/2025,12:30 PM,75 min.,Flatiron,Free Flow,,Sauna..,21,30,9,74
08/08/2025,1:00 PM,75 min.,Flatiron,Free Flow,,Sauna...,37,45,8,82
08/08/2025,1:30 PM,75 min.,Flatiron,Free Flow,,Sauna....,32,35,3,85
08/08/2025,2:00 PM,75 min.,Flatiron,Free Flow,,Sauna.....,22,30,8,93
08/08/2025,2:30 PM,75 min.,Flatiron,Free Flow,,Sauna.,37,45,8,101
08/08/2025,3:00 PM,75 min.,Flatiron,Free Flow,,Sauna..,27,35,8,109
08/08/2025,3:30 PM,75 min.,Flatiron,Free Flow,,Sauna...,24,30,6,115
08/08/2025,4:00 PM,75 min.,Flatiron,Free Flow,,Sauna....,37,45,8,123
08/08/2025,4:30 PM,75 min.,Flatiron,Free Flow,,Sauna.....,19,35,16,139
08/08/2025,5:00 PM,75 min.,Flatiron,Free Flow,,Sauna.,9,30,21,160
08/08/2025,5:30 PM,75 min.,Flatiron,Free Flow,,Sauna..,27,45,18,178
08/08/2025,6:00 PM,75 min.,Flatiron,Lively Free Flow,,Sauna...,16,35,19,197
08/08/2025,6:30 PM,75 min.,Flatiron,Lively Free Flow,,Sauna....,2,30,28,225
08/08/2025,7:45 PM,75 min.,Flatiron,Guided All Around: Sound Immersion,,Sauna.,8,64,56,281
08/08/2025,9:00 PM,120 min.,Flatiron,Social,,Sauna.,1,30,29,310
08/08/2025,9:20 PM,120 min.,Flatiron,Social,,Sauna..,7,30,23,333
08/08/2025,9:40 PM,120 min.,Flatiron,Social,,Sauna...,28,30,2,335
08/08/2025,10:00 PM,120 min.,Flatiron,Social,,Sauna....,23,30,7,342
08/09/2025,8:00 AM,75 min.,Flatiron,Guided Down: Deep Stretch,,Sauna.,34,60,26,26
08/09/2025,9:15 AM,75 min.,Flatiron,Guided All Around: Loving Kindness,,Sauna.,39,64,25,51
08/09/2025,10:30 AM,75 min.,Flatiron,Guided Up: Feel Good Now,,Sauna.,,,,51
08/09/2025,11:45 AM,75 min.,Flatiron,Lively Free Flow,,Sauna.,2,30,28,79
08/09/2025,12:00 PM,75 min.,Flatiron,Lively Free Flow,,Sauna..,0,20,20,99
08/09/2025,12:30 PM,75 min.,Flatiron,Lively Free Flow,,Sauna...,15,30,15,114
08/09/2025,1:00 PM,75 min.,Flatiron,Lively Free Flow,,Sauna....,11,30,19,133
08/09/2025,1:30 PM,75 min.,Flatiron,Lively Free Flow,,Sauna.....,17,30,13,146
08/09/2025,2:00 PM,75 min.,Flatiron,Lively Free Flow,,Sauna.,35,45,10,156
08/09/2025,2:30 PM,75 min.,Flatiron,Lively Free Flow,,Sauna..,21,35,14,170
08/09/2025,3:00 PM,75 min.,Flatiron,Lively Free Flow,,Sauna...,25,30,5,175
08/09/2025,3:30 PM,75 min.,Flatiron,Lively Free Flow,,Sauna....,21,45,24,199
08/09/2025,4:00 PM,75 min.,Flatiron,Lively Free Flow,,Sauna.....,24,35,11,210
08/09/2025,4:30 PM,75 min.,Flatiron,Lively Free Flow,,Sauna.,21,30,9,219
08/09/2025,5:00 PM,75 min.,Flatiron,Lively Free Flow,,Sauna..,27,45,18,237
08/09/2025,5:30 PM,75 min.,Flatiron,Lively Free Flow,,Sauna...,22,35,13,250
08/09/2025,6:00 PM,75 min.,Flatiron,Lively Free Flow,,Sauna....,28,30,2,252
08/09/2025,6:15 PM,75 min.,Flatiron,Lively Free Flow,,Sauna.....,7,20,13,265
08/09/2025,7:30 PM,75 min.,Flatiron,Guided Up: Self-Care Sweat,,Sauna.,38,64,26,291
08/09/2025,8:45 PM,120 min.,Flatiron,Social,,Sauna.,13,30,17,308
08/09/2025,9:15 PM,120 min.,Flatiron,Social,,Sauna.....,35,40,5,313
08/09/2025,9:30 PM,120 min.,Flatiron,Social,,Sauna...,31,35,4,317
08/09/2025,10:00 PM,120 min.,Flatiron,Social,,Sauna..,29,30,1,318
08/10/2025,8:00 AM,75 min.,Flatiron,Guided Down: Embodied,,Sauna.,41,60,19,19
08/10/2025,9:15 AM,75 min.,Flatiron,Guided Down: Senses,,Sauna.,43,64,21,40
08/10/2025,10:30 AM,75 min.,Flatiron,"Guided Down: Rose, Thorn, Bud",,Sauna.,24,64,40,80
08/10/2025,11:45 AM,75 min.,Flatiron,Guided All Around: Gratitude,,Sauna.,,,,80
08/10/2025,1:00 PM,75 min.,Flatiron,Lively Free Flow,,Sauna.,1,30,29,109
08/10/2025,1:30 PM,75 min.,Flatiron,Lively Free Flow,,Sauna..,16,30,14,123
08/10/2025,2:00 PM,75 min.,Flatiron,Lively Free Flow,,Sauna...,24,45,21,144
08/10/2025,2:30 PM,75 min.,Flatiron,Lively Free Flow,,Sauna....,19,35,16,160
08/10/2025,3:00 PM,75 min.,Flatiron,Lively Free Flow,,Sauna.....,11,30,19,179
08/10/2025,3:30 PM,75 min.,Flatiron,Lively Free Flow,,Sauna.,24,45,21,200
08/10/2025,4:00 PM,75 min.,Flatiron,Lively Free Flow,,Sauna..,15,35,20,220
08/10/2025,4:30 PM,75 min.,Flatiron,Lively Free Flow,,Sauna...,1,30,29,249
08/10/2025,5:00 PM,75 min.,Flatiron,Lively Free Flow,,Sauna....,25,45,20,269
08/10/2025,5:30 PM,75 min.,Flatiron,Lively Free Flow,,Sauna.....,13,35,22,291
08/10/2025,6:00 PM,75 min.,Flatiron,Lively Free Flow,,Sauna.,1,30,29,320
08/10/2025,7:15 PM,75 min.,Flatiron,Guided Down: Sound Immersion,,Sauna.,12,64,52,372
08/10/2025,8:30 PM,75 min.,Flatiron,Free Flow,,Sauna.,2,25,23,395
08/10/2025,8:45 PM,75 min.,Flatiron,Free Flow,,Sauna..,21,25,4,399
08/10/2025,9:15 PM,75 min.,Flatiron,Free Flow,,Sauna...,33,35,2,401
08/10/2025,9:30 PM,75 min.,Flatiron,Free Flow,,Sauna....,20,30,10,411
07/28/2025,7:00 AM,60 min.,Flatiron,Guided Down: Senses - 60 min,,Sauna.,48,64,16,16
07/28/2025,8:30 AM,75 min.,Flatiron,Viola Quieter Free Flow,,Sauna.,29,40,11,27
07/28/2025,9:00 AM,75 min.,Flatiron,Viola Quieter Free Flow,,Sauna..,37,40,3,30
07/28/2025,9:30 AM,75 min.,Flatiron,Viola Quieter Free Flow,,Sauna...,33,40,7,37
07/28/2025,10:00 AM,75 min.,Flatiron,Viola Quieter Free Flow,,Sauna.,36,40,4,41
07/28/2025,10:15 AM,75 min.,Flatiron,Quieter Free Flow,,Sauna..,34,40,6,47
07/28/2025,12:00 PM,60 min.,Flatiron,Guided Down: Pure Presence - 60 min,,Sauna.,48,64,16,63
07/28/2025,1:30 PM,75 min.,Flatiron,Free Flow,,Sauna.,36,40,4,67
07/28/2025,1:45 PM,75 min.,Flatiron,Free Flow,,Sauna..,39,40,1,68
07/28/2025,2:15 PM,75 min.,Flatiron,Free Flow,,Sauna...,38,40,2,70
07/28/2025,2:45 PM,75 min.,Flatiron,Free Flow,,Sauna....,38,40,2,72
07/28/2025,3:15 PM,75 min.,Flatiron,Free Flow,,Sauna.....,32,40,8,80
07/28/2025,3:45 PM,75 min.,Flatiron,Free Flow,,Sauna.,33,40,7,87
07/28/2025,4:15 PM,75 min.,Flatiron,Free Flow,,Sauna..,30,40,10,97
07/28/2025,4:45 PM,75 min.,Flatiron,Free Flow,,Sauna...,17,30,13,110
07/28/2025,5:15 PM,75 min.,Flatiron,Free Flow,,Sauna....,1,30,29,139
07/28/2025,6:30 PM,75 min.,Flatiron,Guided All Around: Loving Kindness,,Sauna.,1,64,63,202
07/28/2025,7:45 PM,75 min.,Flatiron,Guided All Around: Reset,,Sauna.,9,64,55,257
07/28/2025,9:00 PM,90 min.,Flatiron,Guided All Around: Space for Men,,Sauna.,51,64,13,270
07/29/2025,7:00 AM,60 min.,Flatiron,Guided Down: Senses - 60 min,,Sauna.,45,64,19,19
07/29/2025,8:30 AM,75 min.,Flatiron,Quieter Free Flow,,Sauna.,25,40,15,34
07/29/2025,9:00 AM,75 min.,Flatiron,Quieter Free Flow,,Sauna..,34,40,6,40
07/29/2025,9:30 AM,75 min.,Flatiron,Quieter Free Flow,,Sauna...,36,40,4,44
07/29/2025,10:00 AM,75 min.,Flatiron,Quieter Free Flow,,Sauna.,37,40,3,47
07/29/2025,10:15 AM,75 min.,Flatiron,Quieter Free Flow,,Sauna..,34,40,6,53
07/29/2025,12:00 PM,60 min.,Flatiron,Guided Up: Awakening - 60 min,,Sauna.,45,64,19,72
07/29/2025,1:45 PM,75 min.,Flatiron,Guided Down: Senses,,Sauna.,50,64,14,86
07/29/2025,3:30 PM,75 min.,Flatiron,Free Flow,,Sauna.,25,40,15,101
07/29/2025,3:45 PM,75 min.,Flatiron,Free Flow,,Sauna..,37,40,3,104
07/29/2025,4:00 PM,75 min.,Flatiron,Free Flow,,Sauna....,27,30,3,107
07/29/2025,4:15 PM,75 min.,Flatiron,Free Flow,,Sauna.....,14,30,16,123
07/29/2025,5:30 PM,75 min.,Flatiron,Guided Down: Unwind,,Sauna.,14,64,50,173
07/29/2025,6:45 PM,75 min.,Flatiron,Guided All Around: Sound Immersion,,Sauna.,5,64,59,232
07/29/2025,8:00 PM,75 min.,Flatiron,Free Flow,,Sauna.,2,25,23,255
07/29/2025,8:15 PM,75 min.,Flatiron,Free Flow,,Sauna..,2,20,18,273
07/29/2025,8:30 PM,75 min.,Flatiron,Free Flow,,Sauna...,9,30,21,294
07/29/2025,8:45 PM,75 min.,Flatiron,Free Flow,,Sauna....,20,25,5,299
07/29/2025,9:00 PM,75 min.,Flatiron,Free Flow,,Sauna.....,8,15,7,306
07/29/2025,9:30 PM,75 min.,Flatiron,Free Flow,,Sauna.,25,30,5,311
07/29/2025,9:45 PM,75 min.,Flatiron,Free Flow,,Sauna..,20,30,10,321
07/30/2025,7:00 AM,60 min.,Flatiron,Guided All Around: Inner Power - 60 min,,Sauna.,40,64,24,24
07/30/2025,8:30 AM,75 min.,Flatiron,Free Flow,,Sauna.,35,40,5,29
07/30/2025,9:00 AM,75 min.,Flatiron,Free Flow,,Sauna..,34,40,6,35
07/30/2025,9:30 AM,75 min.,Flatiron,Free Flow,,Sauna...,33,40,7,42
07/30/2025,10:00 AM,75 min.,Flatiron,Free Flow,,Sauna.,35,40,5,47
07/30/2025,10:15 AM,75 min.,Flatiron,Free Flow,,Sauna..,32,40,8,55
07/30/2025,12:00 PM,60 min.,Flatiron,Guided All Around: Journey Through Elements-60 min,,Sauna.,41,64,23,78
07/30/2025,1:45 PM,75 min.,Flatiron,Free Flow,,Sauna.,25,40,15,93
07/30/2025,2:15 PM,75 min.,Flatiron,Free Flow,,Sauna..,29,40,11,104
07/30/2025,2:45 PM,75 min.,Flatiron,Free Flow,,Sauna...,40,40,0,104
07/30/2025,3:15 PM,75 min.,Flatiron,Free Flow,,Sauna....,30,40,10,114
07/30/2025,3:45 PM,75 min.,Flatiron,Free Flow,,Sauna.....,21,30,9,123
07/30/2025,4:15 PM,75 min.,Flatiron,Free Flow,,Sauna.,19,30,11,134
07/30/2025,5:30 PM,75 min.,Flatiron,Guided All Around: Journey Through the Seasons,,Sauna.,20,64,44,178
07/30/2025,6:45 PM,75 min.,Flatiron,Guided All Around: Hardwiring Happiness,,Sauna.,2,64,62,240
07/30/2025,8:00 PM,75 min.,Flatiron,Free Flow,,Sauna.,3,30,27,267
07/30/2025,8:15 PM,75 min.,Flatiron,Free Flow,,Sauna..,1,20,19,286
07/30/2025,8:30 PM,75 min.,Flatiron,Free Flow,,Sauna...,18,25,7,293
07/30/2025,8:45 PM,75 min.,Flatiron,Free Flow,,Sauna....,17,20,3,296
07/30/2025,9:00 PM,75 min.,Flatiron,Free Flow,,Sauna.....,7,15,8,304
07/30/2025,9:30 PM,75 min.,Flatiron,Free Flow,,Sauna.,27,30,3,307
07/30/2025,9:45 PM,75 min.,Flatiron,Free Flow,,Sauna..,0,30,30,337
07/31/2025,7:00 AM,60 min.,Flatiron,Guided Up: Self-Care Sweat - 60 min,,Sauna.,34,64,30,30
07/31/2025,8:30 AM,75 min.,Flatiron,Free Flow,,Sauna.,27,40,13,43
07/31/2025,9:00 AM,75 min.,Flatiron,Free Flow,,Sauna..,38,40,2,45
07/31/2025,9:30 AM,75 min.,Flatiron,Free Flow,,Sauna...,36,40,4,49
07/31/2025,10:00 AM,75 min.,Flatiron,Free Flow,,Sauna.,36,40,4,53
07/31/2025,10:15 AM,75 min.,Flatiron,Free Flow,,Sauna..,29,40,11,64
07/31/2025,12:00 PM,60 min.,Flatiron,Guided Down: Senses - 60 min,,Sauna.,49,64,15,79
07/31/2025,1:45 PM,75 min.,Flatiron,Guided Down: Sound Immersion,,Sauna.,50,64,14,93
07/31/2025,3:30 PM,75 min.,Flatiron,Free Flow,,Sauna.,31,40,9,102
07/31/2025,4:00 PM,75 min.,Flatiron,Free Flow,,Sauna..,31,40,9,111
07/31/2025,4:30 PM,75 min.,Flatiron,Free Flow,,Sauna...,29,40,11,122
07/31/2025,5:00 PM,75 min.,Flatiron,Free Flow,,Sauna.,35,40,5,127
07/31/2025,5:30 PM,75 min.,Flatiron,Free Flow,,Sauna..,5,40,35,162
07/31/2025,6:45 PM,75 min.,Flatiron,Guided All Around: Inner Power,,Sauna.,21,64,43,205
07/31/2025,8:00 PM,75 min.,Flatiron,Lively Free Flow,,Sauna.,3,25,22,227
07/31/2025,8:15 PM,75 min.,Flatiron,Lively Free Flow,,Sauna..,7,15,8,235
07/31/2025,8:30 PM,75 min.,Flatiron,Lively Free Flow,,Sauna...,20,30,10,245
07/31/2025,8:45 PM,75 min.,Flatiron,Lively Free Flow,,Sauna....,22,25,3,248
07/31/2025,9:00 PM,75 min.,Flatiron,Lively Free Flow,,Sauna.....,3,15,12,260
07/31/2025,9:30 PM,75 min.,Flatiron,Lively Free Flow,,Sauna.,0,30,30,290
07/31/2025,9:45 PM,75 min.,Flatiron,Lively Free Flow,,Sauna..,0,30,30,320
08/01/2025,7:00 AM,75 min.,Flatiron,Guided Up: Feel Good Now,Aaron Albert,Sauna.,50,64,14,14
08/01/2025,8:15 AM,75 min.,Flatiron,Guided Up: Awakening,,Sauna.,49,64,15,29
08/01/2025,9:30 AM,75 min.,Flatiron,Guided All Around: Gratitude,,Sauna.,53,64,11,40
08/01/2025,10:45 AM,75 min.,Flatiron,Guided All Around: A-Z Emotions,,Sauna.,37,64,27,67
08/01/2025,12:00 PM,75 min.,Flatiron,Free Flow,,Sauna.,20,30,10,77
08/01/2025,12:30 PM,75 min.,Flatiron,Free Flow,,Sauna..,24,30,6,83
08/01/2025,1:00 PM,75 min.,Flatiron,Free Flow,,Sauna...,43,45,2,85
08/01/2025,1:30 PM,75 min.,Flatiron,Free Flow,,Sauna....,33,35,2,87
08/01/2025,2:00 PM,75 min.,Flatiron,Free Flow,,Sauna.....,23,30,7,94
08/01/2025,2:30 PM,75 min.,Flatiron,Free Flow,,Sauna.,37,45,8,102
08/01/2025,3:00 PM,75 min.,Flatiron,Free Flow,,Sauna..,29,35,6,108
08/01/2025,3:30 PM,75 min.,Flatiron,Free Flow,,Sauna...,18,30,12,120
08/01/2025,4:00 PM,75 min.,Flatiron,Free Flow,,Sauna....,31,45,14,134
08/01/2025,4:30 PM,75 min.,Flatiron,Free Flow,,Sauna.....,10,35,25,159
08/01/2025,5:00 PM,75 min.,Flatiron,Free Flow,,Sauna.,6,30,24,183
08/01/2025,5:30 PM,75 min.,Flatiron,Free Flow,,Sauna..,12,45,33,216
08/01/2025,6:00 PM,75 min.,Flatiron,Lively Free Flow,,Sauna...,23,35,12,228
08/01/2025,6:30 PM,75 min.,Flatiron,Lively Free Flow,,Sauna....,1,30,29,257
08/01/2025,7:45 PM,75 min.,Flatiron,Guided All Around: Reset,,Sauna.,17,64,47,304
08/01/2025,9:00 PM,120 min.,Flatiron,Social,,Sauna.,2,30,28,332
08/01/2025,9:20 PM,120 min.,Flatiron,Social,,Sauna..,,,,332
08/01/2025,9:40 PM,120 min.,Flatiron,Social,,Sauna...,12,30,18,350
08/01/2025,10:00 PM,120 min.,Flatiron,Social,,Sauna....,21,30,9,359
08/02/2025,8:00 AM,75 min.,Flatiron,Guided All Around: Release,,Sauna.,47,64,17,17
08/02/2025,9:15 AM,75 min.,Flatiron,Guided All Around: Reflect,,Sauna.,45,64,19,36
08/02/2025,10:30 AM,75 min.,Flatiron,Guided Down: Pure Presence,,Sauna.,17,64,47,83
08/02/2025,11:45 AM,75 min.,Flatiron,Lively Free Flow,,Sauna.,1,30,29,112
08/02/2025,12:00 PM,75 min.,Flatiron,Lively Free Flow,,Sauna..,0,20,20,132
08/02/2025,12:30 PM,75 min.,Flatiron,Lively Free Flow,,Sauna...,15,30,15,147
08/02/2025,1:00 PM,75 min.,Flatiron,Lively Free Flow,,Sauna....,13,30,17,164
08/02/2025,1:30 PM,75 min.,Flatiron,Lively Free Flow,,Sauna.....,17,30,13,177
08/02/2025,2:00 PM,75 min.,Flatiron,Lively Free Flow,,Sauna.,32,45,13,190
08/02/2025,2:30 PM,75 min.,Flatiron,Lively Free Flow,,Sauna..,26,35,9,199
08/02/2025,3:00 PM,75 min.,Flatiron,Lively Free Flow,,Sauna...,22,30,8,207
08/02/2025,3:30 PM,75 min.,Flatiron,Lively Free Flow,,Sauna....,36,45,9,216
08/02/2025,4:00 PM,75 min.,Flatiron,Lively Free Flow,,Sauna.....,27,35,8,224
08/02/2025,4:30 PM,75 min.,Flatiron,Lively Free Flow,,Sauna.,19,30,11,235
08/02/2025,5:00 PM,75 min.,Flatiron,Lively Free Flow,,Sauna..,25,45,20,255
08/02/2025,5:30 PM,75 min.,Flatiron,Lively Free Flow,,Sauna...,25,35,10,265
08/02/2025,6:00 PM,75 min.,Flatiron,Lively Free Flow,,Sauna....,21,30,9,274
08/02/2025,6:15 PM,75 min.,Flatiron,Lively Free Flow,,Sauna.....,5,20,15,289
08/02/2025,7:30 PM,75 min.,Flatiron,"Guided All Around: Rose, Thorn, Bud",,Sauna.,21,64,43,332
08/02/2025,8:45 PM,120 min.,Flatiron,Beat Drop: DJ Takeover,,Sauna.,,,,332
08/02/2025,9:15 PM,120 min.,Flatiron,Beat Drop: DJ Takeover,,Sauna.....,3,40,37,369
08/02/2025,9:30 PM,120 min.,Flatiron,Beat Drop: DJ Takeover,,Sauna...,10,35,25,394
08/02/2025,10:00 PM,120 min.,Flatiron,Beat Drop: DJ Takeover,,Sauna..,,,,394
08/03/2025,8:00 AM,75 min.,Flatiron,Guided Down: Pure Presence,,Sauna.,49,64,15,15
08/03/2025,9:15 AM,75 min.,Flatiron,Guided All Around: Journey Through the Seasons,,Sauna.,47,64,17,32
08/03/2025,10:30 AM,75 min.,Flatiron,Guided Up: Feel Good Now,Aaron Albert,Sauna.,17,64,47,79
08/03/2025,11:45 AM,75 min.,Flatiron,Guided All Around: Reflect,,Sauna.,6,64,58,137
08/03/2025,1:00 PM,75 min.,Flatiron,Lively Free Flow,,Sauna.,2,30,28,165
08/03/2025,1:30 PM,75 min.,Flatiron,Lively Free Flow,,Sauna..,4,30,26,191
08/03/2025,2:00 PM,75 min.,Flatiron,Lively Free Flow,,Sauna...,33,45,12,203
08/03/2025,2:30 PM,75 min.,Flatiron,Lively Free Flow,,Sauna....,15,35,20,223
08/03/2025,3:00 PM,75 min.,Flatiron,Lively Free Flow,,Sauna.....,22,30,8,231
08/03/2025,3:30 PM,75 min.,Flatiron,Lively Free Flow,,Sauna.,31,45,14,245
08/03/2025,4:00 PM,75 min.,Flatiron,Lively Free Flow,,Sauna..,8,35,27,272
08/03/2025,4:30 PM,75 min.,Flatiron,Lively Free Flow,,Sauna...,19,30,11,283
08/03/2025,5:00 PM,75 min.,Flatiron,Lively Free Flow,,Sauna....,23,45,22,305
08/03/2025,5:30 PM,75 min.,Flatiron,Lively Free Flow,,Sauna.....,14,35,21,326
08/03/2025,6:00 PM,75 min.,Flatiron,Lively Free Flow,,Sauna.,0,30,30,356
08/03/2025,7:15 PM,75 min.,Flatiron,Guided Down: Sound Immersion,,Sauna.,26,64,38,394
08/03/2025,8:30 PM,75 min.,Flatiron,Free Flow,,Sauna.,1,25,24,418
08/03/2025,8:45 PM,75 min.,Flatiron,Free Flow,,Sauna..,1,25,24,442
08/03/2025,9:15 PM,75 min.,Flatiron,Free Flow,,Sauna...,0,35,35,477
08/03/2025,9:30 PM,75 min.,Flatiron,Free Flow,,Sauna....,0,30,30,507
07/21/2025,7:00 AM,60 min.,Flatiron,Guided Down: Senses - 60 min,,Sauna.,54,64,10,10
07/21/2025,10:00 AM,75 min.,Flatiron,Quieter Free Flow,,Sauna.,29,40,11,21
07/21/2025,10:15 AM,75 min.,Flatiron,Quieter Free Flow,,Sauna..,35,40,5,26
07/21/2025,12:00 PM,60 min.,Flatiron,Guided Down: Sound Immersion - 60 min,,Sauna.,47,64,17,43
07/21/2025,1:30 PM,75 min.,Flatiron,Free Flow,,Sauna.,29,40,11,54
07/21/2025,1:45 PM,75 min.,Flatiron,Free Flow,,Sauna..,39,40,1,55
07/21/2025,2:15 PM,75 min.,Flatiron,Free Flow,,Sauna...,33,40,7,62
07/21/2025,2:45 PM,75 min.,Flatiron,Free Flow,,Sauna....,33,40,7,69
07/21/2025,3:15 PM,75 min.,Flatiron,Free Flow,,Sauna.....,38,40,2,71
07/21/2025,3:45 PM,75 min.,Flatiron,Free Flow,,Sauna.,0,40,40,111
07/21/2025,4:15 PM,75 min.,Flatiron,Free Flow,,Sauna..,31,40,9,120
07/21/2025,4:45 PM,75 min.,Flatiron,Free Flow,,Sauna...,25,30,5,125
07/21/2025,5:15 PM,75 min.,Flatiron,Free Flow,,Sauna....,16,30,14,139
07/21/2025,6:30 PM,75 min.,Flatiron,Guided All Around: Journey Through the Elements,,Sauna.,,,,139
07/21/2025,7:45 PM,75 min.,Flatiron,Guided Down: Unwind,,Sauna.,12,64,52,191
07/22/2025,7:00 AM,60 min.,Flatiron,Guided Down: Self-Care Sweat - 60 min,,Sauna.,44,64,20,20
07/22/2025,8:30 AM,75 min.,Flatiron,Quieter Free Flow,,Sauna.,28,40,12,32
07/22/2025,9:00 AM,75 min.,Flatiron,Quieter Free Flow,,Sauna..,37,40,3,35
07/22/2025,9:30 AM,75 min.,Flatiron,Quieter Free Flow,,Sauna...,35,40,5,40
07/22/2025,10:00 AM,75 min.,Flatiron,Quieter Free Flow,,Sauna.,35,40,5,45
07/22/2025,10:15 AM,75 min.,Flatiron,Quieter Free Flow,,Sauna..,31,40,9,54
07/22/2025,12:00 PM,60 min.,Flatiron,Guided All Around: Journey Through Seasons -60 min,,Sauna.,52,64,12,66
07/22/2025,1:45 PM,75 min.,Flatiron,Guided All Around: Reset,,Sauna.,48,64,16,82
07/22/2025,3:30 PM,75 min.,Flatiron,Free Flow,,Sauna.,30,40,10,92
07/22/2025,3:45 PM,75 min.,Flatiron,Free Flow,,Sauna..,35,40,5,97
07/22/2025,4:00 PM,75 min.,Flatiron,Free Flow,,Sauna....,21,30,9,106
07/22/2025,4:15 PM,75 min.,Flatiron,Free Flow,,Sauna.....,23,30,7,113
07/22/2025,5:30 PM,75 min.,Flatiron,Guided Down: Unwind,,Sauna.,12,64,52,165
07/22/2025,6:45 PM,75 min.,Flatiron,Guided Up: Arctic Tundra,,Sauna.,32,64,32,197
07/22/2025,8:00 PM,75 min.,Flatiron,Free Flow,,Sauna...,0,20,20,217
07/22/2025,8:15 PM,75 min.,Flatiron,Free Flow,,Sauna..,2,15,13,230
07/22/2025,8:30 PM,75 min.,Flatiron,Free Flow,,Sauna.,15,30,15,245
07/22/2025,8:45 PM,75 min.,Flatiron,Free Flow,,Sauna....,17,25,8,253
07/22/2025,9:00 PM,75 min.,Flatiron,Free Flow,,Sauna.....,6,15,9,262
07/22/2025,9:30 PM,75 min.,Flatiron,Free Flow,,Sauna...,26,30,4,266
07/22/2025,9:45 PM,75 min.,Flatiron,Free Flow,,Sauna..,21,30,9,275
07/23/2025,7:00 AM,60 min.,Flatiron,Guided Up: Feel Good Now - 60 min,Aaron Albert,Sauna.,46,64,18,18
07/23/2025,8:30 AM,75 min.,Flatiron,Free Flow,,Sauna.,27,40,13,31
07/23/2025,9:00 AM,75 min.,Flatiron,Free Flow,,Sauna..,35,40,5,36
07/23/2025,9:30 AM,75 min.,Flatiron,Free Flow,,Sauna...,39,40,1,37
07/23/2025,10:00 AM,75 min.,Flatiron,Free Flow,,Sauna.,38,40,2,39
07/23/2025,10:15 AM,75 min.,Flatiron,Free Flow,,Sauna..,31,40,9,48
07/23/2025,12:00 PM,60 min.,Flatiron,Guided All Around: Heart Opener - 60 min,,Sauna.,46,64,18,66
07/23/2025,1:45 PM,75 min.,Flatiron,Free Flow,,Sauna.,30,40,10,76
07/23/2025,2:15 PM,75 min.,Flatiron,Free Flow,,Sauna..,38,40,2,78
07/23/2025,2:45 PM,75 min.,Flatiron,Free Flow,,Sauna...,39,40,1,79
07/23/2025,3:15 PM,75 min.,Flatiron,Free Flow,,Sauna....,31,40,9,88
07/23/2025,3:45 PM,75 min.,Flatiron,Free Flow,,Sauna.....,20,30,10,98
07/23/2025,4:15 PM,75 min.,Flatiron,Free Flow,,Sauna.,20,30,10,108
07/23/2025,5:30 PM,75 min.,Flatiron,Guided All Around: Loving Kindness,,Sauna.,26,64,38,146
07/23/2025,6:45 PM,75 min.,Flatiron,Guided Down: Sound Immersion,,Sauna.,3,64,61,207
07/23/2025,8:00 PM,75 min.,Flatiron,Free Flow,,Sauna.,0,30,30,237
07/23/2025,8:15 PM,75 min.,Flatiron,Free Flow,,Sauna..,1,20,19,256
07/23/2025,8:30 PM,75 min.,Flatiron,Free Flow,,Sauna...,0,25,25,281
07/23/2025,8:45 PM,75 min.,Flatiron,Free Flow,,Sauna....,8,20,12,293
07/23/2025,9:00 PM,75 min.,Flatiron,Free Flow,,Sauna.....,10,15,5,298
07/23/2025,9:30 PM,75 min.,Flatiron,Free Flow,,Sauna.,25,30,5,303
07/23/2025,9:45 PM,75 min.,Flatiron,Free Flow,,Sauna..,21,30,9,312
07/24/2025,7:00 AM,60 min.,Flatiron,Guided Up: Awakening - 60 min,,Sauna.,52,64,12,12
07/24/2025,8:30 AM,75 min.,Flatiron,Free Flow,,Sauna.,31,40,9,21
07/24/2025,9:00 AM,75 min.,Flatiron,Free Flow,,Sauna..,29,40,11,32
07/24/2025,9:30 AM,75 min.,Flatiron,Free Flow,,Sauna...,33,40,7,39
07/24/2025,10:00 AM,75 min.,Flatiron,Free Flow,,Sauna.,38,40,2,41
07/24/2025,10:15 AM,75 min.,Flatiron,Free Flow,,Sauna..,32,40,8,49
07/24/2025,12:00 PM,60 min.,Flatiron,Guided Down: Embodied - 60 min,,Sauna.,50,60,10,59
07/24/2025,1:45 PM,75 min.,Flatiron,Guided Down: Self-Care Sweat,,Sauna.,33,64,31,90
07/24/2025,3:30 PM,75 min.,Flatiron,Free Flow,,Sauna.,20,40,20,110
07/24/2025,4:00 PM,75 min.,Flatiron,Free Flow,,Sauna..,36,40,4,114
07/24/2025,4:30 PM,75 min.,Flatiron,Free Flow,,Sauna...,33,40,7,121
07/24/2025,5:00 PM,75 min.,Flatiron,Free Flow,,Sauna.,9,40,31,152
07/24/2025,5:30 PM,75 min.,Flatiron,Free Flow,,Sauna..,10,40,30,182
07/24/2025,6:45 PM,75 min.,Flatiron,Guided Up: Feel Good Now,Aaron Albert,Sauna.,34,64,30,212
07/24/2025,8:00 PM,75 min.,Flatiron,Lively Free Flow,,Sauna.,4,25,21,233
07/24/2025,8:15 PM,75 min.,Flatiron,Lively Free Flow,,Sauna..,12,15,3,236
07/24/2025,8:30 PM,75 min.,Flatiron,Lively Free Flow,,Sauna...,20,30,10,246
07/24/2025,8:45 PM,75 min.,Flatiron,Lively Free Flow,,Sauna....,20,25,5,251
07/24/2025,9:00 PM,75 min.,Flatiron,Lively Free Flow,,Sauna.....,8,15,7,258
07/24/2025,9:30 PM,75 min.,Flatiron,Lively Free Flow,,Sauna.,24,30,6,264
07/24/2025,9:45 PM,75 min.,Flatiron,Lively Free Flow,,Sauna..,28,30,2,266
07/25/2025,7:00 AM,75 min.,Flatiron,Guided Down: Embodied,,Sauna.,40,60,20,20
07/25/2025,8:15 AM,75 min.,Flatiron,"Guided All Around: Rose, Thorn, Bud",,Sauna.,56,64,8,28
07/25/2025,9:30 AM,75 min.,Flatiron,Guided Down: Deep Stretch,,Sauna.,47,60,13,41
07/25/2025,10:45 AM,75 min.,Flatiron,Guided Up: Arctic Tundra,,Sauna.,54,64,10,51
07/25/2025,12:00 PM,75 min.,Flatiron,Free Flow,,Sauna.,20,30,10,61
07/25/2025,12:30 PM,75 min.,Flatiron,Free Flow,,Sauna..,25,30,5,66
07/25/2025,1:00 PM,75 min.,Flatiron,Free Flow,,Sauna...,38,45,7,73
07/25/2025,1:30 PM,75 min.,Flatiron,Free Flow,,Sauna....,31,35,4,77
07/25/2025,2:00 PM,75 min.,Flatiron,Free Flow,,Sauna.....,19,30,11,88
07/25/2025,2:30 PM,75 min.,Flatiron,Free Flow,,Sauna.,37,45,8,96
07/25/2025,3:00 PM,75 min.,Flatiron,Free Flow,,Sauna..,31,35,4,100
07/25/2025,3:30 PM,75 min.,Flatiron,Free Flow,,Sauna...,15,30,15,115
07/25/2025,4:00 PM,75 min.,Flatiron,Free Flow,,Sauna....,28,45,17,132
07/25/2025,4:30 PM,75 min.,Flatiron,Free Flow,,Sauna.....,22,35,13,145
07/25/2025,5:00 PM,75 min.,Flatiron,Free Flow,,Sauna.,13,30,17,162
07/25/2025,5:30 PM,75 min.,Flatiron,Free Flow,,Sauna..,10,45,35,197
07/25/2025,6:00 PM,75 min.,Flatiron,Lively Free Flow,,Sauna...,13,35,22,219
07/25/2025,6:30 PM,75 min.,Flatiron,Lively Free Flow,,Sauna....,2,30,28,247
07/25/2025,7:45 PM,75 min.,Flatiron,Guided All Around: Inner Power,,Sauna.,2,64,62,309
07/25/2025,9:00 PM,120 min.,Flatiron,Social,,Sauna.,6,30,24,333
07/25/2025,9:20 PM,120 min.,Flatiron,Social,,Sauna..,6,30,24,357
07/25/2025,9:40 PM,120 min.,Flatiron,Social,,Sauna...,27,30,3,360
07/25/2025,10:00 PM,120 min.,Flatiron,Social,,Sauna....,0,30,30,390
07/26/2025,8:00 AM,75 min.,Flatiron,Guided Up: Feel Good Now,,Sauna.,46,64,18,18
07/26/2025,9:15 AM,75 min.,Flatiron,Guided All Around: Reset,,Sauna.,51,64,13,31
07/26/2025,10:30 AM,75 min.,Flatiron,Guided All Around: Release,,Sauna.,15,64,49,80
07/26/2025,11:45 AM,75 min.,Flatiron,Lively Free Flow,,Sauna.,1,30,29,109
07/26/2025,12:00 PM,75 min.,Flatiron,Lively Free Flow,,Sauna..,2,20,18,127
07/26/2025,12:30 PM,75 min.,Flatiron,Lively Free Flow,,Sauna...,10,30,20,147
07/26/2025,1:00 PM,75 min.,Flatiron,Lively Free Flow,,Sauna....,8,30,22,169
07/26/2025,1:30 PM,75 min.,Flatiron,Lively Free Flow,,Sauna.....,20,30,10,179
07/26/2025,2:00 PM,75 min.,Flatiron,Lively Free Flow,,Sauna.,34,45,11,190
07/26/2025,2:30 PM,75 min.,Flatiron,Lively Free Flow,,Sauna..,25,35,10,200
07/26/2025,3:00 PM,75 min.,Flatiron,Lively Free Flow,,Sauna...,25,30,5,205
07/26/2025,3:30 PM,75 min.,Flatiron,Lively Free Flow,,Sauna....,31,45,14,219
07/26/2025,4:00 PM,75 min.,Flatiron,Lively Free Flow,,Sauna.....,28,35,7,226
07/26/2025,4:30 PM,75 min.,Flatiron,Lively Free Flow,,Sauna.,13,30,17,243
07/26/2025,5:00 PM,75 min.,Flatiron,Lively Free Flow,,Sauna..,35,45,10,253
07/26/2025,5:30 PM,75 min.,Flatiron,Lively Free Flow,,Sauna...,30,35,5,258
07/26/2025,6:00 PM,75 min.,Flatiron,Lively Free Flow,,Sauna....,27,30,3,261
07/26/2025,6:15 PM,75 min.,Flatiron,Lively Free Flow,,Sauna.....,9,20,11,272
07/26/2025,7:30 PM,75 min.,Flatiron,Guided Up: Self-Care Sweat,,Sauna.,34,64,30,302
07/26/2025,8:45 PM,120 min.,Flatiron,Social,,Sauna.,11,30,19,321
07/26/2025,9:15 PM,120 min.,Flatiron,Social,,Sauna.....,39,40,1,322
07/26/2025,9:30 PM,120 min.,Flatiron,Social,,Sauna...,30,35,5,327
07/26/2025,10:00 PM,120 min.,Flatiron,Social,,Sauna..,26,30,4,331
07/27/2025,8:00 AM,75 min.,Flatiron,Guided Up: Feel Good Now,Aaron Albert,Sauna.,56,64,8,8
07/27/2025,9:15 AM,75 min.,Flatiron,Guided Down: Pure Presence,,Sauna.,35,64,29,37
07/27/2025,10:30 AM,75 min.,Flatiron,Guided All Around: Journey Through the Seasons,,Sauna.,31,64,33,70
07/27/2025,11:45 AM,75 min.,Flatiron,Guided Down: Deep Stretch,,Sauna.,3,60,57,127
07/27/2025,1:00 PM,75 min.,Flatiron,Lively Free Flow,,Sauna.,1,30,29,156
07/27/2025,1:30 PM,75 min.,Flatiron,Lively Free Flow,,Sauna..,1,30,29,185
07/27/2025,2:00 PM,75 min.,Flatiron,Lively Free Flow,,Sauna...,11,45,34,219
07/27/2025,2:30 PM,75 min.,Flatiron,Lively Free Flow,,Sauna....,14,35,21,240
07/27/2025,3:00 PM,75 min.,Flatiron,Lively Free Flow,,Sauna.....,8,30,22,262
07/27/2025,3:30 PM,75 min.,Flatiron,Lively Free Flow,,Sauna.,17,45,28,290
07/27/2025,4:00 PM,75 min.,Flatiron,Lively Free Flow,,Sauna..,4,35,31,321
07/27/2025,4:30 PM,75 min.,Flatiron,Lively Free Flow,,Sauna...,3,30,27,348
07/27/2025,5:00 PM,75 min.,Flatiron,Lively Free Flow,,Sauna....,0,45,45,393
07/27/2025,5:30 PM,75 min.,Flatiron,Lively Free Flow,,Sauna.....,0,35,35,428
07/27/2025,6:00 PM,75 min.,Flatiron,Lively Free Flow,,Sauna.,3,30,27,455
07/27/2025,7:15 PM,75 min.,Flatiron,Guided All Around: Heart Opener,,Sauna.,6,64,58,513
07/27/2025,9:00 PM,120 min.,Flatiron,Music Discovery Night,,Sauna.,3,75,72,585
07/14/2025,7:00 AM,60 min.,Flatiron,Guided Up: Self-Care Sweat - 60 min,,Sauna.,48,64,16,16
07/14/2025,8:30 AM,75 min.,Flatiron,Viola Quieter Free Flow,,Sauna.,33,40,7,23
07/14/2025,9:00 AM,75 min.,Flatiron,Viola Quieter Free Flow,,Sauna..,36,40,4,27
07/14/2025,9:30 AM,75 min.,Flatiron,Viola Quieter Free Flow,,Sauna...,39,40,1,28
07/14/2025,10:00 AM,75 min.,Flatiron,Viola Quieter Free Flow,,Sauna.,36,40,4,32
07/14/2025,10:15 AM,75 min.,Flatiron,Quieter Free Flow,,Sauna..,33,40,7,39
07/14/2025,12:00 PM,75 min.,Flatiron,Free Flow,,Sauna.,24,30,6,45
07/14/2025,1:30 PM,75 min.,Flatiron,Free Flow,,Sauna.,31,40,9,54
07/14/2025,1:45 PM,75 min.,Flatiron,Free Flow,,Sauna..,38,40,2,56
07/14/2025,2:15 PM,75 min.,Flatiron,Free Flow,,Sauna...,33,40,7,63
07/14/2025,2:45 PM,75 min.,Flatiron,Free Flow,,Sauna....,37,40,3,66
07/14/2025,3:15 PM,75 min.,Flatiron,Free Flow,,Sauna.....,37,40,3,69
07/14/2025,3:45 PM,75 min.,Flatiron,Free Flow,,Sauna.,36,40,4,73
07/14/2025,4:15 PM,75 min.,Flatiron,Free Flow,,Sauna..,28,40,12,85
07/14/2025,4:45 PM,75 min.,Flatiron,Free Flow,,Sauna...,26,30,4,89
07/14/2025,5:15 PM,75 min.,Flatiron,Free Flow,,Sauna....,7,30,23,112
07/14/2025,6:30 PM,75 min.,Flatiron,Guided All Around: Loving Kindness,,Sauna.,4,64,60,172
07/14/2025,7:45 PM,75 min.,Flatiron,Guided All Around: Reset,,Sauna.,27,64,37,209
07/14/2025,9:00 PM,75 min.,Flatiron,Guided All Around: Acceptance,,Sauna.,48,64,16,225
07/15/2025,7:00 AM,60 min.,Flatiron,Guided Up: Arctic Tundra - 60 min,,Sauna.,45,64,19,19
07/15/2025,8:30 AM,75 min.,Flatiron,Quieter Free Flow,,Sauna.,16,40,24,43
07/15/2025,9:00 AM,75 min.,Flatiron,Quieter Free Flow,,Sauna..,38,40,2,45
07/15/2025,9:30 AM,75 min.,Flatiron,Quieter Free Flow,,Sauna...,39,40,1,46
07/15/2025,10:00 AM,75 min.,Flatiron,Quieter Free Flow,,Sauna.,34,40,6,52
07/15/2025,10:15 AM,75 min.,Flatiron,Quieter Free Flow,,Sauna..,31,40,9,61
07/15/2025,12:00 PM,60 min.,Flatiron,Guided Down: Deep Stretch - 60 min,,Sauna.,51,60,9,70
07/15/2025,1:45 PM,75 min.,Flatiron,Guided Down: Embodied,,Sauna.,48,64,16,86
07/15/2025,3:30 PM,75 min.,Flatiron,Free Flow,,Sauna.,33,40,7,93
07/15/2025,3:45 PM,75 min.,Flatiron,Free Flow,,Sauna..,37,40,3,96
07/15/2025,4:00 PM,75 min.,Flatiron,Free Flow,,Sauna....,22,30,8,104
07/15/2025,4:15 PM,75 min.,Flatiron,Free Flow,,Sauna.....,24,30,6,110
07/15/2025,5:30 PM,75 min.,Flatiron,Guided Down: Unwind,,Sauna.,21,64,43,153
07/15/2025,6:45 PM,75 min.,Flatiron,Guided All Around: Inner Power,,Sauna.,2,64,62,215
07/15/2025,8:00 PM,75 min.,Flatiron,Free Flow,,Sauna.,2,25,23,238
07/15/2025,8:15 PM,75 min.,Flatiron,Free Flow,,Sauna..,4,20,16,254
07/15/2025,8:30 PM,75 min.,Flatiron,Free Flow,,Sauna...,16,30,14,268
07/15/2025,8:45 PM,75 min.,Flatiron,Free Flow,,Sauna....,18,25,7,275
07/15/2025,9:00 PM,75 min.,Flatiron,Free Flow,,Sauna.....,22,30,8,283
07/15/2025,9:30 PM,75 min.,Flatiron,Free Flow,,Sauna.,20,30,10,293
07/15/2025,9:45 PM,75 min.,Flatiron,Free Flow,,Sauna..,0,30,30,323
07/16/2025,9:30 AM,75 min.,Flatiron,Free Flow,,Sauna...,32,40,8,8
07/16/2025,10:00 AM,75 min.,Flatiron,Free Flow,,Sauna.,35,40,5,13
07/16/2025,10:15 AM,75 min.,Flatiron,Free Flow,,Sauna..,32,40,8,21
07/16/2025,12:00 PM,60 min.,Flatiron,Guided All Around: Journey Through Elements-60 min,,Sauna.,54,64,10,31
07/16/2025,1:45 PM,75 min.,Flatiron,Free Flow,,Sauna.,34,40,6,37
07/16/2025,2:15 PM,75 min.,Flatiron,Free Flow,,Sauna..,39,40,1,38
07/16/2025,2:45 PM,75 min.,Flatiron,Free Flow,,Sauna...,34,40,6,44
07/16/2025,3:15 PM,75 min.,Flatiron,Free Flow,,Sauna....,35,40,5,49
07/16/2025,3:45 PM,75 min.,Flatiron,Free Flow,,Sauna.....,19,30,11,60
07/16/2025,4:15 PM,75 min.,Flatiron,Free Flow,,Sauna.,23,30,7,67
07/16/2025,5:30 PM,75 min.,Flatiron,Guided Down: Embodied,,Sauna.,22,60,38,105
07/16/2025,6:45 PM,75 min.,Flatiron,Guided All Around: Hardwiring Happiness,,Sauna.,1,64,63,168
07/16/2025,8:00 PM,75 min.,Flatiron,Free Flow,,Sauna.,1,30,29,197
07/16/2025,8:15 PM,75 min.,Flatiron,Free Flow,,Sauna..,8,20,12,209
07/16/2025,8:30 PM,75 min.,Flatiron,Free Flow,,Sauna...,16,25,9,218
07/16/2025,8:45 PM,75 min.,Flatiron,Free Flow,,Sauna....,12,20,8,226
07/16/2025,9:00 PM,75 min.,Flatiron,Free Flow,,Sauna.....,2,15,13,239
07/16/2025,9:30 PM,75 min.,Flatiron,Free Flow,,Sauna.,11,15,4,243
07/16/2025,9:45 PM,75 min.,Flatiron,Free Flow,,Sauna..,25,30,5,248
07/17/2025,7:00 AM,60 min.,Flatiron,Guided Down: Embodied - 60 min,,Sauna.,29,60,31,31
07/17/2025,8:30 AM,75 min.,Flatiron,Free Flow,,Sauna.,24,40,16,47
07/17/2025,9:00 AM,75 min.,Flatiron,Free Flow,,Sauna..,39,40,1,48
07/17/2025,9:30 AM,75 min.,Flatiron,Free Flow,,Sauna...,35,40,5,53
07/17/2025,10:00 AM,75 min.,Flatiron,Free Flow,,Sauna.,38,40,2,55
07/17/2025,10:15 AM,75 min.,Flatiron,Free Flow,,Sauna..,38,40,2,57
07/17/2025,12:00 PM,60 min.,Flatiron,Guided Down: Senses - 60 min,,Sauna.,51,64,13,70
07/17/2025,1:45 PM,75 min.,Flatiron,Guided Down: Sound Immersion,,Sauna.,49,64,15,85
07/17/2025,3:30 PM,75 min.,Flatiron,Free Flow,,Sauna.,28,40,12,97
07/17/2025,4:00 PM,75 min.,Flatiron,Free Flow,,Sauna..,25,40,15,112
07/17/2025,4:30 PM,75 min.,Flatiron,Free Flow,,Sauna...,37,40,3,115
07/17/2025,5:00 PM,75 min.,Flatiron,Free Flow,,Sauna.,24,40,16,131
07/17/2025,5:30 PM,75 min.,Flatiron,Free Flow,,Sauna..,12,40,28,159
07/17/2025,6:45 PM,75 min.,Flatiron,Guided All Around: Gratitude,,Sauna.,7,64,57,216
07/17/2025,8:00 PM,75 min.,Flatiron,Lively Free Flow,,Sauna.,2,25,23,239
07/17/2025,8:15 PM,75 min.,Flatiron,Lively Free Flow,,Sauna..,,,,239
07/17/2025,8:30 PM,75 min.,Flatiron,Lively Free Flow,,Sauna...,0,30,30,269
07/17/2025,8:45 PM,75 min.,Flatiron,Lively Free Flow,,Sauna....,12,25,13,282
07/17/2025,9:00 PM,75 min.,Flatiron,Lively Free Flow,,Sauna.....,1,15,14,296
07/17/2025,9:30 PM,75 min.,Flatiron,Lively Free Flow,,Sauna.,25,30,5,301
07/17/2025,9:45 PM,75 min.,Flatiron,Lively Free Flow,,Sauna..,28,30,2,303
07/18/2025,7:00 AM,75 min.,Flatiron,Guided Up: Feel Good Now,Aaron Albert,Sauna.,51,64,13,13
07/18/2025,8:15 AM,75 min.,Flatiron,Guided Down: Self-Care Sweat,,Sauna.,36,64,28,41
07/18/2025,9:30 AM,75 min.,Flatiron,Guided All Around: Gratitude,,Sauna.,55,64,9,50
07/18/2025,10:45 AM,75 min.,Flatiron,Guided Down: Embodied,,Sauna.,42,60,18,68
07/18/2025,12:00 PM,75 min.,Flatiron,Free Flow,,Sauna.,20,30,10,78
07/18/2025,12:30 PM,75 min.,Flatiron,Free Flow,,Sauna..,26,30,4,82
07/18/2025,1:00 PM,75 min.,Flatiron,Free Flow,,Sauna...,42,45,3,85
07/18/2025,1:30 PM,75 min.,Flatiron,Free Flow,,Sauna....,26,35,9,94
07/18/2025,2:00 PM,75 min.,Flatiron,Free Flow,,Sauna.....,1,30,29,123
07/18/2025,2:30 PM,75 min.,Flatiron,Free Flow,,Sauna.,42,45,3,126
07/18/2025,3:00 PM,75 min.,Flatiron,Free Flow,,Sauna..,23,35,12,138
07/18/2025,3:30 PM,75 min.,Flatiron,Free Flow,,Sauna...,18,30,12,150
07/18/2025,4:00 PM,75 min.,Flatiron,Free Flow,,Sauna....,30,45,15,165
07/18/2025,4:30 PM,75 min.,Flatiron,Free Flow,,Sauna.....,18,35,17,182
07/18/2025,5:00 PM,75 min.,Flatiron,Free Flow,,Sauna.,21,30,9,191
07/18/2025,5:30 PM,75 min.,Flatiron,Free Flow,,Sauna..,14,45,31,222
07/18/2025,6:00 PM,75 min.,Flatiron,Lively Free Flow,,Sauna...,14,35,21,243
07/18/2025,6:30 PM,75 min.,Flatiron,Lively Free Flow,,Sauna....,5,30,25,268
07/18/2025,7:45 PM,75 min.,Flatiron,Guided All Around: Reset,,Sauna.,1,64,63,331
07/18/2025,9:00 PM,120 min.,Flatiron,Social,,Sauna.,9,30,21,352
07/18/2025,9:20 PM,120 min.,Flatiron,Social,,Sauna..,18,30,12,364
07/18/2025,9:40 PM,120 min.,Flatiron,Social,,Sauna...,0,30,30,394
07/18/2025,10:00 PM,120 min.,Flatiron,Social,,Sauna....,0,30,30,424
07/19/2025,8:00 AM,75 min.,Flatiron,Guided Up: Feel Good Now,,Sauna.,46,64,18,18
07/19/2025,9:15 AM,75 min.,Flatiron,Guided Down: Deep Stretch,,Sauna.,29,60,31,49
07/19/2025,10:30 AM,75 min.,Flatiron,Guided All Around: Release,,Sauna.,2,64,62,111
07/19/2025,11:45 AM,75 min.,Flatiron,Lively Free Flow,,Sauna.,10,30,20,131
07/19/2025,12:00 PM,75 min.,Flatiron,Lively Free Flow,,Sauna..,5,20,15,146
07/19/2025,12:30 PM,75 min.,Flatiron,Lively Free Flow,,Sauna...,13,30,17,163
07/19/2025,1:00 PM,75 min.,Flatiron,Lively Free Flow,,Sauna....,17,30,13,176
07/19/2025,1:30 PM,75 min.,Flatiron,Lively Free Flow,,Sauna.....,14,30,16,192
07/19/2025,2:00 PM,75 min.,Flatiron,Lively Free Flow,,Sauna.,36,45,9,201
07/19/2025,2:30 PM,75 min.,Flatiron,Lively Free Flow,,Sauna..,31,35,4,205
07/19/2025,3:00 PM,75 min.,Flatiron,Lively Free Flow,,Sauna...,2,30,28,233
07/19/2025,3:30 PM,75 min.,Flatiron,Lively Free Flow,,Sauna....,28,45,17,250
07/19/2025,4:00 PM,75 min.,Flatiron,Lively Free Flow,,Sauna.....,18,35,17,267
07/19/2025,4:30 PM,75 min.,Flatiron,Lively Free Flow,,Sauna.,19,30,11,278
07/19/2025,5:00 PM,75 min.,Flatiron,Lively Free Flow,,Sauna..,32,45,13,291
07/19/2025,5:30 PM,75 min.,Flatiron,Lively Free Flow,,Sauna...,29,35,6,297
07/19/2025,6:00 PM,75 min.,Flatiron,Lively Free Flow,,Sauna....,25,30,5,302
07/19/2025,6:15 PM,75 min.,Flatiron,Lively Free Flow,,Sauna.....,2,20,18,320
07/19/2025,7:30 PM,75 min.,Flatiron,"Guided All Around: Rose, Thorn, Bud",,Sauna.,37,64,27,347
07/19/2025,8:45 PM,120 min.,Flatiron,Beat Drop with Sober in Central Park,,Sauna.,2,30,28,375
07/19/2025,9:15 PM,120 min.,Flatiron,Beat Drop with Sober in Central Park,,Sauna.....,3,40,37,412
07/19/2025,9:30 PM,120 min.,Flatiron,Beat Drop with Sober in Central Park,,Sauna...,26,35,9,421
07/19/2025,9:45 PM,120 min.,Flatiron,Beat Drop with Sober in Central Park,,Sauna..,28,30,2,423
07/20/2025,8:00 AM,75 min.,Flatiron,Guided Down: Deep Stretch,,Sauna.,44,60,16,16
07/20/2025,9:15 AM,75 min.,Flatiron,Guided Down: Senses,,Sauna.,35,64,29,45
07/20/2025,10:30 AM,75 min.,Flatiron,Guided All Around: Gratitude,,Sauna.,32,64,32,77
07/20/2025,11:45 AM,75 min.,Flatiron,Guided All Around: Reflect,,Sauna.,2,64,62,139
07/20/2025,1:00 PM,75 min.,Flatiron,Lively Free Flow,,Sauna.,0,30,30,169
07/20/2025,1:30 PM,75 min.,Flatiron,Lively Free Flow,,Sauna..,3,30,27,196
07/20/2025,2:00 PM,75 min.,Flatiron,Lively Free Flow,,Sauna...,13,45,32,228
07/20/2025,2:30 PM,75 min.,Flatiron,Lively Free Flow,,Sauna....,18,35,17,245
07/20/2025,3:00 PM,75 min.,Flatiron,Lively Free Flow,,Sauna.....,3,30,27,272
07/20/2025,3:30 PM,75 min.,Flatiron,Lively Free Flow,,Sauna.,26,45,19,291
07/20/2025,4:00 PM,75 min.,Flatiron,Lively Free Flow,,Sauna..,2,35,33,324
07/20/2025,4:30 PM,75 min.,Flatiron,Lively Free Flow,,Sauna...,13,30,17,341
07/20/2025,5:00 PM,75 min.,Flatiron,Lively Free Flow,,Sauna....,20,45,25,366
07/20/2025,5:30 PM,75 min.,Flatiron,Lively Free Flow,,Sauna.....,22,35,13,379
07/20/2025,6:00 PM,75 min.,Flatiron,Lively Free Flow,,Sauna.,0,30,30,409
07/20/2025,7:15 PM,120 min.,Flatiron,Friend(ship): A Guided Social,,Sauna.,18,64,46,455
07/20/2025,9:15 PM,75 min.,Flatiron,Free Flow,,Sauna...,11,35,24,479
07/20/2025,9:30 PM,75 min.,Flatiron,Free Flow,,Sauna....,22,30,8,487
07/07/2025,7:00 AM,60 min.,Flatiron,Guided Up: Self-Care Sweat - 60 min,,Sauna.,56,64,8,8
07/07/2025,8:30 AM,75 min.,Flatiron,Quieter Free Flow,,Sauna.,35,40,5,13
07/07/2025,9:00 AM,75 min.,Flatiron,Quieter Free Flow,,Sauna..,37,40,3,16
07/07/2025,9:30 AM,75 min.,Flatiron,Quieter Free Flow,,Sauna...,39,40,1,17
07/07/2025,10:00 AM,75 min.,Flatiron,Quieter Free Flow,,Sauna.,36,40,4,21
07/07/2025,10:15 AM,75 min.,Flatiron,Quieter Free Flow,,Sauna..,39,40,1,22
07/07/2025,12:00 PM,60 min.,Flatiron,Guided Down: Sound Immersion - 60 min,,Sauna.,44,64,20,42
07/07/2025,1:30 PM,75 min.,Flatiron,Free Flow,,Sauna.,32,40,8,50
07/07/2025,1:45 PM,75 min.,Flatiron,Free Flow,,Sauna..,38,40,2,52
07/07/2025,2:15 PM,75 min.,Flatiron,Free Flow,,Sauna...,39,40,1,53
07/07/2025,2:45 PM,75 min.,Flatiron,Free Flow,,Sauna....,40,40,0,53
07/07/2025,3:15 PM,75 min.,Flatiron,Free Flow,,Sauna.....,35,40,5,58
07/07/2025,3:45 PM,75 min.,Flatiron,Free Flow,,Sauna.,39,40,1,59
07/07/2025,4:15 PM,75 min.,Flatiron,Free Flow,,Sauna..,30,40,10,69
07/07/2025,4:45 PM,75 min.,Flatiron,Free Flow,,Sauna...,27,30,3,72
07/07/2025,5:15 PM,75 min.,Flatiron,Free Flow,,Sauna....,3,30,27,99
07/07/2025,6:30 PM,75 min.,Flatiron,Guided All Around: Reset,,Sauna.,3,64,61,160
07/07/2025,7:45 PM,75 min.,Flatiron,Guided Up: Arctic Tundra,,Sauna.,44,64,20,180
07/07/2025,9:00 PM,75 min.,Flatiron,Guided All Around: Journey Through the Elements,,Sauna.,28,64,36,216
07/08/2025,7:00 AM,60 min.,Flatiron,Guided Down: Embodied - 60 min,,Sauna.,46,60,14,14
07/08/2025,8:30 AM,75 min.,Flatiron,Quieter Free Flow,,Sauna.,33,40,7,21
07/08/2025,9:00 AM,75 min.,Flatiron,Quieter Free Flow,,Sauna..,38,40,2,23
07/08/2025,9:30 AM,75 min.,Flatiron,Quieter Free Flow,,Sauna...,38,40,2,25
07/08/2025,10:00 AM,75 min.,Flatiron,Quieter Free Flow,,Sauna.,38,40,2,27
07/08/2025,10:15 AM,75 min.,Flatiron,Quieter Free Flow,,Sauna..,37,40,3,30
07/08/2025,12:00 PM,60 min.,Flatiron,Guided Down: Senses - 60 min,,Sauna.,60,64,4,34
07/08/2025,1:45 PM,75 min.,Flatiron,Guided All Around: Hardwiring Happiness,,Sauna.,42,64,22,56
07/08/2025,3:30 PM,75 min.,Flatiron,Free Flow,,Sauna.,31,40,9,65
07/08/2025,3:45 PM,75 min.,Flatiron,Free Flow,,Sauna..,33,40,7,72
07/08/2025,4:00 PM,75 min.,Flatiron,Free Flow,,Sauna....,27,30,3,75
07/08/2025,4:15 PM,75 min.,Flatiron,Free Flow,,Sauna.....,23,30,7,82
07/08/2025,5:30 PM,75 min.,Flatiron,Guided Down: Unwind,,Sauna.,37,64,27,109
07/08/2025,6:45 PM,75 min.,Flatiron,Guided All Around: Acceptance,,Sauna.,4,64,60,169
07/08/2025,8:00 PM,75 min.,Flatiron,Free Flow,,Sauna.,12,25,13,182
07/08/2025,8:15 PM,75 min.,Flatiron,Free Flow,,Sauna..,18,20,2,184
07/08/2025,8:30 PM,75 min.,Flatiron,Free Flow,,Sauna...,18,30,12,196
07/08/2025,8:45 PM,75 min.,Flatiron,Free Flow,,Sauna....,24,25,1,197
07/08/2025,9:00 PM,75 min.,Flatiron,Free Flow,,Sauna.....,9,15,6,203
07/08/2025,9:30 PM,75 min.,Flatiron,Free Flow,,Sauna.,25,30,5,208
07/08/2025,9:45 PM,75 min.,Flatiron,Free Flow,,Sauna..,27,30,3,211
07/09/2025,7:00 AM,60 min.,Flatiron,Guided Up: Feel Good Now - 60 min,Aaron Albert,Sauna.,41,64,23,23
07/09/2025,8:30 AM,75 min.,Flatiron,Free Flow,,Sauna.,37,40,3,26
07/09/2025,9:00 AM,75 min.,Flatiron,Free Flow,,Sauna..,37,40,3,29
07/09/2025,9:30 AM,75 min.,Flatiron,Free Flow,,Sauna...,35,40,5,34
07/09/2025,10:00 AM,75 min.,Flatiron,Free Flow,,Sauna.,33,40,7,41
07/09/2025,10:15 AM,75 min.,Flatiron,Free Flow,,Sauna..,29,40,11,52
07/09/2025,12:00 PM,60 min.,Flatiron,Guided Down: Senses - 60 min,,Sauna.,51,64,13,65
07/09/2025,3:15 PM,75 min.,Flatiron,Free Flow,,Sauna....,33,40,7,72
07/09/2025,3:45 PM,75 min.,Flatiron,Free Flow,,Sauna.....,22,30,8,80
07/09/2025,4:15 PM,75 min.,Flatiron,Free Flow,,Sauna.,11,30,19,99
07/09/2025,5:30 PM,75 min.,Flatiron,Guided All Around: Reset,,Sauna.,33,64,31,130
07/09/2025,6:45 PM,75 min.,Flatiron,Guided All Around: Inner Power,,Sauna.,,,,130
07/09/2025,8:00 PM,75 min.,Flatiron,Free Flow,,Sauna.,4,30,26,156
07/09/2025,8:15 PM,75 min.,Flatiron,Free Flow,,Sauna..,17,20,3,159
07/09/2025,8:30 PM,75 min.,Flatiron,Free Flow,,Sauna...,21,25,4,163
07/09/2025,8:45 PM,75 min.,Flatiron,Free Flow,,Sauna....,18,20,2,165
07/09/2025,9:00 PM,75 min.,Flatiron,Free Flow,,Sauna.....,4,15,11,176
07/09/2025,9:30 PM,75 min.,Flatiron,Free Flow,,Sauna.,22,30,8,184
07/09/2025,9:45 PM,75 min.,Flatiron,Free Flow,,Sauna..,0,30,30,214
07/10/2025,7:00 AM,60 min.,Flatiron,Guided Down: Self-Care Sweat - 60 min,,Sauna.,42,64,22,22
07/10/2025,8:30 AM,75 min.,Flatiron,Free Flow,,Sauna.,30,40,10,32
07/10/2025,9:00 AM,75 min.,Flatiron,Free Flow,,Sauna..,39,40,1,33
07/10/2025,9:30 AM,75 min.,Flatiron,Free Flow,,Sauna...,37,40,3,36
07/10/2025,10:00 AM,75 min.,Flatiron,Free Flow,,Sauna.,38,40,2,38
07/10/2025,10:15 AM,75 min.,Flatiron,Free Flow,,Sauna..,30,40,10,48
07/10/2025,12:00 PM,60 min.,Flatiron,Guided Down: Sound Immersion - 60 min,,Sauna.,44,64,20,68
07/10/2025,1:45 PM,75 min.,Flatiron,Guided Down: Self-Care Sweat,,Sauna.,48,64,16,84
07/10/2025,3:30 PM,75 min.,Flatiron,Free Flow,,Sauna.,18,40,22,106
07/10/2025,4:00 PM,75 min.,Flatiron,Free Flow,,Sauna..,37,40,3,109
07/10/2025,4:30 PM,75 min.,Flatiron,Free Flow,,Sauna...,35,40,5,114
07/10/2025,5:00 PM,75 min.,Flatiron,Free Flow,,Sauna.,35,40,5,119
07/10/2025,5:30 PM,75 min.,Flatiron,Free Flow,,Sauna..,7,40,33,152
07/10/2025,6:45 PM,75 min.,Flatiron,Guided All Around: Gratitude,Aaron Albert,Sauna.,9,64,55,207
07/10/2025,8:00 PM,75 min.,Flatiron,Lively Free Flow,,Sauna.,,,,207
07/10/2025,8:15 PM,75 min.,Flatiron,Lively Free Flow,,Sauna..,3,15,12,219
07/10/2025,8:30 PM,75 min.,Flatiron,Lively Free Flow,,Sauna...,20,30,10,229
07/10/2025,8:45 PM,75 min.,Flatiron,Lively Free Flow,,Sauna....,17,25,8,237
07/10/2025,9:00 PM,75 min.,Flatiron,Lively Free Flow,,Sauna.....,12,15,3,240
07/10/2025,9:30 PM,75 min.,Flatiron,Lively Free Flow,,Sauna.,22,30,8,248
07/10/2025,9:45 PM,75 min.,Flatiron,Lively Free Flow,,Sauna..,23,30,7,255
07/11/2025,7:00 AM,75 min.,Flatiron,Guided Down: Self-Care Sweat,,Sauna.,44,64,20,20
07/11/2025,8:15 AM,75 min.,Flatiron,"Guided All Around: Rose, Thorn, Bud",,Sauna.,54,64,10,30
07/11/2025,9:30 AM,75 min.,Flatiron,Guided All Around: Reset,,Sauna.,48,64,16,46
07/11/2025,10:45 AM,75 min.,Flatiron,"Guided All Around: Rose, Thorn, Bud",,Sauna.,46,64,18,64
07/11/2025,12:00 PM,75 min.,Flatiron,Free Flow,,Sauna.,17,30,13,77
07/11/2025,12:30 PM,75 min.,Flatiron,Free Flow,,Sauna..,20,30,10,87
07/11/2025,1:00 PM,75 min.,Flatiron,Free Flow,,Sauna...,43,45,2,89
07/11/2025,1:30 PM,75 min.,Flatiron,Free Flow,,Sauna....,33,35,2,91
07/11/2025,2:00 PM,75 min.,Flatiron,Free Flow,,Sauna.....,21,30,9,100
07/11/2025,2:30 PM,75 min.,Flatiron,Free Flow,,Sauna.,38,45,7,107
07/11/2025,3:00 PM,75 min.,Flatiron,Free Flow,,Sauna..,23,35,12,119
07/11/2025,3:30 PM,75 min.,Flatiron,Free Flow,,Sauna...,14,30,16,135
07/11/2025,4:00 PM,75 min.,Flatiron,Free Flow,,Sauna....,32,45,13,148
07/11/2025,4:30 PM,75 min.,Flatiron,Free Flow,,Sauna.....,24,35,11,159
07/11/2025,5:00 PM,75 min.,Flatiron,Free Flow,,Sauna.,14,30,16,175
07/11/2025,5:30 PM,75 min.,Flatiron,Free Flow,,Sauna..,30,45,15,190
07/11/2025,6:00 PM,75 min.,Flatiron,Lively Free Flow,,Sauna...,19,35,16,206
07/11/2025,6:30 PM,75 min.,Flatiron,Lively Free Flow,,Sauna....,0,30,30,236
07/11/2025,7:45 PM,75 min.,Flatiron,Guided All Around: Sound Immersion,,Sauna.,4,64,60,296
07/11/2025,9:00 PM,120 min.,Flatiron,Social,,Sauna.,2,30,28,324
07/11/2025,9:20 PM,120 min.,Flatiron,Social,,Sauna..,,,,324
07/11/2025,9:40 PM,120 min.,Flatiron,Social,,Sauna...,29,30,1,325
07/11/2025,10:00 PM,120 min.,Flatiron,Social,,Sauna....,27,30,3,328
07/12/2025,8:00 AM,75 min.,Flatiron,Guided Down: Deep Stretch,,Sauna.,47,60,13,13
07/12/2025,9:15 AM,75 min.,Flatiron,Guided Down: Sound Immersion,,Sauna.,40,64,24,37
07/12/2025,10:30 AM,75 min.,Flatiron,Guided Up: Feel Good Now,,Sauna.,1,64,63,100
07/12/2025,11:45 AM,75 min.,Flatiron,Lively Free Flow,,Sauna.,2,30,28,128
07/12/2025,12:00 PM,75 min.,Flatiron,Lively Free Flow,,Sauna..,5,20,15,143
07/12/2025,12:30 PM,75 min.,Flatiron,Lively Free Flow,,Sauna...,10,30,20,163
07/12/2025,1:00 PM,75 min.,Flatiron,Lively Free Flow,,Sauna....,6,30,24,187
07/12/2025,1:30 PM,75 min.,Flatiron,Lively Free Flow,,Sauna.....,13,30,17,204
07/12/2025,2:00 PM,75 min.,Flatiron,Lively Free Flow,,Sauna.,37,45,8,212
07/12/2025,2:30 PM,75 min.,Flatiron,Lively Free Flow,,Sauna..,25,35,10,222
07/12/2025,3:00 PM,75 min.,Flatiron,Lively Free Flow,,Sauna...,18,30,12,234
07/12/2025,3:30 PM,75 min.,Flatiron,Lively Free Flow,,Sauna....,34,45,11,245
07/12/2025,4:00 PM,75 min.,Flatiron,Lively Free Flow,,Sauna.....,25,35,10,255
07/12/2025,4:30 PM,75 min.,Flatiron,Lively Free Flow,,Sauna.,12,30,18,273
07/12/2025,5:00 PM,75 min.,Flatiron,Lively Free Flow,,Sauna..,36,45,9,282
07/12/2025,5:30 PM,75 min.,Flatiron,Lively Free Flow,,Sauna...,25,35,10,292
07/12/2025,6:00 PM,75 min.,Flatiron,Lively Free Flow,,Sauna....,21,30,9,301
07/12/2025,6:15 PM,75 min.,Flatiron,Lively Free Flow,,Sauna.....,11,20,9,310
07/12/2025,7:30 PM,75 min.,Flatiron,Guided Up: Self-Care Sweat,,Sauna.,38,64,26,336
07/12/2025,8:45 PM,120 min.,Flatiron,Social,,Sauna.,11,30,19,355
07/12/2025,9:15 PM,120 min.,Flatiron,Social,,Sauna.....,34,40,6,361
07/12/2025,9:30 PM,120 min.,Flatiron,Social,,Sauna...,29,35,6,367
07/12/2025,10:00 PM,120 min.,Flatiron,Social,,Sauna..,,,,367
07/13/2025,8:00 AM,75 min.,Flatiron,Guided Down: Sound Immersion,,Sauna.,45,64,19,19
07/13/2025,9:15 AM,75 min.,Flatiron,Guided All Around: Journey Through the Seasons,,Sauna.,41,64,23,42
07/13/2025,10:30 AM,75 min.,Flatiron,"Guided Down: Rose, Thorn, Bud",,Sauna.,33,64,31,73
07/13/2025,11:45 AM,75 min.,Flatiron,Guided Down: Deep Stretch,,Sauna.,7,60,53,126
07/13/2025,1:00 PM,75 min.,Flatiron,Lively Free Flow,,Sauna.,10,30,20,146
07/13/2025,1:30 PM,75 min.,Flatiron,Lively Free Flow,,Sauna..,6,30,24,170
07/13/2025,2:00 PM,75 min.,Flatiron,Lively Free Flow,,Sauna...,28,45,17,187
07/13/2025,2:30 PM,75 min.,Flatiron,Lively Free Flow,,Sauna....,23,35,12,199
07/13/2025,3:00 PM,75 min.,Flatiron,Lively Free Flow,,Sauna.....,16,30,14,213
07/13/2025,3:30 PM,75 min.,Flatiron,Lively Free Flow,,Sauna.,21,45,24,237
07/13/2025,4:00 PM,75 min.,Flatiron,Lively Free Flow,,Sauna..,2,35,33,270
07/13/2025,4:30 PM,75 min.,Flatiron,Lively Free Flow,,Sauna...,6,30,24,294
07/13/2025,5:00 PM,75 min.,Flatiron,Lively Free Flow,,Sauna....,28,45,17,311
07/13/2025,5:30 PM,75 min.,Flatiron,Lively Free Flow,,Sauna.....,8,35,27,338
07/13/2025,6:00 PM,75 min.,Flatiron,Lively Free Flow,,Sauna.,0,30,30,368
07/13/2025,7:15 PM,75 min.,Flatiron,Guided All Around: Gratitude,,Sauna.,4,64,60,428
07/13/2025,8:30 PM,75 min.,Flatiron,Free Flow,,Sauna.,4,25,21,449
07/13/2025,8:45 PM,75 min.,Flatiron,Free Flow,,Sauna..,17,25,8,457
07/13/2025,9:15 PM,75 min.,Flatiron,Free Flow,,Sauna...,22,35,13,470
07/13/2025,9:30 PM,75 min.,Flatiron,Free Flow,,Sauna....,22,30,8,478
06/30/2025,7:00 AM,75 min.,Flatiron,Guided All Around: Gratitude,,Sauna.,58,64,6,6
06/30/2025,8:30 AM,75 min.,Flatiron,Quieter Free Flow,,Sauna.,32,40,8,14
06/30/2025,9:00 AM,75 min.,Flatiron,Quieter Free Flow,,Sauna..,36,40,4,18
06/30/2025,9:30 AM,75 min.,Flatiron,Quieter Free Flow,,Sauna...,38,40,2,20
06/30/2025,10:00 AM,75 min.,Flatiron,Quieter Free Flow,,Sauna.,36,40,4,24
06/30/2025,10:15 AM,75 min.,Flatiron,Quieter Free Flow,,Sauna..,35,40,5,29
06/30/2025,12:00 PM,75 min.,Flatiron,Guided Down: Sound Immersion,,Sauna.,45,64,19,48
06/30/2025,2:00 PM,75 min.,Flatiron,Free Flow,,Sauna.,38,40,2,50
06/30/2025,2:30 PM,75 min.,Flatiron,Free Flow,,Sauna..,35,40,5,55
06/30/2025,3:00 PM,75 min.,Flatiron,Free Flow,,Sauna...,33,40,7,62
06/30/2025,3:30 PM,75 min.,Flatiron,Free Flow,,Sauna.,38,40,2,64
06/30/2025,3:45 PM,75 min.,Flatiron,Free Flow,,Sauna..,27,40,13,77
06/30/2025,5:30 PM,75 min.,Flatiron,Guided Up: Arctic Tundra,,Sauna.,30,64,34,111
06/30/2025,7:15 PM,75 min.,Flatiron,Guided All Around: Loving Kindness,,Sauna.,5,64,59,170
06/30/2025,9:00 PM,75 min.,Flatiron,Guided Down: Unwind,,Sauna.,26,64,38,208
07/01/2025,7:00 AM,75 min.,Flatiron,Guided Down: Deep Stretch,,Sauna.,49,60,11,11
07/01/2025,8:30 AM,75 min.,Flatiron,Quieter Free Flow,,Sauna.,27,40,13,24
07/01/2025,9:00 AM,75 min.,Flatiron,Quieter Free Flow,,Sauna..,38,40,2,26
07/01/2025,9:30 AM,75 min.,Flatiron,Quieter Free Flow,,Sauna...,38,40,2,28
07/01/2025,10:00 AM,75 min.,Flatiron,Quieter Free Flow,,Sauna.,37,40,3,31
07/01/2025,10:15 AM,75 min.,Flatiron,Quieter Free Flow,,Sauna..,34,40,6,37
07/01/2025,12:00 PM,75 min.,Flatiron,Guided Up: Feel Good Now,,Sauna.,51,64,13,50
07/01/2025,1:45 PM,75 min.,Flatiron,Guided Down: Pure Presence,,Sauna.,58,64,6,56
07/01/2025,3:30 PM,75 min.,Flatiron,Free Flow,,Sauna.,54,70,16,72
07/01/2025,3:45 PM,75 min.,Flatiron,Free Flow,,Sauna..,42,50,8,80
07/01/2025,5:30 PM,75 min.,Flatiron,Guided Down: Unwind,,Sauna.,30,64,34,114
07/01/2025,7:15 PM,75 min.,Flatiron,Guided All Around: Sound Immersion,,Sauna.,5,64,59,173
07/01/2025,9:00 PM,75 min.,Flatiron,Free Flow,,Sauna.,2,30,28,201
07/01/2025,9:15 PM,75 min.,Flatiron,Free Flow,,Sauna..,2,30,28,229
07/01/2025,9:30 PM,75 min.,Flatiron,Free Flow,,Sauna...,13,30,17,246
07/01/2025,9:45 PM,75 min.,Flatiron,Free Flow,,Sauna....,29,30,1,247
07/02/2025,7:00 AM,75 min.,Flatiron,Guided Up: Self-Care Sweat,,Sauna.,51,64,13,13
07/02/2025,8:30 AM,75 min.,Flatiron,Free Flow,,Sauna.,37,40,3,16
07/02/2025,9:00 AM,75 min.,Flatiron,Free Flow,,Sauna..,38,40,2,18
07/02/2025,9:30 AM,75 min.,Flatiron,Free Flow,,Sauna...,36,40,4,22
07/02/2025,10:00 AM,75 min.,Flatiron,Free Flow,,Sauna.,38,40,2,24
07/02/2025,10:15 AM,75 min.,Flatiron,Free Flow,,Sauna..,35,40,5,29
07/02/2025,12:00 PM,75 min.,Flatiron,Guided Down: Pure Presence,,Sauna.,49,64,15,44
07/02/2025,2:00 PM,75 min.,Flatiron,Free Flow,,Sauna.,35,40,5,49
07/02/2025,2:30 PM,75 min.,Flatiron,Free Flow,,Sauna..,38,40,2,51
07/02/2025,3:00 PM,75 min.,Flatiron,Free Flow,,Sauna...,29,40,11,62
07/02/2025,3:30 PM,75 min.,Flatiron,Free Flow,,Sauna.,33,40,7,69
07/02/2025,3:45 PM,75 min.,Flatiron,Free Flow,,Sauna..,26,40,14,83
07/02/2025,5:30 PM,75 min.,Flatiron,Guided Up: Awakening,,Sauna.,8,64,56,139
07/02/2025,7:15 PM,75 min.,Flatiron,Guided All Around: Reset,,Sauna.,2,64,62,201
07/02/2025,9:00 PM,75 min.,Flatiron,Free Flow,,Sauna.,3,30,27,228
07/02/2025,9:20 PM,75 min.,Flatiron,Free Flow,,Sauna..,19,30,11,239
07/02/2025,9:40 PM,75 min.,Flatiron,Free Flow,,Sauna...,27,30,3,242
07/02/2025,10:00 PM,75 min.,Flatiron,Free Flow,,Sauna....,24,30,6,248
07/03/2025,7:00 AM,75 min.,Flatiron,Guided Down: Embodied,,Sauna.,48,60,12,12
07/03/2025,8:30 AM,75 min.,Flatiron,Free Flow,,Sauna.,36,40,4,16
07/03/2025,9:00 AM,75 min.,Flatiron,Free Flow,,Sauna..,39,40,1,17
07/03/2025,9:30 AM,75 min.,Flatiron,Free Flow,,Sauna...,35,40,5,22
07/03/2025,10:00 AM,75 min.,Flatiron,Free Flow,,Sauna.,35,40,5,27
07/03/2025,10:15 AM,75 min.,Flatiron,Free Flow,,Sauna..,36,40,4,31
07/03/2025,12:00 PM,75 min.,Flatiron,Guided Down: Senses,,Sauna.,44,64,20,51
07/03/2025,1:45 PM,75 min.,Flatiron,Guided Down: Sound Immersion,,Sauna.,36,64,28,79
07/03/2025,3:30 PM,75 min.,Flatiron,Free Flow,,Sauna.,23,40,17,96
07/03/2025,4:00 PM,75 min.,Flatiron,Free Flow,,Sauna..,29,40,11,107
07/03/2025,4:30 PM,75 min.,Flatiron,Free Flow,,Sauna...,28,40,12,119
07/03/2025,5:00 PM,75 min.,Flatiron,Free Flow,,Sauna.,32,40,8,127
07/03/2025,5:30 PM,75 min.,Flatiron,Free Flow,,Sauna..,15,40,25,152
07/03/2025,7:15 PM,75 min.,Flatiron,Guided All Around: Heart Opener,,Sauna.,24,64,40,192
07/03/2025,9:00 PM,75 min.,Flatiron,Lively Free Flow,,Sauna.,13,30,17,209
07/03/2025,9:15 PM,75 min.,Flatiron,Lively Free Flow,,Sauna..,10,25,15,224
07/03/2025,9:30 PM,75 min.,Flatiron,Lively Free Flow,,Sauna...,24,30,6,230
07/03/2025,9:45 PM,75 min.,Flatiron,Lively Free Flow,,Sauna....,22,25,3,233
07/04/2025,7:00 AM,75 min.,Flatiron,Guided All Around: Inner Power,,Sauna.,59,64,5,5
07/04/2025,8:45 AM,75 min.,Flatiron,Guided Down: Sound Immersion,,Sauna.,43,64,21,26
07/04/2025,10:30 AM,75 min.,Flatiron,Guided All Around: Reset,,Sauna.,23,64,41,67
07/04/2025,12:15 PM,75 min.,Flatiron,Guided Up: Arctic Tundra,,Sauna.,39,64,25,92
07/04/2025,2:00 PM,75 min.,Flatiron,Free Flow,,Sauna.,9,40,31,123
07/04/2025,2:30 PM,75 min.,Flatiron,Free Flow,,Sauna..,31,40,9,132
07/04/2025,3:00 PM,75 min.,Flatiron,Free Flow,,Sauna...,30,40,10,142
07/04/2025,3:30 PM,75 min.,Flatiron,Free Flow,,Sauna.,35,40,5,147
07/04/2025,4:00 PM,75 min.,Flatiron,Free Flow,,Sauna..,38,40,2,149
07/04/2025,4:30 PM,75 min.,Flatiron,Free Flow,,Sauna...,39,40,1,150
07/04/2025,5:00 PM,75 min.,Flatiron,Free Flow,,Sauna.,30,40,10,160
07/04/2025,5:30 PM,75 min.,Flatiron,Free Flow,,Sauna..,32,40,8,168
07/04/2025,7:15 PM,75 min.,Flatiron,Guided Down: Senses,,Sauna.,52,64,12,180
07/04/2025,9:00 PM,120 min.,Flatiron,Social,,Sauna.,22,30,8,188
07/04/2025,9:20 PM,120 min.,Flatiron,Social,,Sauna..,17,30,13,201
07/04/2025,9:40 PM,120 min.,Flatiron,Social,,Sauna...,0,30,30,231
07/04/2025,10:00 PM,120 min.,Flatiron,Social,,Sauna....,0,30,30,261
07/05/2025,8:00 AM,75 min.,Flatiron,Guided Down: Deep Stretch,,Sauna.,53,60,7,7
07/05/2025,9:45 AM,75 min.,Flatiron,Guided Up: Feel Good Now,,Sauna.,43,64,21,28
07/05/2025,11:30 AM,75 min.,Flatiron,Guided All Around: A-Z Emotions,,Sauna.,32,64,32,60
07/05/2025,1:30 PM,75 min.,Flatiron,Lively Free Flow,,Sauna.,19,40,21,81
07/05/2025,2:00 PM,75 min.,Flatiron,Lively Free Flow,,Sauna..,23,37,14,95
07/05/2025,2:30 PM,75 min.,Flatiron,Lively Free Flow,,Sauna...,29,35,6,101
07/05/2025,3:00 PM,75 min.,Flatiron,Lively Free Flow,,Sauna.,15,35,20,121
07/05/2025,3:30 PM,75 min.,Flatiron,Lively Free Flow,,Sauna..,34,38,4,125
07/05/2025,4:00 PM,75 min.,Flatiron,Lively Free Flow,,Sauna...,34,36,2,127
07/05/2025,4:30 PM,75 min.,Flatiron,Lively Free Flow,,Sauna.,22,34,12,139
07/05/2025,5:00 PM,75 min.,Flatiron,Lively Free Flow,,Sauna..,25,37,12,151
07/05/2025,5:30 PM,75 min.,Flatiron,Lively Free Flow,,Sauna...,27,35,8,159
07/05/2025,6:00 PM,75 min.,Flatiron,Lively Free Flow,,Sauna.,16,38,22,181
07/05/2025,7:45 PM,75 min.,Flatiron,"Guided All Around: Rose, Thorn, Bud",,Sauna.,40,64,24,205
07/05/2025,9:30 PM,120 min.,Flatiron,Social,,Sauna.,23,50,27,232
07/05/2025,9:45 PM,120 min.,Flatiron,Social,,Sauna.....,36,40,4,236
07/05/2025,10:00 PM,120 min.,Flatiron,Social,,Sauna..,27,30,3,239
07/06/2025,8:00 AM,75 min.,Flatiron,Guided Down: Pure Presence,,Sauna.,55,64,9,9
07/06/2025,9:45 AM,75 min.,Flatiron,Guided Down: Self-Care Sweat,,Sauna.,26,64,38,47
07/06/2025,11:30 AM,75 min.,Flatiron,Guided Down: Senses,,Sauna.,36,64,28,75
07/06/2025,1:30 PM,75 min.,Flatiron,Lively Free Flow,,Sauna.,13,40,27,102
07/06/2025,2:00 PM,75 min.,Flatiron,Lively Free Flow,,Sauna...,29,37,8,110
07/06/2025,2:30 PM,75 min.,Flatiron,Lively Free Flow,,Sauna..,25,35,10,120
07/06/2025,3:00 PM,75 min.,Flatiron,Lively Free Flow,,Sauna.,22,35,13,133
07/06/2025,3:30 PM,75 min.,Flatiron,Lively Free Flow,,Sauna...,23,38,15,148
07/06/2025,4:00 PM,75 min.,Flatiron,Lively Free Flow,,Sauna..,18,38,20,168
07/06/2025,4:30 PM,75 min.,Flatiron,Lively Free Flow,,Sauna....,25,36,11,179
07/06/2025,5:00 PM,75 min.,Flatiron,Lively Free Flow,,Sauna.....,13,37,24,203
07/06/2025,5:30 PM,75 min.,Flatiron,Lively Free Flow,,Sauna.,7,35,28,231
07/06/2025,7:15 PM,75 min.,Flatiron,Guided All Around: Heart Opener,,Sauna.,9,64,55,286
07/06/2025,9:00 PM,75 min.,Flatiron,Guided All Around: Gratitude,,Sauna.,44,64,20,306
06/23/2025,7:00 AM,75 min.,Flatiron,Guided Down: Embodied,,Sauna.,52,60,8,8
06/23/2025,8:30 AM,75 min.,Flatiron,Quieter Free Flow,,Sauna.,32,40,8,16
06/23/2025,9:00 AM,75 min.,Flatiron,Quieter Free Flow,,Sauna..,36,40,4,20
06/23/2025,9:30 AM,75 min.,Flatiron,Quieter Free Flow,,Sauna...,34,40,6,26
06/23/2025,10:00 AM,75 min.,Flatiron,Quieter Free Flow,,Sauna.,30,40,10,36
06/23/2025,10:15 AM,75 min.,Flatiron,Quieter Free Flow,,Sauna..,29,40,11,47
06/23/2025,12:00 PM,75 min.,Flatiron,Guided Down: Sound Immersion,,Sauna.,55,64,9,56
06/23/2025,1:30 PM,75 min.,Flatiron,Free Flow,,Sauna.....,34,40,6,62
06/23/2025,1:45 PM,75 min.,Flatiron,Free Flow,,Sauna.,32,40,8,70
06/23/2025,2:15 PM,75 min.,Flatiron,Free Flow,,Sauna..,38,40,2,72
06/23/2025,2:45 PM,75 min.,Flatiron,Free Flow,,Sauna...,38,40,2,74
06/23/2025,3:15 PM,75 min.,Flatiron,Free Flow,,Sauna.,37,40,3,77
06/23/2025,3:45 PM,75 min.,Flatiron,Free Flow,,Sauna..,34,40,6,83
06/23/2025,4:15 PM,75 min.,Flatiron,Free Flow,,Sauna.....,36,40,4,87
06/23/2025,4:45 PM,75 min.,Flatiron,Free Flow,,Sauna....,19,30,11,98
06/23/2025,5:15 PM,75 min.,Flatiron,Free Flow,,Sauna...,3,30,27,125
06/23/2025,6:30 PM,75 min.,Flatiron,Guided Down: Unwind,,Sauna.,4,64,60,185
06/23/2025,7:45 PM,75 min.,Flatiron,Journey Through the Elements x The Thyme,,Sauna.,1,64,63,248
06/23/2025,9:00 PM,75 min.,Flatiron,Guided Down: Pure Presence,,Sauna.,11,64,53,301
06/24/2025,7:00 AM,75 min.,Flatiron,Guided Down: Deep Stretch,,Sauna.,44,60,16,16
06/24/2025,8:30 AM,75 min.,Flatiron,Viola Quieter Free Flow,,Sauna.,31,40,9,25
06/24/2025,9:00 AM,75 min.,Flatiron,Viola Quieter Free Flow,,Sauna..,32,40,8,33
06/24/2025,9:30 AM,75 min.,Flatiron,Viola Quieter Free Flow,,Sauna...,39,40,1,34
06/24/2025,10:00 AM,75 min.,Flatiron,Viola Quieter Free Flow,,Sauna.,34,40,6,40
06/24/2025,10:15 AM,75 min.,Flatiron,Viola Quieter Free Flow,,Sauna..,38,40,2,42
06/24/2025,12:00 PM,75 min.,Flatiron,Guided Down: Sound Immersion,,Sauna.,55,64,9,51
06/24/2025,1:45 PM,75 min.,Flatiron,Guided All Around: Hardwiring Happiness,,Sauna.,54,64,10,61
06/24/2025,3:30 PM,75 min.,Flatiron,Free Flow,,Sauna.,53,70,17,78
06/24/2025,3:45 PM,75 min.,Flatiron,Free Flow,,Sauna..,42,50,8,86
06/24/2025,5:30 PM,75 min.,Flatiron,Guided All Around: Inner Power,,Sauna.,25,64,39,125
06/24/2025,7:15 PM,75 min.,Flatiron,Guided Up: Arctic Tundra,,Sauna.,19,64,45,170
06/24/2025,9:00 PM,75 min.,Flatiron,Free Flow,,Sauna.,3,30,27,197
06/24/2025,9:15 PM,75 min.,Flatiron,Free Flow,,Sauna..,2,30,28,225
06/24/2025,9:30 PM,75 min.,Flatiron,Free Flow,,Sauna...,15,30,15,240
06/24/2025,9:45 PM,75 min.,Flatiron,Free Flow,,Sauna....,29,30,1,241
06/25/2025,7:00 AM,75 min.,Flatiron,Guided Up: Awakening,,Sauna.,42,64,22,22
06/25/2025,10:00 AM,75 min.,Flatiron,Free Flow,,Sauna.,33,40,7,29
06/25/2025,10:15 AM,75 min.,Flatiron,Free Flow,,Sauna..,35,40,5,34
06/25/2025,12:00 PM,75 min.,Flatiron,Guided Down: Sound Immersion,,Sauna.,53,64,11,45
06/25/2025,1:45 PM,75 min.,Flatiron,Free Flow,,Sauna.,33,40,7,52
06/25/2025,2:15 PM,75 min.,Flatiron,Free Flow,,Sauna..,36,40,4,56
06/25/2025,2:45 PM,75 min.,Flatiron,Free Flow,,Sauna...,37,40,3,59
06/25/2025,3:15 PM,75 min.,Flatiron,Free Flow,,Sauna.,35,40,5,64
06/25/2025,3:45 PM,75 min.,Flatiron,Free Flow,,Sauna..,36,40,4,68
06/25/2025,4:15 PM,75 min.,Flatiron,Free Flow,,Sauna.....,23,30,7,75
06/25/2025,4:45 PM,75 min.,Flatiron,Free Flow,,Sauna....,13,30,17,92
06/25/2025,6:00 PM,75 min.,Flatiron,Guided All Around: Reset,,Sauna.,19,64,45,137
06/25/2025,7:15 PM,75 min.,Flatiron,Guided All Around: Inner Power,,Sauna.,34,64,30,167
06/25/2025,9:00 PM,120 min.,Flatiron,Runners Night,,Sauna.,13,70,57,224
06/25/2025,9:30 PM,120 min.,Flatiron,Runner's Night,,Sauna..,24,50,26,250
06/26/2025,7:00 AM,75 min.,Flatiron,Guided All Around: Hardwiring Happiness,,Sauna.,37,64,27,27
06/26/2025,8:30 AM,75 min.,Flatiron,Free Flow,,Sauna.,34,40,6,33
06/26/2025,9:00 AM,75 min.,Flatiron,Free Flow,,Sauna..,39,40,1,34
06/26/2025,9:30 AM,75 min.,Flatiron,Free Flow,,Sauna...,38,40,2,36
06/26/2025,10:00 AM,75 min.,Flatiron,Free Flow,,Sauna.,36,40,4,40
06/26/2025,10:15 AM,75 min.,Flatiron,Free Flow,,Sauna..,32,40,8,48
06/26/2025,12:00 PM,75 min.,Flatiron,Guided Down: Embodied,,Sauna.,52,60,8,56
06/26/2025,1:45 PM,75 min.,Flatiron,Guided Down: Self-Care Sweat,,Sauna.,47,64,17,73
06/26/2025,3:30 PM,75 min.,Flatiron,Free Flow,,Sauna.,26,40,14,87
06/26/2025,4:00 PM,75 min.,Flatiron,Free Flow,,Sauna..,34,40,6,93
06/26/2025,4:30 PM,75 min.,Flatiron,Free Flow,,Sauna...,34,40,6,99
06/26/2025,5:00 PM,75 min.,Flatiron,Free Flow,,Sauna.,21,40,19,118
06/26/2025,5:30 PM,75 min.,Flatiron,Free Flow,,Sauna..,5,40,35,153
06/26/2025,7:15 PM,75 min.,Flatiron,Guided Up: Feel Good Now,Aaron Albert,Sauna.,12,64,52,205
06/27/2025,7:00 AM,75 min.,Flatiron,Guided Down: Embodied,,Sauna.,50,60,10,10
06/27/2025,8:15 AM,75 min.,Flatiron,"Guided All Around: Rose, Thorn, Bud",,Sauna.,53,64,11,21
06/27/2025,9:30 AM,75 min.,Flatiron,Guided Down: Sound Immersion,,Sauna.,46,64,18,39
06/27/2025,10:45 AM,75 min.,Flatiron,Guided All Around: Inner Power,,Sauna.,45,64,19,58
06/27/2025,12:00 PM,75 min.,Flatiron,Free Flow,,Sauna.,16,30,14,72
06/27/2025,12:30 PM,75 min.,Flatiron,Free Flow,,Sauna..,34,35,1,73
06/27/2025,1:00 PM,75 min.,Flatiron,Free Flow,,Sauna...,36,45,9,82
06/27/2025,1:30 PM,75 min.,Flatiron,Free Flow,,Sauna....,32,35,3,85
06/27/2025,2:00 PM,75 min.,Flatiron,Free Flow,,Sauna.,36,40,4,89
06/27/2025,2:30 PM,75 min.,Flatiron,Free Flow,,Sauna..,35,40,5,94
06/27/2025,3:00 PM,75 min.,Flatiron,Free Flow,,Sauna...,29,40,11,105
06/27/2025,3:30 PM,75 min.,Flatiron,Free Flow,,Sauna.,29,40,11,116
06/27/2025,4:00 PM,75 min.,Flatiron,Free Flow,,Sauna..,32,40,8,124
06/27/2025,4:30 PM,75 min.,Flatiron,Free Flow,,Sauna...,34,40,6,130
06/27/2025,5:00 PM,75 min.,Flatiron,Free Flow,,Sauna.,27,40,13,143
06/27/2025,5:30 PM,75 min.,Flatiron,Free Flow,,Sauna..,16,40,24,167
06/27/2025,6:00 PM,75 min.,Flatiron,Lively Free Flow,,Sauna.....,21,35,14,181
06/27/2025,6:30 PM,75 min.,Flatiron,Lively Free Flow,,Sauna....,8,30,22,203
06/27/2025,7:45 PM,75 min.,Flatiron,Guided All Around: Sound Immersion,,Sauna.,,,,203
06/27/2025,9:00 PM,120 min.,Flatiron,🏳️‍🌈Beat Drop Social: Pride Edition🏳️‍🌈,,Sauna.,3,50,47,250
06/27/2025,9:30 PM,120 min.,Flatiron,🏳️‍🌈Beat Drop Social: Pride Edition🏳️‍🌈,,Sauna..,18,70,52,302
06/28/2025,8:00 AM,75 min.,Flatiron,Guided Down: Sound Immersion,,Sauna.,48,64,16,16
06/28/2025,9:45 AM,75 min.,Flatiron,Guided Up: Feel Good Now,,Sauna.,5,64,59,75
06/28/2025,11:30 AM,75 min.,Flatiron,Guided Down: Sound Immersion,,Sauna.,2,64,62,137
06/28/2025,1:30 PM,75 min.,Flatiron,Lively Free Flow,,Sauna.,1,40,39,176
06/28/2025,2:00 PM,75 min.,Flatiron,Lively Free Flow,,Sauna..,4,37,33,209
06/28/2025,2:30 PM,75 min.,Flatiron,Lively Free Flow,,Sauna...,4,35,31,240
06/28/2025,3:00 PM,75 min.,Flatiron,Lively Free Flow,,Sauna.,21,35,14,254
06/28/2025,3:30 PM,75 min.,Flatiron,Lively Free Flow,,Sauna..,16,38,22,276
06/28/2025,4:00 PM,75 min.,Flatiron,Lively Free Flow,,Sauna...,25,36,11,287
06/28/2025,4:30 PM,75 min.,Flatiron,Lively Free Flow,,Sauna.,25,34,9,296
06/28/2025,5:00 PM,75 min.,Flatiron,Lively Free Flow,,Sauna..,10,37,27,323
06/28/2025,5:30 PM,75 min.,Flatiron,Lively Free Flow,,Sauna...,26,35,9,332
06/28/2025,6:00 PM,75 min.,Flatiron,Lively Free Flow,,Sauna.,20,38,18,350
06/28/2025,7:45 PM,75 min.,Flatiron,Guided Up: Self-Care Sweat,,Sauna.,23,64,41,391
06/28/2025,9:30 PM,120 min.,Flatiron,Social,,Sauna.,33,50,17,408
06/28/2025,9:45 PM,120 min.,Flatiron,Social,,Sauna.....,37,40,3,411
06/28/2025,10:00 PM,120 min.,Flatiron,Social,,Sauna..,25,30,5,416
06/29/2025,8:00 AM,75 min.,Flatiron,Guided Down: Sound Immersion,,Sauna.,50,64,14,14
06/29/2025,9:45 AM,75 min.,Flatiron,"Guided Down: Rose, Thorn, Bud",,Sauna.,27,64,37,51
06/29/2025,11:30 AM,75 min.,Flatiron,Guided Down: Senses,,Sauna.,25,64,39,90
06/29/2025,1:30 PM,75 min.,Flatiron,Lively Free Flow,,Sauna.,4,40,36,126
06/29/2025,2:00 PM,75 min.,Flatiron,Lively Free Flow,,Sauna...,13,37,24,150
06/29/2025,2:30 PM,75 min.,Flatiron,Lively Free Flow,,Sauna..,25,35,10,160
06/29/2025,3:00 PM,75 min.,Flatiron,Lively Free Flow,,Sauna.,16,35,19,179
06/29/2025,3:30 PM,75 min.,Flatiron,Lively Free Flow,,Sauna...,8,38,30,209
06/29/2025,4:00 PM,75 min.,Flatiron,Lively Free Flow,,Sauna..,5,38,33,242
06/29/2025,4:30 PM,75 min.,Flatiron,Lively Free Flow,,Sauna....,2,36,34,276
06/29/2025,5:00 PM,75 min.,Flatiron,Lively Free Flow,,Sauna.....,1,37,36,312
06/29/2025,5:30 PM,75 min.,Flatiron,Lively Free Flow,,Sauna.,5,35,30,342
06/29/2025,7:15 PM,75 min.,Flatiron,Guided All Around: A-Z Emotions,,Sauna.,26,64,38,380
06/29/2025,9:00 PM,75 min.,Flatiron,Guided Down: Deep Stretch,,Sauna.,31,60,29,409
06/16/2025,7:00 AM,75 min.,Flatiron,Guided Down: Embodied,,Sauna.,45,60,15,15
06/16/2025,8:30 AM,75 min.,Flatiron,Quieter Free Flow,,Sauna.,32,40,8,23
06/16/2025,9:00 AM,75 min.,Flatiron,Quieter Free Flow,,Sauna..,39,40,1,24
06/16/2025,9:30 AM,75 min.,Flatiron,Quieter Free Flow,,Sauna...,34,40,6,30
06/16/2025,10:00 AM,75 min.,Flatiron,Quieter Free Flow,,Sauna.,35,40,5,35
06/16/2025,10:15 AM,75 min.,Flatiron,Quieter Free Flow,,Sauna..,34,40,6,41
06/16/2025,12:00 PM,75 min.,Flatiron,Guided Down: Sound Immersion,,Sauna.,38,64,26,67
06/16/2025,2:00 PM,75 min.,Flatiron,Free Flow,,Sauna.,27,40,13,80
06/16/2025,2:30 PM,75 min.,Flatiron,Free Flow,,Sauna..,35,40,5,85
06/16/2025,3:00 PM,75 min.,Flatiron,Free Flow,,Sauna...,30,40,10,95
06/16/2025,3:30 PM,75 min.,Flatiron,Free Flow,,Sauna.,38,40,2,97
06/16/2025,3:45 PM,75 min.,Flatiron,Free Flow,,Sauna..,28,40,12,109
06/16/2025,5:30 PM,75 min.,Flatiron,Guided Up: Arctic Tundra,,Sauna.,38,64,26,135
06/16/2025,7:15 PM,75 min.,Flatiron,Guided All Around: Inner Power,,Sauna.,4,64,60,195
06/16/2025,9:00 PM,120 min.,Flatiron,Comedy Night,,Sauna.,5,75,70,265
06/17/2025,7:00 AM,75 min.,Flatiron,Guided Up: Self-Care Sweat,,Sauna.,3,64,61,61
06/17/2025,8:30 AM,75 min.,Flatiron,Quieter Free Flow,,Sauna.,27,40,13,74
06/17/2025,9:00 AM,75 min.,Flatiron,Quieter Free Flow,,Sauna..,35,40,5,79
06/17/2025,9:30 AM,75 min.,Flatiron,Quieter Free Flow,,Sauna...,40,40,0,79
06/17/2025,10:00 AM,75 min.,Flatiron,Quieter Free Flow,,Sauna.,33,40,7,86
06/17/2025,10:15 AM,75 min.,Flatiron,Quieter Free Flow,,Sauna..,31,40,9,95
06/17/2025,12:00 PM,75 min.,Flatiron,Guided Up: Feel Good Now,,Sauna.,56,64,8,103
06/17/2025,1:45 PM,75 min.,Flatiron,Guided Down: Pure Presence,,Sauna.,48,64,16,119
06/17/2025,5:30 PM,75 min.,Flatiron,Guided Down: Unwind,,Sauna.,29,64,35,154
06/17/2025,6:45 PM,75 min.,Flatiron,Guided Up: Arctic Tundra,,Sauna.,40,64,24,178
06/17/2025,8:00 PM,75 min.,Flatiron,Free Flow,,Sauna...,1,20,19,197
06/17/2025,8:15 PM,75 min.,Flatiron,Free Flow,,Sauna..,0,15,15,212
06/17/2025,8:30 PM,75 min.,Flatiron,Free Flow,,Sauna....,12,30,18,230
06/17/2025,9:00 PM,75 min.,Flatiron,Free Flow,,Sauna.,0,15,15,245
06/17/2025,9:30 PM,75 min.,Flatiron,Free Flow,,Sauna...,19,30,11,256
06/17/2025,9:45 PM,75 min.,Flatiron,Free Flow,,Sauna....,25,30,5,261
06/18/2025,8:30 AM,75 min.,Flatiron,Free Flow,,Sauna.,27,40,13,13
06/18/2025,9:00 AM,75 min.,Flatiron,Free Flow,,Sauna..,38,40,2,15
06/18/2025,9:30 AM,75 min.,Flatiron,Free Flow,,Sauna...,38,40,2,17
06/18/2025,10:00 AM,75 min.,Flatiron,Free Flow,,Sauna.,33,40,7,24
06/18/2025,10:15 AM,75 min.,Flatiron,Free Flow,,Sauna..,30,40,10,34
06/18/2025,12:00 PM,75 min.,Flatiron,Guided Down: Senses,,Sauna.,42,64,22,56
06/18/2025,2:00 PM,75 min.,Flatiron,Free Flow,,Sauna.,27,40,13,69
06/18/2025,2:30 PM,75 min.,Flatiron,Free Flow,,Sauna..,36,40,4,73
06/18/2025,3:00 PM,75 min.,Flatiron,Free Flow,,Sauna...,31,40,9,82
06/18/2025,3:30 PM,75 min.,Flatiron,Free Flow,,Sauna.,34,40,6,88
06/18/2025,3:45 PM,75 min.,Flatiron,Free Flow,,Sauna..,28,40,12,100
06/18/2025,5:30 PM,75 min.,Flatiron,Guided Up: Awakening,,Sauna.,2,64,62,162
06/18/2025,7:15 PM,75 min.,Flatiron,Guided All Around: Reset,,Sauna.,,,,162
06/18/2025,9:00 PM,75 min.,Flatiron,Free Flow,,Sauna.,1,34,33,195
06/18/2025,9:20 PM,75 min.,Flatiron,Free Flow,,Sauna..,1,30,29,224
06/18/2025,9:40 PM,75 min.,Flatiron,Free Flow,,Sauna...,14,30,16,240
06/18/2025,10:00 PM,75 min.,Flatiron,Free Flow,,Sauna....,24,30,6,246
06/19/2025,7:00 AM,75 min.,Flatiron,Guided Down: Embodied,,Sauna.,32,60,28,28
06/19/2025,8:30 AM,75 min.,Flatiron,Free Flow,,Sauna.,26,40,14,42
06/19/2025,9:00 AM,75 min.,Flatiron,Free Flow,,Sauna..,29,40,11,53
06/19/2025,9:30 AM,75 min.,Flatiron,Free Flow,,Sauna...,12,40,28,81
06/19/2025,10:00 AM,75 min.,Flatiron,Free Flow,,Sauna.,1,40,39,120
06/19/2025,10:15 AM,75 min.,Flatiron,Free Flow,,Sauna..,0,40,40,160
06/19/2025,12:00 PM,75 min.,Flatiron,BIPOC: Deep Stretch,,Sauna.,4,60,56,216
06/19/2025,1:45 PM,75 min.,Flatiron,Guided Down: Sound Immersion,,Sauna.,8,64,56,272
06/19/2025,3:30 PM,75 min.,Flatiron,Free Flow,,Sauna.,2,40,38,310
06/19/2025,4:00 PM,75 min.,Flatiron,Free Flow,,Sauna..,2,40,38,348
06/19/2025,4:30 PM,75 min.,Flatiron,Free Flow,,Sauna...,1,40,39,387
06/19/2025,5:00 PM,75 min.,Flatiron,Free Flow,,Sauna.,8,30,22,409
06/19/2025,5:30 PM,75 min.,Flatiron,Free Flow,,Sauna..,0,30,30,439
06/19/2025,6:45 PM,75 min.,Flatiron,Guided All Around: Heart Opener,,Sauna.,2,64,62,501
06/19/2025,8:00 PM,75 min.,Flatiron,Free Flow,,Sauna..,2,20,18,519
06/19/2025,8:15 PM,75 min.,Flatiron,Free Flow,,Sauna...,7,15,8,527
06/19/2025,8:30 PM,75 min.,Flatiron,Free Flow,,Sauna....,14,30,16,543
06/19/2025,9:00 PM,75 min.,Flatiron,Lively Free Flow,,Sauna.,20,30,10,553
06/19/2025,9:30 PM,75 min.,Flatiron,Lively Free Flow,,Sauna..,21,30,9,562
06/19/2025,9:45 PM,75 min.,Flatiron,Lively Free Flow,,Sauna....,25,25,0,562
06/20/2025,7:00 AM,75 min.,Flatiron,Guided Up: Feel Good Now,Aaron Albert,Sauna.,56,64,8,8
06/20/2025,8:45 AM,75 min.,Flatiron,Guided Down: Sound Immersion,,Sauna.,43,64,21,29
06/20/2025,10:30 AM,75 min.,Flatiron,Guided All Around: Loving Kindness,,Sauna.,38,64,26,55
06/20/2025,12:15 PM,75 min.,Flatiron,Guided Up: Arctic Tundra,,Sauna.,55,64,9,64
06/20/2025,2:00 PM,75 min.,Flatiron,Free Flow,,Sauna.,22,40,18,82
06/20/2025,2:30 PM,75 min.,Flatiron,Free Flow,,Sauna..,37,40,3,85
06/20/2025,3:00 PM,75 min.,Flatiron,Free Flow,,Sauna...,34,40,6,91
06/20/2025,3:30 PM,75 min.,Flatiron,Free Flow,,Sauna.,22,40,18,109
06/20/2025,4:00 PM,75 min.,Flatiron,Free Flow,,Sauna..,32,40,8,117
06/20/2025,4:30 PM,75 min.,Flatiron,Free Flow,,Sauna...,30,40,10,127
06/20/2025,5:00 PM,75 min.,Flatiron,Free Flow,,Sauna.,29,40,11,138
06/20/2025,5:30 PM,75 min.,Flatiron,Free Flow,,Sauna..,11,40,29,167
06/20/2025,7:15 PM,75 min.,Flatiron,Guided All Around: Hardwiring Happiness,,Sauna.,27,64,37,204
06/20/2025,9:00 PM,120 min.,Flatiron,Social,,Sauna.,1,30,29,233
06/20/2025,9:20 PM,120 min.,Flatiron,Social,,Sauna..,,,,233
06/20/2025,9:40 PM,120 min.,Flatiron,Social,,Sauna...,6,30,24,257
06/20/2025,10:00 PM,120 min.,Flatiron,Social,,Sauna....,27,30,3,260
06/21/2025,8:00 AM,75 min.,Flatiron,Guided Down: Sound Immersion,,Sauna.,51,64,13,13
06/21/2025,9:45 AM,75 min.,Flatiron,Guided Up: Feel Good Now,,Sauna.,9,64,55,68
06/21/2025,11:30 AM,75 min.,Flatiron,Guided All Around: A-Z Emotions,,Sauna.,38,64,26,94
06/21/2025,1:30 PM,75 min.,Flatiron,Lively Free Flow,,Sauna.,21,40,19,113
06/21/2025,2:00 PM,75 min.,Flatiron,Lively Free Flow,,Sauna..,29,37,8,121
06/21/2025,2:30 PM,75 min.,Flatiron,Lively Free Flow,,Sauna...,31,35,4,125
06/21/2025,3:00 PM,75 min.,Flatiron,Lively Free Flow,,Sauna.,28,35,7,132
06/21/2025,3:30 PM,75 min.,Flatiron,Lively Free Flow,,Sauna..,34,38,4,136
06/21/2025,4:00 PM,75 min.,Flatiron,Lively Free Flow,,Sauna...,30,36,6,142
06/21/2025,4:30 PM,75 min.,Flatiron,Lively Free Flow,,Sauna.,26,34,8,150
06/21/2025,5:00 PM,75 min.,Flatiron,Lively Free Flow,,Sauna..,34,37,3,153
06/21/2025,5:30 PM,75 min.,Flatiron,Lively Free Flow,,Sauna...,26,35,9,162
06/21/2025,6:00 PM,75 min.,Flatiron,Lively Free Flow,,Sauna.,25,38,13,175
06/21/2025,7:45 PM,75 min.,Flatiron,"Guided All Around: Rose, Thorn, Bud",,Sauna.,53,64,11,186
06/21/2025,9:30 PM,120 min.,Flatiron,Beat Drop: DJ Takeover,,Sauna.,1,50,49,235
06/21/2025,9:45 PM,120 min.,Flatiron,Beat Drop: DJ Takeover,,Sauna.....,18,40,22,257
06/21/2025,10:00 PM,120 min.,Flatiron,Beat Drop: DJ Takeover,,Sauna..,18,30,12,269
06/22/2025,8:00 AM,75 min.,Flatiron,Guided Down: Pure Presence,,Sauna.,51,64,13,13
06/22/2025,9:45 AM,75 min.,Flatiron,Guided Down: Sound Immersion,,Sauna.,42,64,22,35
06/22/2025,11:30 AM,75 min.,Flatiron,Guided Down: Senses,,Sauna.,17,64,47,82
06/22/2025,1:30 PM,75 min.,Flatiron,Lively Free Flow,,Sauna.,2,40,38,120
06/22/2025,2:00 PM,75 min.,Flatiron,Lively Free Flow,,Sauna...,5,37,32,152
06/22/2025,2:30 PM,75 min.,Flatiron,Lively Free Flow,,Sauna..,18,35,17,169
06/22/2025,3:00 PM,75 min.,Flatiron,Lively Free Flow,,Sauna.,20,35,15,184
06/22/2025,3:30 PM,75 min.,Flatiron,Lively Free Flow,,Sauna...,29,38,9,193
06/22/2025,4:00 PM,75 min.,Flatiron,Lively Free Flow,,Sauna..,14,38,24,217
06/22/2025,4:30 PM,75 min.,Flatiron,Lively Free Flow,,Sauna....,16,36,20,237
06/22/2025,5:00 PM,75 min.,Flatiron,Lively Free Flow,,Sauna.....,2,37,35,272
06/22/2025,5:30 PM,75 min.,Flatiron,Lively Free Flow,,Sauna.,0,35,35,307
06/22/2025,7:15 PM,75 min.,Flatiron,Guided All Around: Heart Opener,,Sauna.,,,,307
06/22/2025,9:00 PM,120 min.,Flatiron,Music Discovery Night,,Sauna.,5,75,70,377
06/09/2025,7:00 AM,75 min.,Flatiron,Guided Down: Sound Immersion,,Sauna.,58,64,6,6
06/09/2025,8:30 AM,75 min.,Flatiron,Quieter Free Flow,,Sauna.,25,40,15,21
06/09/2025,9:00 AM,75 min.,Flatiron,Quieter Free Flow,,Sauna..,36,40,4,25
06/09/2025,9:30 AM,75 min.,Flatiron,Quieter Free Flow,,Sauna...,35,40,5,30
06/09/2025,10:00 AM,75 min.,Flatiron,Quieter Free Flow,,Sauna.,39,40,1,31
06/09/2025,10:15 AM,75 min.,Flatiron,Quieter Free Flow,,Sauna..,33,40,7,38
06/09/2025,12:00 PM,75 min.,Flatiron,Guided All Around: Reset,,Sauna.,37,64,27,65
06/09/2025,2:00 PM,75 min.,Flatiron,Free Flow,,Sauna.,28,40,12,77
06/09/2025,2:30 PM,75 min.,Flatiron,Free Flow,,Sauna..,35,40,5,82
06/09/2025,3:00 PM,75 min.,Flatiron,Free Flow,,Sauna...,36,40,4,86
06/09/2025,3:30 PM,75 min.,Flatiron,Free Flow,,Sauna.,33,40,7,93
06/09/2025,3:45 PM,75 min.,Flatiron,Free Flow,,Sauna..,19,40,21,114
06/09/2025,5:30 PM,75 min.,Flatiron,Guided Up: Arctic Tundra,,Sauna.,43,64,21,135
06/09/2025,7:15 PM,75 min.,Flatiron,Journey Through the Elements x The Thyme,,Sauna.,,,,135
06/10/2025,7:00 AM,75 min.,Flatiron,Guided Down: Embodied,,Sauna.,25,60,35,35
06/10/2025,8:30 AM,75 min.,Flatiron,Viola Quieter Free Flow,,Sauna.,31,40,9,44
06/10/2025,9:00 AM,75 min.,Flatiron,Viola Quieter Free Flow,,Sauna..,13,40,27,71
06/10/2025,9:30 AM,75 min.,Flatiron,Viola Quieter Free Flow,,Sauna...,34,40,6,77
06/10/2025,10:00 AM,75 min.,Flatiron,Viola Quieter Free Flow,,Sauna.,35,40,5,82
06/10/2025,10:15 AM,75 min.,Flatiron,Viola Quieter Free Flow,,Sauna..,28,40,12,94
06/10/2025,12:00 PM,75 min.,Flatiron,Guided Down: Senses,,Sauna.,51,64,13,107
06/10/2025,1:45 PM,75 min.,Flatiron,Guided All Around: Hardwiring Happiness,,Sauna.,42,64,22,129
06/10/2025,3:30 PM,75 min.,Flatiron,Free Flow,,Sauna.,54,70,16,145
06/10/2025,3:45 PM,75 min.,Flatiron,Free Flow,,Sauna..,27,50,23,168
06/10/2025,5:30 PM,75 min.,Flatiron,Guided Down: Unwind,,Sauna.,,,,168
06/10/2025,7:15 PM,75 min.,Flatiron,Guided All Around: Acceptance,,Sauna.,3,64,61,229
06/10/2025,9:00 PM,75 min.,Flatiron,Free Flow,,Sauna.,4,30,26,255
06/10/2025,9:15 PM,75 min.,Flatiron,Free Flow,,Sauna..,4,30,26,281
06/10/2025,9:30 PM,75 min.,Flatiron,Free Flow,,Sauna...,1,30,29,310
06/10/2025,9:45 PM,75 min.,Flatiron,Free Flow,,Sauna....,3,30,27,337
06/11/2025,7:00 AM,75 min.,Flatiron,"Guided Down: Rose, Thorn, Bud",,Sauna.,48,64,16,16
06/11/2025,8:30 AM,75 min.,Flatiron,Free Flow,,Sauna.,32,40,8,24
06/11/2025,9:00 AM,75 min.,Flatiron,Free Flow,,Sauna..,38,40,2,26
06/11/2025,9:30 AM,75 min.,Flatiron,Free Flow,,Sauna...,33,40,7,33
06/11/2025,10:00 AM,75 min.,Flatiron,Free Flow,,Sauna.,34,40,6,39
06/11/2025,10:15 AM,75 min.,Flatiron,Free Flow,,Sauna..,35,40,5,44
06/11/2025,12:00 PM,75 min.,Flatiron,Guided Down: Deep Stretch,,Sauna.,31,60,29,73
06/11/2025,2:00 PM,75 min.,Flatiron,Free Flow,,Sauna.,33,40,7,80
06/11/2025,2:30 PM,75 min.,Flatiron,Free Flow,,Sauna..,37,40,3,83
06/11/2025,3:00 PM,75 min.,Flatiron,Free Flow,,Sauna...,34,40,6,89
06/11/2025,3:30 PM,75 min.,Flatiron,Free Flow,,Sauna.,34,40,6,95
06/11/2025,3:45 PM,75 min.,Flatiron,Free Flow,,Sauna..,26,40,14,109
06/11/2025,5:30 PM,75 min.,Flatiron,Guided All Around: Loving Kindness,,Sauna.,2,64,62,171
06/11/2025,7:15 PM,75 min.,Flatiron,Guided All Around: Inner Power,,Sauna.,2,64,62,233
06/11/2025,9:00 PM,75 min.,Flatiron,Free Flow,,Sauna.,4,30,26,259
06/11/2025,9:20 PM,75 min.,Flatiron,Free Flow,,Sauna..,4,30,26,285
06/11/2025,9:40 PM,75 min.,Flatiron,Free Flow,,Sauna...,4,30,26,311
06/11/2025,10:00 PM,75 min.,Flatiron,Free Flow,,Sauna....,20,30,10,321
06/12/2025,7:00 AM,75 min.,Flatiron,Guided All Around: A-Z Emotions,,Sauna.,46,64,18,18
06/12/2025,8:30 AM,75 min.,Flatiron,Free Flow,,Sauna.,30,40,10,28
06/12/2025,9:00 AM,75 min.,Flatiron,Free Flow,,Sauna..,38,40,2,30
06/12/2025,9:30 AM,75 min.,Flatiron,Free Flow,,Sauna...,31,40,9,39
06/12/2025,10:00 AM,75 min.,Flatiron,Free Flow,,Sauna.,37,40,3,42
06/12/2025,10:15 AM,75 min.,Flatiron,Free Flow,,Sauna..,37,40,3,45
06/12/2025,12:00 PM,75 min.,Flatiron,Guided Down: Deep Stretch,,Sauna.,36,60,24,69
06/12/2025,1:45 PM,75 min.,Flatiron,Guided Down: Self-Care Sweat,,Sauna.,47,64,17,86
06/12/2025,3:30 PM,75 min.,Flatiron,Free Flow,,Sauna.,13,40,27,113
06/12/2025,4:00 PM,75 min.,Flatiron,Free Flow,,Sauna..,35,40,5,118
06/12/2025,4:30 PM,75 min.,Flatiron,Free Flow,,Sauna...,26,40,14,132
06/12/2025,5:00 PM,75 min.,Flatiron,Free Flow,,Sauna.,11,40,29,161
06/12/2025,5:30 PM,75 min.,Flatiron,Free Flow,,Sauna..,7,40,33,194
06/12/2025,7:15 PM,75 min.,Flatiron,Guided All Around: Gratitude,Aaron Albert,Sauna.,8,64,56,250
06/12/2025,9:00 PM,75 min.,Flatiron,Lively Free Flow,,Sauna.,,,,250
06/12/2025,9:15 PM,75 min.,Flatiron,Lively Free Flow,,Sauna..,4,25,21,271
06/12/2025,9:30 PM,75 min.,Flatiron,Lively Free Flow,,Sauna...,25,30,5,276
06/12/2025,9:45 PM,75 min.,Flatiron,Lively Free Flow,,Sauna....,19,25,6,282
06/13/2025,7:00 AM,75 min.,Flatiron,Guided Down: Embodied,,Sauna.,43,60,17,17
06/13/2025,8:45 AM,75 min.,Flatiron,Guided All Around: Reset,,Sauna.,40,64,24,41
06/13/2025,10:30 AM,75 min.,Flatiron,"Guided All Around: Rose, Thorn, Bud",,Sauna.,44,64,20,61
06/13/2025,12:15 PM,75 min.,Flatiron,Guided All Around: Inner Power,,Sauna.,53,64,11,72
06/13/2025,2:00 PM,75 min.,Flatiron,Free Flow,,Sauna.,11,40,29,101
06/13/2025,2:30 PM,75 min.,Flatiron,Free Flow,,Sauna..,21,40,19,120
06/13/2025,3:00 PM,75 min.,Flatiron,Free Flow,,Sauna...,27,40,13,133
06/13/2025,3:30 PM,75 min.,Flatiron,Free Flow,,Sauna.,24,40,16,149
06/13/2025,4:00 PM,75 min.,Flatiron,Free Flow,,Sauna..,29,40,11,160
06/13/2025,4:30 PM,75 min.,Flatiron,Free Flow,,Sauna...,28,40,12,172
06/13/2025,5:00 PM,75 min.,Flatiron,Free Flow,,Sauna.,17,40,23,195
06/13/2025,5:30 PM,75 min.,Flatiron,Free Flow,,Sauna..,3,40,37,232
06/13/2025,7:15 PM,75 min.,Flatiron,Guided All Around: Sound Immersion,,Sauna.,3,64,61,293
06/13/2025,9:00 PM,120 min.,Flatiron,Social,,Sauna.,2,30,28,321
06/13/2025,9:20 PM,120 min.,Flatiron,Social,,Sauna..,2,30,28,349
06/13/2025,9:40 PM,120 min.,Flatiron,Social,,Sauna...,20,30,10,359
06/13/2025,10:00 PM,120 min.,Flatiron,Social,,Sauna....,20,30,10,369
06/14/2025,8:00 AM,75 min.,Flatiron,Guided Down: Deep Stretch,,Sauna.,41,60,19,19
06/14/2025,9:45 AM,75 min.,Flatiron,Guided Up: Feel Good Now,,Sauna.,,,,19
06/14/2025,11:30 AM,75 min.,Flatiron,Guided All Around: Reset,,Sauna.,1,64,63,82
06/14/2025,1:30 PM,75 min.,Flatiron,Lively Free Flow,,Sauna.,1,40,39,121
06/14/2025,2:00 PM,75 min.,Flatiron,Lively Free Flow,,Sauna..,1,37,36,157
06/14/2025,2:30 PM,75 min.,Flatiron,Lively Free Flow,,Sauna...,0,35,35,192
06/14/2025,3:00 PM,75 min.,Flatiron,Lively Free Flow,,Sauna.,4,35,31,223
06/14/2025,3:30 PM,75 min.,Flatiron,Lively Free Flow,,Sauna..,1,38,37,260
06/14/2025,4:00 PM,75 min.,Flatiron,Lively Free Flow,,Sauna...,4,36,32,292
06/14/2025,4:30 PM,75 min.,Flatiron,Lively Free Flow,,Sauna.,13,34,21,313
06/14/2025,5:00 PM,75 min.,Flatiron,Lively Free Flow,,Sauna..,21,37,16,329
06/14/2025,5:30 PM,75 min.,Flatiron,Lively Free Flow,,Sauna...,12,35,23,352
06/14/2025,6:00 PM,75 min.,Flatiron,Lively Free Flow,,Sauna.,16,38,22,374
06/14/2025,7:45 PM,75 min.,Flatiron,Guided Up: Self-Care Sweat,,Sauna.,31,64,33,407
06/14/2025,9:30 PM,120 min.,Flatiron,Live Music Social,,Sauna.,1,50,49,456
06/14/2025,9:45 PM,120 min.,Flatiron,Live Music Social,,Sauna.....,28,40,12,468
06/14/2025,10:00 PM,120 min.,Flatiron,Live Music Social,,Sauna..,24,30,6,474
06/15/2025,8:00 AM,75 min.,Flatiron,Guided Down: Sound Immersion,,Sauna.,55,64,9,9
06/15/2025,9:45 AM,75 min.,Flatiron,"Guided Down: Rose, Thorn, Bud",,Sauna.,15,64,49,58
06/15/2025,11:30 AM,75 min.,Flatiron,Guided Down: Senses,,Sauna.,,,,58
06/15/2025,1:30 PM,75 min.,Flatiron,Lively Free Flow,,Sauna.,2,40,38,96
06/15/2025,2:00 PM,75 min.,Flatiron,Lively Free Flow,,Sauna...,0,37,37,133
06/15/2025,2:30 PM,75 min.,Flatiron,Lively Free Flow,,Sauna..,2,35,33,166
06/15/2025,3:00 PM,75 min.,Flatiron,Lively Free Flow,,Sauna.,5,35,30,196
06/15/2025,3:30 PM,75 min.,Flatiron,Lively Free Flow,,Sauna...,10,38,28,224
06/15/2025,4:00 PM,75 min.,Flatiron,Lively Free Flow,,Sauna..,1,38,37,261
06/15/2025,4:30 PM,75 min.,Flatiron,Lively Free Flow,,Sauna....,16,36,20,281
06/15/2025,5:00 PM,75 min.,Flatiron,Lively Free Flow,,Sauna.....,0,37,37,318
06/15/2025,5:30 PM,75 min.,Flatiron,Lively Free Flow,,Sauna.,1,35,34,352
06/15/2025,7:15 PM,75 min.,Flatiron,Guided All Around: Gratitude,,Sauna.,3,64,61,413
06/15/2025,9:00 PM,75 min.,Flatiron,Guided All Around: Reflect,,Sauna.,27,60,33,446
06/02/2025,7:00 AM,75 min.,Flatiron,Guided Up: Self-Care Sweat,,Sauna.,44,64,20,20
06/02/2025,8:30 AM,75 min.,Flatiron,Quieter Free Flow,,Sauna.,21,40,19,39
06/02/2025,9:00 AM,75 min.,Flatiron,Quieter Free Flow,,Sauna..,15,40,25,64
06/02/2025,12:00 PM,75 min.,Flatiron,Guided Down: Sound Immersion,,Sauna.,45,64,19,83
06/02/2025,2:30 PM,75 min.,Flatiron,Free Flow,,Sauna..,21,40,19,102
06/02/2025,3:00 PM,75 min.,Flatiron,Free Flow,,Sauna...,34,40,6,108
06/02/2025,3:30 PM,75 min.,Flatiron,Free Flow,,Sauna.,31,40,9,117
06/02/2025,3:45 PM,75 min.,Flatiron,Free Flow,,Sauna..,20,40,20,137
06/02/2025,5:30 PM,75 min.,Flatiron,Guided Up: Arctic Tundra,,Sauna.,19,64,45,182
06/02/2025,7:15 PM,75 min.,Flatiron,Guided All Around: Loving Kindness,,Sauna.,5,64,59,241
06/02/2025,9:00 PM,75 min.,Flatiron,Guided All Around: Acceptance,,Sauna.,3,64,61,302
06/03/2025,8:30 AM,75 min.,Flatiron,Quieter Free Flow,,Sauna.,23,40,17,17
06/03/2025,9:00 AM,75 min.,Flatiron,Quieter Free Flow,,Sauna..,35,40,5,22
06/03/2025,9:30 AM,75 min.,Flatiron,Quieter Free Flow,,Sauna...,38,40,2,24
06/03/2025,10:00 AM,75 min.,Flatiron,Quieter Free Flow,,Sauna.,35,40,5,29
06/03/2025,10:15 AM,75 min.,Flatiron,Quieter Free Flow,,Sauna..,31,40,9,38
06/03/2025,12:00 PM,75 min.,Flatiron,Guided Up: Feel Good Now,,Sauna.,55,64,9,47
06/03/2025,1:45 PM,75 min.,Flatiron,Guided All Around: Release,,Sauna.,50,64,14,61
06/03/2025,3:30 PM,75 min.,Flatiron,Free Flow,,Sauna.,53,70,17,78
06/03/2025,3:45 PM,75 min.,Flatiron,Free Flow,,Sauna..,36,50,14,92
06/03/2025,5:30 PM,75 min.,Flatiron,Guided Down: Unwind,,Sauna.,19,64,45,137
06/03/2025,7:15 PM,75 min.,Flatiron,Guided Down: Unwind,,Sauna.,10,64,54,191
06/03/2025,9:00 PM,75 min.,Flatiron,Free Flow,,Sauna.,1,30,29,220
06/03/2025,9:15 PM,75 min.,Flatiron,Free Flow,,Sauna..,18,30,12,232
06/03/2025,9:30 PM,75 min.,Flatiron,Free Flow,,Sauna...,27,30,3,235
06/03/2025,9:45 PM,75 min.,Flatiron,Free Flow,,Sauna....,28,30,2,237
06/04/2025,7:00 AM,75 min.,Flatiron,Guided Down: Deep Stretch,,Sauna.,28,60,32,32
06/04/2025,8:30 AM,75 min.,Flatiron,Free Flow,,Sauna.,30,40,10,42
06/04/2025,9:00 AM,75 min.,Flatiron,Free Flow,,Sauna..,35,40,5,47
06/04/2025,9:30 AM,75 min.,Flatiron,Free Flow,,Sauna...,37,40,3,50
06/04/2025,10:00 AM,75 min.,Flatiron,Free Flow,,Sauna.,37,40,3,53
06/04/2025,10:15 AM,75 min.,Flatiron,Free Flow,,Sauna..,32,40,8,61
06/04/2025,12:00 PM,75 min.,Flatiron,Guided Down: Pure Presence,,Sauna.,48,64,16,77
06/04/2025,2:00 PM,75 min.,Flatiron,Free Flow,,Sauna.,39,40,1,78
06/04/2025,2:30 PM,75 min.,Flatiron,Free Flow,,Sauna..,37,40,3,81
06/04/2025,3:00 PM,75 min.,Flatiron,Free Flow,,Sauna...,40,40,0,81
06/04/2025,3:30 PM,75 min.,Flatiron,Free Flow,,Sauna.,37,40,3,84
06/04/2025,3:45 PM,75 min.,Flatiron,Free Flow,,Sauna..,31,40,9,93
06/04/2025,5:30 PM,75 min.,Flatiron,Guided Down: Sound Immersion,,Sauna.,42,64,22,115
06/04/2025,7:15 PM,75 min.,Flatiron,Guided Down: Deep Stretch,,Sauna.,,,,115
06/04/2025,9:00 PM,75 min.,Flatiron,Free Flow,,Sauna.,1,30,29,144
06/04/2025,9:20 PM,75 min.,Flatiron,Free Flow,,Sauna..,8,30,22,166
06/04/2025,9:40 PM,75 min.,Flatiron,Free Flow,,Sauna...,26,30,4,170
06/04/2025,10:00 PM,75 min.,Flatiron,Free Flow,,Sauna....,19,30,11,181
06/05/2025,7:00 AM,75 min.,Flatiron,Guided Down: Embodied,,Sauna.,35,60,25,25
06/05/2025,8:30 AM,75 min.,Flatiron,Free Flow,,Sauna.,30,40,10,35
06/05/2025,9:00 AM,75 min.,Flatiron,Free Flow,,Sauna..,35,40,5,40
06/05/2025,9:30 AM,75 min.,Flatiron,Free Flow,,Sauna...,34,40,6,46
06/05/2025,10:00 AM,75 min.,Flatiron,Free Flow,,Sauna.,40,40,0,46
06/05/2025,10:15 AM,75 min.,Flatiron,Free Flow,,Sauna..,32,40,8,54
06/05/2025,12:00 PM,75 min.,Flatiron,Guided Down: Senses,,Sauna.,41,64,23,77
06/05/2025,4:30 PM,75 min.,Flatiron,Free Flow,,Sauna...,22,40,18,95
06/05/2025,5:00 PM,75 min.,Flatiron,Free Flow,,Sauna.,25,40,15,110
06/05/2025,5:30 PM,75 min.,Flatiron,Free Flow,,Sauna..,3,40,37,147
06/05/2025,7:15 PM,75 min.,Flatiron,Guided All Around: A-Z Emotions,,Sauna.,18,64,46,193
06/05/2025,9:00 PM,75 min.,Flatiron,Lively Free Flow,,Sauna.,10,30,20,213
06/05/2025,9:15 PM,75 min.,Flatiron,Lively Free Flow,,Sauna..,11,25,14,227
06/05/2025,9:30 PM,75 min.,Flatiron,Lively Free Flow,,Sauna...,24,30,6,233
06/05/2025,9:45 PM,75 min.,Flatiron,Lively Free Flow,,Sauna....,23,25,2,235
06/06/2025,8:45 AM,75 min.,Flatiron,Guided All Around: Reset,,Sauna.,47,64,17,17
06/06/2025,10:30 AM,75 min.,Flatiron,Guided Down: Unwind,,Sauna.,39,64,25,42
06/06/2025,12:15 PM,75 min.,Flatiron,Guided All Around: Reset,,Sauna.,41,64,23,65
06/06/2025,2:00 PM,75 min.,Flatiron,Free Flow,,Sauna.,31,40,9,74
06/06/2025,2:30 PM,75 min.,Flatiron,Free Flow,,Sauna..,32,40,8,82
06/06/2025,3:00 PM,75 min.,Flatiron,Free Flow,,Sauna...,31,40,9,91
06/06/2025,3:30 PM,75 min.,Flatiron,Free Flow,,Sauna.,26,40,14,105
06/06/2025,4:00 PM,75 min.,Flatiron,Free Flow,,Sauna..,27,40,13,118
06/06/2025,4:30 PM,75 min.,Flatiron,Free Flow,,Sauna...,19,40,21,139
06/06/2025,5:00 PM,75 min.,Flatiron,Free Flow,,Sauna.,6,40,34,173
06/06/2025,5:30 PM,75 min.,Flatiron,Free Flow,,Sauna..,2,40,38,211
06/06/2025,7:15 PM,75 min.,Flatiron,Guided Down: Sound Immersion,,Sauna.,3,64,61,272
06/07/2025,8:00 AM,75 min.,Flatiron,Guided Down: Deep Stretch,,Sauna.,39,60,21,21
06/07/2025,9:45 AM,75 min.,Flatiron,Guided All Around: Release,,Sauna.,4,64,60,81
06/07/2025,11:30 AM,75 min.,Flatiron,Guided All Around: Hardwiring Happiness,,Sauna.,1,64,63,144
06/07/2025,1:30 PM,75 min.,Flatiron,Lively Free Flow,,Sauna.,2,40,38,182
06/07/2025,2:00 PM,75 min.,Flatiron,Lively Free Flow,,Sauna..,5,37,32,214
06/07/2025,2:30 PM,75 min.,Flatiron,Lively Free Flow,,Sauna...,18,35,17,231
06/07/2025,3:00 PM,75 min.,Flatiron,Lively Free Flow,,Sauna.,18,35,17,248
06/07/2025,3:30 PM,75 min.,Flatiron,Lively Free Flow,,Sauna..,19,38,19,267
06/07/2025,4:00 PM,75 min.,Flatiron,Lively Free Flow,,Sauna...,9,36,27,294
06/07/2025,4:30 PM,75 min.,Flatiron,Lively Free Flow,,Sauna.,14,34,20,314
06/07/2025,5:00 PM,75 min.,Flatiron,Lively Free Flow,,Sauna..,13,37,24,338
06/07/2025,5:30 PM,75 min.,Flatiron,Lively Free Flow,,Sauna...,24,35,11,349
06/07/2025,6:00 PM,75 min.,Flatiron,Lively Free Flow,,Sauna.,22,38,16,365
06/07/2025,7:45 PM,75 min.,Flatiron,"Guided All Around: Rose, Thorn, Bud",,Sauna.,8,64,56,421
06/07/2025,9:30 PM,120 min.,Flatiron,Beat Drop: DJ Takeover,,Sauna.,5,50,45,466
06/07/2025,9:45 PM,120 min.,Flatiron,Beat Drop: DJ Takeover,,Sauna.....,26,40,14,480
06/07/2025,10:00 PM,120 min.,Flatiron,Beat Drop: DJ Takeover,,Sauna..,16,30,14,494
06/08/2025,8:00 AM,75 min.,Flatiron,Guided Down: Sound Immersion,,Sauna.,46,64,18,18
06/08/2025,9:45 AM,75 min.,Flatiron,Guided Down: Sound Immersion,,Sauna.,21,64,43,61
06/08/2025,11:30 AM,75 min.,Flatiron,Guided Down: Senses,,Sauna.,6,64,58,119
06/08/2025,1:30 PM,75 min.,Flatiron,Lively Free Flow,,Sauna.,2,40,38,157
06/08/2025,2:00 PM,75 min.,Flatiron,Lively Free Flow,,Sauna...,2,37,35,192
06/08/2025,2:30 PM,75 min.,Flatiron,Lively Free Flow,,Sauna..,22,35,13,205
06/08/2025,3:00 PM,75 min.,Flatiron,Lively Free Flow,,Sauna.,16,35,19,224
06/08/2025,3:30 PM,75 min.,Flatiron,Lively Free Flow,,Sauna...,23,38,15,239
06/08/2025,4:00 PM,75 min.,Flatiron,Lively Free Flow,,Sauna..,16,38,22,261
06/08/2025,4:30 PM,75 min.,Flatiron,Lively Free Flow,,Sauna....,9,36,27,288
06/08/2025,5:00 PM,75 min.,Flatiron,Lively Free Flow,,Sauna.....,2,37,35,323
06/08/2025,5:30 PM,75 min.,Flatiron,Lively Free Flow,,Sauna.,7,35,28,351
06/08/2025,7:15 PM,75 min.,Flatiron,Guided All Around: Heart Opener,,Sauna.,1,64,63,414
06/08/2025,9:00 PM,75 min.,Flatiron,Guided Down: Pure Presence,,Sauna.,33,64,31,445
05/26/2025,7:00 AM,75 min.,Flatiron,Guided Down: Deep Stretch,,Sauna.,49,60,11,11
05/26/2025,8:30 AM,75 min.,Flatiron,Free Flow,,Sauna.,29,40,11,22
05/26/2025,9:00 AM,75 min.,Flatiron,Free Flow,,Sauna..,21,40,19,41
05/26/2025,9:30 AM,75 min.,Flatiron,Free Flow,,Sauna...,16,40,24,65
05/26/2025,10:00 AM,75 min.,Flatiron,Free Flow,,Sauna.,6,40,34,99
05/26/2025,10:15 AM,75 min.,Flatiron,Free Flow,,Sauna..,0,40,40,139
05/26/2025,2:30 PM,75 min.,Flatiron,Lively Free Flow,,Sauna..,3,40,37,176
05/26/2025,3:00 PM,75 min.,Flatiron,Lively Free Flow,,Sauna...,5,40,35,211
05/26/2025,3:30 PM,75 min.,Flatiron,Lively Free Flow,,Sauna.,0,40,40,251
05/26/2025,3:45 PM,75 min.,Flatiron,Lively Free Flow,,Sauna..,2,40,38,289
05/26/2025,5:30 PM,75 min.,Flatiron,"Guided All Around: Rose, Thorn, Bud",,Sauna.,2,64,62,351
05/26/2025,7:15 PM,75 min.,Flatiron,Guided Down: Deep Stretch,,Sauna.,4,60,56,407
05/26/2025,9:00 PM,75 min.,Flatiron,Guided Down: Pure Presence,,Sauna.,28,64,36,443
05/27/2025,7:00 AM,75 min.,Flatiron,Guided Up: Self-Care Sweat,,Sauna.,45,64,19,19
05/27/2025,8:30 AM,75 min.,Flatiron,Quieter Free Flow,,Sauna.,27,40,13,32
05/27/2025,9:00 AM,75 min.,Flatiron,Quieter Free Flow,,Sauna..,39,40,1,33
05/27/2025,9:30 AM,75 min.,Flatiron,Quieter Free Flow,,Sauna...,34,40,6,39
05/27/2025,10:00 AM,75 min.,Flatiron,Quieter Free Flow,,Sauna.,31,40,9,48
05/27/2025,10:15 AM,75 min.,Flatiron,Quieter Free Flow,,Sauna..,28,40,12,60
05/27/2025,12:00 PM,75 min.,Flatiron,Guided Down: Senses,,Sauna.,55,64,9,69
05/27/2025,1:45 PM,75 min.,Flatiron,Guided All Around: Hardwiring Happiness,,Sauna.,45,64,19,88
05/27/2025,3:30 PM,75 min.,Flatiron,Free Flow,,Sauna.,51,70,19,107
05/27/2025,3:45 PM,75 min.,Flatiron,Free Flow,,Sauna..,37,50,13,120
05/27/2025,5:30 PM,75 min.,Flatiron,Guided Down: Unwind,,Sauna.,12,64,52,172
05/27/2025,7:15 PM,75 min.,Flatiron,Guided Up: Arctic Tundra,,Sauna.,27,64,37,209
05/28/2025,7:00 AM,75 min.,Flatiron,Guided Down: Sound Immersion,,Sauna.,47,64,17,17
05/28/2025,12:00 PM,120 min.,Flatiron,Navigating Burnout with Be You Psychotherapy,,Sauna.,35,64,29,46
05/28/2025,2:30 PM,75 min.,Flatiron,Free Flow,,Sauna..,18,40,22,68
05/28/2025,3:00 PM,75 min.,Flatiron,Free Flow,,Sauna...,36,40,4,72
05/28/2025,3:30 PM,75 min.,Flatiron,Free Flow,,Sauna.,31,40,9,81
05/28/2025,3:45 PM,75 min.,Flatiron,Free Flow,,Sauna..,35,40,5,86
05/28/2025,5:30 PM,75 min.,Flatiron,Guided All Around: Loving Kindness,,Sauna.,25,64,39,125
05/28/2025,7:15 PM,75 min.,Flatiron,Guided All Around: Inner Power,,Sauna.,7,64,57,182
05/28/2025,9:00 PM,75 min.,Flatiron,Free Flow,,Sauna.,2,30,28,210
05/28/2025,9:20 PM,75 min.,Flatiron,Free Flow,,Sauna..,14,30,16,226
05/28/2025,9:40 PM,75 min.,Flatiron,Free Flow,,Sauna...,28,30,2,228
05/28/2025,10:00 PM,75 min.,Flatiron,Free Flow,,Sauna....,23,30,7,235
05/29/2025,7:00 AM,75 min.,Flatiron,Guided All Around: Hardwiring Happiness,,Sauna.,39,64,25,25
05/29/2025,8:30 AM,75 min.,Flatiron,Free Flow,,Sauna.,36,40,4,29
05/29/2025,9:00 AM,75 min.,Flatiron,Free Flow,,Sauna..,40,40,0,29
05/29/2025,9:30 AM,75 min.,Flatiron,Free Flow,,Sauna...,36,40,4,33
05/29/2025,10:00 AM,75 min.,Flatiron,Free Flow,,Sauna.,28,40,12,45
05/29/2025,10:15 AM,75 min.,Flatiron,Free Flow,,Sauna..,23,40,17,62
05/29/2025,12:00 PM,75 min.,Flatiron,Guided Down: Pure Presence,,Sauna.,42,64,22,84
05/29/2025,1:45 PM,75 min.,Flatiron,Guided Down: Sound Immersion,,Sauna.,44,64,20,104
05/29/2025,3:30 PM,75 min.,Flatiron,Free Flow,,Sauna.,20,40,20,124
05/29/2025,4:00 PM,75 min.,Flatiron,Free Flow,,Sauna..,13,40,27,151
05/29/2025,4:30 PM,75 min.,Flatiron,Free Flow,,Sauna...,20,40,20,171
05/29/2025,5:00 PM,75 min.,Flatiron,Free Flow,,Sauna.,24,40,16,187
05/29/2025,5:30 PM,75 min.,Flatiron,Free Flow,,Sauna..,13,40,27,214
05/29/2025,7:15 PM,75 min.,Flatiron,Guided Down: Sound Immersion,,Sauna.,8,64,56,270
05/29/2025,9:00 PM,75 min.,Flatiron,Lively Free Flow,,Sauna.,,,,270
05/29/2025,9:15 PM,75 min.,Flatiron,Lively Free Flow,,Sauna..,17,25,8,278
05/29/2025,9:30 PM,75 min.,Flatiron,Lively Free Flow,,Sauna...,26,30,4,282
05/29/2025,9:45 PM,75 min.,Flatiron,Lively Free Flow,,Sauna....,18,25,7,289
05/30/2025,7:00 AM,75 min.,Flatiron,Guided Down: Sound Immersion,,Sauna.,49,64,15,15
05/30/2025,8:45 AM,75 min.,Flatiron,Guided All Around: Reset,,Sauna.,52,64,12,27
05/30/2025,10:30 AM,75 min.,Flatiron,"Guided All Around: Rose, Thorn, Bud",,Sauna.,42,64,22,49
05/30/2025,12:15 PM,75 min.,Flatiron,Guided All Around: Inner Power,,Sauna.,30,64,34,83
05/30/2025,2:00 PM,75 min.,Flatiron,Free Flow,,Sauna.,10,40,30,113
05/30/2025,2:30 PM,75 min.,Flatiron,Free Flow,,Sauna..,24,40,16,129
05/30/2025,3:00 PM,75 min.,Flatiron,Free Flow,,Sauna...,28,40,12,141
05/30/2025,3:30 PM,75 min.,Flatiron,Free Flow,,Sauna.,30,40,10,151
05/30/2025,4:00 PM,75 min.,Flatiron,Free Flow,,Sauna..,21,40,19,170
05/30/2025,4:30 PM,75 min.,Flatiron,Free Flow,,Sauna...,0,40,40,210
05/30/2025,5:00 PM,75 min.,Flatiron,Free Flow,,Sauna.,1,40,39,249
05/30/2025,5:30 PM,75 min.,Flatiron,Free Flow,,Sauna..,2,40,38,287
05/30/2025,7:15 PM,75 min.,Flatiron,Guided Down: Unwind,,Sauna.,1,64,63,350
05/30/2025,9:00 PM,120 min.,Flatiron,Social,,Sauna.,2,30,28,378
05/30/2025,9:20 PM,120 min.,Flatiron,Social,,Sauna..,2,30,28,406
05/30/2025,9:40 PM,120 min.,Flatiron,Social,,Sauna...,10,30,20,426
05/30/2025,10:00 PM,120 min.,Flatiron,Social,,Sauna....,18,30,12,438
05/31/2025,8:00 AM,75 min.,Flatiron,Guided Down: Deep Stretch,,Sauna.,34,60,26,26
05/31/2025,9:45 AM,75 min.,Flatiron,Guided Up: Feel Good Now,,Sauna.,3,64,61,87
05/31/2025,11:30 AM,75 min.,Flatiron,Guided All Around: Reset,,Sauna.,8,64,56,143
05/31/2025,1:30 PM,75 min.,Flatiron,Lively Free Flow,,Sauna.,0,40,40,183
05/31/2025,2:00 PM,75 min.,Flatiron,Lively Free Flow,,Sauna..,0,37,37,220
05/31/2025,2:30 PM,75 min.,Flatiron,Lively Free Flow,,Sauna...,0,35,35,255
05/31/2025,3:00 PM,75 min.,Flatiron,Lively Free Flow,,Sauna.,13,35,22,277
05/31/2025,3:30 PM,75 min.,Flatiron,Lively Free Flow,,Sauna..,10,38,28,305
05/31/2025,4:00 PM,75 min.,Flatiron,Lively Free Flow,,Sauna...,27,36,9,314
05/31/2025,4:30 PM,75 min.,Flatiron,Lively Free Flow,,Sauna.,19,34,15,329
05/31/2025,5:00 PM,75 min.,Flatiron,Lively Free Flow,,Sauna..,25,37,12,341
05/31/2025,5:30 PM,75 min.,Flatiron,Lively Free Flow,,Sauna...,19,35,16,357
05/31/2025,6:00 PM,75 min.,Flatiron,Lively Free Flow,,Sauna.,23,38,15,372
05/31/2025,7:45 PM,75 min.,Flatiron,Guided Up: Self-Care Sweat,,Sauna.,43,64,21,393
05/31/2025,9:30 PM,120 min.,Flatiron,Social,,Sauna.,30,50,20,413
05/31/2025,9:45 PM,120 min.,Flatiron,Social,,Sauna.....,35,40,5,418
05/31/2025,10:00 PM,120 min.,Flatiron,Social,,Sauna..,28,30,2,420
06/01/2025,8:00 AM,75 min.,Flatiron,Guided Down: Sound Immersion,,Sauna.,48,64,16,16
06/01/2025,9:45 AM,75 min.,Flatiron,Guided All Around: Inner Power,,Sauna.,5,64,59,75
06/01/2025,11:30 AM,75 min.,Flatiron,Guided Down: Embodied,,Sauna.,3,60,57,132
06/01/2025,1:30 PM,75 min.,Flatiron,Lively Free Flow,,Sauna.,1,40,39,171
06/01/2025,2:00 PM,75 min.,Flatiron,Lively Free Flow,,Sauna...,2,37,35,206
06/01/2025,2:30 PM,75 min.,Flatiron,Lively Free Flow,,Sauna..,10,35,25,231
06/01/2025,3:00 PM,75 min.,Flatiron,Lively Free Flow,,Sauna.,9,35,26,257
06/01/2025,3:30 PM,75 min.,Flatiron,Lively Free Flow,,Sauna...,15,38,23,280
06/01/2025,4:00 PM,75 min.,Flatiron,Lively Free Flow,,Sauna..,3,38,35,315
06/01/2025,4:30 PM,75 min.,Flatiron,Lively Free Flow,,Sauna....,5,36,31,346
06/01/2025,5:00 PM,75 min.,Flatiron,Lively Free Flow,,Sauna.....,2,37,35,381
06/01/2025,5:30 PM,75 min.,Flatiron,Lively Free Flow,,Sauna.,1,35,34,415
06/01/2025,7:15 PM,75 min.,Flatiron,Guided All Around: A-Z Emotions,,Sauna.,,,,415
06/01/2025,9:00 PM,75 min.,Flatiron,Guided Down: Deep Stretch,,Sauna.,15,60,45,460
05/19/2025,7:00 AM,75 min.,Flatiron,Guided All Around: Gratitude,,Sauna.,34,64,30,30
05/19/2025,8:30 AM,75 min.,Flatiron,Viola Quieter Free Flow,,Sauna.,24,40,16,46
05/19/2025,9:00 AM,75 min.,Flatiron,Viola Quieter Free Flow,,Sauna..,37,40,3,49
05/19/2025,9:30 AM,75 min.,Flatiron,Viola Quieter Free Flow,,Sauna...,31,40,9,58
05/19/2025,10:00 AM,75 min.,Flatiron,Viola Quieter Free Flow,,Sauna.,36,40,4,62
05/19/2025,10:15 AM,75 min.,Flatiron,Viola Quieter Free Flow,,Sauna..,29,40,11,73
05/19/2025,12:00 PM,75 min.,Flatiron,Guided Down: Sound Immersion,,Sauna.,44,64,20,93
05/19/2025,2:00 PM,75 min.,Flatiron,Free Flow,,Sauna.,24,40,16,109
05/19/2025,2:30 PM,75 min.,Flatiron,Free Flow,,Sauna..,38,40,2,111
05/19/2025,3:00 PM,75 min.,Flatiron,Free Flow,,Sauna...,33,40,7,118
05/19/2025,3:30 PM,75 min.,Flatiron,Free Flow,,Sauna.,32,40,8,126
05/19/2025,3:45 PM,75 min.,Flatiron,Free Flow,,Sauna..,21,40,19,145
05/19/2025,5:30 PM,75 min.,Flatiron,Guided Up: Arctic Tundra,,Sauna.,26,64,38,183
05/19/2025,7:15 PM,75 min.,Flatiron,Guided All Around: Loving Kindness,,Sauna.,,,,183
05/19/2025,9:00 PM,120 min.,Flatiron,Comedy Night,,Sauna.,9,75,66,249
05/20/2025,7:00 AM,75 min.,Flatiron,Guided Up: Awakening,,Sauna.,6,64,58,58
05/20/2025,8:30 AM,75 min.,Flatiron,Quieter Free Flow,,Sauna.,29,40,11,69
05/20/2025,9:00 AM,75 min.,Flatiron,Quieter Free Flow,,Sauna..,36,40,4,73
05/20/2025,9:30 AM,75 min.,Flatiron,Quieter Free Flow,,Sauna...,32,40,8,81
05/20/2025,10:00 AM,75 min.,Flatiron,Quieter Free Flow,,Sauna.,34,40,6,87
05/20/2025,10:15 AM,75 min.,Flatiron,Quieter Free Flow,,Sauna..,31,40,9,96
05/20/2025,12:00 PM,75 min.,Flatiron,Guided All Around: Hardwiring Happiness,,Sauna.,34,64,30,126
05/20/2025,1:45 PM,75 min.,Flatiron,Guided All Around: A-Z Emotions,,Sauna.,49,64,15,141
05/20/2025,3:30 PM,75 min.,Flatiron,Free Flow,,Sauna.,42,70,28,169
05/20/2025,3:45 PM,75 min.,Flatiron,Free Flow,,Sauna..,39,50,11,180
05/20/2025,5:30 PM,75 min.,Flatiron,Guided Down: Unwind,,Sauna.,26,64,38,218
05/20/2025,7:15 PM,75 min.,Flatiron,Guided All Around: Sound Immersion,,Sauna.,3,64,61,279
05/20/2025,9:00 PM,75 min.,Flatiron,Free Flow,,Sauna.,1,30,29,308
05/20/2025,9:15 PM,75 min.,Flatiron,Free Flow,,Sauna..,6,30,24,332
05/20/2025,9:30 PM,75 min.,Flatiron,Free Flow,,Sauna...,4,30,26,358
05/20/2025,9:45 PM,75 min.,Flatiron,Free Flow,,Sauna....,13,30,17,375
05/21/2025,9:30 AM,75 min.,Flatiron,Free Flow,,Sauna...,29,40,11,11
05/21/2025,10:00 AM,75 min.,Flatiron,Free Flow,,Sauna.,38,40,2,13
05/21/2025,10:15 AM,75 min.,Flatiron,Free Flow,,Sauna..,30,40,10,23
05/21/2025,12:00 PM,75 min.,Flatiron,Guided Down: Pure Presence,,Sauna.,30,64,34,57
05/21/2025,2:00 PM,75 min.,Flatiron,Free Flow,,Sauna.,32,40,8,65
05/21/2025,2:30 PM,75 min.,Flatiron,Free Flow,,Sauna..,34,40,6,71
05/21/2025,3:00 PM,75 min.,Flatiron,Free Flow,,Sauna...,34,40,6,77
05/21/2025,3:30 PM,75 min.,Flatiron,Free Flow,,Sauna.,33,40,7,84
05/21/2025,3:45 PM,75 min.,Flatiron,Free Flow,,Sauna..,24,40,16,100
05/21/2025,5:30 PM,75 min.,Flatiron,Guided Down: Embodied,,Sauna.,3,64,61,161
05/21/2025,7:15 PM,75 min.,Flatiron,Guided All Around: Reset,,Sauna.,8,64,56,217
05/21/2025,9:00 PM,75 min.,Flatiron,Free Flow,,Sauna.,2,30,28,245
05/21/2025,9:20 PM,75 min.,Flatiron,Free Flow,,Sauna..,8,30,22,267
05/21/2025,9:40 PM,75 min.,Flatiron,Free Flow,,Sauna...,22,30,8,275
05/21/2025,10:00 PM,75 min.,Flatiron,Free Flow,,Sauna....,27,30,3,278
05/22/2025,7:00 AM,75 min.,Flatiron,Guided Down: Embodied,,Sauna.,33,60,27,27
05/22/2025,8:30 AM,75 min.,Flatiron,Free Flow,,Sauna.,28,40,12,39
05/22/2025,9:00 AM,75 min.,Flatiron,Free Flow,,Sauna..,36,40,4,43
05/22/2025,9:30 AM,75 min.,Flatiron,Free Flow,,Sauna...,31,40,9,52
05/22/2025,10:00 AM,75 min.,Flatiron,Free Flow,,Sauna.,35,40,5,57
05/22/2025,10:15 AM,75 min.,Flatiron,Free Flow,,Sauna..,33,40,7,64
05/22/2025,12:00 PM,75 min.,Flatiron,Guided Down: Senses,,Sauna.,36,64,28,92
05/22/2025,1:45 PM,75 min.,Flatiron,Guided All Around: Sound Immersion,,Sauna.,38,64,26,118
05/22/2025,3:30 PM,75 min.,Flatiron,Free Flow,,Sauna.,16,40,24,142
05/22/2025,4:00 PM,75 min.,Flatiron,Free Flow,,Sauna..,34,40,6,148
05/22/2025,4:30 PM,75 min.,Flatiron,Free Flow,,Sauna...,31,40,9,157
05/22/2025,5:00 PM,75 min.,Flatiron,Free Flow,,Sauna.,12,40,28,185
05/22/2025,5:30 PM,75 min.,Flatiron,Free Flow,,Sauna..,1,40,39,224
05/22/2025,7:15 PM,75 min.,Flatiron,Guided All Around: Heart Opener,,Sauna.,8,64,56,280
05/22/2025,9:00 PM,75 min.,Flatiron,Lively Free Flow,,Sauna.,4,30,26,306
05/22/2025,9:15 PM,75 min.,Flatiron,Lively Free Flow,,Sauna..,5,25,20,326
05/22/2025,9:30 PM,75 min.,Flatiron,Lively Free Flow,,Sauna...,23,30,7,333
05/22/2025,9:45 PM,75 min.,Flatiron,Lively Free Flow,,Sauna....,23,25,2,335
05/23/2025,7:00 AM,75 min.,Flatiron,Guided All Around: Gratitude,Aaron Albert,Sauna.,45,64,19,19
05/23/2025,8:45 AM,75 min.,Flatiron,Guided Up: Self-Care Sweat,,Sauna.,48,64,16,35
05/23/2025,10:30 AM,75 min.,Flatiron,Guided All Around: Reset,,Sauna.,25,64,39,74
05/23/2025,12:15 PM,75 min.,Flatiron,Guided Up: Arctic Tundra,,Sauna.,38,64,26,100
05/23/2025,2:00 PM,75 min.,Flatiron,Free Flow,,Sauna.,2,40,38,138
05/23/2025,2:30 PM,75 min.,Flatiron,Free Flow,,Sauna..,20,40,20,158
05/23/2025,3:00 PM,75 min.,Flatiron,Free Flow,,Sauna...,26,40,14,172
05/23/2025,3:30 PM,75 min.,Flatiron,Free Flow,,Sauna.,26,40,14,186
05/23/2025,4:00 PM,75 min.,Flatiron,Free Flow,,Sauna..,27,40,13,199
05/23/2025,4:30 PM,75 min.,Flatiron,Free Flow,,Sauna...,15,40,25,224
05/23/2025,5:00 PM,75 min.,Flatiron,Free Flow,,Sauna.,5,40,35,259
05/23/2025,5:30 PM,75 min.,Flatiron,Free Flow,,Sauna..,2,40,38,297
05/23/2025,7:15 PM,75 min.,Flatiron,Guided All Around: Inner Power,,Sauna.,1,64,63,360
05/23/2025,9:00 PM,120 min.,Flatiron,Social,,Sauna.,2,30,28,388
05/23/2025,9:20 PM,120 min.,Flatiron,Social,,Sauna..,,,,388
05/23/2025,9:40 PM,120 min.,Flatiron,Social,,Sauna...,1,30,29,417
05/23/2025,10:00 PM,120 min.,Flatiron,Social,,Sauna....,27,30,3,420
05/24/2025,8:00 AM,75 min.,Flatiron,Guided Down: Deep Stretch,,Sauna.,50,60,10,10
05/24/2025,9:15 AM,75 min.,Flatiron,Guided All Around: Gratitude,,Sauna.,30,64,34,44
05/24/2025,10:30 AM,75 min.,Flatiron,Guided Up: Feel Good Now,,Sauna.,11,64,53,97
05/24/2025,11:45 AM,75 min.,Flatiron,Free Flow,,Sauna...,2,40,38,135
05/24/2025,12:15 PM,75 min.,Flatiron,Free Flow,,Sauna..,0,37,37,172
05/24/2025,12:45 PM,75 min.,Flatiron,Free Flow,,Sauna....,18,35,17,189
05/24/2025,1:15 PM,75 min.,Flatiron,Lively Free Flow,,Sauna.,23,35,12,201
05/24/2025,1:45 PM,75 min.,Flatiron,Lively Free Flow,,Sauna..,30,38,8,209
05/24/2025,2:15 PM,75 min.,Flatiron,Lively Free Flow,,Sauna...,26,36,10,219
05/24/2025,2:45 PM,75 min.,Flatiron,Lively Free Flow,,Sauna.,25,34,9,228
05/24/2025,3:15 PM,75 min.,Flatiron,Lively Free Flow,,Sauna..,29,37,8,236
05/24/2025,3:45 PM,75 min.,Flatiron,Lively Free Flow,,Sauna...,28,35,7,243
05/24/2025,4:15 PM,75 min.,Flatiron,Lively Free Flow,,Sauna.,26,40,14,257
05/24/2025,4:45 PM,75 min.,Flatiron,Lively Free Flow,,Sauna..,17,37,20,277
05/24/2025,5:15 PM,75 min.,Flatiron,Lively Free Flow,,Sauna...,26,35,9,286
05/24/2025,5:45 PM,75 min.,Flatiron,Lively Free Flow,,Sauna.,16,25,9,295
05/24/2025,6:15 PM,75 min.,Flatiron,Free Flow,,Sauna..,18,36,18,313
05/24/2025,7:30 PM,75 min.,Flatiron,"Guided Down: Rose, Thorn, Bud",,Sauna.,49,64,15,328
05/24/2025,9:15 PM,120 min.,Flatiron,Beat Drop: DJ Takeover,,Sauna..,,,,328
05/24/2025,9:30 PM,120 min.,Flatiron,Beat Drop: DJ Takeover,,Sauna.,3,40,37,365
05/24/2025,9:45 PM,120 min.,Flatiron,Beat Drop: DJ Takeover,,Sauna.....,5,40,35,400
05/25/2025,8:00 AM,75 min.,Flatiron,Guided Down: Pure Presence,,Sauna.,54,64,10,10
05/25/2025,9:45 AM,75 min.,Flatiron,Guided Up: Feel Good Now,Aaron Albert,Sauna.,5,64,59,69
05/25/2025,11:30 AM,75 min.,Flatiron,Guided Down: Senses,,Sauna.,,,,69
05/25/2025,1:30 PM,75 min.,Flatiron,Lively Free Flow,,Sauna.,1,40,39,108
05/25/2025,2:00 PM,75 min.,Flatiron,Lively Free Flow,,Sauna...,10,37,27,135
05/25/2025,2:30 PM,75 min.,Flatiron,Lively Free Flow,,Sauna..,20,35,15,150
05/25/2025,3:00 PM,75 min.,Flatiron,Lively Free Flow,,Sauna.,19,35,16,166
05/25/2025,3:30 PM,75 min.,Flatiron,Lively Free Flow,,Sauna...,23,38,15,181
05/25/2025,4:00 PM,75 min.,Flatiron,Lively Free Flow,,Sauna..,26,38,12,193
05/25/2025,4:30 PM,75 min.,Flatiron,Lively Free Flow,,Sauna....,24,36,12,205
05/25/2025,5:00 PM,75 min.,Flatiron,Lively Free Flow,,Sauna.....,26,37,11,216
05/25/2025,5:30 PM,75 min.,Flatiron,Lively Free Flow,,Sauna.,20,35,15,231
05/25/2025,7:15 PM,75 min.,Flatiron,Guided All Around: Heart Opener,,Sauna.,10,64,54,285
05/25/2025,9:00 PM,75 min.,Flatiron,Guided All Around: Hardwiring Happiness,,Sauna.,45,64,19,304
05/12/2025,7:00 AM,75 min.,Flatiron,Guided Down: Deep Stretch,,Sauna.,49,60,11,11
05/12/2025,8:30 AM,75 min.,Flatiron,Quieter Free Flow,,Sauna.,32,40,8,19
05/12/2025,9:00 AM,75 min.,Flatiron,Quieter Free Flow,,Sauna..,39,40,1,20
05/12/2025,9:30 AM,75 min.,Flatiron,Quieter Free Flow,,Sauna...,35,40,5,25
05/12/2025,10:00 AM,75 min.,Flatiron,Quieter Free Flow,,Sauna.,35,40,5,30
05/12/2025,10:15 AM,75 min.,Flatiron,Quieter Free Flow,,Sauna..,30,40,10,40
05/12/2025,12:00 PM,75 min.,Flatiron,Guided Down: Sound Immersion,,Sauna.,49,64,15,55
05/12/2025,2:00 PM,75 min.,Flatiron,Free Flow,,Sauna.,34,40,6,61
05/12/2025,2:30 PM,75 min.,Flatiron,Free Flow,,Sauna..,34,40,6,67
05/12/2025,3:00 PM,75 min.,Flatiron,Free Flow,,Sauna...,33,40,7,74
05/12/2025,3:30 PM,75 min.,Flatiron,Free Flow,,Sauna.,29,40,11,85
05/12/2025,3:45 PM,75 min.,Flatiron,Free Flow,,Sauna..,26,40,14,99
05/12/2025,5:30 PM,75 min.,Flatiron,Guided Up: Arctic Tundra,,Sauna.,34,64,30,129
05/12/2025,7:15 PM,75 min.,Flatiron,Guided All Around: Journey Through the Elements,,Sauna.,,,,129
05/12/2025,9:00 PM,75 min.,Flatiron,Guided Down: Pure Presence,,Sauna.,30,64,34,163
05/13/2025,7:00 AM,75 min.,Flatiron,Guided Down: Embodied,,Sauna.,35,60,25,25
05/13/2025,8:30 AM,75 min.,Flatiron,Quieter Free Flow,,Sauna.,28,40,12,37
05/13/2025,9:00 AM,75 min.,Flatiron,Quieter Free Flow,,Sauna..,35,40,5,42
05/13/2025,9:30 AM,75 min.,Flatiron,Quieter Free Flow,,Sauna...,35,40,5,47
05/13/2025,10:00 AM,75 min.,Flatiron,Quieter Free Flow,,Sauna.,33,40,7,54
05/13/2025,10:15 AM,75 min.,Flatiron,Quieter Free Flow,,Sauna..,32,40,8,62
05/13/2025,12:00 PM,75 min.,Flatiron,Guided Down: Senses,,Sauna.,43,64,21,83
05/13/2025,1:45 PM,75 min.,Flatiron,Guided All Around: Hardwiring Happiness,,Sauna.,46,64,18,101
05/13/2025,7:15 PM,75 min.,Flatiron,Guided Down: Unwind,,Sauna.,5,64,59,160
05/13/2025,9:00 PM,75 min.,Flatiron,Free Flow,,Sauna.,1,30,29,189
05/13/2025,9:15 PM,75 min.,Flatiron,Free Flow,,Sauna..,4,30,26,215
05/13/2025,9:30 PM,75 min.,Flatiron,Free Flow,,Sauna...,26,30,4,219
05/13/2025,9:45 PM,75 min.,Flatiron,Free Flow,,Sauna....,27,30,3,222
05/14/2025,7:00 AM,75 min.,Flatiron,Guided Down: Senses,,Sauna.,31,64,33,33
05/14/2025,8:30 AM,75 min.,Flatiron,Free Flow,,Sauna.,26,40,14,47
05/14/2025,9:00 AM,75 min.,Flatiron,Free Flow,,Sauna..,37,40,3,50
05/14/2025,9:30 AM,75 min.,Flatiron,Free Flow,,Sauna...,37,40,3,53
05/14/2025,10:00 AM,75 min.,Flatiron,Free Flow,,Sauna.,36,40,4,57
05/14/2025,10:15 AM,75 min.,Flatiron,Free Flow,,Sauna..,30,40,10,67
05/14/2025,12:00 PM,75 min.,Flatiron,Guided Down: Embodied,,Sauna.,31,60,29,96
05/14/2025,2:00 PM,75 min.,Flatiron,Free Flow,,Sauna.,31,40,9,105
05/14/2025,2:30 PM,75 min.,Flatiron,Free Flow,,Sauna..,33,40,7,112
05/14/2025,3:00 PM,75 min.,Flatiron,Free Flow,,Sauna...,33,40,7,119
05/14/2025,3:30 PM,75 min.,Flatiron,Free Flow,,Sauna.,35,40,5,124
05/14/2025,3:45 PM,75 min.,Flatiron,Free Flow,,Sauna..,27,40,13,137
05/14/2025,7:15 PM,75 min.,Flatiron,Guided All Around: Loving Kindness,,Sauna.,,,,137
05/14/2025,9:00 PM,75 min.,Flatiron,Free Flow,,Sauna.,1,30,29,166
05/14/2025,9:20 PM,75 min.,Flatiron,Free Flow,,Sauna..,11,30,19,185
05/14/2025,9:40 PM,75 min.,Flatiron,Free Flow,,Sauna...,19,30,11,196
05/14/2025,10:00 PM,75 min.,Flatiron,Free Flow,,Sauna....,23,30,7,203
05/15/2025,7:00 AM,75 min.,Flatiron,Guided All Around: A-Z Emotions,,Sauna.,34,64,30,30
05/15/2025,8:30 AM,75 min.,Flatiron,Free Flow,,Sauna.,29,40,11,41
05/15/2025,9:00 AM,75 min.,Flatiron,Free Flow,,Sauna..,34,40,6,47
05/15/2025,9:30 AM,75 min.,Flatiron,Free Flow,,Sauna...,35,40,5,52
05/15/2025,10:00 AM,75 min.,Flatiron,Free Flow,,Sauna.,38,40,2,54
05/15/2025,10:15 AM,75 min.,Flatiron,Free Flow,,Sauna..,35,40,5,59
05/15/2025,12:00 PM,120 min.,Flatiron,NYC x Design with Othership,,Sauna.,10,85,75,134
05/15/2025,2:30 PM,75 min.,Flatiron,Free Flow,,Sauna....,30,40,10,144
05/15/2025,3:00 PM,75 min.,Flatiron,Free Flow,,Sauna.....,31,40,9,153
05/15/2025,3:30 PM,75 min.,Flatiron,Free Flow,,Sauna.,28,40,12,165
05/15/2025,4:00 PM,75 min.,Flatiron,Free Flow,,Sauna..,35,40,5,170
05/15/2025,4:30 PM,75 min.,Flatiron,Free Flow,,Sauna...,35,40,5,175
05/15/2025,5:00 PM,75 min.,Flatiron,Free Flow,,Sauna.,17,40,23,198
05/15/2025,5:30 PM,75 min.,Flatiron,Free Flow,,Sauna..,0,40,40,238
05/15/2025,7:15 PM,75 min.,Flatiron,Guided All Around: Gratitude,Aaron Albert,Sauna.,1,64,63,301
05/15/2025,9:00 PM,75 min.,Flatiron,Lively Free Flow,,Sauna.,7,30,23,324
05/15/2025,9:15 PM,75 min.,Flatiron,Lively Free Flow,,Sauna..,14,25,11,335
05/15/2025,9:30 PM,75 min.,Flatiron,Lively Free Flow,,Sauna...,28,30,2,337
05/15/2025,9:45 PM,75 min.,Flatiron,Lively Free Flow,,Sauna....,20,25,5,342
05/16/2025,7:00 AM,75 min.,Flatiron,Guided Down: Embodied,,Sauna.,49,60,11,11
05/16/2025,8:45 AM,75 min.,Flatiron,Arctic Tundra with optional 7:30AM Run Club,,Sauna.,34,64,30,41
05/16/2025,10:30 AM,75 min.,Flatiron,"Guided All Around: Rose, Thorn, Bud",,Sauna.,13,64,51,92
05/16/2025,12:15 PM,75 min.,Flatiron,Members Only: Deep Stretch,,Sauna.,44,60,16,108
05/16/2025,2:00 PM,75 min.,Flatiron,Free Flow,,Sauna.,23,40,17,125
05/16/2025,2:30 PM,75 min.,Flatiron,Free Flow,,Sauna..,20,40,20,145
05/16/2025,3:00 PM,75 min.,Flatiron,Free Flow,,Sauna...,17,40,23,168
05/16/2025,3:30 PM,75 min.,Flatiron,Free Flow,,Sauna.,32,40,8,176
05/16/2025,4:00 PM,75 min.,Flatiron,Free Flow,,Sauna..,19,40,21,197
05/16/2025,4:30 PM,75 min.,Flatiron,Free Flow,,Sauna...,4,40,36,233
05/16/2025,5:00 PM,75 min.,Flatiron,Free Flow,,Sauna.,0,40,40,273
05/16/2025,5:30 PM,75 min.,Flatiron,Free Flow,,Sauna..,1,40,39,312
05/16/2025,7:15 PM,75 min.,Flatiron,Guided All Around: Sound Immersion,,Sauna.,4,64,60,372
05/16/2025,9:00 PM,120 min.,Flatiron,Shabbat Social Schvitz,,Sauna.,,,,372
05/16/2025,9:20 PM,120 min.,Flatiron,Shabbat Social Schvitz,,Sauna..,,,,372
05/16/2025,9:40 PM,120 min.,Flatiron,Shabbat Social Schvitz,,Sauna...,1,30,29,401
05/16/2025,10:00 PM,120 min.,Flatiron,Shabbat Social Schvitz,,Sauna....,1,30,29,430
05/17/2025,8:00 AM,75 min.,Flatiron,Guided Down: Deep Stretch,,Sauna.,24,60,36,36
05/17/2025,11:30 AM,75 min.,Flatiron,Guided All Around: Hardwiring Happiness,,Sauna.,7,64,57,93
05/17/2025,1:30 PM,75 min.,Flatiron,Lively Free Flow,,Sauna.,10,40,30,123
05/17/2025,2:00 PM,75 min.,Flatiron,Lively Free Flow,,Sauna..,2,37,35,158
05/17/2025,2:30 PM,75 min.,Flatiron,Lively Free Flow,,Sauna...,6,35,29,187
05/17/2025,3:00 PM,75 min.,Flatiron,Lively Free Flow,,Sauna.,2,38,36,223
05/17/2025,3:30 PM,75 min.,Flatiron,Lively Free Flow,,Sauna..,15,35,20,243
05/17/2025,4:00 PM,75 min.,Flatiron,Lively Free Flow,,Sauna...,14,36,22,265
05/17/2025,4:30 PM,75 min.,Flatiron,Lively Free Flow,,Sauna.,22,34,12,277
05/17/2025,5:00 PM,75 min.,Flatiron,Lively Free Flow,,Sauna..,25,37,12,289
05/17/2025,5:30 PM,75 min.,Flatiron,Lively Free Flow,,Sauna...,29,35,6,295
05/17/2025,6:00 PM,75 min.,Flatiron,Lively Free Flow,,Sauna.,29,38,9,304
05/17/2025,9:30 PM,120 min.,Flatiron,Social,,Sauna.,1,50,49,353
05/17/2025,9:45 PM,120 min.,Flatiron,Social,,Sauna.....,38,40,2,355
05/17/2025,10:00 PM,120 min.,Flatiron,Social,,Sauna..,24,30,6,361
05/18/2025,8:00 AM,75 min.,Flatiron,Guided Down: Embodied,,Sauna.,38,60,22,22
05/18/2025,9:45 AM,75 min.,Flatiron,Guided Down: Deep Stretch,,Sauna.,8,60,52,74
05/18/2025,11:30 AM,75 min.,Flatiron,Guided All Around: Release,,Sauna.,3,64,61,135
05/18/2025,1:30 PM,75 min.,Flatiron,Lively Free Flow,,Sauna.,6,40,34,169
05/18/2025,2:00 PM,75 min.,Flatiron,Lively Free Flow,,Sauna...,0,37,37,206
05/18/2025,2:30 PM,75 min.,Flatiron,Lively Free Flow,,Sauna..,13,35,22,228
05/18/2025,3:00 PM,75 min.,Flatiron,Lively Free Flow,,Sauna.,7,35,28,256
05/18/2025,3:30 PM,75 min.,Flatiron,Lively Free Flow,,Sauna...,13,38,25,281
05/18/2025,4:00 PM,75 min.,Flatiron,Lively Free Flow,,Sauna..,11,38,27,308
05/18/2025,4:30 PM,75 min.,Flatiron,Lively Free Flow,,Sauna....,0,36,36,344
05/18/2025,5:00 PM,75 min.,Flatiron,Lively Free Flow,,Sauna.....,3,37,34,378
05/18/2025,5:30 PM,75 min.,Flatiron,Lively Free Flow,,Sauna.,3,35,32,410
05/18/2025,7:15 PM,75 min.,Flatiron,Guided All Around: Reset,,Sauna.,1,64,63,473
05/18/2025,9:00 PM,90 min.,Flatiron,Guided All Around: Space for Women,,Sauna.,38,64,26,499
05/05/2025,7:00 AM,75 min.,Flatiron,Guided Down: Senses,,Sauna.,53,64,11,11
05/05/2025,8:30 AM,75 min.,Flatiron,Quieter Free Flow,,Sauna.,34,40,6,17
05/05/2025,9:00 AM,75 min.,Flatiron,Quieter Free Flow,,Sauna..,38,40,2,19
05/05/2025,9:30 AM,75 min.,Flatiron,Quieter Free Flow,,Sauna...,36,40,4,23
05/05/2025,10:00 AM,75 min.,Flatiron,Quieter Free Flow,,Sauna.,31,40,9,32
05/05/2025,10:15 AM,75 min.,Flatiron,Quieter Free Flow,,Sauna..,29,40,11,43
05/05/2025,12:00 PM,75 min.,Flatiron,Guided Down: Sound Immersion,,Sauna.,41,64,23,66
05/05/2025,2:00 PM,75 min.,Flatiron,Free Flow,,Sauna.,27,40,13,79
05/05/2025,2:30 PM,75 min.,Flatiron,Free Flow,,Sauna..,35,40,5,84
05/05/2025,3:00 PM,75 min.,Flatiron,Free Flow,,Sauna...,27,40,13,97
05/05/2025,3:30 PM,75 min.,Flatiron,Free Flow,,Sauna.,31,40,9,106
05/05/2025,3:45 PM,75 min.,Flatiron,Free Flow,,Sauna..,26,40,14,120
05/05/2025,5:30 PM,75 min.,Flatiron,Guided Up: Arctic Tundra,,Sauna.,35,64,29,149
05/05/2025,7:15 PM,75 min.,Flatiron,Guided All Around: Loving Kindness,,Sauna.,5,64,59,208
05/05/2025,9:00 PM,90 min.,Flatiron,Guided All Around: Space for Men,,Sauna.,25,64,39,247
05/06/2025,7:00 AM,75 min.,Flatiron,Guided Up: Awakening,,Sauna.,48,64,16,16
05/06/2025,8:30 AM,75 min.,Flatiron,Quieter Free Flow,,Sauna.,28,40,12,28
05/06/2025,9:00 AM,75 min.,Flatiron,Quieter Free Flow,,Sauna..,33,40,7,35
05/06/2025,9:30 AM,75 min.,Flatiron,Quieter Free Flow,,Sauna...,38,40,2,37
05/06/2025,10:00 AM,75 min.,Flatiron,Quieter Free Flow,,Sauna.,34,40,6,43
05/06/2025,10:15 AM,75 min.,Flatiron,Quieter Free Flow,,Sauna..,30,40,10,53
05/06/2025,12:00 PM,75 min.,Flatiron,Guided Up: Feel Good Now,,Sauna.,55,64,9,62
05/06/2025,1:45 PM,75 min.,Flatiron,Guided Down: Sound Immersion,,Sauna.,44,64,20,82
05/06/2025,3:30 PM,75 min.,Flatiron,Free Flow,,Sauna.,57,70,13,95
05/06/2025,3:45 PM,75 min.,Flatiron,Free Flow,,Sauna..,38,50,12,107
05/06/2025,5:30 PM,75 min.,Flatiron,Guided Down: Unwind,,Sauna.,4,64,60,167
05/06/2025,7:15 PM,75 min.,Flatiron,Guided All Around: Inner Power,,Sauna.,8,64,56,223
05/06/2025,9:00 PM,75 min.,Flatiron,Free Flow,,Sauna.,2,30,28,251
05/06/2025,9:15 PM,75 min.,Flatiron,Free Flow,,Sauna..,0,30,30,281
05/06/2025,9:30 PM,75 min.,Flatiron,Free Flow,,Sauna...,16,30,14,295
05/06/2025,9:45 PM,75 min.,Flatiron,Free Flow,,Sauna....,27,30,3,298
05/07/2025,7:00 AM,75 min.,Flatiron,Guided Down: Deep Stretch,,Sauna.,42,60,18,18
05/07/2025,10:00 AM,75 min.,Flatiron,Free Flow,,Sauna.,31,40,9,27
05/07/2025,10:15 AM,75 min.,Flatiron,Free Flow,,Sauna..,29,40,11,38
05/07/2025,12:00 PM,75 min.,Flatiron,Guided Down: Pure Presence,,Sauna.,45,64,19,57
05/07/2025,2:00 PM,75 min.,Flatiron,Free Flow,,Sauna.,30,40,10,67
05/07/2025,2:30 PM,75 min.,Flatiron,Free Flow,,Sauna..,36,40,4,71
05/07/2025,3:00 PM,75 min.,Flatiron,Free Flow,,Sauna...,37,40,3,74
05/07/2025,3:30 PM,75 min.,Flatiron,Free Flow,,Sauna.,35,40,5,79
05/07/2025,4:00 PM,75 min.,Flatiron,Free Flow,,Sauna..,36,40,4,83
05/07/2025,4:20 PM,75 min.,Flatiron,Free Flow,,Sauna...,38,40,2,85
05/07/2025,4:45 PM,75 min.,Flatiron,Free Flow,,Sauna.,20,40,20,105
05/07/2025,6:00 PM,75 min.,Flatiron,Guided Up: Awakening,,Sauna.,11,60,49,154
05/07/2025,7:15 PM,90 min.,Flatiron,🏳️‍🌈 Queer Night - Hardwiring Happiness 🏳️‍🌈,,Sauna.,,,,154
05/07/2025,8:45 PM,75 min.,Flatiron,Free Flow,,Sauna....,1,30,29,183
05/07/2025,9:00 PM,75 min.,Flatiron,Free Flow,,Sauna...,2,30,28,211
05/07/2025,9:15 PM,75 min.,Flatiron,Free Flow,,Sauna.,15,30,15,226
05/07/2025,9:30 PM,75 min.,Flatiron,Free Flow,,Sauna..,24,30,6,232
05/07/2025,10:15 PM,75 min.,Flatiron,Free Flow,,Sauna...,24,30,6,238
05/07/2025,10:30 PM,75 min.,Flatiron,Free Flow,,Sauna....,27,30,3,241
05/08/2025,7:00 AM,75 min.,Flatiron,Guided Down: Embodied,,Sauna.,21,60,39,39
05/08/2025,10:00 AM,75 min.,Flatiron,Free Flow,,Sauna.,32,40,8,47
05/08/2025,10:15 AM,75 min.,Flatiron,Free Flow,,Sauna..,35,40,5,52
05/08/2025,12:00 PM,75 min.,Flatiron,Guided Down: Senses,,Sauna.,42,64,22,74
05/08/2025,1:45 PM,75 min.,Flatiron,Guided Down: Sound Immersion,,Sauna.,39,64,25,99
05/08/2025,3:30 PM,75 min.,Flatiron,Free Flow,,Sauna.,30,40,10,109
05/08/2025,4:00 PM,75 min.,Flatiron,Free Flow,,Sauna..,29,40,11,120
05/08/2025,4:30 PM,75 min.,Flatiron,Free Flow,,Sauna...,35,40,5,125
05/08/2025,5:00 PM,75 min.,Flatiron,Free Flow,,Sauna.,5,40,35,160
05/08/2025,5:30 PM,75 min.,Flatiron,Free Flow,,Sauna..,9,30,21,181
05/09/2025,7:00 AM,75 min.,Flatiron,Guided Down: Sound Immersion,,Sauna.,46,64,18,18
05/09/2025,8:45 AM,75 min.,Flatiron,Guided All Around: Gratitude,,Sauna.,28,64,36,54
05/09/2025,10:30 AM,75 min.,Flatiron,Guided All Around: Loving Kindness,,Sauna.,50,64,14,68
05/09/2025,12:15 PM,75 min.,Flatiron,Guided Down: Unwind,,Sauna.,31,64,33,101
05/09/2025,2:00 PM,75 min.,Flatiron,Free Flow,,Sauna.,9,40,31,132
05/09/2025,2:30 PM,75 min.,Flatiron,Free Flow,,Sauna..,25,40,15,147
05/09/2025,3:00 PM,75 min.,Flatiron,Free Flow,,Sauna...,25,40,15,162
05/09/2025,3:30 PM,75 min.,Flatiron,Free Flow,,Sauna.,30,40,10,172
05/09/2025,4:00 PM,75 min.,Flatiron,Free Flow,,Sauna..,27,40,13,185
05/09/2025,4:30 PM,75 min.,Flatiron,Free Flow,,Sauna...,7,40,33,218
05/09/2025,5:00 PM,75 min.,Flatiron,Free Flow,,Sauna.,2,40,38,256
05/09/2025,5:30 PM,75 min.,Flatiron,Free Flow,,Sauna..,0,40,40,296
05/09/2025,7:15 PM,75 min.,Flatiron,Guided All Around: Release,,Sauna.,4,64,60,356
05/09/2025,9:00 PM,120 min.,Flatiron,Social,,Sauna.,1,30,29,385
05/09/2025,9:20 PM,120 min.,Flatiron,Social,,Sauna..,1,30,29,414
05/09/2025,9:40 PM,120 min.,Flatiron,Social,,Sauna...,2,30,28,442
05/09/2025,10:00 PM,120 min.,Flatiron,Social,,Sauna....,0,30,30,472
05/10/2025,8:00 AM,75 min.,Flatiron,Guided Down: Deep Stretch,,Sauna.,33,60,27,27
05/10/2025,9:45 AM,75 min.,Flatiron,Guided All Around: Release,,Sauna.,6,64,58,85
05/10/2025,11:30 AM,75 min.,Flatiron,Guided All Around: Hardwiring Happiness,,Sauna.,3,64,61,146
05/10/2025,1:30 PM,75 min.,Flatiron,Lively Free Flow,,Sauna.,2,40,38,184
05/10/2025,2:00 PM,75 min.,Flatiron,Lively Free Flow,,Sauna..,13,37,24,208
05/10/2025,2:30 PM,75 min.,Flatiron,Lively Free Flow,,Sauna...,24,35,11,219
05/10/2025,3:00 PM,75 min.,Flatiron,Lively Free Flow,,Sauna.,30,35,5,224
05/10/2025,3:30 PM,75 min.,Flatiron,Lively Free Flow,,Sauna..,18,38,20,244
05/10/2025,4:00 PM,75 min.,Flatiron,Lively Free Flow,,Sauna...,25,36,11,255
05/10/2025,4:30 PM,75 min.,Flatiron,Lively Free Flow,,Sauna.,25,34,9,264
05/10/2025,5:00 PM,75 min.,Flatiron,Lively Free Flow,,Sauna..,25,37,12,276
05/10/2025,5:30 PM,75 min.,Flatiron,Lively Free Flow,,Sauna...,31,35,4,280
05/10/2025,6:00 PM,75 min.,Flatiron,Lively Free Flow,,Sauna.,30,38,8,288
05/10/2025,7:45 PM,75 min.,Flatiron,"Guided All Around: Rose, Thorn, Bud",,Sauna.,16,64,48,336
05/10/2025,9:30 PM,120 min.,Flatiron,Beat Drop: DJ Takeover,,Sauna.,5,50,45,381
05/10/2025,9:45 PM,120 min.,Flatiron,Beat Drop: DJ Takeover,,Sauna.....,6,40,34,415
05/10/2025,10:00 PM,120 min.,Flatiron,Beat Drop: DJ Takeover,,Sauna..,,,,415
05/11/2025,8:00 AM,75 min.,Flatiron,Guided Down: Pure Presence,,Sauna.,50,64,14,14
05/11/2025,9:45 AM,75 min.,Flatiron,Guided Down: Sound Immersion,,Sauna.,8,64,56,70
05/11/2025,11:30 AM,75 min.,Flatiron,Mothership: Gratitude,,Sauna.,12,64,52,122
05/11/2025,1:30 PM,75 min.,Flatiron,Lively Free Flow,,Sauna.,7,40,33,155
05/11/2025,2:00 PM,75 min.,Flatiron,Lively Free Flow,,Sauna...,21,37,16,171
05/11/2025,2:30 PM,75 min.,Flatiron,Lively Free Flow,,Sauna..,23,35,12,183
05/11/2025,3:00 PM,75 min.,Flatiron,Lively Free Flow,,Sauna.,19,35,16,199
05/11/2025,3:30 PM,75 min.,Flatiron,Lively Free Flow,,Sauna...,25,38,13,212
05/11/2025,4:00 PM,75 min.,Flatiron,Lively Free Flow,,Sauna..,26,38,12,224
05/11/2025,4:30 PM,75 min.,Flatiron,Lively Free Flow,,Sauna....,21,36,15,239
05/11/2025,5:00 PM,75 min.,Flatiron,Lively Free Flow,,Sauna.....,14,37,23,262
05/11/2025,5:30 PM,75 min.,Flatiron,Lively Free Flow,,Sauna.,9,35,26,288
05/11/2025,7:15 PM,75 min.,Flatiron,Mothership: Gratitude,,Sauna.,38,64,26,314
05/11/2025,9:00 PM,75 min.,Flatiron,Guided Down: Deep Stretch,,Sauna.,45,60,15,329
04/28/2025,7:00 AM,75 min.,Flatiron,Guided Up: Self-Care Sweat,,Sauna.,40,64,24,24
04/28/2025,8:30 AM,75 min.,Flatiron,Quieter Free Flow,,Sauna.,9,40,31,55
04/28/2025,9:00 AM,75 min.,Flatiron,Quieter Free Flow,,Sauna..,32,40,8,63
04/28/2025,9:30 AM,75 min.,Flatiron,Quieter Free Flow,,Sauna...,36,40,4,67
04/28/2025,10:00 AM,75 min.,Flatiron,Quieter Free Flow,,Sauna.,34,40,6,73
04/28/2025,10:15 AM,75 min.,Flatiron,Quieter Free Flow,,Sauna..,28,40,12,85
04/28/2025,12:00 PM,75 min.,Flatiron,Guided Down: Sound Immersion - Spanish Edition,,Sauna.,50,64,14,99
04/28/2025,2:00 PM,75 min.,Flatiron,Free Flow,,Sauna.,33,40,7,106
04/28/2025,2:30 PM,75 min.,Flatiron,Free Flow,,Sauna..,29,40,11,117
04/28/2025,3:00 PM,75 min.,Flatiron,Free Flow,,Sauna...,31,40,9,126
04/28/2025,3:30 PM,75 min.,Flatiron,Free Flow,,Sauna.,37,40,3,129
04/28/2025,3:45 PM,75 min.,Flatiron,Free Flow,,Sauna..,26,40,14,143
04/28/2025,5:30 PM,75 min.,Flatiron,Guided Down: Unwind,,Sauna.,,,,143
04/28/2025,7:15 PM,75 min.,Flatiron,Guided All Around: Journey Through the Elements,,Sauna.,2,64,62,205
04/28/2025,9:00 PM,75 min.,Flatiron,Guided Down: Pure Presence,,Sauna.,29,64,35,240
04/29/2025,7:00 AM,75 min.,Flatiron,Guided Up: Awakening,,Sauna.,41,64,23,23
04/29/2025,10:00 AM,75 min.,Flatiron,Quieter Free Flow,,Sauna.,28,40,12,35
04/29/2025,10:15 AM,75 min.,Flatiron,Quieter Free Flow,,Sauna..,24,40,16,51
04/29/2025,12:00 PM,75 min.,Flatiron,Guided Up: Arctic Tundra,,Sauna.,50,64,14,65
04/29/2025,1:45 PM,75 min.,Flatiron,Guided All Around: Hardwiring Happiness,,Sauna.,38,64,26,91
04/29/2025,3:30 PM,75 min.,Flatiron,Free Flow,,Sauna.,53,70,17,108
04/29/2025,3:45 PM,75 min.,Flatiron,Free Flow,,Sauna..,40,50,10,118
04/29/2025,5:30 PM,75 min.,Flatiron,Guided Down: Unwind,,Sauna.,15,64,49,167
04/29/2025,7:15 PM,75 min.,Flatiron,Guided Up: Arctic Tundra,,Sauna.,22,64,42,209
04/29/2025,9:00 PM,75 min.,Flatiron,Free Flow,,Sauna.,0,30,30,239
04/29/2025,9:15 PM,75 min.,Flatiron,Free Flow,,Sauna..,16,30,14,253
04/29/2025,9:30 PM,75 min.,Flatiron,Free Flow,,Sauna...,27,30,3,256
04/29/2025,9:45 PM,75 min.,Flatiron,Free Flow,,Sauna....,25,30,5,261
04/30/2025,9:30 AM,75 min.,Flatiron,Free Flow,,Sauna...,27,40,13,13
04/30/2025,10:00 AM,75 min.,Flatiron,Free Flow,,Sauna.,33,40,7,20
04/30/2025,10:15 AM,75 min.,Flatiron,Free Flow,,Sauna..,31,40,9,29
04/30/2025,12:00 PM,75 min.,Flatiron,Guided All Around: Heart Opener,,Sauna.,38,64,26,55
04/30/2025,2:00 PM,75 min.,Flatiron,Free Flow,,Sauna.,32,40,8,63
04/30/2025,2:30 PM,75 min.,Flatiron,Free Flow,,Sauna..,36,40,4,67
04/30/2025,3:00 PM,75 min.,Flatiron,Free Flow,,Sauna...,34,40,6,73
04/30/2025,3:30 PM,75 min.,Flatiron,Free Flow,,Sauna.,35,40,5,78
04/30/2025,3:45 PM,75 min.,Flatiron,Free Flow,,Sauna..,11,40,29,107
04/30/2025,5:30 PM,75 min.,Flatiron,Guided All Around: Loving Kindness,,Sauna.,2,64,62,169
04/30/2025,7:15 PM,75 min.,Flatiron,Guided All Around: Inner Power,,Sauna.,9,64,55,224
04/30/2025,9:00 PM,75 min.,Flatiron,Free Flow,,Sauna.,3,30,27,251
04/30/2025,9:20 PM,75 min.,Flatiron,Free Flow,,Sauna..,10,30,20,271
04/30/2025,9:40 PM,75 min.,Flatiron,Free Flow,,Sauna...,26,30,4,275
04/30/2025,10:00 PM,75 min.,Flatiron,Free Flow,,Sauna....,27,30,3,278
05/01/2025,7:00 AM,75 min.,Flatiron,Guided All Around: Hardwiring Happiness,,Sauna.,48,64,16,16
05/01/2025,8:30 AM,75 min.,Flatiron,Free Flow,,Sauna.,33,40,7,23
05/01/2025,9:00 AM,75 min.,Flatiron,Free Flow,,Sauna..,36,40,4,27
05/01/2025,9:30 AM,75 min.,Flatiron,Free Flow,,Sauna...,34,40,6,33
05/01/2025,10:00 AM,75 min.,Flatiron,Free Flow,,Sauna.,36,40,4,37
05/01/2025,10:15 AM,75 min.,Flatiron,Free Flow,,Sauna..,32,40,8,45
05/01/2025,12:00 PM,75 min.,Flatiron,Guided Down: Embodied,,Sauna.,46,60,14,59
05/01/2025,1:45 PM,75 min.,Flatiron,Guided Down: Self-Care Sweat,,Sauna.,46,64,18,77
05/01/2025,3:30 PM,75 min.,Flatiron,Free Flow,,Sauna.,18,40,22,99
05/01/2025,4:00 PM,75 min.,Flatiron,Free Flow,,Sauna..,33,40,7,106
05/01/2025,4:30 PM,75 min.,Flatiron,Free Flow,,Sauna...,26,40,14,120
05/01/2025,5:00 PM,75 min.,Flatiron,Free Flow,,Sauna.,28,40,12,132
05/01/2025,5:30 PM,75 min.,Flatiron,Free Flow,,Sauna..,14,40,26,158
05/01/2025,7:15 PM,75 min.,Flatiron,Guided Up: Feel Good Now,Aaron Albert,Sauna.,7,64,57,215
05/01/2025,9:00 PM,75 min.,Flatiron,Lively Free Flow,,Sauna.,13,30,17,232
05/01/2025,9:15 PM,75 min.,Flatiron,Lively Free Flow,,Sauna..,8,25,17,249
05/01/2025,9:30 PM,75 min.,Flatiron,Lively Free Flow,,Sauna...,28,30,2,251
05/01/2025,9:45 PM,75 min.,Flatiron,Lively Free Flow,,Sauna....,19,25,6,257
05/02/2025,7:00 AM,75 min.,Flatiron,Guided Down: Embodied,,Sauna.,42,60,18,18
05/02/2025,8:45 AM,75 min.,Flatiron,Guided All Around: Reset,,Sauna.,36,64,28,46
05/02/2025,10:30 AM,75 min.,Flatiron,"Guided All Around: Rose, Thorn, Bud",,Sauna.,37,64,27,73
05/02/2025,12:15 PM,75 min.,Flatiron,Guided Down: Deep Stretch,,Sauna.,18,60,42,115
05/02/2025,2:00 PM,75 min.,Flatiron,Free Flow,,Sauna.,9,40,31,146
05/02/2025,2:30 PM,75 min.,Flatiron,Free Flow,,Sauna..,38,40,2,148
05/02/2025,3:00 PM,75 min.,Flatiron,Free Flow,,Sauna...,29,40,11,159
05/02/2025,3:30 PM,75 min.,Flatiron,Free Flow,,Sauna.,31,40,9,168
05/02/2025,4:00 PM,75 min.,Flatiron,Free Flow,,Sauna..,31,40,9,177
05/02/2025,4:30 PM,75 min.,Flatiron,Free Flow,,Sauna...,17,40,23,200
05/02/2025,5:00 PM,75 min.,Flatiron,Free Flow,,Sauna.,1,40,39,239
05/02/2025,5:30 PM,75 min.,Flatiron,Free Flow,,Sauna..,1,40,39,278
05/02/2025,7:15 PM,75 min.,Flatiron,Guided All Around: Inner Power,,Sauna.,6,64,58,336
05/02/2025,9:00 PM,120 min.,Flatiron,Social,,Sauna.,2,30,28,364
05/02/2025,9:20 PM,120 min.,Flatiron,Social,,Sauna..,2,30,28,392
05/02/2025,9:40 PM,120 min.,Flatiron,Social,,Sauna...,3,30,27,419
05/02/2025,10:00 PM,120 min.,Flatiron,Social,,Sauna....,10,30,20,439
05/03/2025,8:00 AM,75 min.,Flatiron,Guided Down: Deep Stretch,,Sauna.,26,60,34,34
05/03/2025,9:45 AM,75 min.,Flatiron,Guided Up: Feel Good Now,,Sauna.,11,64,53,87
05/03/2025,11:30 AM,75 min.,Flatiron,Guided All Around: Reset,,Sauna.,,,,87
05/03/2025,1:30 PM,75 min.,Flatiron,Lively Free Flow,,Sauna.,1,40,39,126
05/03/2025,2:00 PM,75 min.,Flatiron,Lively Free Flow,,Sauna..,0,37,37,163
05/03/2025,2:30 PM,75 min.,Flatiron,Lively Free Flow,,Sauna...,2,35,33,196
05/03/2025,3:00 PM,75 min.,Flatiron,Lively Free Flow,,Sauna.,15,35,20,216
05/03/2025,3:30 PM,75 min.,Flatiron,Lively Free Flow,,Sauna..,20,38,18,234
05/03/2025,4:00 PM,75 min.,Flatiron,Lively Free Flow,,Sauna...,18,36,18,252
05/03/2025,4:30 PM,75 min.,Flatiron,Lively Free Flow,,Sauna.,20,34,14,266
05/03/2025,5:00 PM,75 min.,Flatiron,Lively Free Flow,,Sauna..,17,37,20,286
05/03/2025,5:30 PM,75 min.,Flatiron,Lively Free Flow,,Sauna...,24,35,11,297
05/03/2025,6:00 PM,75 min.,Flatiron,Lively Free Flow,,Sauna.,16,38,22,319
05/03/2025,7:45 PM,75 min.,Flatiron,Guided All Around: Gratitude,,Sauna.,15,64,49,368
05/03/2025,9:30 PM,120 min.,Flatiron,Social,,Sauna.,8,50,42,410
05/03/2025,9:45 PM,120 min.,Flatiron,Social,,Sauna.....,39,40,1,411
05/03/2025,10:00 PM,120 min.,Flatiron,Social,,Sauna..,17,30,13,424
05/04/2025,8:00 AM,75 min.,Flatiron,Guided All Around: Inner Power,,Sauna.,45,64,19,19
05/04/2025,9:45 AM,75 min.,Flatiron,"Guided Down: Rose, Thorn, Bud",,Sauna.,5,64,59,78
05/04/2025,11:30 AM,75 min.,Flatiron,Guided All Around: Reflect,,Sauna.,5,64,59,137
05/04/2025,1:30 PM,75 min.,Flatiron,Lively Free Flow,,Sauna.,0,40,40,177
05/04/2025,2:00 PM,75 min.,Flatiron,Lively Free Flow,,Sauna...,0,37,37,214
05/04/2025,2:30 PM,75 min.,Flatiron,Lively Free Flow,,Sauna..,0,35,35,249
05/04/2025,3:00 PM,75 min.,Flatiron,Lively Free Flow,,Sauna.,2,35,33,282
05/04/2025,3:30 PM,75 min.,Flatiron,Lively Free Flow,,Sauna...,1,38,37,319
05/04/2025,4:00 PM,75 min.,Flatiron,Lively Free Flow,,Sauna..,1,38,37,356
05/04/2025,4:30 PM,75 min.,Flatiron,Lively Free Flow,,Sauna....,4,36,32,388
05/04/2025,5:00 PM,75 min.,Flatiron,Lively Free Flow,,Sauna.....,3,37,34,422
05/04/2025,5:30 PM,75 min.,Flatiron,Lively Free Flow,,Sauna.,1,35,34,456
05/04/2025,7:15 PM,75 min.,Flatiron,Guided All Around: A-Z Emotions,,Sauna.,1,64,63,519
05/04/2025,9:00 PM,120 min.,Flatiron,Music Discovery Night,,Sauna.,6,64,58,577
04/21/2025,7:00 AM,75 min.,Flatiron,Guided All Around: Gratitude,,Sauna.,49,64,15,15
04/21/2025,8:30 AM,75 min.,Flatiron,Quieter Free Flow,,Sauna.,27,40,13,28
04/21/2025,9:00 AM,75 min.,Flatiron,Quieter Free Flow,,Sauna..,38,40,2,30
04/21/2025,9:30 AM,75 min.,Flatiron,Quieter Free Flow,,Sauna...,38,40,2,32
04/21/2025,10:00 AM,75 min.,Flatiron,Quieter Free Flow,,Sauna.,31,40,9,41
04/21/2025,10:15 AM,75 min.,Flatiron,Quieter Free Flow,,Sauna..,24,40,16,57
04/21/2025,12:00 PM,75 min.,Flatiron,Guided Down: Sound Immersion,,Sauna.,36,64,28,85
04/21/2025,2:00 PM,75 min.,Flatiron,Free Flow,,Sauna.,25,40,15,100
04/21/2025,2:30 PM,75 min.,Flatiron,Free Flow,,Sauna..,31,40,9,109
04/21/2025,3:00 PM,75 min.,Flatiron,Free Flow,,Sauna...,32,40,8,117
04/21/2025,3:30 PM,75 min.,Flatiron,Free Flow,,Sauna.,32,40,8,125
04/21/2025,3:45 PM,75 min.,Flatiron,Free Flow,,Sauna..,25,40,15,140
04/21/2025,5:30 PM,75 min.,Flatiron,Guided Up: Arctic Tundra,,Sauna.,30,64,34,174
04/21/2025,7:15 PM,75 min.,Flatiron,Guided All Around: Loving Kindness,,Sauna.,9,64,55,229
04/21/2025,9:00 PM,75 min.,Flatiron,Guided All Around: Acceptance,,Sauna.,35,64,29,258
04/22/2025,7:00 AM,75 min.,Flatiron,Guided Down: Deep Stretch,,Sauna.,36,60,24,24
04/22/2025,8:30 AM,75 min.,Flatiron,Quieter Free Flow,,Sauna.,34,40,6,30
04/22/2025,9:00 AM,75 min.,Flatiron,Quieter Free Flow,,Sauna..,36,40,4,34
04/22/2025,9:30 AM,75 min.,Flatiron,Quieter Free Flow,,Sauna...,34,40,6,40
04/22/2025,10:00 AM,75 min.,Flatiron,Quieter Free Flow,,Sauna.,34,40,6,46
04/22/2025,10:15 AM,75 min.,Flatiron,Quieter Free Flow,,Sauna..,27,40,13,59
04/22/2025,12:00 PM,75 min.,Flatiron,Guided All Around: Release,,Sauna.,39,64,25,84
04/22/2025,1:45 PM,75 min.,Flatiron,Guided Down: Pure Presence,,Sauna.,52,64,12,96
04/22/2025,3:30 PM,75 min.,Flatiron,Free Flow,,Sauna.,60,70,10,106
04/22/2025,3:45 PM,75 min.,Flatiron,Free Flow,,Sauna..,33,50,17,123
04/22/2025,5:30 PM,75 min.,Flatiron,Guided Down: Unwind,,Sauna.,2,64,62,185
04/22/2025,7:15 PM,75 min.,Flatiron,Guided Down: Pure Presence,,Sauna.,10,64,54,239
04/23/2025,7:00 AM,75 min.,Flatiron,Guided Up: Self-Care Sweat,,Sauna.,33,64,31,31
04/23/2025,8:30 AM,75 min.,Flatiron,Free Flow,,Sauna.,33,40,7,38
04/23/2025,9:00 AM,75 min.,Flatiron,Free Flow,,Sauna..,37,40,3,41
04/23/2025,9:30 AM,75 min.,Flatiron,Free Flow,,Sauna...,38,40,2,43
04/23/2025,10:00 AM,75 min.,Flatiron,Free Flow,,Sauna.,37,40,3,46
04/23/2025,10:15 AM,75 min.,Flatiron,Free Flow,,Sauna..,32,40,8,54
04/23/2025,12:00 PM,75 min.,Flatiron,Guided Down: Deep Stretch,,Sauna.,39,60,21,75
04/23/2025,3:30 PM,75 min.,Flatiron,Free Flow,,Sauna.,26,40,14,89
04/23/2025,3:45 PM,75 min.,Flatiron,Free Flow,,Sauna..,28,40,12,101
04/23/2025,5:30 PM,75 min.,Flatiron,Guided Up: Awakening,,Sauna.,20,64,44,145
04/23/2025,7:15 PM,75 min.,Flatiron,Guided All Around: Hardwiring Happiness,,Sauna.,14,64,50,195
04/23/2025,9:00 PM,75 min.,Flatiron,Free Flow,,Sauna.,0,30,30,225
04/23/2025,9:20 PM,75 min.,Flatiron,Free Flow,,Sauna..,3,30,27,252
04/23/2025,9:40 PM,75 min.,Flatiron,Free Flow,,Sauna...,7,30,23,275
04/23/2025,10:00 PM,75 min.,Flatiron,Free Flow,,Sauna....,27,30,3,278
04/24/2025,7:00 AM,75 min.,Flatiron,Guided Down: Embodied,,Sauna.,37,60,23,23
04/24/2025,8:30 AM,75 min.,Flatiron,Free Flow,,Sauna.,29,40,11,34
04/24/2025,9:00 AM,75 min.,Flatiron,Free Flow,,Sauna..,40,40,0,34
04/24/2025,9:30 AM,75 min.,Flatiron,Free Flow,,Sauna...,36,40,4,38
04/24/2025,10:00 AM,75 min.,Flatiron,Free Flow,,Sauna.,39,40,1,39
04/24/2025,10:15 AM,75 min.,Flatiron,Free Flow,,Sauna..,35,40,5,44
04/24/2025,12:00 PM,75 min.,Flatiron,Guided Down: Senses,,Sauna.,55,64,9,53
04/24/2025,1:45 PM,75 min.,Flatiron,Guided Down: Sound Immersion,,Sauna.,40,64,24,77
04/24/2025,3:30 PM,75 min.,Flatiron,Free Flow,,Sauna.,15,40,25,102
04/24/2025,4:00 PM,75 min.,Flatiron,Free Flow,,Sauna..,32,40,8,110
04/24/2025,4:30 PM,75 min.,Flatiron,Free Flow,,Sauna...,34,40,6,116
04/24/2025,5:00 PM,75 min.,Flatiron,Free Flow,,Sauna.,28,40,12,128
04/24/2025,5:30 PM,75 min.,Flatiron,Free Flow,,Sauna..,10,40,30,158
04/24/2025,7:15 PM,75 min.,Flatiron,Guided All Around: A-Z Emotions,,Sauna.,6,64,58,216
04/24/2025,9:00 PM,75 min.,Flatiron,Lively Free Flow,,Sauna.,6,30,24,240
04/24/2025,9:15 PM,75 min.,Flatiron,Lively Free Flow,,Sauna..,10,25,15,255
04/24/2025,9:30 PM,75 min.,Flatiron,Lively Free Flow,,Sauna...,27,30,3,258
04/24/2025,9:45 PM,75 min.,Flatiron,Lively Free Flow,,Sauna....,20,25,5,263
04/25/2025,7:00 AM,75 min.,Flatiron,Guided Down: Sound Immersion,,Sauna.,48,64,16,16
04/25/2025,8:45 AM,75 min.,Flatiron,Guided All Around: Gratitude,,Sauna.,46,64,18,34
04/25/2025,10:30 AM,75 min.,Flatiron,Guided All Around: Reset,,Sauna.,43,64,21,55
04/25/2025,12:15 PM,75 min.,Flatiron,Guided All Around: Inner Power,,Sauna.,48,64,16,71
04/25/2025,2:00 PM,75 min.,Flatiron,Free Flow,,Sauna.,14,40,26,97
04/25/2025,2:30 PM,75 min.,Flatiron,Free Flow,,Sauna..,30,40,10,107
04/25/2025,3:00 PM,75 min.,Flatiron,Free Flow,,Sauna...,35,40,5,112
04/25/2025,3:30 PM,75 min.,Flatiron,Free Flow,,Sauna.,17,40,23,135
04/25/2025,4:00 PM,75 min.,Flatiron,Free Flow,,Sauna..,31,40,9,144
04/25/2025,4:30 PM,75 min.,Flatiron,Free Flow,,Sauna...,23,40,17,161
04/25/2025,5:00 PM,75 min.,Flatiron,Free Flow,,Sauna.,2,40,38,199
04/25/2025,5:30 PM,75 min.,Flatiron,Free Flow,,Sauna..,4,40,36,235
04/25/2025,7:15 PM,75 min.,Flatiron,Guided All Around: Hardwiring Happiness,,Sauna.,,,,235
04/26/2025,8:00 AM,75 min.,Flatiron,Guided All Around: Reset,,Sauna.,33,64,31,31
04/26/2025,9:45 AM,75 min.,Flatiron,Guided Up: Feel Good Now,,Sauna.,3,64,61,92
04/26/2025,11:30 AM,75 min.,Flatiron,Guided All Around: Hardwiring Happiness,,Sauna.,6,64,58,150
04/26/2025,1:30 PM,75 min.,Flatiron,Lively Free Flow,,Sauna.,0,40,40,190
04/26/2025,2:00 PM,75 min.,Flatiron,Lively Free Flow,,Sauna..,2,37,35,225
04/26/2025,2:30 PM,75 min.,Flatiron,Lively Free Flow,,Sauna...,2,35,33,258
04/26/2025,3:00 PM,75 min.,Flatiron,Lively Free Flow,,Sauna.,0,35,35,293
04/26/2025,3:30 PM,75 min.,Flatiron,Lively Free Flow,,Sauna..,1,38,37,330
04/26/2025,4:00 PM,75 min.,Flatiron,Lively Free Flow,,Sauna...,0,36,36,366
04/26/2025,4:30 PM,75 min.,Flatiron,Lively Free Flow,,Sauna.,15,34,19,385
04/26/2025,5:00 PM,75 min.,Flatiron,Lively Free Flow,,Sauna..,13,37,24,409
04/26/2025,5:30 PM,75 min.,Flatiron,Lively Free Flow,,Sauna...,21,35,14,423
04/26/2025,6:00 PM,75 min.,Flatiron,Lively Free Flow,,Sauna.,16,38,22,445
04/26/2025,7:45 PM,75 min.,Flatiron,"Guided All Around: Rose, Thorn, Bud",,Sauna.,8,64,56,501
04/26/2025,9:30 PM,120 min.,Flatiron,Beat Drop: DJ Takeover,,Sauna.,5,50,45,546
04/26/2025,9:45 PM,120 min.,Flatiron,Beat Drop: DJ Takeover,,Sauna.....,18,40,22,568
04/26/2025,10:00 PM,120 min.,Flatiron,Beat Drop: DJ Takeover,,Sauna..,10,30,20,588
04/27/2025,8:00 AM,75 min.,Flatiron,Guided Down: Deep Stretch,,Sauna.,40,60,20,20
04/27/2025,9:45 AM,75 min.,Flatiron,Guided Down: Sound Immersion,,Sauna.,19,64,45,65
04/27/2025,11:30 AM,75 min.,Flatiron,Guided Down: Senses,,Sauna.,1,64,63,128
04/27/2025,1:30 PM,75 min.,Flatiron,Lively Free Flow,,Sauna.,5,40,35,163
04/27/2025,2:00 PM,75 min.,Flatiron,Lively Free Flow,,Sauna...,2,37,35,198
04/27/2025,2:30 PM,75 min.,Flatiron,Lively Free Flow,,Sauna..,1,35,34,232
04/27/2025,3:00 PM,75 min.,Flatiron,Lively Free Flow,,Sauna.,2,35,33,265
04/27/2025,3:30 PM,75 min.,Flatiron,Lively Free Flow,,Sauna...,8,38,30,295
04/27/2025,4:00 PM,75 min.,Flatiron,Lively Free Flow,,Sauna..,12,38,26,321
04/27/2025,4:30 PM,75 min.,Flatiron,Lively Free Flow,,Sauna....,0,36,36,357
04/27/2025,5:00 PM,75 min.,Flatiron,Lively Free Flow,,Sauna.....,2,37,35,392
04/27/2025,5:30 PM,75 min.,Flatiron,Lively Free Flow,,Sauna.,0,35,35,427
04/27/2025,7:15 PM,75 min.,Flatiron,Guided All Around: Heart Opener,,Sauna.,7,64,57,484
04/27/2025,9:00 PM,90 min.,Flatiron,Guided All Around: Space for Women,,Sauna.,23,64,41,525
04/14/2025,7:00 AM,75 min.,Flatiron,Guided Down: Deep Stretch,,Sauna.,45,60,15,15
04/14/2025,8:30 AM,75 min.,Flatiron,Quieter Free Flow,,Sauna.,24,40,16,31
04/14/2025,9:00 AM,75 min.,Flatiron,Quieter Free Flow,,Sauna..,38,40,2,33
04/14/2025,9:30 AM,75 min.,Flatiron,Quieter Free Flow,,Sauna...,37,40,3,36
04/14/2025,10:00 AM,75 min.,Flatiron,Quieter Free Flow,,Sauna.,28,40,12,48
04/14/2025,10:15 AM,75 min.,Flatiron,Quieter Free Flow,,Sauna..,26,40,14,62
04/14/2025,12:00 PM,75 min.,Flatiron,Guided Down: Sound Immersion,,Sauna.,36,64,28,90
04/14/2025,2:00 PM,75 min.,Flatiron,Free Flow,,Sauna.,27,40,13,103
04/14/2025,2:30 PM,75 min.,Flatiron,Free Flow,,Sauna..,37,40,3,106
04/14/2025,3:00 PM,75 min.,Flatiron,Free Flow,,Sauna...,37,40,3,109
04/14/2025,3:30 PM,75 min.,Flatiron,Free Flow,,Sauna.,31,40,9,118
04/14/2025,3:45 PM,75 min.,Flatiron,Free Flow,,Sauna..,10,40,30,148
04/14/2025,5:30 PM,75 min.,Flatiron,Guided Down: Unwind,,Sauna.,3,64,61,209
04/14/2025,7:15 PM,75 min.,Flatiron,Guided All Around: Journey Through the Elements,,Sauna.,5,64,59,268
04/14/2025,9:00 PM,75 min.,Flatiron,Guided You + Me: Relationship,Aaron Albert,Sauna.,24,58,34,302
04/15/2025,7:00 AM,75 min.,Flatiron,Guided Down: Sound Immersion,,Sauna.,47,64,17,17
04/15/2025,8:30 AM,75 min.,Flatiron,Quieter Free Flow,,Sauna.,29,40,11,28
04/15/2025,9:00 AM,75 min.,Flatiron,Quieter Free Flow,,Sauna..,37,40,3,31
04/15/2025,9:30 AM,75 min.,Flatiron,Quieter Free Flow,,Sauna...,36,40,4,35
04/15/2025,10:00 AM,75 min.,Flatiron,Quieter Free Flow,,Sauna.,35,40,5,40
04/15/2025,10:15 AM,75 min.,Flatiron,Quieter Free Flow,,Sauna..,37,40,3,43
04/15/2025,12:00 PM,75 min.,Flatiron,Guided Down: Senses,,Sauna.,52,64,12,55
04/15/2025,1:45 PM,75 min.,Flatiron,Guided All Around: Hardwiring Happiness,,Sauna.,44,64,20,75
04/15/2025,3:30 PM,75 min.,Flatiron,Free Flow,,Sauna.,50,70,20,95
04/15/2025,3:45 PM,75 min.,Flatiron,Free Flow,,Sauna..,28,50,22,117
04/15/2025,5:30 PM,75 min.,Flatiron,Guided Down: Unwind,,Sauna.,2,64,62,179
04/15/2025,7:15 PM,75 min.,Flatiron,Guided Up: Arctic Tundra,,Sauna.,3,64,61,240
04/15/2025,9:00 PM,120 min.,Flatiron,Runner's Night,,Sauna.,13,70,57,297
04/15/2025,9:15 PM,120 min.,Flatiron,Runner's Night,,Sauna..,35,50,15,312
04/16/2025,7:00 AM,75 min.,Flatiron,Guided Down: Senses,,Sauna.,37,64,27,27
04/16/2025,8:30 AM,75 min.,Flatiron,Free Flow,,Sauna.,31,40,9,36
04/16/2025,9:00 AM,75 min.,Flatiron,Free Flow,,Sauna..,39,40,1,37
04/16/2025,9:30 AM,75 min.,Flatiron,Free Flow,,Sauna...,31,40,9,46
04/16/2025,10:00 AM,75 min.,Flatiron,Free Flow,,Sauna.,37,40,3,49
04/16/2025,10:15 AM,75 min.,Flatiron,Free Flow,,Sauna..,29,40,11,60
04/16/2025,12:00 PM,75 min.,Flatiron,Guided All Around: Heart Opener,,Sauna.,16,64,48,108
04/16/2025,2:00 PM,75 min.,Flatiron,Free Flow,,Sauna.,28,40,12,120
04/16/2025,2:30 PM,75 min.,Flatiron,Free Flow,,Sauna..,30,40,10,130
04/16/2025,3:00 PM,75 min.,Flatiron,Free Flow,,Sauna...,31,40,9,139
04/16/2025,3:30 PM,75 min.,Flatiron,Free Flow,,Sauna.,38,40,2,141
04/16/2025,3:45 PM,75 min.,Flatiron,Free Flow,,Sauna..,12,40,28,169
04/16/2025,5:30 PM,75 min.,Flatiron,Guided Up: Arctic Tundra,,Sauna.,25,64,39,208
04/16/2025,7:15 PM,75 min.,Flatiron,Guided All Around: Inner Power,,Sauna.,1,64,63,271
04/16/2025,9:00 PM,75 min.,Flatiron,Free Flow,,Sauna.,0,30,30,301
04/16/2025,9:20 PM,75 min.,Flatiron,Free Flow,,Sauna..,1,30,29,330
04/16/2025,9:40 PM,75 min.,Flatiron,Free Flow,,Sauna...,19,30,11,341
04/16/2025,10:00 PM,75 min.,Flatiron,Free Flow,,Sauna....,28,30,2,343
04/17/2025,7:00 AM,75 min.,Flatiron,Guided All Around: Hardwiring Happiness,,Sauna.,48,64,16,16
04/17/2025,8:30 AM,75 min.,Flatiron,Free Flow,,Sauna.,32,40,8,24
04/17/2025,9:00 AM,75 min.,Flatiron,Free Flow,,Sauna..,31,40,9,33
04/17/2025,9:30 AM,75 min.,Flatiron,Free Flow,,Sauna...,34,40,6,39
04/17/2025,10:00 AM,75 min.,Flatiron,Free Flow,,Sauna.,39,40,1,40
04/17/2025,10:15 AM,75 min.,Flatiron,Free Flow,,Sauna..,30,40,10,50
04/17/2025,12:00 PM,75 min.,Flatiron,Guided Down: Embodied,,Sauna.,45,60,15,65
04/17/2025,1:45 PM,75 min.,Flatiron,Guided Down: Self-Care Sweat,,Sauna.,37,64,27,92
04/17/2025,3:30 PM,75 min.,Flatiron,Free Flow,,Sauna.,12,40,28,120
04/17/2025,4:00 PM,75 min.,Flatiron,Free Flow,,Sauna..,32,40,8,128
04/17/2025,4:30 PM,75 min.,Flatiron,Free Flow,,Sauna...,27,40,13,141
04/17/2025,5:00 PM,75 min.,Flatiron,Free Flow,,Sauna.,23,40,17,158
04/17/2025,5:30 PM,75 min.,Flatiron,Free Flow,,Sauna..,1,40,39,197
04/17/2025,7:15 PM,75 min.,Flatiron,Guided All Around: Loving Kindness,,Sauna.,4,64,60,257
04/17/2025,9:00 PM,75 min.,Flatiron,Lively Free Flow,,Sauna.,2,30,28,285
04/17/2025,9:15 PM,75 min.,Flatiron,Lively Free Flow,,Sauna..,13,25,12,297
04/17/2025,9:30 PM,75 min.,Flatiron,Lively Free Flow,,Sauna...,24,30,6,303
04/17/2025,9:45 PM,75 min.,Flatiron,Lively Free Flow,,Sauna....,20,25,5,308
04/18/2025,7:00 AM,75 min.,Flatiron,Guided Up: Self-Care Sweat,,Sauna.,43,64,21,21
04/18/2025,8:45 AM,75 min.,Flatiron,Guided All Around: Reset,,Sauna.,44,64,20,41
04/18/2025,10:30 AM,75 min.,Flatiron,Guided All Around: Inner Power,,Sauna.,23,64,41,82
04/18/2025,12:15 PM,75 min.,Flatiron,Guided Down: Deep Stretch,,Sauna.,5,60,55,137
04/18/2025,2:00 PM,75 min.,Flatiron,Free Flow,,Sauna.,0,40,40,177
04/18/2025,2:30 PM,75 min.,Flatiron,Free Flow,,Sauna..,7,40,33,210
04/18/2025,3:00 PM,75 min.,Flatiron,Free Flow,,Sauna...,20,40,20,230
04/18/2025,3:30 PM,75 min.,Flatiron,Free Flow,,Sauna.,5,40,35,265
04/18/2025,4:00 PM,75 min.,Flatiron,Free Flow,,Sauna..,31,40,9,274
04/18/2025,4:30 PM,75 min.,Flatiron,Free Flow,,Sauna...,6,40,34,308
04/18/2025,5:00 PM,75 min.,Flatiron,Free Flow,,Sauna.,2,40,38,346
04/18/2025,5:30 PM,75 min.,Flatiron,Free Flow,,Sauna..,1,40,39,385
04/18/2025,7:15 PM,75 min.,Flatiron,Guided All Around: Sound Immersion,,Sauna.,,,,385
04/18/2025,9:00 PM,120 min.,Flatiron,Social,,Sauna.,,,,385
04/18/2025,9:20 PM,120 min.,Flatiron,Social,,Sauna..,2,30,28,413
04/18/2025,9:40 PM,120 min.,Flatiron,Social,,Sauna...,11,30,19,432
04/18/2025,10:00 PM,120 min.,Flatiron,Social,,Sauna....,16,30,14,446
04/19/2025,8:00 AM,75 min.,Flatiron,Guided Down: Deep Stretch,,Sauna.,41,60,19,19
04/19/2025,9:45 AM,75 min.,Flatiron,Guided Up: Feel Good Now,,Sauna.,4,64,60,79
04/19/2025,11:30 AM,75 min.,Flatiron,Guided All Around: Loving Kindness,,Sauna.,,,,79
04/19/2025,1:30 PM,75 min.,Flatiron,Lively Free Flow,,Sauna.,2,40,38,117
04/19/2025,2:00 PM,75 min.,Flatiron,Lively Free Flow,,Sauna..,30,37,7,124
04/19/2025,2:30 PM,75 min.,Flatiron,Lively Free Flow,,Sauna...,27,35,8,132
04/19/2025,3:00 PM,75 min.,Flatiron,Lively Free Flow,,Sauna.,19,35,16,148
04/19/2025,3:30 PM,75 min.,Flatiron,Lively Free Flow,,Sauna..,11,38,27,175
04/19/2025,4:00 PM,75 min.,Flatiron,Lively Free Flow,,Sauna...,0,36,36,211
04/19/2025,4:30 PM,75 min.,Flatiron,Lively Free Flow,,Sauna.,1,34,33,244
04/19/2025,5:00 PM,75 min.,Flatiron,Lively Free Flow,,Sauna..,0,37,37,281
04/19/2025,5:30 PM,75 min.,Flatiron,Lively Free Flow,,Sauna...,0,35,35,316
04/19/2025,6:00 PM,75 min.,Flatiron,Lively Free Flow,,Sauna.,1,38,37,353
04/19/2025,7:45 PM,75 min.,Flatiron,Guided Up: Self-Care Sweat,,Sauna.,6,64,58,411
04/19/2025,9:30 PM,120 min.,Flatiron,Social,,Sauna.,1,50,49,460
04/19/2025,9:45 PM,120 min.,Flatiron,Social,,Sauna.....,38,40,2,462
04/19/2025,10:00 PM,120 min.,Flatiron,Social,,Sauna..,28,30,2,464
04/20/2025,8:00 AM,75 min.,Flatiron,Guided Down: Sound Immersion,,Sauna.,49,64,15,15
04/20/2025,9:45 AM,75 min.,Flatiron,"Guided Down: Rose, Thorn, Bud",,Sauna.,13,64,51,66
04/20/2025,11:30 AM,75 min.,Flatiron,Guided All Around: Release,,Sauna.,3,64,61,127
04/20/2025,1:30 PM,75 min.,Flatiron,Lively Free Flow,,Sauna.,2,40,38,165
04/20/2025,2:00 PM,75 min.,Flatiron,Lively Free Flow,,Sauna...,16,37,21,186
04/20/2025,2:30 PM,75 min.,Flatiron,Lively Free Flow,,Sauna..,19,35,16,202
04/20/2025,3:00 PM,75 min.,Flatiron,Lively Free Flow,,Sauna.,17,35,18,220
04/20/2025,3:30 PM,75 min.,Flatiron,Lively Free Flow,,Sauna...,18,38,20,240
04/20/2025,4:00 PM,75 min.,Flatiron,Lively Free Flow,,Sauna..,23,38,15,255
04/20/2025,4:30 PM,75 min.,Flatiron,Lively Free Flow,,Sauna....,15,36,21,276
04/20/2025,5:00 PM,75 min.,Flatiron,Lively Free Flow,,Sauna.....,8,37,29,305
04/20/2025,5:30 PM,75 min.,Flatiron,Lively Free Flow,,Sauna.,2,35,33,338
04/20/2025,7:15 PM,75 min.,Flatiron,Guided Down: Deep Stretch,,Sauna.,4,60,56,394
04/20/2025,9:00 PM,120 min.,Flatiron,Friend(ship): A Guided Social,,Sauna.,35,60,25,419
04/07/2025,7:00 AM,75 min.,Flatiron,Guided All Around: A-Z Emotions,,Sauna.,50,64,14,14
04/07/2025,8:30 AM,75 min.,Flatiron,Quieter Free Flow,,Sauna.,22,40,18,32
04/07/2025,9:00 AM,75 min.,Flatiron,Quieter Free Flow,,Sauna..,35,40,5,37
04/07/2025,9:30 AM,75 min.,Flatiron,Quieter Free Flow,,Sauna...,35,40,5,42
04/07/2025,10:00 AM,75 min.,Flatiron,Quieter Free Flow,,Sauna.,38,40,2,44
04/07/2025,10:15 AM,75 min.,Flatiron,Quieter Free Flow,,Sauna..,34,40,6,50
04/07/2025,12:00 PM,75 min.,Flatiron,BIPOC: Sound Immersion,,Sauna.,40,64,24,74
04/07/2025,2:00 PM,75 min.,Flatiron,Free Flow,,Sauna.,34,40,6,80
04/07/2025,2:30 PM,75 min.,Flatiron,Free Flow,,Sauna..,32,40,8,88
04/07/2025,3:00 PM,75 min.,Flatiron,Free Flow,,Sauna...,26,40,14,102
04/07/2025,3:30 PM,75 min.,Flatiron,Free Flow,,Sauna.,30,40,10,112
04/07/2025,3:45 PM,75 min.,Flatiron,Free Flow,,Sauna..,20,40,20,132
04/07/2025,5:30 PM,75 min.,Flatiron,Guided All Around: Reset,,Sauna.,,,,132
04/07/2025,7:15 PM,75 min.,Flatiron,Guided All Around: Inner Power,,Sauna.,3,64,61,193
04/07/2025,9:00 PM,75 min.,Flatiron,Guided Down: Unwind,,Sauna.,23,64,41,234
04/08/2025,7:00 AM,75 min.,Flatiron,Guided Up: Self-Care Sweat,,Sauna.,43,64,21,21
04/08/2025,8:30 AM,75 min.,Flatiron,Quieter Free Flow,,Sauna.,37,40,3,24
04/08/2025,9:00 AM,75 min.,Flatiron,Quieter Free Flow,,Sauna..,38,40,2,26
04/08/2025,9:30 AM,75 min.,Flatiron,Quieter Free Flow,,Sauna...,35,40,5,31
04/08/2025,10:00 AM,75 min.,Flatiron,Quieter Free Flow,,Sauna.,35,40,5,36
04/08/2025,10:15 AM,75 min.,Flatiron,Quieter Free Flow,,Sauna..,27,40,13,49
04/08/2025,12:00 PM,75 min.,Flatiron,Guided Up: Feel Good Now,,Sauna.,48,64,16,65
04/08/2025,1:45 PM,75 min.,Flatiron,Guided Down: Deep Stretch,,Sauna.,42,60,18,83
04/08/2025,3:30 PM,75 min.,Flatiron,Free Flow,,Sauna.,52,70,18,101
04/08/2025,3:45 PM,75 min.,Flatiron,Free Flow,,Sauna..,33,50,17,118
04/08/2025,5:30 PM,75 min.,Flatiron,Guided Down: Unwind,,Sauna.,,,,118
04/08/2025,7:15 PM,75 min.,Flatiron,Guided All Around: Inner Power,,Sauna.,9,64,55,173
04/08/2025,9:00 PM,75 min.,Flatiron,Free Flow,,Sauna.,2,30,28,201
04/08/2025,9:15 PM,75 min.,Flatiron,Free Flow,,Sauna..,6,30,24,225
04/08/2025,9:30 PM,75 min.,Flatiron,Free Flow,,Sauna...,24,30,6,231
04/08/2025,9:45 PM,75 min.,Flatiron,Free Flow,,Sauna....,28,30,2,233
04/09/2025,7:00 AM,75 min.,Flatiron,Guided Down: Deep Stretch,,Sauna.,41,60,19,19
04/09/2025,8:30 AM,75 min.,Flatiron,Free Flow,,Sauna.,29,40,11,30
04/09/2025,9:00 AM,75 min.,Flatiron,Free Flow,,Sauna..,37,40,3,33
04/09/2025,9:30 AM,75 min.,Flatiron,Free Flow,,Sauna...,35,40,5,38
04/09/2025,10:00 AM,75 min.,Flatiron,Free Flow,,Sauna.,37,40,3,41
04/09/2025,10:15 AM,75 min.,Flatiron,Free Flow,,Sauna..,31,40,9,50
04/09/2025,12:00 PM,75 min.,Flatiron,Guided Down: Pure Presence,,Sauna.,40,64,24,74
04/09/2025,2:00 PM,75 min.,Flatiron,Free Flow,,Sauna.,30,40,10,84
04/09/2025,2:30 PM,75 min.,Flatiron,Free Flow,,Sauna..,37,40,3,87
04/09/2025,3:00 PM,75 min.,Flatiron,Free Flow,,Sauna...,38,40,2,89
04/09/2025,3:30 PM,75 min.,Flatiron,Free Flow,,Sauna.,36,40,4,93
04/09/2025,3:45 PM,75 min.,Flatiron,Free Flow,,Sauna..,26,40,14,107
04/09/2025,5:30 PM,75 min.,Flatiron,Guided Up: Awakening,,Sauna.,1,64,63,170
04/09/2025,7:15 PM,75 min.,Flatiron,Guided All Around: Reset,,Sauna.,6,64,58,228
04/09/2025,9:00 PM,75 min.,Flatiron,Free Flow,,Sauna.,0,30,30,258
04/09/2025,9:20 PM,75 min.,Flatiron,Free Flow,,Sauna..,1,30,29,287
04/09/2025,9:40 PM,75 min.,Flatiron,Free Flow,,Sauna...,23,30,7,294
04/09/2025,10:00 PM,75 min.,Flatiron,Free Flow,,Sauna....,24,30,6,300
04/10/2025,7:00 AM,75 min.,Flatiron,Guided All Around: Hardwiring Happiness,,Sauna.,28,64,36,36
04/10/2025,8:30 AM,75 min.,Flatiron,Free Flow,,Sauna.,33,40,7,43
04/10/2025,9:00 AM,75 min.,Flatiron,Free Flow,,Sauna..,30,40,10,53
04/10/2025,9:30 AM,75 min.,Flatiron,Free Flow,,Sauna...,38,40,2,55
04/10/2025,10:00 AM,75 min.,Flatiron,Free Flow,,Sauna.,33,40,7,62
04/10/2025,10:15 AM,75 min.,Flatiron,Free Flow,,Sauna..,30,40,10,72
04/10/2025,1:45 PM,75 min.,Flatiron,Guided Down: Sound Immersion,,Sauna.,29,64,35,107
04/10/2025,3:30 PM,75 min.,Flatiron,Free Flow,,Sauna.,12,40,28,135
04/10/2025,4:00 PM,75 min.,Flatiron,Free Flow,,Sauna..,31,40,9,144
04/10/2025,4:30 PM,75 min.,Flatiron,Free Flow,,Sauna...,20,40,20,164
04/10/2025,5:00 PM,75 min.,Flatiron,Free Flow,,Sauna.,17,40,23,187
04/10/2025,5:30 PM,75 min.,Flatiron,Free Flow,,Sauna..,19,40,21,208
04/10/2025,7:15 PM,75 min.,Flatiron,Guided All Around: A-Z Emotions,,Sauna.,5,64,59,267
04/10/2025,9:00 PM,75 min.,Flatiron,Lively Free Flow,,Sauna.,8,30,22,289
04/10/2025,9:15 PM,75 min.,Flatiron,Lively Free Flow,,Sauna..,10,25,15,304
04/10/2025,9:30 PM,75 min.,Flatiron,Lively Free Flow,,Sauna...,18,30,12,316
04/10/2025,9:45 PM,75 min.,Flatiron,Lively Free Flow,,Sauna....,20,25,5,321
04/11/2025,8:45 AM,75 min.,Flatiron,Guided All Around: Gratitude,,Sauna.,40,64,24,24
04/11/2025,10:30 AM,75 min.,Flatiron,Guided All Around: A-Z Emotions,,Sauna.,48,64,16,40
04/11/2025,12:15 PM,75 min.,Flatiron,Guided Up: Arctic Tundra,,Sauna.,42,64,22,62
04/11/2025,2:00 PM,75 min.,Flatiron,Free Flow,,Sauna.,6,40,34,96
04/11/2025,2:30 PM,75 min.,Flatiron,Free Flow,,Sauna..,24,40,16,112
04/11/2025,3:00 PM,75 min.,Flatiron,Free Flow,,Sauna...,26,40,14,126
04/11/2025,3:30 PM,75 min.,Flatiron,Free Flow,,Sauna.,16,40,24,150
04/11/2025,4:00 PM,75 min.,Flatiron,Free Flow,,Sauna..,13,40,27,177
04/11/2025,4:30 PM,75 min.,Flatiron,Free Flow,,Sauna...,2,40,38,215
04/11/2025,5:00 PM,75 min.,Flatiron,Free Flow,,Sauna.,0,40,40,255
04/11/2025,5:30 PM,75 min.,Flatiron,Free Flow,,Sauna..,3,40,37,292
04/11/2025,7:15 PM,75 min.,Flatiron,Guided All Around: Release,,Sauna.,,,,292
04/11/2025,9:00 PM,120 min.,Flatiron,Social,,Sauna.,3,30,27,319
04/11/2025,9:20 PM,120 min.,Flatiron,Social,,Sauna..,1,30,29,348
04/11/2025,9:40 PM,120 min.,Flatiron,Social,,Sauna...,5,30,25,373
04/11/2025,10:00 PM,120 min.,Flatiron,Social,,Sauna....,21,30,9,382
04/12/2025,8:00 AM,75 min.,Flatiron,Guided Down: Pure Presence,,Sauna.,17,64,47,47
04/12/2025,9:45 AM,75 min.,Flatiron,Guided All Around: Release,,Sauna.,12,64,52,99
04/12/2025,11:30 AM,75 min.,Flatiron,Guided All Around: Hardwiring Happiness,,Sauna.,2,64,62,161
04/12/2025,1:30 PM,75 min.,Flatiron,Lively Free Flow,,Sauna.,0,40,40,201
04/12/2025,2:00 PM,75 min.,Flatiron,Lively Free Flow,,Sauna..,3,37,34,235
04/12/2025,2:30 PM,75 min.,Flatiron,Lively Free Flow,,Sauna...,3,35,32,267
04/12/2025,3:00 PM,75 min.,Flatiron,Lively Free Flow,,Sauna.,2,35,33,300
04/12/2025,3:30 PM,75 min.,Flatiron,Lively Free Flow,,Sauna..,7,38,31,331
04/12/2025,4:00 PM,75 min.,Flatiron,Lively Free Flow,,Sauna...,14,36,22,353
04/12/2025,4:30 PM,75 min.,Flatiron,Lively Free Flow,,Sauna.,8,34,26,379
04/12/2025,5:00 PM,75 min.,Flatiron,Lively Free Flow,,Sauna..,14,37,23,402
04/12/2025,5:30 PM,75 min.,Flatiron,Lively Free Flow,,Sauna...,15,35,20,422
04/12/2025,6:00 PM,75 min.,Flatiron,Lively Free Flow,,Sauna.,3,38,35,457
04/12/2025,7:45 PM,75 min.,Flatiron,"Guided All Around: Rose, Thorn, Bud",,Sauna.,16,64,48,505
04/12/2025,9:30 PM,120 min.,Flatiron,Beat Drop: DJ Takeover,,Sauna.,,,,505
04/12/2025,9:45 PM,120 min.,Flatiron,Beat Drop: DJ Takeover,,Sauna.....,4,40,36,541
04/12/2025,10:00 PM,120 min.,Flatiron,Beat Drop: DJ Takeover,,Sauna..,,,,541
04/13/2025,8:00 AM,75 min.,Flatiron,Guided Down: Pure Presence,,Sauna.,44,64,20,20
04/13/2025,9:45 AM,75 min.,Flatiron,Guided Down: Sound Immersion,,Sauna.,13,64,51,71
04/13/2025,11:30 AM,75 min.,Flatiron,Guided Down: Senses,,Sauna.,4,64,60,131
04/13/2025,1:30 PM,75 min.,Flatiron,Lively Free Flow,,Sauna.,0,40,40,171
04/13/2025,2:00 PM,75 min.,Flatiron,Lively Free Flow,,Sauna...,4,37,33,204
04/13/2025,2:30 PM,75 min.,Flatiron,Lively Free Flow,,Sauna..,1,35,34,238
04/13/2025,3:00 PM,75 min.,Flatiron,Lively Free Flow,,Sauna.,0,35,35,273
04/13/2025,3:30 PM,75 min.,Flatiron,Lively Free Flow,,Sauna...,0,38,38,311
04/13/2025,4:00 PM,75 min.,Flatiron,Lively Free Flow,,Sauna..,0,38,38,349
04/13/2025,4:30 PM,75 min.,Flatiron,Lively Free Flow,,Sauna....,1,36,35,384
04/13/2025,5:00 PM,75 min.,Flatiron,Lively Free Flow,,Sauna.....,1,37,36,420
04/13/2025,5:30 PM,75 min.,Flatiron,Lively Free Flow,,Sauna.,1,35,34,454
04/13/2025,7:15 PM,75 min.,Flatiron,Guided All Around: Gratitude,,Sauna.,2,64,62,516
04/13/2025,9:00 PM,75 min.,Flatiron,"Guided All Around: Rose, Thorn, Bud",,Sauna.,32,64,32,548
03/31/2025,7:00 AM,75 min.,Flatiron,Guided Up: Self-Care Sweat,,Sauna.,39,64,25,25
03/31/2025,8:30 AM,75 min.,Flatiron,Quieter Free Flow,,Sauna.,20,40,20,45
03/31/2025,9:00 AM,75 min.,Flatiron,Quieter Free Flow,,Sauna..,34,40,6,51
03/31/2025,9:30 AM,75 min.,Flatiron,Quieter Free Flow,,Sauna...,33,40,7,58
03/31/2025,10:00 AM,75 min.,Flatiron,Quieter Free Flow,,Sauna.,39,40,1,59
03/31/2025,10:15 AM,75 min.,Flatiron,Quieter Free Flow,,Sauna..,32,40,8,67
03/31/2025,12:00 PM,75 min.,Flatiron,Guided Down: Sound Immersion,,Sauna.,45,64,19,86
03/31/2025,2:00 PM,75 min.,Flatiron,Free Flow,,Sauna.,31,40,9,95
03/31/2025,2:30 PM,75 min.,Flatiron,Free Flow,,Sauna..,31,40,9,104
03/31/2025,3:00 PM,75 min.,Flatiron,Free Flow,,Sauna...,36,40,4,108
03/31/2025,3:30 PM,75 min.,Flatiron,Free Flow,,Sauna.,26,40,14,122
03/31/2025,3:45 PM,75 min.,Flatiron,Free Flow,,Sauna..,23,40,17,139
03/31/2025,5:30 PM,75 min.,Flatiron,Guided Down: Unwind,,Sauna.,5,64,59,198
03/31/2025,7:15 PM,75 min.,Flatiron,Guided All Around: Journey Through the Elements,,Sauna.,2,64,62,260
03/31/2025,9:00 PM,75 min.,Flatiron,Guided Down: Pure Presence,,Sauna.,27,64,37,297
04/01/2025,7:00 AM,75 min.,Flatiron,Guided Down: Embodied,,Sauna.,40,60,20,20
04/01/2025,8:30 AM,75 min.,Flatiron,Quieter Free Flow,,Sauna.,11,40,29,49
04/01/2025,9:00 AM,75 min.,Flatiron,Quieter Free Flow,,Sauna..,34,40,6,55
04/01/2025,9:30 AM,75 min.,Flatiron,Quieter Free Flow,,Sauna...,35,40,5,60
04/01/2025,10:00 AM,75 min.,Flatiron,Quieter Free Flow,,Sauna.,36,40,4,64
04/01/2025,10:15 AM,75 min.,Flatiron,Quieter Free Flow,,Sauna..,37,40,3,67
04/01/2025,12:00 PM,75 min.,Flatiron,Guided Up: Arctic Tundra,,Sauna.,53,64,11,78
04/01/2025,1:45 PM,75 min.,Flatiron,Guided All Around: Hardwiring Happiness,,Sauna.,36,64,28,106
04/01/2025,3:30 PM,75 min.,Flatiron,Free Flow,,Sauna.,53,70,17,123
04/01/2025,3:45 PM,75 min.,Flatiron,Free Flow,,Sauna..,37,50,13,136
04/01/2025,5:30 PM,75 min.,Flatiron,Guided Down: Unwind,,Sauna.,7,64,57,193
04/01/2025,7:15 PM,75 min.,Flatiron,Guided All Around: Acceptance,,Sauna.,,,,193
04/02/2025,7:00 AM,75 min.,Flatiron,Guided Up: Awakening,,Sauna.,32,64,32,32
04/02/2025,8:30 AM,75 min.,Flatiron,Free Flow,,Sauna.,29,40,11,43
04/02/2025,9:00 AM,75 min.,Flatiron,Free Flow,,Sauna..,37,40,3,46
04/02/2025,9:30 AM,75 min.,Flatiron,Free Flow,,Sauna...,34,40,6,52
04/02/2025,10:00 AM,75 min.,Flatiron,Free Flow,,Sauna.,35,40,5,57
04/02/2025,10:15 AM,75 min.,Flatiron,Free Flow,,Sauna..,36,40,4,61
04/02/2025,12:00 PM,75 min.,Flatiron,Guided All Around: Heart Opener,,Sauna.,43,64,21,82
04/02/2025,2:00 PM,75 min.,Flatiron,Free Flow,,Sauna.,24,40,16,98
04/02/2025,2:30 PM,75 min.,Flatiron,Free Flow,,Sauna..,33,40,7,105
04/02/2025,3:00 PM,75 min.,Flatiron,Free Flow,,Sauna...,36,40,4,109
04/02/2025,3:30 PM,75 min.,Flatiron,Free Flow,,Sauna.,39,40,1,110
04/02/2025,3:45 PM,75 min.,Flatiron,Free Flow,,Sauna..,34,40,6,116
04/02/2025,5:30 PM,75 min.,Flatiron,Guided Up: Arctic Tundra,,Sauna.,22,64,42,158
04/02/2025,7:15 PM,75 min.,Flatiron,Guided All Around: Hardwiring Happiness,,Sauna.,4,64,60,218
04/02/2025,9:00 PM,75 min.,Flatiron,Free Flow,,Sauna.,4,30,26,244
04/02/2025,9:20 PM,75 min.,Flatiron,Free Flow,,Sauna..,3,30,27,271
04/02/2025,9:40 PM,75 min.,Flatiron,Free Flow,,Sauna...,10,30,20,291
04/02/2025,10:00 PM,75 min.,Flatiron,Free Flow,,Sauna....,25,30,5,296
04/03/2025,7:00 AM,75 min.,Flatiron,Guided All Around: A-Z Emotions,,Sauna.,42,64,22,22
04/03/2025,8:30 AM,75 min.,Flatiron,Free Flow,,Sauna.,32,40,8,30
04/03/2025,9:00 AM,75 min.,Flatiron,Free Flow,,Sauna..,37,40,3,33
04/03/2025,9:30 AM,75 min.,Flatiron,Free Flow,,Sauna...,35,40,5,38
04/03/2025,10:00 AM,75 min.,Flatiron,Free Flow,,Sauna.,27,40,13,51
04/03/2025,10:15 AM,75 min.,Flatiron,Free Flow,,Sauna..,23,40,17,68
04/03/2025,2:30 PM,75 min.,Flatiron,Free Flow,,Sauna....,24,40,16,84
04/03/2025,3:00 PM,75 min.,Flatiron,Free Flow,,Sauna.....,29,40,11,95
04/03/2025,3:30 PM,75 min.,Flatiron,Free Flow,,Sauna.,32,40,8,103
04/03/2025,4:00 PM,75 min.,Flatiron,Free Flow,,Sauna..,28,40,12,115
04/03/2025,4:30 PM,75 min.,Flatiron,Free Flow,,Sauna...,34,40,6,121
04/03/2025,5:00 PM,75 min.,Flatiron,Free Flow,,Sauna.,1,40,39,160
04/03/2025,5:30 PM,75 min.,Flatiron,Free Flow,,Sauna..,2,40,38,198
04/03/2025,7:15 PM,75 min.,Flatiron,Guided All Around: Heart Opener,,Sauna.,,,,198
04/03/2025,9:00 PM,75 min.,Flatiron,Lively Free Flow,,Sauna.,1,30,29,227
04/03/2025,9:15 PM,75 min.,Flatiron,Lively Free Flow,,Sauna..,12,25,13,240
04/03/2025,9:30 PM,75 min.,Flatiron,Lively Free Flow,,Sauna...,18,30,12,252
04/03/2025,9:45 PM,75 min.,Flatiron,Lively Free Flow,,Sauna....,24,25,1,253
04/04/2025,7:00 AM,75 min.,Flatiron,Guided Down: Sound Immersion,,Sauna.,40,64,24,24
04/04/2025,8:45 AM,75 min.,Flatiron,Guided Down: Deep Stretch,,Sauna.,36,60,24,48
04/04/2025,10:30 AM,75 min.,Flatiron,Guided All Around: Reset,,Sauna.,37,64,27,75
04/04/2025,12:15 PM,75 min.,Flatiron,Guided Up: Self-Care Sweat,,Sauna.,49,64,15,90
04/04/2025,2:00 PM,75 min.,Flatiron,Free Flow,,Sauna.,15,40,25,115
04/04/2025,2:30 PM,75 min.,Flatiron,Free Flow,,Sauna..,29,40,11,126
04/04/2025,3:00 PM,75 min.,Flatiron,Free Flow,,Sauna...,31,40,9,135
04/04/2025,3:30 PM,75 min.,Flatiron,Free Flow,,Sauna.,25,40,15,150
04/04/2025,4:00 PM,75 min.,Flatiron,Free Flow,,Sauna..,25,40,15,165
04/04/2025,4:30 PM,75 min.,Flatiron,Free Flow,,Sauna...,3,40,37,202
04/04/2025,5:00 PM,75 min.,Flatiron,Free Flow,,Sauna.,1,40,39,241
04/04/2025,5:30 PM,75 min.,Flatiron,Free Flow,,Sauna..,1,40,39,280
04/04/2025,7:15 PM,75 min.,Flatiron,Guided All Around: Sound Immersion,,Sauna.,2,64,62,342
04/04/2025,9:00 PM,120 min.,Flatiron,Social,,Sauna.,4,30,26,368
04/04/2025,9:20 PM,120 min.,Flatiron,Social,,Sauna..,2,30,28,396
04/04/2025,9:40 PM,120 min.,Flatiron,Social,,Sauna...,2,30,28,424
04/05/2025,8:00 AM,75 min.,Flatiron,Guided All Around: Hardwiring Happiness,,Sauna.,25,60,35,35
04/05/2025,9:45 AM,75 min.,Flatiron,Guided Up: Feel Good Now,,Sauna.,6,64,58,93
04/05/2025,11:30 AM,75 min.,Flatiron,Guided All Around: Reset,,Sauna.,7,64,57,150
04/05/2025,1:30 PM,75 min.,Flatiron,Lively Free Flow,,Sauna.,4,40,36,186
04/05/2025,2:00 PM,75 min.,Flatiron,Lively Free Flow,,Sauna..,3,37,34,220
04/05/2025,2:30 PM,75 min.,Flatiron,Lively Free Flow,,Sauna...,3,35,32,252
04/05/2025,3:00 PM,75 min.,Flatiron,Lively Free Flow,,Sauna.,1,35,34,286
04/05/2025,3:30 PM,75 min.,Flatiron,Lively Free Flow,,Sauna..,1,38,37,323
04/05/2025,4:00 PM,75 min.,Flatiron,Lively Free Flow,,Sauna...,0,36,36,359
04/05/2025,4:30 PM,75 min.,Flatiron,Lively Free Flow,,Sauna.,3,34,31,390
04/05/2025,5:00 PM,75 min.,Flatiron,Lively Free Flow,,Sauna..,7,37,30,420
04/05/2025,5:30 PM,75 min.,Flatiron,Lively Free Flow,,Sauna...,15,35,20,440
04/05/2025,6:00 PM,75 min.,Flatiron,Lively Free Flow,,Sauna.,0,38,38,478
04/05/2025,7:45 PM,75 min.,Flatiron,Guided All Around: Gratitude,,Sauna.,2,64,62,540
04/05/2025,9:30 PM,120 min.,Flatiron,Social,,Sauna.,2,50,48,588
04/05/2025,9:45 PM,120 min.,Flatiron,Social,,Sauna.....,30,40,10,598
04/05/2025,10:00 PM,120 min.,Flatiron,Social,,Sauna..,11,30,19,617
04/06/2025,8:00 AM,75 min.,Flatiron,Guided Down: Sound Immersion,,Sauna.,35,64,29,29
04/06/2025,9:45 AM,75 min.,Flatiron,"Guided Down: Rose, Thorn, Bud",,Sauna.,1,64,63,92
04/06/2025,11:30 AM,75 min.,Flatiron,"Guided All Around: Rose, Thorn, Bud",,Sauna.,6,64,58,150
04/06/2025,1:30 PM,75 min.,Flatiron,Lively Free Flow,,Sauna.,1,40,39,189
04/06/2025,2:00 PM,75 min.,Flatiron,Lively Free Flow,,Sauna...,1,37,36,225
04/06/2025,2:30 PM,75 min.,Flatiron,Lively Free Flow,,Sauna..,1,35,34,259
04/06/2025,3:00 PM,75 min.,Flatiron,Lively Free Flow,,Sauna.,1,35,34,293
04/06/2025,3:30 PM,75 min.,Flatiron,Lively Free Flow,,Sauna...,0,38,38,331
04/06/2025,4:00 PM,75 min.,Flatiron,Lively Free Flow,,Sauna..,3,38,35,366
04/06/2025,4:30 PM,75 min.,Flatiron,Lively Free Flow,,Sauna....,0,36,36,402
04/06/2025,5:00 PM,75 min.,Flatiron,Lively Free Flow,,Sauna.....,0,37,37,439
04/06/2025,5:30 PM,75 min.,Flatiron,Lively Free Flow,,Sauna.,3,35,32,471
04/06/2025,7:15 PM,75 min.,Flatiron,Guided All Around: A-Z Emotions,,Sauna.,,,,471
04/06/2025,9:00 PM,75 min.,Flatiron,Guided Down: Deep Stretch,,Sauna.,23,60,37,508
03/24/2025,7:00 AM,75 min.,Flatiron,Quieter Free Flow,,Sauna.,27,40,13,13
03/24/2025,7:30 AM,75 min.,Flatiron,Quieter Free Flow,,Sauna..,25,40,15,28
03/24/2025,8:00 AM,75 min.,Flatiron,Quieter Free Flow,,Sauna...,32,40,8,36
03/24/2025,8:30 AM,75 min.,Flatiron,Quieter Free Flow,,Sauna.,32,40,8,44
03/24/2025,9:00 AM,75 min.,Flatiron,Quieter Free Flow,,Sauna..,35,40,5,49
03/24/2025,9:30 AM,75 min.,Flatiron,Quieter Free Flow,,Sauna...,36,40,4,53
03/24/2025,10:00 AM,75 min.,Flatiron,Quieter Free Flow,,Sauna.,38,40,2,55
03/24/2025,10:15 AM,75 min.,Flatiron,Quieter Free Flow,,Sauna..,29,40,11,66
03/24/2025,12:00 PM,75 min.,Flatiron,Guided Down: Deep Stretch,,Sauna.,36,60,24,90
03/24/2025,2:00 PM,75 min.,Flatiron,Free Flow,,Sauna.,24,40,16,106
03/24/2025,2:30 PM,75 min.,Flatiron,Free Flow,,Sauna..,24,40,16,122
03/24/2025,3:00 PM,75 min.,Flatiron,Free Flow,,Sauna...,35,40,5,127
03/24/2025,3:30 PM,75 min.,Flatiron,Free Flow,,Sauna.,32,40,8,135
03/24/2025,3:45 PM,75 min.,Flatiron,Free Flow,,Sauna..,23,40,17,152
03/24/2025,5:30 PM,75 min.,Flatiron,Guided Down: Sound Immersion,,Sauna.,1,64,63,215
03/24/2025,7:15 PM,75 min.,Flatiron,Guided All Around: Journey Through the Elements,,Sauna.,5,64,59,274
03/24/2025,9:00 PM,120 min.,Flatiron,Comedy Night,,Sauna.,7,75,68,342
03/25/2025,3:30 PM,75 min.,Flatiron,Free Flow,,Sauna.,54,70,16,16
03/25/2025,3:45 PM,75 min.,Flatiron,Free Flow,,Sauna..,30,50,20,36
03/25/2025,5:30 PM,75 min.,Flatiron,Guided Down: Unwind,,Sauna.,3,64,61,97
03/25/2025,7:15 PM,75 min.,Flatiron,Guided All Around: Gratitude,,Sauna.,4,64,60,157
03/25/2025,9:00 PM,75 min.,Flatiron,Free Flow,,Sauna.,6,30,24,181
03/25/2025,9:15 PM,75 min.,Flatiron,Free Flow,,Sauna..,16,30,14,195
03/25/2025,9:30 PM,75 min.,Flatiron,Free Flow,,Sauna...,22,30,8,203
03/25/2025,9:45 PM,75 min.,Flatiron,Free Flow,,Sauna....,22,30,8,211
03/26/2025,7:00 AM,75 min.,Flatiron,Guided Up: Feel Good Now,Aaron Albert,Sauna.,20,64,44,44
03/26/2025,8:30 AM,75 min.,Flatiron,Free Flow,,Sauna.,27,40,13,57
03/26/2025,9:00 AM,75 min.,Flatiron,Free Flow,,Sauna..,38,40,2,59
03/26/2025,9:30 AM,75 min.,Flatiron,Free Flow,,Sauna...,37,40,3,62
03/26/2025,10:00 AM,75 min.,Flatiron,Free Flow,,Sauna.,38,40,2,64
03/26/2025,10:15 AM,75 min.,Flatiron,Free Flow,,Sauna..,33,40,7,71
03/26/2025,12:00 PM,75 min.,Flatiron,Guided Down: Embodied,,Sauna.,30,60,30,101
03/26/2025,2:00 PM,75 min.,Flatiron,Free Flow,,Sauna.,29,40,11,112
03/26/2025,2:30 PM,75 min.,Flatiron,Free Flow,,Sauna..,34,40,6,118
03/26/2025,3:00 PM,75 min.,Flatiron,Free Flow,,Sauna...,35,40,5,123
03/26/2025,3:30 PM,75 min.,Flatiron,Free Flow,,Sauna.,28,40,12,135
03/26/2025,3:45 PM,75 min.,Flatiron,Free Flow,,Sauna..,26,40,14,149
03/26/2025,5:30 PM,75 min.,Flatiron,Guided Down: Sound Immersion,,Sauna.,8,64,56,205
03/26/2025,7:15 PM,75 min.,Flatiron,Guided All Around: Hardwiring Happiness,,Sauna.,3,64,61,266
03/26/2025,9:00 PM,75 min.,Flatiron,Free Flow,,Sauna.,3,30,27,293
03/26/2025,9:20 PM,75 min.,Flatiron,Free Flow,,Sauna..,19,30,11,304
03/26/2025,9:40 PM,75 min.,Flatiron,Free Flow,,Sauna...,27,30,3,307
03/26/2025,10:00 PM,75 min.,Flatiron,Free Flow,,Sauna....,27,30,3,310
03/27/2025,7:00 AM,75 min.,Flatiron,Guided Down: Embodied,,Sauna.,43,60,17,17
03/27/2025,8:30 AM,75 min.,Flatiron,Free Flow,,Sauna.,31,40,9,26
03/27/2025,9:00 AM,75 min.,Flatiron,Free Flow,,Sauna..,34,40,6,32
03/27/2025,9:30 AM,75 min.,Flatiron,Free Flow,,Sauna...,34,40,6,38
03/27/2025,10:00 AM,75 min.,Flatiron,Free Flow,,Sauna.,34,40,6,44
03/27/2025,10:15 AM,75 min.,Flatiron,Free Flow,,Sauna..,25,40,15,59
03/27/2025,12:00 PM,75 min.,Flatiron,Guided All Around: Inner Power,,Sauna.,29,64,35,94
03/27/2025,1:45 PM,75 min.,Flatiron,Guided Down: Deep Stretch,,Sauna.,45,64,19,113
03/27/2025,5:30 PM,75 min.,Flatiron,Free Flow,,Sauna..,4,40,36,149
03/27/2025,7:15 PM,75 min.,Flatiron,Guided All Around: Heart Opener,,Sauna.,5,64,59,208
03/27/2025,9:00 PM,75 min.,Flatiron,Lively Free Flow,,Sauna.,2,30,28,236
03/27/2025,9:15 PM,75 min.,Flatiron,Lively Free Flow,,Sauna..,,,,236
03/27/2025,9:30 PM,75 min.,Flatiron,Lively Free Flow,,Sauna...,17,30,13,249
03/27/2025,9:45 PM,75 min.,Flatiron,Lively Free Flow,,Sauna....,14,25,11,260
03/28/2025,7:00 AM,75 min.,Flatiron,Guided All Around: Inner Power,,Sauna.,15,64,49,49
03/28/2025,8:45 AM,75 min.,Flatiron,Guided Down: Self-Care Sweat,,Sauna.,17,64,47,96
03/28/2025,10:30 AM,75 min.,Flatiron,Guided All Around: Heart Opener,,Sauna.,39,64,25,121
03/28/2025,12:15 PM,75 min.,Flatiron,Guided Up: Arctic Tundra,,Sauna.,39,64,25,146
03/28/2025,2:00 PM,75 min.,Flatiron,Free Flow,,Sauna.,9,40,31,177
03/28/2025,2:30 PM,75 min.,Flatiron,Free Flow,,Sauna..,25,40,15,192
03/28/2025,3:00 PM,75 min.,Flatiron,Free Flow,,Sauna...,25,40,15,207
03/28/2025,3:30 PM,75 min.,Flatiron,Free Flow,,Sauna.,22,40,18,225
03/28/2025,4:00 PM,75 min.,Flatiron,Free Flow,,Sauna..,3,40,37,262
03/28/2025,4:30 PM,75 min.,Flatiron,Free Flow,,Sauna...,10,40,30,292
03/28/2025,5:00 PM,75 min.,Flatiron,Free Flow,,Sauna.,0,40,40,332
03/28/2025,5:30 PM,75 min.,Flatiron,Free Flow,,Sauna..,4,40,36,368
03/28/2025,7:15 PM,75 min.,Flatiron,Guided Down: Sound Immersion,,Sauna.,6,64,58,426
03/29/2025,8:00 AM,75 min.,Flatiron,Guided Down: Sound Immersion,,Sauna.,36,64,28,28
03/29/2025,9:45 AM,75 min.,Flatiron,Guided All Around: Release,,Sauna.,7,64,57,85
03/29/2025,11:30 AM,75 min.,Flatiron,Guided All Around: A-Z Emotions,,Sauna.,1,64,63,148
03/29/2025,1:30 PM,75 min.,Flatiron,Lively Free Flow,,Sauna.,1,40,39,187
03/29/2025,2:00 PM,75 min.,Flatiron,Lively Free Flow,,Sauna..,30,37,7,194
03/29/2025,2:30 PM,75 min.,Flatiron,Lively Free Flow,,Sauna...,23,35,12,206
03/29/2025,3:00 PM,75 min.,Flatiron,Lively Free Flow,,Sauna.,13,35,22,228
03/29/2025,3:30 PM,75 min.,Flatiron,Lively Free Flow,,Sauna..,26,38,12,240
03/29/2025,4:00 PM,75 min.,Flatiron,Lively Free Flow,,Sauna...,19,36,17,257
03/29/2025,4:30 PM,75 min.,Flatiron,Lively Free Flow,,Sauna.,25,34,9,266
03/29/2025,5:00 PM,75 min.,Flatiron,Lively Free Flow,,Sauna..,28,37,9,275
03/29/2025,5:30 PM,75 min.,Flatiron,Lively Free Flow,,Sauna...,25,35,10,285
03/29/2025,6:00 PM,75 min.,Flatiron,Lively Free Flow,,Sauna.,5,38,33,318
03/29/2025,7:45 PM,75 min.,Flatiron,Guided All Around: Gratitude,,Sauna.,6,64,58,376
03/29/2025,9:30 PM,120 min.,Flatiron,Beat Drop: DJ Takeover,,Sauna.,2,50,48,424
03/29/2025,9:45 PM,120 min.,Flatiron,Beat Drop: DJ Takeover,,Sauna.....,2,40,38,462
03/29/2025,10:00 PM,120 min.,Flatiron,Beat Drop: DJ Takeover,,Sauna..,3,30,27,489
03/30/2025,8:00 AM,75 min.,Flatiron,Guided Down: Senses,,Sauna.,42,64,22,22
03/30/2025,9:45 AM,75 min.,Flatiron,Guided Down: Sound Immersion,,Sauna.,4,64,60,82
03/30/2025,11:30 AM,75 min.,Flatiron,Guided Down: Unwind,,Sauna.,4,64,60,142
03/30/2025,1:30 PM,75 min.,Flatiron,Lively Free Flow,,Sauna.,3,40,37,179
03/30/2025,2:00 PM,75 min.,Flatiron,Lively Free Flow,,Sauna...,1,37,36,215
03/30/2025,2:30 PM,75 min.,Flatiron,Lively Free Flow,,Sauna..,0,35,35,250
03/30/2025,3:00 PM,75 min.,Flatiron,Lively Free Flow,,Sauna.,1,35,34,284
03/30/2025,3:30 PM,75 min.,Flatiron,Lively Free Flow,,Sauna...,0,38,38,322
03/30/2025,4:00 PM,75 min.,Flatiron,Lively Free Flow,,Sauna..,5,38,33,355
03/30/2025,4:30 PM,75 min.,Flatiron,Lively Free Flow,,Sauna....,0,36,36,391
03/30/2025,5:00 PM,75 min.,Flatiron,Lively Free Flow,,Sauna.....,1,37,36,427
03/30/2025,5:30 PM,75 min.,Flatiron,Lively Free Flow,,Sauna.,0,35,35,462
03/30/2025,9:00 PM,75 min.,Flatiron,Guided Down: Pure Presence,,Sauna.,24,64,40,502
03/17/2025,7:00 AM,75 min.,Flatiron,Quieter Free Flow,,Sauna.,29,40,11,11
03/17/2025,7:30 AM,75 min.,Flatiron,Quieter Free Flow,,Sauna..,27,40,13,24
03/17/2025,8:00 AM,75 min.,Flatiron,Quieter Free Flow,,Sauna...,34,40,6,30
03/17/2025,8:30 AM,75 min.,Flatiron,Quieter Free Flow,,Sauna.,34,40,6,36
03/17/2025,9:00 AM,75 min.,Flatiron,Quieter Free Flow,,Sauna..,36,40,4,40
03/17/2025,9:30 AM,75 min.,Flatiron,Quieter Free Flow,,Sauna...,37,40,3,43
03/17/2025,10:00 AM,75 min.,Flatiron,Quieter Free Flow,,Sauna.,36,40,4,47
03/17/2025,10:15 AM,75 min.,Flatiron,Quieter Free Flow,,Sauna..,24,40,16,63
03/17/2025,12:00 PM,75 min.,Flatiron,Guided Down: Deep Stretch,,Sauna.,33,60,27,90
03/17/2025,2:00 PM,75 min.,Flatiron,Free Flow,,Sauna.,19,40,21,111
03/17/2025,2:30 PM,75 min.,Flatiron,Free Flow,,Sauna..,30,40,10,121
03/17/2025,3:00 PM,75 min.,Flatiron,Free Flow,,Sauna...,33,40,7,128
03/17/2025,3:30 PM,75 min.,Flatiron,Free Flow,,Sauna.,30,40,10,138
03/17/2025,3:45 PM,75 min.,Flatiron,Free Flow,,Sauna..,15,40,25,163
03/17/2025,5:30 PM,75 min.,Flatiron,Guided All Around: Inner Power,,Sauna.,8,64,56,219
03/17/2025,7:15 PM,75 min.,Flatiron,Guided All Around: Loving Kindness,,Sauna.,,,,219
03/17/2025,9:00 PM,75 min.,Flatiron,Guided Down: Pure Presence,,Sauna.,30,64,34,253
03/18/2025,7:00 AM,75 min.,Flatiron,Guided Up: Awakening,,Sauna.,41,64,23,23
03/18/2025,8:30 AM,75 min.,Flatiron,Quieter Free Flow,,Sauna.,25,40,15,38
03/18/2025,9:00 AM,75 min.,Flatiron,Quieter Free Flow,,Sauna..,33,40,7,45
03/18/2025,9:30 AM,75 min.,Flatiron,Quieter Free Flow,,Sauna...,35,40,5,50
03/18/2025,10:00 AM,75 min.,Flatiron,Quieter Free Flow,,Sauna.,35,40,5,55
03/18/2025,10:15 AM,75 min.,Flatiron,Quieter Free Flow,,Sauna..,31,40,9,64
03/18/2025,12:00 PM,75 min.,Flatiron,Guided All Around: Inner Power,,Sauna.,49,64,15,79
03/18/2025,1:45 PM,75 min.,Flatiron,Guided All Around: Heart Opener,,Sauna.,30,64,34,113
03/18/2025,3:30 PM,75 min.,Flatiron,Free Flow,,Sauna.,56,70,14,127
03/18/2025,3:45 PM,75 min.,Flatiron,Free Flow,,Sauna..,31,50,19,146
03/18/2025,9:00 PM,75 min.,Flatiron,Free Flow,,Sauna.,2,30,28,174
03/18/2025,9:15 PM,75 min.,Flatiron,Free Flow,,Sauna..,0,30,30,204
03/18/2025,9:30 PM,75 min.,Flatiron,Free Flow,,Sauna...,10,30,20,224
03/18/2025,9:45 PM,75 min.,Flatiron,Free Flow,,Sauna....,24,30,6,230
03/19/2025,7:00 AM,75 min.,Flatiron,Guided Up: Feel Good Now,Aaron Albert,Sauna.,31,64,33,33
03/19/2025,8:30 AM,75 min.,Flatiron,Free Flow,,Sauna.,35,40,5,38
03/19/2025,9:00 AM,75 min.,Flatiron,Free Flow,,Sauna..,35,40,5,43
03/19/2025,9:30 AM,75 min.,Flatiron,Free Flow,,Sauna...,39,40,1,44
03/19/2025,10:00 AM,75 min.,Flatiron,Free Flow,,Sauna.,35,40,5,49
03/19/2025,10:15 AM,75 min.,Flatiron,Free Flow,,Sauna..,34,40,6,55
03/19/2025,12:00 PM,75 min.,Flatiron,Guided All Around: Inner Power,,Sauna.,39,64,25,80
03/19/2025,2:00 PM,75 min.,Flatiron,Free Flow,,Sauna.,40,40,0,80
03/19/2025,2:30 PM,75 min.,Flatiron,Free Flow,,Sauna..,40,40,0,80
03/19/2025,3:00 PM,75 min.,Flatiron,Free Flow,,Sauna...,28,40,12,92
03/19/2025,3:30 PM,75 min.,Flatiron,Free Flow,,Sauna.,34,40,6,98
03/19/2025,3:45 PM,75 min.,Flatiron,Free Flow,,Sauna..,22,40,18,116
03/19/2025,5:30 PM,75 min.,Flatiron,Guided Down: Embodied,,Sauna.,3,60,57,173
03/19/2025,7:15 PM,75 min.,Flatiron,Guided All Around: A-Z Emotions,,Sauna.,5,64,59,232
03/19/2025,9:00 PM,75 min.,Flatiron,Free Flow,,Sauna.,2,30,28,260
03/19/2025,9:20 PM,75 min.,Flatiron,Free Flow,,Sauna..,2,30,28,288
03/19/2025,9:40 PM,75 min.,Flatiron,Free Flow,,Sauna...,8,30,22,310
03/19/2025,10:00 PM,75 min.,Flatiron,Free Flow,,Sauna....,22,30,8,318
03/20/2025,7:00 AM,75 min.,Flatiron,Guided Down: Embodied,,Sauna.,32,60,28,28
03/20/2025,8:30 AM,75 min.,Flatiron,Free Flow,,Sauna.,26,40,14,42
03/20/2025,9:00 AM,75 min.,Flatiron,Free Flow,,Sauna..,31,40,9,51
03/20/2025,9:30 AM,75 min.,Flatiron,Free Flow,,Sauna...,37,40,3,54
03/20/2025,10:00 AM,75 min.,Flatiron,Free Flow,,Sauna.,35,40,5,59
03/20/2025,10:15 AM,75 min.,Flatiron,Free Flow,,Sauna..,32,40,8,67
03/20/2025,12:00 PM,75 min.,Flatiron,Guided Down: Deep Stretch,,Sauna.,43,64,21,88
03/20/2025,1:45 PM,75 min.,Flatiron,Guided Down: Self-Care Sweat,,Sauna.,36,64,28,116
03/20/2025,3:30 PM,75 min.,Flatiron,Free Flow,,Sauna.,3,40,37,153
03/20/2025,4:00 PM,75 min.,Flatiron,Free Flow,,Sauna..,22,40,18,171
03/20/2025,4:30 PM,75 min.,Flatiron,Free Flow,,Sauna...,32,40,8,179
03/20/2025,5:00 PM,75 min.,Flatiron,Free Flow,,Sauna.,12,40,28,207
03/20/2025,5:30 PM,75 min.,Flatiron,Free Flow,,Sauna..,4,40,36,243
03/20/2025,7:15 PM,75 min.,Flatiron,Guided All Around: Release,,Sauna.,4,64,60,303
03/20/2025,9:00 PM,75 min.,Flatiron,Lively Free Flow,,Sauna.,1,30,29,332
03/20/2025,9:15 PM,75 min.,Flatiron,Lively Free Flow,,Sauna..,4,25,21,353
03/20/2025,9:30 PM,75 min.,Flatiron,Lively Free Flow,,Sauna...,15,30,15,368
03/20/2025,9:45 PM,75 min.,Flatiron,Lively Free Flow,,Sauna....,18,25,7,375
03/21/2025,7:00 AM,75 min.,Flatiron,Guided All Around: Inner Power,,Sauna.,40,64,24,24
03/21/2025,8:45 AM,75 min.,Flatiron,Guided All Around: Gratitude,,Sauna.,34,64,30,54
03/21/2025,10:30 AM,75 min.,Flatiron,Guided All Around: Reset,,Sauna.,44,64,20,74
03/21/2025,12:15 PM,75 min.,Flatiron,Guided All Around: Hardwiring Happiness,,Sauna.,27,64,37,111
03/21/2025,2:00 PM,75 min.,Flatiron,Free Flow,,Sauna.,25,40,15,126
03/21/2025,2:30 PM,75 min.,Flatiron,Free Flow,,Sauna..,28,40,12,138
03/21/2025,3:00 PM,75 min.,Flatiron,Free Flow,,Sauna...,31,40,9,147
03/21/2025,3:30 PM,75 min.,Flatiron,Free Flow,,Sauna.,27,40,13,160
03/21/2025,4:00 PM,75 min.,Flatiron,Free Flow,,Sauna..,16,40,24,184
03/21/2025,4:30 PM,75 min.,Flatiron,Free Flow,,Sauna...,6,40,34,218
03/21/2025,5:00 PM,75 min.,Flatiron,Free Flow,,Sauna.,3,40,37,255
03/21/2025,5:30 PM,75 min.,Flatiron,Free Flow,,Sauna..,1,40,39,294
03/21/2025,7:15 PM,75 min.,Flatiron,Guided Down: Sound Immersion,,Sauna.,,,,294
03/21/2025,9:00 PM,120 min.,Flatiron,Social,,Sauna.,,,,294
03/21/2025,9:20 PM,120 min.,Flatiron,Social,,Sauna..,1,30,29,323
03/21/2025,9:40 PM,120 min.,Flatiron,Social,,Sauna...,3,30,27,350
03/21/2025,10:00 PM,120 min.,Flatiron,Social,,Sauna....,6,30,24,374
03/22/2025,8:00 AM,75 min.,Flatiron,Guided Down: Sound Immersion,,Sauna.,36,64,28,28
03/22/2025,9:45 AM,75 min.,Flatiron,Guided Up: Feel Good Now,,Sauna.,5,64,59,87
03/22/2025,11:30 AM,75 min.,Flatiron,Guided Down: Unwind,,Sauna.,6,64,58,145
03/22/2025,1:30 PM,75 min.,Flatiron,Lively Free Flow,,Sauna.,2,40,38,183
03/22/2025,2:00 PM,75 min.,Flatiron,Lively Free Flow,,Sauna..,3,37,34,217
03/22/2025,2:30 PM,75 min.,Flatiron,Lively Free Flow,,Sauna...,0,35,35,252
03/22/2025,3:00 PM,75 min.,Flatiron,Lively Free Flow,,Sauna.,2,35,33,285
03/22/2025,3:30 PM,75 min.,Flatiron,Lively Free Flow,,Sauna..,3,38,35,320
03/22/2025,4:00 PM,75 min.,Flatiron,Lively Free Flow,,Sauna...,11,36,25,345
03/22/2025,4:30 PM,75 min.,Flatiron,Lively Free Flow,,Sauna.,18,34,16,361
03/22/2025,5:00 PM,75 min.,Flatiron,Lively Free Flow,,Sauna..,18,37,19,380
03/22/2025,5:30 PM,75 min.,Flatiron,Lively Free Flow,,Sauna...,17,35,18,398
03/22/2025,6:00 PM,75 min.,Flatiron,Lively Free Flow,,Sauna.,14,38,24,422
03/22/2025,7:45 PM,75 min.,Flatiron,Guided All Around: Loving Kindness,,Sauna.,5,64,59,481
03/22/2025,9:30 PM,120 min.,Flatiron,Beat Drop: DJ Takeover,,Sauna.,4,70,66,547
03/22/2025,10:00 PM,120 min.,Flatiron,Beat Drop: DJ Takeover,,Sauna..,5,50,45,592
03/23/2025,8:00 AM,75 min.,Flatiron,Guided All Around: Inner Power,,Sauna.,31,64,33,33
03/23/2025,9:45 AM,75 min.,Flatiron,Guided All Around: Release,,Sauna.,3,64,61,94
03/23/2025,11:30 AM,75 min.,Flatiron,Guided Down: Senses,,Sauna.,9,64,55,149
03/23/2025,1:30 PM,75 min.,Flatiron,Lively Free Flow,,Sauna.,3,40,37,186
03/23/2025,2:00 PM,75 min.,Flatiron,Lively Free Flow,,Sauna...,1,37,36,222
03/23/2025,2:30 PM,75 min.,Flatiron,Lively Free Flow,,Sauna..,0,35,35,257
03/23/2025,3:00 PM,75 min.,Flatiron,Lively Free Flow,,Sauna.,1,35,34,291
03/23/2025,3:30 PM,75 min.,Flatiron,Lively Free Flow,,Sauna...,4,38,34,325
03/23/2025,4:00 PM,75 min.,Flatiron,Lively Free Flow,,Sauna..,0,38,38,363
03/23/2025,4:30 PM,75 min.,Flatiron,Lively Free Flow,,Sauna....,0,36,36,399
03/23/2025,5:00 PM,75 min.,Flatiron,Lively Free Flow,,Sauna.....,1,37,36,435
03/23/2025,5:30 PM,75 min.,Flatiron,Lively Free Flow,,Sauna.,3,35,32,467
03/23/2025,7:15 PM,75 min.,Flatiron,Guided All Around: Reset,,Sauna.,6,64,58,525
03/23/2025,9:00 PM,75 min.,Flatiron,Guided All Around: Heart Opener,,Sauna.,19,64,45,570
03/10/2025,7:00 AM,75 min.,Flatiron,Quieter Free Flow,,Sauna.,32,40,8,8
03/10/2025,7:30 AM,75 min.,Flatiron,Quieter Free Flow,,Sauna..,27,40,13,21
03/10/2025,8:00 AM,75 min.,Flatiron,Quieter Free Flow,,Sauna...,38,40,2,23
03/10/2025,8:30 AM,75 min.,Flatiron,Quieter Free Flow,,Sauna.,31,40,9,32
03/10/2025,9:00 AM,75 min.,Flatiron,Quieter Free Flow,,Sauna..,37,40,3,35
03/10/2025,9:30 AM,75 min.,Flatiron,Quieter Free Flow,,Sauna...,35,40,5,40
03/10/2025,10:00 AM,75 min.,Flatiron,Quieter Free Flow,,Sauna.,34,40,6,46
03/10/2025,10:15 AM,75 min.,Flatiron,Quieter Free Flow,,Sauna..,30,40,10,56
03/10/2025,12:00 PM,75 min.,Flatiron,Guided Down: Deep Stretch,,Sauna.,26,60,34,90
03/10/2025,2:00 PM,75 min.,Flatiron,Free Flow,,Sauna.,24,40,16,106
03/10/2025,2:30 PM,75 min.,Flatiron,Free Flow,,Sauna..,34,40,6,112
03/10/2025,3:00 PM,75 min.,Flatiron,Free Flow,,Sauna...,33,40,7,119
03/10/2025,3:30 PM,75 min.,Flatiron,Free Flow,,Sauna.,27,40,13,132
03/10/2025,3:45 PM,75 min.,Flatiron,Free Flow,,Sauna..,17,40,23,155
03/10/2025,5:30 PM,75 min.,Flatiron,Guided Down: Sound Immersion,,Sauna.,7,64,57,212
03/10/2025,7:15 PM,75 min.,Flatiron,Guided Down: Pure Presence,,Sauna.,1,64,63,275
03/11/2025,7:00 AM,75 min.,Flatiron,Guided Up: Awakening,,Sauna.,45,64,19,19
03/11/2025,8:30 AM,75 min.,Flatiron,Quieter Free Flow,,Sauna.,31,40,9,28
03/11/2025,9:00 AM,75 min.,Flatiron,Quieter Free Flow,,Sauna..,37,40,3,31
03/11/2025,9:30 AM,75 min.,Flatiron,Quieter Free Flow,,Sauna...,37,40,3,34
03/11/2025,10:00 AM,75 min.,Flatiron,Quieter Free Flow,,Sauna.,33,40,7,41
03/11/2025,10:15 AM,75 min.,Flatiron,Quieter Free Flow,,Sauna..,34,40,6,47
03/11/2025,12:00 PM,75 min.,Flatiron,Guided All Around: Inner Power,,Sauna.,49,64,15,62
03/11/2025,1:45 PM,75 min.,Flatiron,Guided All Around: A-Z Emotions,,Sauna.,44,64,20,82
03/11/2025,3:30 PM,75 min.,Flatiron,Free Flow,,Sauna.,58,70,12,94
03/11/2025,3:45 PM,75 min.,Flatiron,Free Flow,,Sauna..,32,50,18,112
03/11/2025,5:30 PM,75 min.,Flatiron,Guided All Around: Inner Power,,Sauna.,5,64,59,171
03/11/2025,7:15 PM,90 min.,Flatiron,🏳️‍🌈 Queer Night - Guided Up: Awakening 🏳️‍🌈,,Sauna.,,,,171
03/11/2025,9:15 PM,75 min.,Flatiron,Free Flow,,Sauna..,1,37,36,207
03/11/2025,9:30 PM,75 min.,Flatiron,Free Flow,,Sauna...,29,37,8,215
03/11/2025,9:45 PM,75 min.,Flatiron,Free Flow,,Sauna....,23,30,7,222
03/12/2025,7:00 AM,75 min.,Flatiron,Guided Up: Feel Good Now,Aaron Albert,Sauna.,26,64,38,38
03/12/2025,8:30 AM,75 min.,Flatiron,Free Flow,,Sauna.,30,40,10,48
03/12/2025,9:00 AM,75 min.,Flatiron,Free Flow,,Sauna..,35,40,5,53
03/12/2025,9:30 AM,75 min.,Flatiron,Free Flow,,Sauna...,38,40,2,55
03/12/2025,10:00 AM,75 min.,Flatiron,Free Flow,,Sauna.,34,40,6,61
03/12/2025,10:15 AM,75 min.,Flatiron,Free Flow,,Sauna..,34,40,6,67
03/12/2025,12:00 PM,75 min.,Flatiron,Guided Down: Embodied,,Sauna.,33,60,27,94
03/12/2025,2:00 PM,75 min.,Flatiron,Free Flow,,Sauna.,21,40,19,113
03/12/2025,2:30 PM,75 min.,Flatiron,Free Flow,,Sauna..,36,40,4,117
03/12/2025,3:00 PM,75 min.,Flatiron,Free Flow,,Sauna...,37,40,3,120
03/12/2025,3:30 PM,75 min.,Flatiron,Free Flow,,Sauna.,33,40,7,127
03/12/2025,3:45 PM,75 min.,Flatiron,Free Flow,,Sauna..,27,40,13,140
03/12/2025,5:30 PM,75 min.,Flatiron,Guided Down: Sound Immersion,,Sauna.,2,64,62,202
03/12/2025,7:15 PM,75 min.,Flatiron,Guided All Around: Hardwiring Happiness,,Sauna.,4,64,60,262
03/12/2025,9:00 PM,75 min.,Flatiron,Free Flow,,Sauna.,2,30,28,290
03/12/2025,9:20 PM,75 min.,Flatiron,Free Flow,,Sauna..,12,30,18,308
03/12/2025,9:40 PM,75 min.,Flatiron,Free Flow,,Sauna...,19,30,11,319
03/12/2025,10:00 PM,75 min.,Flatiron,Free Flow,,Sauna....,27,30,3,322
03/13/2025,7:00 AM,75 min.,Flatiron,Guided Down: Embodied,,Sauna.,36,60,24,24
03/13/2025,10:15 AM,75 min.,Flatiron,Free Flow,,Sauna..,24,40,16,40
03/13/2025,12:00 PM,75 min.,Flatiron,Guided All Around: Sound Immersion,,Sauna.,30,64,34,74
03/13/2025,1:45 PM,75 min.,Flatiron,Guided Down: Deep Stretch,,Sauna.,42,64,22,96
03/13/2025,3:30 PM,75 min.,Flatiron,Free Flow,,Sauna.,28,40,12,108
03/13/2025,4:00 PM,75 min.,Flatiron,Free Flow,,Sauna..,29,40,11,119
03/13/2025,4:30 PM,75 min.,Flatiron,Free Flow,,Sauna...,31,40,9,128
03/13/2025,5:00 PM,75 min.,Flatiron,Free Flow,,Sauna.,13,40,27,155
03/13/2025,5:30 PM,75 min.,Flatiron,Free Flow,,Sauna..,3,40,37,192
03/13/2025,7:15 PM,75 min.,Flatiron,Guided Up: Feel Good Now,,Sauna.,8,64,56,248
03/13/2025,9:00 PM,75 min.,Flatiron,Lively Free Flow,,Sauna.,,,,248
03/13/2025,9:15 PM,75 min.,Flatiron,Lively Free Flow,,Sauna..,6,25,19,267
03/13/2025,9:30 PM,75 min.,Flatiron,Lively Free Flow,,Sauna...,18,30,12,279
03/13/2025,9:45 PM,75 min.,Flatiron,Lively Free Flow,,Sauna....,18,25,7,286
03/14/2025,7:00 AM,75 min.,Flatiron,Guided Down: Deep Stretch,,Sauna.,36,60,24,24
03/14/2025,8:45 AM,75 min.,Flatiron,Guided All Around: Gratitude,,Sauna.,25,64,39,63
03/14/2025,10:30 AM,75 min.,Flatiron,Guided All Around: Inner Power,,Sauna.,23,64,41,104
03/14/2025,12:15 PM,75 min.,Flatiron,Guided Up: Arctic Tundra,,Sauna.,26,64,38,142
03/14/2025,2:00 PM,75 min.,Flatiron,Free Flow,,Sauna.,26,40,14,156
03/14/2025,2:30 PM,75 min.,Flatiron,Free Flow,,Sauna..,34,40,6,162
03/14/2025,3:00 PM,75 min.,Flatiron,Free Flow,,Sauna...,21,40,19,181
03/14/2025,3:30 PM,75 min.,Flatiron,Free Flow,,Sauna.,22,40,18,199
03/14/2025,4:00 PM,75 min.,Flatiron,Free Flow,,Sauna..,19,40,21,220
03/14/2025,4:30 PM,75 min.,Flatiron,Free Flow,,Sauna...,18,40,22,242
03/14/2025,5:00 PM,75 min.,Flatiron,Free Flow,,Sauna.,4,40,36,278
03/14/2025,5:30 PM,75 min.,Flatiron,Free Flow,,Sauna..,4,40,36,314
03/14/2025,7:15 PM,90 min.,Flatiron,Guided All Around: Space for Women,,Sauna.,2,64,62,376
03/14/2025,9:15 PM,120 min.,Flatiron,Social,,Sauna.,2,30,28,404
03/14/2025,9:30 PM,120 min.,Flatiron,Social,,Sauna..,2,30,28,432
03/14/2025,9:45 PM,120 min.,Flatiron,Social,,Sauna...,3,30,27,459
03/14/2025,10:00 PM,120 min.,Flatiron,Social,,Sauna....,10,30,20,479
03/15/2025,8:00 AM,75 min.,Flatiron,Guided Down: Sound Immersion,,Sauna.,34,64,30,30
03/15/2025,9:45 AM,75 min.,Flatiron,Guided All Around: Release,,Sauna.,9,64,55,85
03/15/2025,11:30 AM,75 min.,Flatiron,Guided All Around: A-Z Emotions,,Sauna.,,,,85
03/15/2025,1:30 PM,75 min.,Flatiron,Lively Free Flow,,Sauna.,4,40,36,121
03/15/2025,2:00 PM,75 min.,Flatiron,Lively Free Flow,,Sauna..,11,37,26,147
03/15/2025,2:30 PM,75 min.,Flatiron,Lively Free Flow,,Sauna...,1,35,34,181
03/15/2025,3:00 PM,75 min.,Flatiron,Lively Free Flow,,Sauna.,0,35,35,216
03/15/2025,3:30 PM,75 min.,Flatiron,Lively Free Flow,,Sauna..,2,38,36,252
03/15/2025,4:00 PM,75 min.,Flatiron,Lively Free Flow,,Sauna...,0,36,36,288
03/15/2025,4:30 PM,75 min.,Flatiron,Lively Free Flow,,Sauna.,1,34,33,321
03/15/2025,5:00 PM,75 min.,Flatiron,Lively Free Flow,,Sauna..,3,37,34,355
03/15/2025,5:30 PM,75 min.,Flatiron,Lively Free Flow,,Sauna...,15,35,20,375
03/15/2025,6:00 PM,75 min.,Flatiron,Lively Free Flow,,Sauna.,8,38,30,405
03/15/2025,7:45 PM,75 min.,Flatiron,"Guided All Around: Rose, Thorn, Bud",,Sauna.,,,,405
03/15/2025,9:30 PM,120 min.,Flatiron,Social,,Sauna.,,,,405
03/15/2025,9:45 PM,120 min.,Flatiron,Social,,Sauna.....,31,40,9,414
03/15/2025,10:00 PM,120 min.,Flatiron,Social,,Sauna..,25,30,5,419
03/16/2025,8:00 AM,75 min.,Flatiron,Guided Down: Senses,,Sauna.,25,64,39,39
03/16/2025,9:45 AM,75 min.,Flatiron,Guided Down: Sound Immersion,,Sauna.,2,64,62,101
03/16/2025,11:30 AM,75 min.,Flatiron,Guided Down: Self-Care Sweat,,Sauna.,7,64,57,158
03/16/2025,1:30 PM,75 min.,Flatiron,Lively Free Flow,,Sauna.,2,40,38,196
03/16/2025,2:00 PM,75 min.,Flatiron,Lively Free Flow,,Sauna...,2,37,35,231
03/16/2025,2:30 PM,75 min.,Flatiron,Lively Free Flow,,Sauna..,0,35,35,266
03/16/2025,3:00 PM,75 min.,Flatiron,Lively Free Flow,,Sauna.,14,35,21,287
03/16/2025,3:30 PM,75 min.,Flatiron,Lively Free Flow,,Sauna...,0,38,38,325
03/16/2025,4:00 PM,75 min.,Flatiron,Lively Free Flow,,Sauna..,1,38,37,362
03/16/2025,4:30 PM,75 min.,Flatiron,Lively Free Flow,,Sauna....,0,36,36,398
03/16/2025,5:00 PM,75 min.,Flatiron,Lively Free Flow,,Sauna.....,3,38,35,433
03/16/2025,5:30 PM,75 min.,Flatiron,Lively Free Flow,,Sauna.,0,35,35,468
03/16/2025,7:15 PM,75 min.,Flatiron,Guided All Around: A-Z Emotions,,Sauna.,6,64,58,526
03/16/2025,9:00 PM,75 min.,Flatiron,"Guided All Around: Rose, Thorn, Bud",,Sauna.,17,64,47,573
03/03/2025,7:00 AM,75 min.,Flatiron,Quieter Free Flow,,Sauna.,18,40,22,22
03/03/2025,7:30 AM,75 min.,Flatiron,Quieter Free Flow,,Sauna..,27,40,13,35
03/03/2025,8:00 AM,75 min.,Flatiron,Quieter Free Flow,,Sauna...,35,40,5,40
03/03/2025,8:30 AM,75 min.,Flatiron,Quieter Free Flow,,Sauna.,35,40,5,45
03/03/2025,9:00 AM,75 min.,Flatiron,Quieter Free Flow,,Sauna..,34,40,6,51
03/03/2025,9:30 AM,75 min.,Flatiron,Quieter Free Flow,,Sauna...,39,40,1,52
03/03/2025,10:00 AM,75 min.,Flatiron,Quieter Free Flow,,Sauna.,38,40,2,54
03/03/2025,10:15 AM,75 min.,Flatiron,Quieter Free Flow,,Sauna..,27,40,13,67
03/03/2025,12:00 PM,75 min.,Flatiron,Guided Down: Deep Stretch,,Sauna.,35,60,25,92
03/03/2025,2:00 PM,75 min.,Flatiron,Free Flow,,Sauna.,21,40,19,111
03/03/2025,2:30 PM,75 min.,Flatiron,Free Flow,,Sauna..,31,40,9,120
03/03/2025,3:00 PM,75 min.,Flatiron,Free Flow,,Sauna...,32,40,8,128
03/03/2025,3:30 PM,75 min.,Flatiron,Free Flow,,Sauna.,33,40,7,135
03/03/2025,3:45 PM,75 min.,Flatiron,Free Flow,,Sauna..,25,40,15,150
03/03/2025,5:30 PM,75 min.,Flatiron,Guided All Around: Inner Power,,Sauna.,7,64,57,207
03/03/2025,7:15 PM,75 min.,Flatiron,Guided All Around: Loving Kindness,,Sauna.,6,64,58,265
03/03/2025,9:00 PM,75 min.,Flatiron,Guided Down: Senses,,Sauna.,43,64,21,286
03/04/2025,7:00 AM,75 min.,Flatiron,Guided Up: Awakening,,Sauna.,47,64,17,17
03/04/2025,8:30 AM,75 min.,Flatiron,Quieter Free Flow,,Sauna.,30,40,10,27
03/04/2025,9:00 AM,75 min.,Flatiron,Quieter Free Flow,,Sauna..,40,40,0,27
03/04/2025,9:30 AM,75 min.,Flatiron,Quieter Free Flow,,Sauna...,39,40,1,28
03/04/2025,10:00 AM,75 min.,Flatiron,Quieter Free Flow,,Sauna.,35,40,5,33
03/04/2025,10:15 AM,75 min.,Flatiron,Quieter Free Flow,,Sauna..,33,40,7,40
03/04/2025,12:00 PM,75 min.,Flatiron,Guided All Around: Inner Power,,Sauna.,52,64,12,52
03/04/2025,1:45 PM,75 min.,Flatiron,Guided All Around: Heart Opener,,Sauna.,57,64,7,59
03/04/2025,3:30 PM,75 min.,Flatiron,Free Flow,,Sauna.,56,70,14,73
03/04/2025,3:45 PM,75 min.,Flatiron,Free Flow,,Sauna..,27,50,23,96
03/04/2025,5:30 PM,75 min.,Flatiron,Guided All Around: Sound Immersion,,Sauna.,5,64,59,155
03/04/2025,7:15 PM,75 min.,Flatiron,Guided All Around: Acceptance,,Sauna.,2,64,62,217
03/04/2025,9:00 PM,75 min.,Flatiron,Free Flow,,Sauna.,2,30,28,245
03/04/2025,9:15 PM,75 min.,Flatiron,Free Flow,,Sauna..,17,30,13,258
03/04/2025,9:30 PM,75 min.,Flatiron,Free Flow,,Sauna...,24,30,6,264
03/04/2025,9:45 PM,75 min.,Flatiron,Free Flow,,Sauna....,25,30,5,269
03/05/2025,7:00 AM,75 min.,Flatiron,Guided Up: Feel Good Now,Aaron Albert,Sauna.,27,64,37,37
03/05/2025,8:30 AM,75 min.,Flatiron,Free Flow,,Sauna.,30,40,10,47
03/05/2025,9:00 AM,75 min.,Flatiron,Free Flow,,Sauna..,38,40,2,49
03/05/2025,9:30 AM,75 min.,Flatiron,Free Flow,,Sauna...,32,40,8,57
03/05/2025,10:00 AM,75 min.,Flatiron,Free Flow,,Sauna.,34,40,6,63
03/05/2025,10:15 AM,75 min.,Flatiron,Free Flow,,Sauna..,36,40,4,67
03/05/2025,2:00 PM,75 min.,Flatiron,Free Flow,,Sauna.,21,40,19,86
03/05/2025,2:30 PM,75 min.,Flatiron,Free Flow,,Sauna..,32,40,8,94
03/05/2025,3:00 PM,75 min.,Flatiron,Free Flow,,Sauna...,39,40,1,95
03/05/2025,3:30 PM,75 min.,Flatiron,Free Flow,,Sauna.,36,40,4,99
03/05/2025,3:45 PM,75 min.,Flatiron,Free Flow,,Sauna..,19,40,21,120
03/05/2025,5:30 PM,75 min.,Flatiron,Guided Down: Embodied,,Sauna.,7,60,53,173
03/05/2025,7:15 PM,75 min.,Flatiron,Guided All Around: A-Z Emotions,,Sauna.,7,64,57,230
03/05/2025,9:00 PM,75 min.,Flatiron,Free Flow,,Sauna.,2,30,28,258
03/05/2025,9:20 PM,75 min.,Flatiron,Free Flow,,Sauna..,5,30,25,283
03/05/2025,9:40 PM,75 min.,Flatiron,Free Flow,,Sauna...,23,30,7,290
03/05/2025,10:00 PM,75 min.,Flatiron,Free Flow,,Sauna....,25,30,5,295
03/06/2025,7:00 AM,75 min.,Flatiron,Guided All Around: Inner Power,,Sauna.,45,64,19,19
03/06/2025,8:30 AM,75 min.,Flatiron,Free Flow,,Sauna.,27,40,13,32
03/06/2025,9:00 AM,75 min.,Flatiron,Free Flow,,Sauna..,37,40,3,35
03/06/2025,9:30 AM,75 min.,Flatiron,Free Flow,,Sauna...,34,40,6,41
03/06/2025,10:00 AM,75 min.,Flatiron,Free Flow,,Sauna.,40,40,0,41
03/06/2025,10:15 AM,75 min.,Flatiron,Free Flow,,Sauna..,24,40,16,57
03/06/2025,12:00 PM,75 min.,Flatiron,Guided All Around: Reflect,,Sauna.,51,64,13,70
03/06/2025,1:45 PM,75 min.,Flatiron,Guided Down: Self-Care Sweat,,Sauna.,31,64,33,103
03/06/2025,3:30 PM,75 min.,Flatiron,Free Flow,,Sauna.,20,40,20,123
03/06/2025,4:00 PM,75 min.,Flatiron,Free Flow,,Sauna..,32,40,8,131
03/06/2025,4:30 PM,75 min.,Flatiron,Free Flow,,Sauna...,27,40,13,144
03/06/2025,5:00 PM,75 min.,Flatiron,Free Flow,,Sauna.,15,40,25,169
03/06/2025,5:30 PM,75 min.,Flatiron,Free Flow,,Sauna..,1,40,39,208
03/06/2025,7:15 PM,75 min.,Flatiron,Guided All Around: Release,,Sauna.,5,64,59,267
03/06/2025,9:00 PM,75 min.,Flatiron,Lively Free Flow,,Sauna.,1,30,29,296
03/06/2025,9:15 PM,75 min.,Flatiron,Lively Free Flow,,Sauna..,5,25,20,316
03/06/2025,9:30 PM,75 min.,Flatiron,Lively Free Flow,,Sauna...,21,30,9,325
03/06/2025,9:45 PM,75 min.,Flatiron,Lively Free Flow,,Sauna....,17,25,8,333
03/07/2025,7:00 AM,75 min.,Flatiron,Guided Down: Deep Stretch,,Sauna.,37,60,23,23
03/07/2025,8:45 AM,75 min.,Flatiron,Guided Up: Self-Care Sweat,,Sauna.,33,64,31,54
03/07/2025,10:30 AM,75 min.,Flatiron,Guided All Around: Reset,,Sauna.,41,64,23,77
03/07/2025,12:15 PM,75 min.,Flatiron,Guided All Around: Hardwiring Happiness,,Sauna.,32,64,32,109
03/07/2025,2:00 PM,75 min.,Flatiron,Free Flow,,Sauna.,21,40,19,128
03/07/2025,2:30 PM,75 min.,Flatiron,Free Flow,,Sauna..,30,40,10,138
03/07/2025,3:00 PM,75 min.,Flatiron,Free Flow,,Sauna...,23,40,17,155
03/07/2025,3:30 PM,75 min.,Flatiron,Free Flow,,Sauna.,31,40,9,164
03/07/2025,4:00 PM,75 min.,Flatiron,Free Flow,,Sauna..,17,40,23,187
03/07/2025,4:30 PM,75 min.,Flatiron,Free Flow,,Sauna...,11,40,29,216
03/07/2025,5:00 PM,75 min.,Flatiron,Free Flow,,Sauna.,2,40,38,254
03/07/2025,5:30 PM,75 min.,Flatiron,Free Flow,,Sauna..,3,40,37,291
03/07/2025,7:15 PM,75 min.,Flatiron,Guided All Around: Heart Opener,,Sauna.,1,64,63,354
03/07/2025,9:00 PM,120 min.,Flatiron,Social,,Sauna.,,,,354
03/07/2025,9:20 PM,120 min.,Flatiron,Social,,Sauna..,1,30,29,383
03/07/2025,9:40 PM,120 min.,Flatiron,Social,,Sauna...,3,30,27,410
03/07/2025,10:00 PM,120 min.,Flatiron,Social,,Sauna....,8,30,22,432
03/08/2025,8:00 AM,75 min.,Flatiron,Guided Down: Sound Immersion,,Sauna.,22,64,42,42
03/08/2025,9:45 AM,75 min.,Flatiron,Guided Up: Feel Good Now,,Sauna.,3,64,61,103
03/08/2025,11:30 AM,75 min.,Flatiron,Guided Down: Unwind,,Sauna.,2,64,62,165
03/08/2025,1:30 PM,75 min.,Flatiron,Lively Free Flow,,Sauna.,1,40,39,204
03/08/2025,2:00 PM,75 min.,Flatiron,Lively Free Flow,,Sauna..,3,37,34,238
03/08/2025,2:30 PM,75 min.,Flatiron,Lively Free Flow,,Sauna...,0,35,35,273
03/08/2025,3:00 PM,75 min.,Flatiron,Lively Free Flow,,Sauna.,0,35,35,308
03/08/2025,3:30 PM,75 min.,Flatiron,Lively Free Flow,,Sauna..,4,38,34,342
03/08/2025,4:00 PM,75 min.,Flatiron,Lively Free Flow,,Sauna...,1,36,35,377
03/08/2025,4:30 PM,75 min.,Flatiron,Lively Free Flow,,Sauna.,3,34,31,408
03/08/2025,5:00 PM,75 min.,Flatiron,Lively Free Flow,,Sauna..,16,37,21,429
03/08/2025,5:30 PM,75 min.,Flatiron,Lively Free Flow,,Sauna...,7,35,28,457
03/08/2025,6:00 PM,75 min.,Flatiron,Lively Free Flow,,Sauna.,11,38,27,484
03/08/2025,7:45 PM,75 min.,Flatiron,Guided All Around: Loving Kindness,,Sauna.,2,64,62,546
03/08/2025,9:30 PM,120 min.,Flatiron,Beat Drop: DJ Takeover,,Sauna.,4,70,66,612
03/08/2025,10:00 PM,120 min.,Flatiron,Beat Drop: DJ Takeover,,Sauna..,10,50,40,652
03/09/2025,8:00 AM,75 min.,Flatiron,Guided Down: Sound Immersion,,Sauna.,27,64,37,37
03/09/2025,9:45 AM,75 min.,Flatiron,Guided All Around: Gratitude,,Sauna.,7,64,57,94
03/09/2025,11:30 AM,75 min.,Flatiron,Guided Down: Unwind,,Sauna.,8,64,56,150
03/09/2025,1:30 PM,75 min.,Flatiron,Lively Free Flow,,Sauna.,3,40,37,187
03/09/2025,2:00 PM,75 min.,Flatiron,Lively Free Flow,,Sauna...,3,37,34,221
03/09/2025,2:30 PM,75 min.,Flatiron,Lively Free Flow,,Sauna..,3,35,32,253
03/09/2025,3:00 PM,75 min.,Flatiron,Lively Free Flow,,Sauna.,1,35,34,287
03/09/2025,3:30 PM,75 min.,Flatiron,Lively Free Flow,,Sauna...,2,38,36,323
03/09/2025,4:00 PM,75 min.,Flatiron,Lively Free Flow,,Sauna..,0,38,38,361
03/09/2025,4:30 PM,75 min.,Flatiron,Lively Free Flow,,Sauna....,0,36,36,397
03/09/2025,5:00 PM,75 min.,Flatiron,Lively Free Flow,,Sauna.....,0,37,37,434
03/09/2025,5:30 PM,75 min.,Flatiron,Lively Free Flow,,Sauna.,2,35,33,467
03/09/2025,7:15 PM,75 min.,Flatiron,"Guided All Around: Rose, Thorn, Bud",,Sauna.,5,64,59,526
03/09/2025,9:00 PM,75 min.,Flatiron,Guided All Around: Heart Opener,,Sauna.,4,64,60,586
02/24/2025,7:00 AM,75 min.,Flatiron,Quieter Free Flow,,Sauna.,21,40,19,19
02/24/2025,7:30 AM,75 min.,Flatiron,Quieter Free Flow,,Sauna..,27,40,13,32
02/24/2025,8:00 AM,75 min.,Flatiron,Quieter Free Flow,,Sauna...,36,40,4,36
02/24/2025,8:30 AM,75 min.,Flatiron,Quieter Free Flow,,Sauna.,36,40,4,40
02/24/2025,9:00 AM,75 min.,Flatiron,Quieter Free Flow,,Sauna..,34,40,6,46
02/24/2025,9:30 AM,75 min.,Flatiron,Quieter Free Flow,,Sauna...,36,40,4,50
02/24/2025,10:00 AM,75 min.,Flatiron,Quieter Free Flow,,Sauna.,36,40,4,54
02/24/2025,10:15 AM,75 min.,Flatiron,Quieter Free Flow,,Sauna..,26,40,14,68
02/24/2025,12:00 PM,75 min.,Flatiron,Guided Down: Deep Stretch,,Sauna.,40,60,20,88
02/24/2025,2:00 PM,75 min.,Flatiron,Free Flow,,Sauna.,31,40,9,97
02/24/2025,2:30 PM,75 min.,Flatiron,Free Flow,,Sauna..,31,40,9,106
02/24/2025,3:00 PM,75 min.,Flatiron,Free Flow,,Sauna...,35,40,5,111
02/24/2025,3:30 PM,75 min.,Flatiron,Free Flow,,Sauna.,36,40,4,115
02/24/2025,3:45 PM,75 min.,Flatiron,Free Flow,,Sauna..,21,40,19,134
02/24/2025,5:30 PM,75 min.,Flatiron,Guided Down: Sound Immersion,,Sauna.,,,,134
02/24/2025,7:15 PM,75 min.,Flatiron,Guided All Around: Journey Through the Elements,,Sauna.,2,64,62,196
02/24/2025,9:00 PM,75 min.,Flatiron,Guided All Around: Loving Kindness,,Sauna.,31,64,33,229
02/25/2025,7:00 AM,75 min.,Flatiron,Guided Up: Awakening,,Sauna.,41,64,23,23
02/25/2025,8:30 AM,75 min.,Flatiron,Quieter Free Flow,,Sauna.,35,40,5,28
02/25/2025,9:00 AM,75 min.,Flatiron,Quieter Free Flow,,Sauna..,33,40,7,35
02/25/2025,9:30 AM,75 min.,Flatiron,Quieter Free Flow,,Sauna...,35,40,5,40
02/25/2025,10:00 AM,75 min.,Flatiron,Quieter Free Flow,,Sauna.,37,40,3,43
02/25/2025,10:15 AM,75 min.,Flatiron,Quieter Free Flow,,Sauna..,27,40,13,56
02/25/2025,12:00 PM,75 min.,Flatiron,Guided Down: Unwind,,Sauna.,40,64,24,80
02/25/2025,1:45 PM,75 min.,Flatiron,Guided All Around: A-Z Emotions,,Sauna.,52,64,12,92
02/25/2025,3:30 PM,75 min.,Flatiron,Free Flow,,Sauna.,53,70,17,109
02/25/2025,3:45 PM,75 min.,Flatiron,Free Flow,,Sauna..,26,50,24,133
02/25/2025,7:15 PM,75 min.,Flatiron,Guided All Around: Sound Immersion,,Sauna.,9,64,55,188
02/25/2025,9:00 PM,75 min.,Flatiron,Free Flow,,Sauna.,6,30,24,212
02/25/2025,9:15 PM,75 min.,Flatiron,Free Flow,,Sauna..,21,30,9,221
02/25/2025,9:30 PM,75 min.,Flatiron,Free Flow,,Sauna...,6,30,24,245
02/25/2025,9:45 PM,75 min.,Flatiron,Free Flow,,Sauna....,18,30,12,257
02/26/2025,7:00 AM,75 min.,Flatiron,Guided Up: Feel Good Now,Aaron Albert,Sauna.,36,64,28,28
02/26/2025,8:30 AM,75 min.,Flatiron,Free Flow,,Sauna.,33,40,7,35
02/26/2025,9:00 AM,75 min.,Flatiron,Free Flow,,Sauna..,36,40,4,39
02/26/2025,9:30 AM,75 min.,Flatiron,Free Flow,,Sauna...,36,40,4,43
02/26/2025,10:00 AM,75 min.,Flatiron,Free Flow,,Sauna.,35,40,5,48
02/26/2025,10:15 AM,75 min.,Flatiron,Free Flow,,Sauna..,35,40,5,53
02/26/2025,12:00 PM,75 min.,Flatiron,Guided Down: Embodied,,Sauna.,35,60,25,78
02/26/2025,2:00 PM,75 min.,Flatiron,Free Flow,,Sauna.,33,40,7,85
02/26/2025,2:30 PM,75 min.,Flatiron,Free Flow,,Sauna..,38,40,2,87
02/26/2025,3:00 PM,75 min.,Flatiron,Free Flow,,Sauna...,38,40,2,89
02/26/2025,3:30 PM,75 min.,Flatiron,Free Flow,,Sauna.,32,40,8,97
02/26/2025,3:45 PM,75 min.,Flatiron,Free Flow,,Sauna..,29,40,11,108
02/26/2025,5:30 PM,75 min.,Flatiron,"Guided All Around: Rose, Thorn, Bud",,Sauna.,7,64,57,165
02/26/2025,9:00 PM,75 min.,Flatiron,Free Flow,,Sauna.,0,30,30,195
02/26/2025,9:20 PM,75 min.,Flatiron,Free Flow,,Sauna..,3,30,27,222
02/26/2025,9:40 PM,75 min.,Flatiron,Free Flow,,Sauna...,1,30,29,251
02/26/2025,10:00 PM,75 min.,Flatiron,Free Flow,,Sauna....,26,30,4,255
02/27/2025,7:00 AM,75 min.,Flatiron,Guided Down: Embodied,,Sauna.,36,60,24,24
02/27/2025,8:30 AM,75 min.,Flatiron,Free Flow,,Sauna.,28,40,12,36
02/27/2025,9:00 AM,75 min.,Flatiron,Free Flow,,Sauna..,39,40,1,37
02/27/2025,9:30 AM,75 min.,Flatiron,Free Flow,,Sauna...,32,40,8,45
02/27/2025,10:00 AM,75 min.,Flatiron,Free Flow,,Sauna.,37,40,3,48
02/27/2025,10:15 AM,75 min.,Flatiron,Free Flow,,Sauna..,28,40,12,60
02/27/2025,12:00 PM,75 min.,Flatiron,Guided All Around: Inner Power,,Sauna.,44,64,20,80
02/27/2025,1:45 PM,75 min.,Flatiron,Guided All Around: Reflect,,Sauna.,50,64,14,94
02/27/2025,3:30 PM,75 min.,Flatiron,Free Flow,,Sauna.,26,40,14,108
02/27/2025,4:00 PM,75 min.,Flatiron,Free Flow,,Sauna..,34,40,6,114
02/27/2025,4:30 PM,75 min.,Flatiron,Free Flow,,Sauna...,24,40,16,130
02/27/2025,5:00 PM,75 min.,Flatiron,Free Flow,,Sauna.,2,40,38,168
02/27/2025,5:30 PM,75 min.,Flatiron,Free Flow,,Sauna..,2,40,38,206
02/27/2025,7:15 PM,75 min.,Flatiron,Guided Up: Feel Good Now,,Sauna.,1,64,63,269
02/27/2025,9:00 PM,120 min.,Flatiron,Beat Drop: Tribute to Black Music,,Sauna.,13,70,57,326
02/27/2025,9:30 PM,120 min.,Flatiron,Beat Drop: Tribute to Black Music,,Sauna..,20,50,30,356
02/28/2025,7:00 AM,75 min.,Flatiron,Guided Down: Deep Stretch,,Sauna.,38,60,22,22
02/28/2025,8:45 AM,75 min.,Flatiron,Guided Down: Embodied,,Sauna.,41,60,19,41
02/28/2025,10:30 AM,75 min.,Flatiron,Guided All Around: Loving Kindness,,Sauna.,41,64,23,64
02/28/2025,12:15 PM,75 min.,Flatiron,Guided Up: Arctic Tundra,,Sauna.,54,64,10,74
02/28/2025,2:00 PM,75 min.,Flatiron,Free Flow,,Sauna.,14,40,26,100
02/28/2025,2:30 PM,75 min.,Flatiron,Free Flow,,Sauna..,35,40,5,105
02/28/2025,3:00 PM,75 min.,Flatiron,Free Flow,,Sauna...,26,40,14,119
02/28/2025,3:30 PM,75 min.,Flatiron,Free Flow,,Sauna.,27,40,13,132
02/28/2025,4:00 PM,75 min.,Flatiron,Free Flow,,Sauna..,3,40,37,169
02/28/2025,4:30 PM,75 min.,Flatiron,Free Flow,,Sauna...,0,40,40,209
02/28/2025,5:00 PM,75 min.,Flatiron,Free Flow,,Sauna.,2,40,38,247
02/28/2025,5:30 PM,75 min.,Flatiron,Free Flow,,Sauna..,2,40,38,285
02/28/2025,7:15 PM,75 min.,Flatiron,Guided All Around: Sound Immersion,,Sauna.,1,64,63,348
03/01/2025,8:00 AM,75 min.,Flatiron,Guided Down: Sound Immersion,,Sauna.,18,64,46,46
03/01/2025,9:45 AM,75 min.,Flatiron,Guided All Around: Release,,Sauna.,4,64,60,106
03/01/2025,11:30 AM,75 min.,Flatiron,Guided Down: Unwind,,Sauna.,5,64,59,165
03/01/2025,1:30 PM,75 min.,Flatiron,Lively Free Flow,,Sauna.,2,40,38,203
03/01/2025,2:00 PM,75 min.,Flatiron,Lively Free Flow,,Sauna..,2,37,35,238
03/01/2025,2:30 PM,75 min.,Flatiron,Lively Free Flow,,Sauna...,2,35,33,271
03/01/2025,3:00 PM,75 min.,Flatiron,Lively Free Flow,,Sauna.,2,35,33,304
03/01/2025,3:30 PM,75 min.,Flatiron,Lively Free Flow,,Sauna..,4,38,34,338
03/01/2025,4:00 PM,75 min.,Flatiron,Lively Free Flow,,Sauna...,6,36,30,368
03/01/2025,4:30 PM,75 min.,Flatiron,Lively Free Flow,,Sauna.,9,34,25,393
03/01/2025,5:00 PM,75 min.,Flatiron,Lively Free Flow,,Sauna..,20,37,17,410
03/01/2025,5:30 PM,75 min.,Flatiron,Lively Free Flow,,Sauna...,2,35,33,443
03/01/2025,6:00 PM,75 min.,Flatiron,Lively Free Flow,,Sauna.,4,38,34,477
03/01/2025,7:45 PM,75 min.,Flatiron,"Guided All Around: Rose, Thorn, Bud",,Sauna.,3,64,61,538
03/01/2025,9:30 PM,120 min.,Flatiron,Social,,Sauna.,8,70,62,600
03/01/2025,10:00 PM,120 min.,Flatiron,Social,,Sauna..,26,50,24,624
03/02/2025,8:00 AM,75 min.,Flatiron,Guided Down: Senses,,Sauna.,8,64,56,56
03/02/2025,9:45 AM,75 min.,Flatiron,Guided All Around: Inner Power,,Sauna.,5,64,59,115
03/02/2025,11:30 AM,75 min.,Flatiron,Guided All Around: Reflect,,Sauna.,6,64,58,173
03/02/2025,1:30 PM,75 min.,Flatiron,Lively Free Flow,,Sauna.,0,40,40,213
03/02/2025,2:00 PM,75 min.,Flatiron,Lively Free Flow,,Sauna...,0,37,37,250
03/02/2025,2:30 PM,75 min.,Flatiron,Lively Free Flow,,Sauna..,1,35,34,284
03/02/2025,3:00 PM,75 min.,Flatiron,Lively Free Flow,,Sauna.,0,35,35,319
03/02/2025,3:30 PM,75 min.,Flatiron,Lively Free Flow,,Sauna...,1,38,37,356
03/02/2025,4:00 PM,75 min.,Flatiron,Lively Free Flow,,Sauna..,0,38,38,394
03/02/2025,4:30 PM,75 min.,Flatiron,Lively Free Flow,,Sauna....,4,36,32,426
03/02/2025,5:00 PM,75 min.,Flatiron,Lively Free Flow,,Sauna.....,2,37,35,461
03/02/2025,5:30 PM,75 min.,Flatiron,Lively Free Flow,,Sauna.,1,35,34,495
03/02/2025,7:15 PM,75 min.,Flatiron,Guided All Around: A-Z Emotions,,Sauna.,9,64,55,550
03/02/2025,9:00 PM,75 min.,Flatiron,Guided Down: Pure Presence,,Sauna.,19,64,45,595
02/17/2025,7:00 AM,75 min.,Flatiron,Free Flow,,Sauna.,23,40,17,17
02/17/2025,7:30 AM,75 min.,Flatiron,Free Flow,,Sauna..,25,40,15,32
02/17/2025,8:00 AM,75 min.,Flatiron,Free Flow,,Sauna...,12,40,28,60
02/17/2025,8:30 AM,75 min.,Flatiron,Free Flow,,Sauna.,13,40,27,87
02/17/2025,9:00 AM,75 min.,Flatiron,Free Flow,,Sauna..,2,40,38,125
02/17/2025,9:30 AM,75 min.,Flatiron,Free Flow,,Sauna...,0,40,40,165
02/17/2025,10:00 AM,75 min.,Flatiron,Free Flow,,Sauna.,2,40,38,203
02/17/2025,10:15 AM,75 min.,Flatiron,Free Flow,,Sauna..,3,40,37,240
02/17/2025,12:00 PM,75 min.,Flatiron,Guided Down: Deep Stretch,,Sauna.,1,60,59,299
02/17/2025,2:00 PM,75 min.,Flatiron,Lively Free Flow,,Sauna.,2,40,38,337
02/17/2025,2:30 PM,75 min.,Flatiron,Lively Free Flow,,Sauna..,0,40,40,377
02/17/2025,3:00 PM,75 min.,Flatiron,Lively Free Flow,,Sauna...,0,40,40,417
02/17/2025,3:30 PM,75 min.,Flatiron,Lively Free Flow,,Sauna.,2,40,38,455
02/17/2025,3:45 PM,75 min.,Flatiron,Lively Free Flow,,Sauna..,3,40,37,492
02/17/2025,5:30 PM,75 min.,Flatiron,Guided All Around: Reset,,Sauna.,1,64,63,555
02/17/2025,7:15 PM,75 min.,Flatiron,Guided All Around: Loving Kindness,,Sauna.,5,64,59,614
02/17/2025,9:00 PM,75 min.,Flatiron,Guided Down: Senses,,Sauna.,21,64,43,657
02/18/2025,7:00 AM,75 min.,Flatiron,Guided Down: Senses,,Sauna.,52,64,12,12
02/18/2025,8:30 AM,75 min.,Flatiron,Quieter Free Flow,,Sauna.,29,40,11,23
02/18/2025,9:00 AM,75 min.,Flatiron,Quieter Free Flow,,Sauna..,37,40,3,26
02/18/2025,9:30 AM,75 min.,Flatiron,Quieter Free Flow,,Sauna...,34,40,6,32
02/18/2025,10:00 AM,75 min.,Flatiron,Quieter Free Flow,,Sauna.,34,40,6,38
02/18/2025,10:15 AM,75 min.,Flatiron,Quieter Free Flow,,Sauna..,33,40,7,45
02/18/2025,12:00 PM,75 min.,Flatiron,Guided Down: Unwind,,Sauna.,47,64,17,62
02/18/2025,3:30 PM,75 min.,Flatiron,Free Flow,,Sauna.,53,80,27,89
02/18/2025,3:45 PM,75 min.,Flatiron,Free Flow,,Sauna..,24,40,16,105
02/18/2025,5:30 PM,75 min.,Flatiron,Guided Down: Self-Care Sweat,,Sauna.,6,64,58,163
02/18/2025,7:15 PM,75 min.,Flatiron,Guided All Around: Inner Power,,Sauna.,4,64,60,223
02/19/2025,7:00 AM,75 min.,Flatiron,Guided Down: Sound Immersion,,Sauna.,44,64,20,20
02/19/2025,8:30 AM,75 min.,Flatiron,Free Flow,,Sauna.,33,40,7,27
02/19/2025,9:00 AM,75 min.,Flatiron,Free Flow,,Sauna..,37,40,3,30
02/19/2025,9:30 AM,75 min.,Flatiron,Free Flow,,Sauna...,37,40,3,33
02/19/2025,10:00 AM,75 min.,Flatiron,Free Flow,,Sauna.,36,40,4,37
02/19/2025,10:15 AM,75 min.,Flatiron,Free Flow,,Sauna..,34,40,6,43
02/19/2025,12:00 PM,75 min.,Flatiron,Guided Down: Pure Presence,,Sauna.,37,64,27,70
02/19/2025,2:00 PM,75 min.,Flatiron,Free Flow,,Sauna.,24,40,16,86
02/19/2025,2:30 PM,75 min.,Flatiron,Free Flow,,Sauna..,32,40,8,94
02/19/2025,3:00 PM,75 min.,Flatiron,Free Flow,,Sauna...,36,40,4,98
02/19/2025,3:30 PM,75 min.,Flatiron,Free Flow,,Sauna.,32,40,8,106
02/19/2025,3:45 PM,75 min.,Flatiron,Free Flow,,Sauna..,21,40,19,125
02/19/2025,5:30 PM,75 min.,Flatiron,Guided Down: Embodied,,Sauna.,1,60,59,184
02/19/2025,7:15 PM,75 min.,Flatiron,Guided All Around: A-Z Emotions,,Sauna.,6,64,58,242
02/20/2025,7:00 AM,75 min.,Flatiron,Guided Down: Embodied,,Sauna.,43,60,17,17
02/20/2025,10:15 AM,75 min.,Flatiron,Free Flow,,Sauna..,10,40,30,47
02/20/2025,12:00 PM,75 min.,Flatiron,Guided All Around: Reflect,,Sauna.,56,64,8,55
02/20/2025,1:45 PM,75 min.,Flatiron,Guided Down: Self-Care Sweat,,Sauna.,35,64,29,84
02/20/2025,3:30 PM,75 min.,Flatiron,Free Flow,,Sauna.,19,40,21,105
02/20/2025,4:00 PM,75 min.,Flatiron,Free Flow,,Sauna..,38,40,2,107
02/20/2025,4:30 PM,75 min.,Flatiron,Free Flow,,Sauna...,31,40,9,116
02/20/2025,5:00 PM,75 min.,Flatiron,Free Flow,,Sauna.,13,40,27,143
02/20/2025,5:30 PM,75 min.,Flatiron,Free Flow,,Sauna..,4,40,36,179
02/20/2025,7:15 PM,75 min.,Flatiron,Guided All Around: Release,,Sauna.,5,64,59,238
02/20/2025,9:00 PM,75 min.,Flatiron,Lively Free Flow,,Sauna.,,,,238
02/20/2025,9:15 PM,75 min.,Flatiron,Lively Free Flow,,Sauna..,5,25,20,258
02/20/2025,9:30 PM,75 min.,Flatiron,Lively Free Flow,,Sauna...,13,30,17,275
02/20/2025,9:45 PM,75 min.,Flatiron,Lively Free Flow,,Sauna....,12,25,13,288
02/21/2025,7:00 AM,75 min.,Flatiron,Guided Down: Deep Stretch,,Sauna.,42,60,18,18
02/21/2025,8:45 AM,75 min.,Flatiron,Guided Up: Self-Care Sweat,,Sauna.,50,64,14,32
02/21/2025,10:30 AM,75 min.,Flatiron,Guided All Around: Reset,,Sauna.,48,64,16,48
02/21/2025,12:15 PM,75 min.,Flatiron,Guided All Around: Hardwiring Happiness,,Sauna.,27,64,37,85
02/21/2025,2:00 PM,75 min.,Flatiron,Free Flow,,Sauna.,15,40,25,110
02/21/2025,2:30 PM,75 min.,Flatiron,Free Flow,,Sauna..,25,40,15,125
02/21/2025,3:00 PM,75 min.,Flatiron,Free Flow,,Sauna...,27,40,13,138
02/21/2025,3:30 PM,75 min.,Flatiron,Free Flow,,Sauna.,34,40,6,144
02/21/2025,4:00 PM,75 min.,Flatiron,Free Flow,,Sauna..,7,40,33,177
02/21/2025,4:30 PM,75 min.,Flatiron,Free Flow,,Sauna...,12,40,28,205
02/21/2025,5:00 PM,75 min.,Flatiron,Free Flow,,Sauna.,2,40,38,243
02/21/2025,5:30 PM,75 min.,Flatiron,Free Flow,,Sauna..,2,40,38,281
02/21/2025,7:15 PM,75 min.,Flatiron,Guided All Around: Heart Opener,,Sauna.,6,64,58,339
02/21/2025,9:00 PM,120 min.,Flatiron,Social,,Sauna.,3,30,27,366
02/21/2025,9:20 PM,120 min.,Flatiron,Social,,Sauna..,2,30,28,394
02/21/2025,9:40 PM,120 min.,Flatiron,Social,,Sauna...,13,30,17,411
02/21/2025,10:00 PM,120 min.,Flatiron,Social,,Sauna....,15,30,15,426
02/22/2025,8:00 AM,75 min.,Flatiron,Guided Up: Awakening,,Sauna.,21,64,43,43
02/22/2025,9:45 AM,75 min.,Flatiron,Guided Up: Feel Good Now,,Sauna.,,,,43
02/22/2025,11:30 AM,75 min.,Flatiron,Guided All Around: A-Z Emotions,,Sauna.,,,,43
02/22/2025,1:30 PM,75 min.,Flatiron,Lively Free Flow,,Sauna.,0,40,40,83
02/22/2025,2:00 PM,75 min.,Flatiron,Lively Free Flow,,Sauna..,2,37,35,118
02/22/2025,2:30 PM,75 min.,Flatiron,Lively Free Flow,,Sauna...,0,35,35,153
02/22/2025,3:00 PM,75 min.,Flatiron,Lively Free Flow,,Sauna.,1,35,34,187
02/22/2025,3:30 PM,75 min.,Flatiron,Lively Free Flow,,Sauna..,5,38,33,220
02/22/2025,4:00 PM,75 min.,Flatiron,Lively Free Flow,,Sauna...,0,36,36,256
02/22/2025,4:30 PM,75 min.,Flatiron,Lively Free Flow,,Sauna.,2,34,32,288
02/22/2025,5:00 PM,75 min.,Flatiron,Lively Free Flow,,Sauna..,0,37,37,325
02/22/2025,5:30 PM,75 min.,Flatiron,Lively Free Flow,,Sauna...,1,35,34,359
02/22/2025,6:00 PM,75 min.,Flatiron,Lively Free Flow,,Sauna.,3,38,35,394
02/22/2025,7:45 PM,75 min.,Flatiron,Guided All Around: Loving Kindness,,Sauna.,4,64,60,454
02/22/2025,9:30 PM,120 min.,Flatiron,Beat Drop: DJ Takeover,,Sauna.,4,70,66,520
02/22/2025,10:00 PM,120 min.,Flatiron,Beat Drop: DJ Takeover,,Sauna..,2,50,48,568
02/23/2025,8:00 AM,75 min.,Flatiron,Guided Up: Feel Good Now,Aaron Albert,Sauna.,22,64,42,42
02/23/2025,9:45 AM,75 min.,Flatiron,Guided All Around: Journey Through the Elements,,Sauna.,5,64,59,101
02/23/2025,11:30 AM,75 min.,Flatiron,Guided Down: Unwind,,Sauna.,5,64,59,160
02/23/2025,1:30 PM,75 min.,Flatiron,Lively Free Flow,,Sauna.,3,40,37,197
02/23/2025,2:00 PM,75 min.,Flatiron,Lively Free Flow,,Sauna...,0,37,37,234
02/23/2025,2:30 PM,75 min.,Flatiron,Lively Free Flow,,Sauna..,2,35,33,267
02/23/2025,3:00 PM,75 min.,Flatiron,Lively Free Flow,,Sauna.,4,35,31,298
02/23/2025,3:30 PM,75 min.,Flatiron,Lively Free Flow,,Sauna...,3,38,35,333
02/23/2025,4:00 PM,75 min.,Flatiron,Lively Free Flow,,Sauna..,0,38,38,371
02/23/2025,4:30 PM,75 min.,Flatiron,Lively Free Flow,,Sauna....,0,36,36,407
02/23/2025,5:00 PM,75 min.,Flatiron,Lively Free Flow,,Sauna.....,3,37,34,441
02/23/2025,5:30 PM,75 min.,Flatiron,Lively Free Flow,,Sauna.,2,35,33,474
02/23/2025,7:15 PM,75 min.,Flatiron,"Guided All Around: Rose, Thorn, Bud",,Sauna.,6,64,58,532
02/23/2025,9:00 PM,75 min.,Flatiron,Guided All Around: Heart Opener,,Sauna.,19,64,45,577
02/10/2025,7:00 AM,75 min.,Flatiron,Quieter Free Flow,,Sauna.,26,40,14,14
02/10/2025,7:30 AM,75 min.,Flatiron,Quieter Free Flow,,Sauna..,33,40,7,21
02/10/2025,8:00 AM,75 min.,Flatiron,Quieter Free Flow,,Sauna...,33,40,7,28
02/10/2025,8:30 AM,75 min.,Flatiron,Quieter Free Flow,,Sauna.,36,40,4,32
02/10/2025,9:00 AM,75 min.,Flatiron,Quieter Free Flow,,Sauna..,37,40,3,35
02/10/2025,9:30 AM,75 min.,Flatiron,Quieter Free Flow,,Sauna...,36,40,4,39
02/10/2025,10:00 AM,75 min.,Flatiron,Quieter Free Flow,,Sauna.,35,40,5,44
02/10/2025,10:15 AM,75 min.,Flatiron,Quieter Free Flow,,Sauna..,29,40,11,55
02/10/2025,12:00 PM,75 min.,Flatiron,Guided Down: Deep Stretch,,Sauna.,32,60,28,83
02/10/2025,2:00 PM,75 min.,Flatiron,Free Flow,,Sauna.,29,40,11,94
02/10/2025,2:30 PM,75 min.,Flatiron,Free Flow,,Sauna..,36,40,4,98
02/10/2025,3:00 PM,75 min.,Flatiron,Free Flow,,Sauna...,34,40,6,104
02/10/2025,3:30 PM,75 min.,Flatiron,Free Flow,,Sauna.,29,40,11,115
02/10/2025,3:45 PM,75 min.,Flatiron,Free Flow,,Sauna..,21,40,19,134
02/10/2025,5:30 PM,75 min.,Flatiron,Guided All Around: Reset,,Sauna.,22,64,42,176
02/10/2025,7:15 PM,75 min.,Flatiron,Guided All Around: Sound Immersion,,Sauna.,6,64,58,234
02/10/2025,9:00 PM,75 min.,Flatiron,BIPOC: Inner Power,,Sauna.,6,64,58,292
02/11/2025,7:00 AM,75 min.,Flatiron,Guided Down: Deep Stretch,,Sauna.,39,60,21,21
02/11/2025,8:30 AM,75 min.,Flatiron,Quieter Free Flow,,Sauna.,28,40,12,33
02/11/2025,9:00 AM,75 min.,Flatiron,Quieter Free Flow,,Sauna..,33,40,7,40
02/11/2025,9:30 AM,75 min.,Flatiron,Quieter Free Flow,,Sauna...,32,40,8,48
02/11/2025,10:00 AM,75 min.,Flatiron,Quieter Free Flow,,Sauna.,37,40,3,51
02/11/2025,10:15 AM,75 min.,Flatiron,Quieter Free Flow,,Sauna..,30,40,10,61
02/11/2025,12:00 PM,75 min.,Flatiron,Guided Down: Unwind,,Sauna.,54,64,10,71
02/11/2025,1:45 PM,75 min.,Flatiron,Guided All Around: A-Z Emotions,,Sauna.,44,64,20,91
02/11/2025,3:30 PM,75 min.,Flatiron,Free Flow,,Sauna.,75,80,5,96
02/11/2025,3:45 PM,75 min.,Flatiron,Free Flow,,Sauna..,22,40,18,114
02/11/2025,5:30 PM,75 min.,Flatiron,Guided Down: Unwind,,Sauna.,3,64,61,175
02/11/2025,7:15 PM,75 min.,Flatiron,Guided Down: Senses,,Sauna.,7,64,57,232
02/11/2025,9:00 PM,75 min.,Flatiron,Free Flow,,Sauna.,1,30,29,261
02/11/2025,9:15 PM,75 min.,Flatiron,Free Flow,,Sauna..,3,30,27,288
02/11/2025,9:30 PM,75 min.,Flatiron,Free Flow,,Sauna...,16,30,14,302
02/11/2025,9:45 PM,75 min.,Flatiron,Free Flow,,Sauna....,26,30,4,306
02/12/2025,9:30 AM,75 min.,Flatiron,Free Flow,,Sauna...,0,40,40,40
02/12/2025,10:00 AM,75 min.,Flatiron,Free Flow,,Sauna.,22,40,18,58
02/12/2025,10:15 AM,75 min.,Flatiron,Free Flow,,Sauna..,28,40,12,70
02/12/2025,12:00 PM,75 min.,Flatiron,Guided Down: Embodied,,Sauna.,47,60,13,83
02/12/2025,2:00 PM,75 min.,Flatiron,Free Flow,,Sauna.,29,40,11,94
02/12/2025,2:30 PM,75 min.,Flatiron,Free Flow,,Sauna..,34,40,6,100
02/12/2025,3:00 PM,75 min.,Flatiron,Free Flow,,Sauna...,35,40,5,105
02/12/2025,3:30 PM,75 min.,Flatiron,Free Flow,,Sauna.,34,40,6,111
02/12/2025,3:45 PM,75 min.,Flatiron,Free Flow,,Sauna..,25,40,15,126
02/12/2025,5:30 PM,75 min.,Flatiron,"Guided All Around: Rose, Thorn, Bud",,Sauna.,1,64,63,189
02/12/2025,7:15 PM,75 min.,Flatiron,Guided All Around: Hardwiring Happiness,,Sauna.,14,64,50,239
02/12/2025,9:00 PM,75 min.,Flatiron,Free Flow,,Sauna.,5,30,25,264
02/12/2025,9:20 PM,75 min.,Flatiron,Free Flow,,Sauna..,13,30,17,281
02/12/2025,9:40 PM,75 min.,Flatiron,Free Flow,,Sauna...,27,30,3,284
02/12/2025,10:00 PM,75 min.,Flatiron,Free Flow,,Sauna....,26,30,4,288
02/13/2025,7:00 AM,75 min.,Flatiron,Guided Down: Embodied,,Sauna.,38,60,22,22
02/13/2025,8:30 AM,75 min.,Flatiron,Free Flow,,Sauna.,30,40,10,32
02/13/2025,9:00 AM,75 min.,Flatiron,Free Flow,,Sauna..,34,40,6,38
02/13/2025,9:30 AM,75 min.,Flatiron,Free Flow,,Sauna...,34,40,6,44
02/13/2025,10:00 AM,75 min.,Flatiron,Free Flow,,Sauna.,39,40,1,45
02/13/2025,10:15 AM,75 min.,Flatiron,Free Flow,,Sauna..,31,40,9,54
02/13/2025,12:00 PM,75 min.,Flatiron,Guided All Around: Inner Power,,Sauna.,39,64,25,79
02/13/2025,1:45 PM,75 min.,Flatiron,Guided All Around: Reflect,,Sauna.,53,64,11,90
02/13/2025,3:30 PM,75 min.,Flatiron,Free Flow,,Sauna.,17,40,23,113
02/13/2025,4:00 PM,75 min.,Flatiron,Free Flow,,Sauna..,30,40,10,123
02/13/2025,4:30 PM,75 min.,Flatiron,Free Flow,,Sauna...,27,40,13,136
02/13/2025,5:00 PM,75 min.,Flatiron,Free Flow,,Sauna.,17,40,23,159
02/13/2025,5:30 PM,75 min.,Flatiron,Free Flow,,Sauna..,3,40,37,196
02/13/2025,7:15 PM,75 min.,Flatiron,Guided Up: Feel Good Now,,Sauna.,,,,196
02/13/2025,9:00 PM,75 min.,Flatiron,Lively Free Flow,,Sauna.,1,30,29,225
02/13/2025,9:15 PM,75 min.,Flatiron,Lively Free Flow,,Sauna..,11,25,14,239
02/13/2025,9:30 PM,75 min.,Flatiron,Lively Free Flow,,Sauna...,18,30,12,251
02/13/2025,9:45 PM,75 min.,Flatiron,Lively Free Flow,,Sauna....,16,25,9,260
02/14/2025,7:00 AM,75 min.,Flatiron,Guided Down: Deep Stretch,,Sauna.,41,60,19,19
02/14/2025,8:45 AM,75 min.,Flatiron,Guided Up: Self-Care Sweat,,Sauna.,30,64,34,53
02/14/2025,10:30 AM,75 min.,Flatiron,Guided All Around: Inner Power,,Sauna.,30,64,34,87
02/14/2025,12:15 PM,75 min.,Flatiron,Guided Up: Arctic Tundra,,Sauna.,30,64,34,121
02/14/2025,2:00 PM,75 min.,Flatiron,Free Flow,,Sauna.,1,40,39,160
02/14/2025,2:30 PM,75 min.,Flatiron,Free Flow,,Sauna..,0,40,40,200
02/14/2025,3:00 PM,75 min.,Flatiron,Free Flow,,Sauna...,1,40,39,239
02/14/2025,7:45 PM,75 min.,Flatiron,Guided You + Me: Relationship,Aaron Albert,Sauna.,1,60,59,298
02/14/2025,9:30 PM,120 min.,Flatiron,Lovership: A Singles Social,,Sauna.,0,48,48,346
02/14/2025,9:45 PM,120 min.,Flatiron,Lovership: A Singles Social,,Sauna...,3,30,27,373
02/14/2025,10:00 PM,120 min.,Flatiron,Lovership: A Singles Social,,Sauna....,2,12,10,383
02/14/2025,10:15 PM,120 min.,Flatiron,Lovership: A Singles Social,,Sauna..,2,30,28,411
02/15/2025,8:00 AM,75 min.,Flatiron,Guided Down: Sound Immersion,,Sauna.,24,64,40,40
02/15/2025,9:45 AM,75 min.,Flatiron,Guided All Around: Release,,Sauna.,3,64,61,101
02/15/2025,11:30 AM,75 min.,Flatiron,Guided Down: Unwind,,Sauna.,,,,101
02/15/2025,1:30 PM,75 min.,Flatiron,Lively Free Flow,,Sauna.,0,40,40,141
02/15/2025,2:00 PM,75 min.,Flatiron,Lively Free Flow,,Sauna..,2,37,35,176
02/15/2025,2:30 PM,75 min.,Flatiron,Lively Free Flow,,Sauna...,1,35,34,210
02/15/2025,3:00 PM,75 min.,Flatiron,Lively Free Flow,,Sauna.,4,35,31,241
02/15/2025,3:30 PM,75 min.,Flatiron,Lively Free Flow,,Sauna..,2,38,36,277
02/15/2025,4:00 PM,75 min.,Flatiron,Lively Free Flow,,Sauna...,1,36,35,312
02/15/2025,4:30 PM,75 min.,Flatiron,Lively Free Flow,,Sauna.,0,34,34,346
02/15/2025,5:00 PM,75 min.,Flatiron,Lively Free Flow,,Sauna..,1,37,36,382
02/15/2025,5:30 PM,75 min.,Flatiron,Lively Free Flow,,Sauna...,3,37,34,416
02/15/2025,6:00 PM,75 min.,Flatiron,Lively Free Flow,,Sauna.,1,35,34,450
02/15/2025,7:45 PM,75 min.,Flatiron,Guided You + Me: Relationship,Aaron Albert,Sauna.,2,60,58,508
02/15/2025,9:30 PM,120 min.,Flatiron,Social,,Sauna.,5,70,65,573
02/15/2025,10:00 PM,120 min.,Flatiron,Social,,Sauna..,41,50,9,582
02/16/2025,8:00 AM,75 min.,Flatiron,Guided Down: Senses,,Sauna.,27,64,37,37
02/16/2025,9:45 AM,75 min.,Flatiron,Guided Up: Feel Good Now,Aaron Albert,Sauna.,9,64,55,92
02/16/2025,11:30 AM,75 min.,Flatiron,Guided Down: Unwind,,Sauna.,2,64,62,154
02/16/2025,1:30 PM,75 min.,Flatiron,Lively Free Flow,,Sauna.,0,40,40,194
02/16/2025,2:00 PM,75 min.,Flatiron,Lively Free Flow,,Sauna...,2,37,35,229
02/16/2025,2:30 PM,75 min.,Flatiron,Lively Free Flow,,Sauna..,6,35,29,258
02/16/2025,3:00 PM,75 min.,Flatiron,Lively Free Flow,,Sauna.,0,35,35,293
02/16/2025,3:30 PM,75 min.,Flatiron,Lively Free Flow,,Sauna...,6,38,32,325
02/16/2025,4:00 PM,75 min.,Flatiron,Lively Free Flow,,Sauna..,3,38,35,360
02/16/2025,4:30 PM,75 min.,Flatiron,Lively Free Flow,,Sauna....,2,36,34,394
02/16/2025,5:00 PM,75 min.,Flatiron,Lively Free Flow,,Sauna.....,2,37,35,429
02/16/2025,5:30 PM,75 min.,Flatiron,Lively Free Flow,,Sauna.,2,35,33,462
02/16/2025,7:15 PM,75 min.,Flatiron,"Guided All Around: Rose, Thorn, Bud",,Sauna.,4,64,60,522
02/16/2025,9:00 PM,75 min.,Flatiron,Guided Down: Embodied,,Sauna.,,,,522
02/03/2025,7:00 AM,75 min.,Flatiron,Quieter Free Flow,,Sauna.,20,40,20,20
02/03/2025,7:30 AM,75 min.,Flatiron,Quieter Free Flow,,Sauna..,34,40,6,26
02/03/2025,8:00 AM,75 min.,Flatiron,Quieter Free Flow,,Sauna...,29,40,11,37
02/03/2025,8:30 AM,75 min.,Flatiron,Quieter Free Flow,,Sauna.,38,40,2,39
02/03/2025,9:00 AM,75 min.,Flatiron,Quieter Free Flow,,Sauna..,38,40,2,41
02/03/2025,9:30 AM,75 min.,Flatiron,Quieter Free Flow,,Sauna...,38,40,2,43
02/03/2025,10:00 AM,75 min.,Flatiron,Quieter Free Flow,,Sauna.,38,40,2,45
02/03/2025,10:15 AM,75 min.,Flatiron,Quieter Free Flow,,Sauna..,27,40,13,58
02/03/2025,12:00 PM,75 min.,Flatiron,Guided Down: Deep Stretch,,Sauna.,47,64,17,75
02/03/2025,2:00 PM,75 min.,Flatiron,Free Flow,,Sauna.,27,40,13,88
02/03/2025,2:30 PM,75 min.,Flatiron,Free Flow,,Sauna..,29,40,11,99
02/03/2025,3:00 PM,75 min.,Flatiron,Free Flow,,Sauna...,36,40,4,103
02/03/2025,3:30 PM,75 min.,Flatiron,Free Flow,,Sauna.,38,40,2,105
02/03/2025,3:45 PM,75 min.,Flatiron,Free Flow,,Sauna..,28,40,12,117
02/03/2025,5:30 PM,75 min.,Flatiron,Guided All Around: Inner Power,,Sauna.,4,64,60,177
02/03/2025,7:15 PM,75 min.,Flatiron,Guided Down: Embodied,,Sauna.,6,60,54,231
02/03/2025,9:00 PM,75 min.,Flatiron,Guided Down: Senses,,Sauna.,16,64,48,279
02/04/2025,7:00 AM,75 min.,Flatiron,Guided Up: Awakening,,Sauna.,0,64,64,64
02/04/2025,8:30 AM,75 min.,Flatiron,Quieter Free Flow,,Sauna.,0,40,40,104
02/04/2025,9:00 AM,75 min.,Flatiron,Quieter Free Flow,,Sauna..,0,40,40,144
02/04/2025,9:30 AM,75 min.,Flatiron,Quieter Free Flow,,Sauna...,0,40,40,184
02/04/2025,10:00 AM,75 min.,Flatiron,Quieter Free Flow,,Sauna.,0,40,40,224
02/04/2025,10:15 AM,75 min.,Flatiron,Quieter Free Flow,,Sauna..,0,40,40,264
02/04/2025,12:00 PM,75 min.,Flatiron,Guided Down: Unwind,,Sauna.,0,64,64,328
02/04/2025,1:45 PM,75 min.,Flatiron,Guided All Around: Heart Opener,,Sauna.,13,64,51,379
02/04/2025,3:30 PM,75 min.,Flatiron,Free Flow,,Sauna.,56,80,24,403
02/04/2025,3:45 PM,75 min.,Flatiron,Free Flow,,Sauna..,15,40,25,428
02/04/2025,5:30 PM,75 min.,Flatiron,Guided Down: Self-Care Sweat,,Sauna.,1,64,63,491
02/04/2025,7:15 PM,75 min.,Flatiron,Guided All Around: Acceptance,,Sauna.,5,64,59,550
02/05/2025,7:00 AM,75 min.,Flatiron,Guided Up: Awakening,,Sauna.,42,64,22,22
02/05/2025,8:30 AM,75 min.,Flatiron,Free Flow,,Sauna.,24,40,16,38
02/05/2025,9:00 AM,75 min.,Flatiron,Free Flow,,Sauna..,28,40,12,50
02/05/2025,9:30 AM,75 min.,Flatiron,Free Flow,,Sauna...,33,40,7,57
02/05/2025,10:00 AM,75 min.,Flatiron,Free Flow,,Sauna.,36,40,4,61
02/05/2025,10:15 AM,75 min.,Flatiron,Free Flow,,Sauna..,26,40,14,75
02/05/2025,2:30 PM,75 min.,Flatiron,Free Flow,,Sauna..,18,40,22,97
02/05/2025,3:00 PM,75 min.,Flatiron,Free Flow,,Sauna...,29,40,11,108
02/05/2025,3:30 PM,75 min.,Flatiron,Free Flow,,Sauna.,30,40,10,118
02/05/2025,3:45 PM,75 min.,Flatiron,Free Flow,,Sauna..,11,40,29,147
02/05/2025,5:30 PM,75 min.,Flatiron,Guided All Around: A-Z Emotions,,Sauna.,7,64,57,204
02/05/2025,7:15 PM,75 min.,Flatiron,Guided Down: Embodied,,Sauna.,6,60,54,258
02/05/2025,9:00 PM,75 min.,Flatiron,Free Flow,,Sauna.,0,30,30,288
02/05/2025,9:20 PM,75 min.,Flatiron,Free Flow,,Sauna..,5,30,25,313
02/05/2025,9:40 PM,75 min.,Flatiron,Free Flow,,Sauna...,27,30,3,316
02/05/2025,10:00 PM,75 min.,Flatiron,Free Flow,,Sauna....,21,30,9,325
02/06/2025,7:00 AM,75 min.,Flatiron,Guided Down: Embodied,,Sauna.,14,64,50,50
02/06/2025,12:00 PM,75 min.,Flatiron,Guided All Around: Reflect,,Sauna.,39,64,25,75
02/06/2025,1:45 PM,75 min.,Flatiron,Guided Down: Self-Care Sweat,,Sauna.,37,64,27,102
02/06/2025,3:30 PM,75 min.,Flatiron,Free Flow,,Sauna.,14,40,26,128
02/06/2025,4:00 PM,75 min.,Flatiron,Free Flow,,Sauna..,32,40,8,136
02/06/2025,4:30 PM,75 min.,Flatiron,Free Flow,,Sauna...,24,40,16,152
02/06/2025,5:00 PM,75 min.,Flatiron,Free Flow,,Sauna.,6,40,34,186
02/06/2025,5:30 PM,75 min.,Flatiron,Free Flow,,Sauna..,2,40,38,224
02/06/2025,7:15 PM,75 min.,Flatiron,Guided All Around: Release,,Sauna.,3,64,61,285
02/06/2025,9:00 PM,75 min.,Flatiron,Lively Free Flow,,Sauna.,3,30,27,312
02/06/2025,9:15 PM,75 min.,Flatiron,Lively Free Flow,,Sauna..,4,25,21,333
02/06/2025,9:30 PM,75 min.,Flatiron,Lively Free Flow,,Sauna...,25,30,5,338
02/06/2025,9:45 PM,75 min.,Flatiron,Lively Free Flow,,Sauna....,22,25,3,341
02/07/2025,7:00 AM,75 min.,Flatiron,Guided Down: Deep Stretch,,Sauna.,42,64,22,22
02/07/2025,8:45 AM,75 min.,Flatiron,Guided Up: Self-Care Sweat,,Sauna.,40,64,24,46
02/07/2025,10:30 AM,75 min.,Flatiron,Guided All Around: Reset,,Sauna.,45,64,19,65
02/07/2025,12:15 PM,75 min.,Flatiron,Guided All Around: Hardwiring Happiness,,Sauna.,39,64,25,90
02/07/2025,2:00 PM,75 min.,Flatiron,Free Flow,,Sauna.,20,40,20,110
02/07/2025,2:30 PM,75 min.,Flatiron,Free Flow,,Sauna..,23,40,17,127
02/07/2025,3:00 PM,75 min.,Flatiron,Free Flow,,Sauna...,27,40,13,140
02/07/2025,3:30 PM,75 min.,Flatiron,Free Flow,,Sauna.,21,40,19,159
02/07/2025,4:00 PM,75 min.,Flatiron,Free Flow,,Sauna..,1,40,39,198
02/07/2025,4:30 PM,75 min.,Flatiron,Free Flow,,Sauna...,3,40,37,235
02/07/2025,5:00 PM,75 min.,Flatiron,Free Flow,,Sauna.,3,40,37,272
02/07/2025,5:30 PM,75 min.,Flatiron,Free Flow,,Sauna..,2,40,38,310
02/07/2025,7:15 PM,75 min.,Flatiron,Guided All Around: Heart Opener,,Sauna.,6,64,58,368
02/07/2025,9:00 PM,120 min.,Flatiron,Social,,Sauna.,3,30,27,395
02/07/2025,9:20 PM,120 min.,Flatiron,Social,,Sauna..,2,30,28,423
02/07/2025,9:40 PM,120 min.,Flatiron,Social,,Sauna...,2,30,28,451
02/07/2025,10:00 PM,120 min.,Flatiron,Social,,Sauna....,11,30,19,470
02/08/2025,8:00 AM,75 min.,Flatiron,Guided Down: Sound Immersion,,Sauna.,24,64,40,40
02/08/2025,9:45 AM,75 min.,Flatiron,Guided Up: Feel Good Now,,Sauna.,3,64,61,101
02/08/2025,11:30 AM,75 min.,Flatiron,Guided All Around: A-Z Emotions,,Sauna.,8,64,56,157
02/08/2025,1:30 PM,75 min.,Flatiron,Lively Free Flow,,Sauna.,0,40,40,197
02/08/2025,2:00 PM,75 min.,Flatiron,Lively Free Flow,,Sauna..,3,37,34,231
02/08/2025,2:30 PM,75 min.,Flatiron,Lively Free Flow,,Sauna...,4,35,31,262
02/08/2025,3:00 PM,75 min.,Flatiron,Lively Free Flow,,Sauna.,2,35,33,295
02/08/2025,3:30 PM,75 min.,Flatiron,Lively Free Flow,,Sauna..,1,38,37,332
02/08/2025,4:00 PM,75 min.,Flatiron,Lively Free Flow,,Sauna...,1,36,35,367
02/08/2025,4:30 PM,75 min.,Flatiron,Lively Free Flow,,Sauna.,5,34,29,396
02/08/2025,5:00 PM,75 min.,Flatiron,Lively Free Flow,,Sauna..,0,37,37,433
02/08/2025,5:30 PM,75 min.,Flatiron,Lively Free Flow,,Sauna...,1,35,34,467
02/08/2025,6:00 PM,75 min.,Flatiron,Lively Free Flow,,Sauna.,0,38,38,505
02/08/2025,7:45 PM,75 min.,Flatiron,Guided All Around: Loving Kindness,,Sauna.,4,64,60,565
02/08/2025,9:30 PM,120 min.,Flatiron,Beat Drop: DJ Takeover,,Sauna.,8,70,62,627
02/08/2025,10:00 PM,120 min.,Flatiron,Beat Drop: DJ Takeover,,Sauna..,10,50,40,667
02/09/2025,8:00 AM,75 min.,Flatiron,Guided Down: Sound Immersion,,Sauna.,24,64,40,40
02/09/2025,9:45 AM,75 min.,Flatiron,Guided Up: Awakening,,Sauna.,5,64,59,99
02/09/2025,11:30 AM,75 min.,Flatiron,Guided Down: Unwind,,Sauna.,1,64,63,162
02/09/2025,1:30 PM,75 min.,Flatiron,Lively Free Flow,,Sauna.,2,40,38,200
02/09/2025,2:00 PM,75 min.,Flatiron,Lively Free Flow,,Sauna...,1,37,36,236
02/09/2025,2:30 PM,75 min.,Flatiron,Lively Free Flow,,Sauna..,8,35,27,263
02/09/2025,3:00 PM,75 min.,Flatiron,Lively Free Flow,,Sauna.,0,35,35,298
02/09/2025,3:30 PM,75 min.,Flatiron,Lively Free Flow,,Sauna...,0,38,38,336
02/09/2025,4:00 PM,75 min.,Flatiron,Lively Free Flow,,Sauna..,1,38,37,373
02/09/2025,4:30 PM,75 min.,Flatiron,Lively Free Flow,,Sauna....,3,36,33,406
02/09/2025,5:00 PM,75 min.,Flatiron,Lively Free Flow,,Sauna.....,18,37,19,425
02/09/2025,5:30 PM,75 min.,Flatiron,Lively Free Flow,,Sauna.,4,35,31,456
02/09/2025,7:15 PM,75 min.,Flatiron,"Guided All Around: Rose, Thorn, Bud",,Sauna.,22,64,42,498
02/09/2025,9:00 PM,75 min.,Flatiron,Guided All Around: Heart Opener,,Sauna.,51,64,13,511
01/27/2025,12:30 PM,75 min.,Flatiron,Guided Down: Deep Stretch,,Sauna.,29,64,35,35
01/27/2025,2:30 PM,75 min.,Flatiron,Free Flow,,Sauna..,18,40,22,57
01/27/2025,3:00 PM,75 min.,Flatiron,Free Flow,,Sauna...,31,40,9,66
01/27/2025,3:30 PM,75 min.,Flatiron,Free Flow,,Sauna.,31,40,9,75
01/27/2025,3:45 PM,75 min.,Flatiron,Free Flow,,Sauna..,21,40,19,94
01/27/2025,5:30 PM,75 min.,Flatiron,Guided Down: Sound Immersion,,Sauna.,,,,94
01/27/2025,9:00 PM,75 min.,Flatiron,Guided Down: Pure Presence,,Sauna.,5,64,59,153
01/28/2025,7:00 AM,75 min.,Flatiron,Guided Up: Awakening,,Sauna.,12,64,52,52
01/28/2025,8:30 AM,75 min.,Flatiron,Quieter Free Flow,,Sauna.,24,40,16,68
01/28/2025,9:00 AM,75 min.,Flatiron,Quieter Free Flow,,Sauna..,32,40,8,76
01/28/2025,9:30 AM,75 min.,Flatiron,Quieter Free Flow,,Sauna...,37,40,3,79
01/28/2025,10:00 AM,75 min.,Flatiron,Quieter Free Flow,,Sauna.,33,40,7,86
01/28/2025,10:15 AM,75 min.,Flatiron,Quieter Free Flow,,Sauna..,30,40,10,96
01/28/2025,12:00 PM,75 min.,Flatiron,Guided All Around: Inner Power,,Sauna.,44,64,20,116
01/28/2025,1:45 PM,75 min.,Flatiron,Guided All Around: A-Z Emotions,,Sauna.,40,64,24,140
01/28/2025,7:15 PM,75 min.,Flatiron,Guided Down: Unwind,,Sauna.,6,64,58,198
01/28/2025,9:00 PM,75 min.,Flatiron,Free Flow,,Sauna.,3,70,67,265
01/28/2025,9:30 PM,75 min.,Flatiron,Free Flow,,Sauna..,2,50,48,313
01/29/2025,7:00 AM,75 min.,Flatiron,Guided Up: Self-Care Sweat,,Sauna.,38,64,26,26
01/29/2025,10:00 AM,75 min.,Flatiron,Free Flow,,Sauna.,30,40,10,36
01/29/2025,10:15 AM,75 min.,Flatiron,Free Flow,,Sauna..,34,40,6,42
01/29/2025,12:00 PM,75 min.,Flatiron,Guided Down: Embodied,,Sauna.,44,64,20,62
01/29/2025,2:00 PM,75 min.,Flatiron,Free Flow,,Sauna.,29,40,11,73
01/29/2025,2:30 PM,75 min.,Flatiron,Free Flow,,Sauna..,24,40,16,89
01/29/2025,3:00 PM,75 min.,Flatiron,Free Flow,,Sauna...,33,40,7,96
01/29/2025,3:30 PM,75 min.,Flatiron,Free Flow,,Sauna.,36,40,4,100
01/29/2025,3:45 PM,75 min.,Flatiron,Free Flow,,Sauna..,11,40,29,129
01/29/2025,5:30 PM,75 min.,Flatiron,"Guided All Around: Rose, Thorn, Bud",,Sauna.,3,64,61,190
01/29/2025,7:15 PM,75 min.,Flatiron,Guided All Around: Hardwiring Happiness,,Sauna.,10,64,54,244
01/29/2025,9:00 PM,75 min.,Flatiron,Free Flow,,Sauna.,1,70,69,313
01/29/2025,9:30 PM,75 min.,Flatiron,Free Flow,,Sauna..,0,50,50,363
01/30/2025,7:00 AM,75 min.,Flatiron,Guided Down: Embodied,,Sauna.,40,64,24,24
01/30/2025,8:30 AM,75 min.,Flatiron,Free Flow,,Sauna.,33,40,7,31
01/30/2025,9:00 AM,75 min.,Flatiron,Free Flow,,Sauna..,34,40,6,37
01/30/2025,9:30 AM,75 min.,Flatiron,Free Flow,,Sauna...,31,40,9,46
01/30/2025,10:00 AM,75 min.,Flatiron,Free Flow,,Sauna.,34,40,6,52
01/30/2025,10:15 AM,75 min.,Flatiron,Free Flow,,Sauna..,28,40,12,64
01/30/2025,12:00 PM,75 min.,Flatiron,Guided All Around: Inner Power,,Sauna.,34,64,30,94
01/30/2025,1:45 PM,75 min.,Flatiron,Othership Flatiron BIPOC (Connect),,Sauna.,30,64,34,128
01/30/2025,3:30 PM,75 min.,Flatiron,Free Flow,,Sauna.,29,40,11,139
01/30/2025,4:00 PM,75 min.,Flatiron,Free Flow,,Sauna..,30,40,10,149
01/30/2025,4:30 PM,75 min.,Flatiron,Free Flow,,Sauna...,32,40,8,157
01/30/2025,5:00 PM,75 min.,Flatiron,Free Flow,,Sauna.,3,40,37,194
01/30/2025,5:30 PM,75 min.,Flatiron,Free Flow,,Sauna..,2,40,38,232
01/30/2025,7:15 PM,75 min.,Flatiron,Guided Up: Feel Good Now,,Sauna.,5,64,59,291
01/30/2025,9:00 PM,120 min.,Flatiron,Runner's Night,,Sauna.,11,70,59,350
01/30/2025,9:15 PM,120 min.,Flatiron,Runner's Night,,Sauna..,5,50,45,395
01/31/2025,7:00 AM,75 min.,Flatiron,Guided Down: Deep Stretch,,Sauna.,25,64,39,39
01/31/2025,10:30 AM,75 min.,Flatiron,Guided All Around: Reset,,Sauna.,24,64,40,79
01/31/2025,2:00 PM,75 min.,Flatiron,Free Flow,,Sauna.,12,40,28,107
01/31/2025,2:30 PM,75 min.,Flatiron,Free Flow,,Sauna..,24,40,16,123
01/31/2025,3:00 PM,75 min.,Flatiron,Free Flow,,Sauna...,29,40,11,134
01/31/2025,3:30 PM,75 min.,Flatiron,Free Flow,,Sauna.,17,40,23,157
01/31/2025,4:00 PM,75 min.,Flatiron,Free Flow,,Sauna..,10,40,30,187
01/31/2025,4:30 PM,75 min.,Flatiron,Free Flow,,Sauna...,5,40,35,222
01/31/2025,5:00 PM,75 min.,Flatiron,Free Flow,,Sauna.,1,40,39,261
01/31/2025,5:30 PM,75 min.,Flatiron,Free Flow,,Sauna..,1,40,39,300
01/31/2025,7:15 PM,75 min.,Flatiron,Guided Down: Sound Immersion,,Sauna.,,,,300
02/01/2025,8:00 AM,75 min.,Flatiron,Guided Down: Sound Immersion,,Sauna.,25,64,39,39
02/01/2025,9:45 AM,75 min.,Flatiron,Guided All Around: Release,,Sauna.,3,64,61,100
02/01/2025,11:30 AM,75 min.,Flatiron,Guided All Around: A-Z Emotions,,Sauna.,5,64,59,159
02/01/2025,1:30 PM,75 min.,Flatiron,Lively Free Flow,,Sauna.,1,40,39,198
02/01/2025,2:00 PM,75 min.,Flatiron,Lively Free Flow,,Sauna..,2,37,35,233
02/01/2025,2:30 PM,75 min.,Flatiron,Lively Free Flow,,Sauna...,4,35,31,264
02/01/2025,3:00 PM,75 min.,Flatiron,Lively Free Flow,,Sauna.,2,35,33,297
02/01/2025,3:30 PM,75 min.,Flatiron,Lively Free Flow,,Sauna..,1,38,37,334
02/01/2025,4:00 PM,75 min.,Flatiron,Lively Free Flow,,Sauna...,7,36,29,363
02/01/2025,4:30 PM,75 min.,Flatiron,Lively Free Flow,,Sauna.,1,34,33,396
02/01/2025,5:00 PM,75 min.,Flatiron,Lively Free Flow,,Sauna..,4,37,33,429
02/01/2025,5:30 PM,75 min.,Flatiron,Lively Free Flow,,Sauna...,1,35,34,463
02/01/2025,6:00 PM,75 min.,Flatiron,Lively Free Flow,,Sauna.,8,38,30,493
02/01/2025,7:45 PM,75 min.,Flatiron,"Guided All Around: Rose, Thorn, Bud",,Sauna.,5,64,59,552
02/01/2025,9:30 PM,120 min.,Flatiron,Beat Drop: DJ Takeover,,Sauna.,3,70,67,619
02/01/2025,10:00 PM,120 min.,Flatiron,Beat Drop: DJ Takeover,,Sauna..,,,,619
02/02/2025,8:00 AM,75 min.,Flatiron,Guided Down: Senses,,Sauna.,28,64,36,36
02/02/2025,9:45 AM,75 min.,Flatiron,Guided Down: Sound Immersion,,Sauna.,4,64,60,96
02/02/2025,11:30 AM,75 min.,Flatiron,Guided Down: Unwind,,Sauna.,3,64,61,157
02/02/2025,1:30 PM,75 min.,Flatiron,Lively Free Flow,,Sauna.,2,40,38,195
02/02/2025,2:00 PM,75 min.,Flatiron,Lively Free Flow,,Sauna...,4,37,33,228
02/02/2025,2:30 PM,75 min.,Flatiron,Lively Free Flow,,Sauna..,1,35,34,262
02/02/2025,3:00 PM,75 min.,Flatiron,Lively Free Flow,,Sauna.,0,35,35,297
02/02/2025,3:30 PM,75 min.,Flatiron,Lively Free Flow,,Sauna...,1,38,37,334
02/02/2025,4:00 PM,75 min.,Flatiron,Lively Free Flow,,Sauna..,8,38,30,364
02/02/2025,4:30 PM,75 min.,Flatiron,Lively Free Flow,,Sauna....,2,36,34,398
02/02/2025,5:00 PM,75 min.,Flatiron,Lively Free Flow,,Sauna.....,1,37,36,434
02/02/2025,5:30 PM,75 min.,Flatiron,Lively Free Flow,,Sauna.,3,35,32,466
02/02/2025,7:15 PM,75 min.,Flatiron,Guided All Around: A-Z Emotions,,Sauna.,2,64,62,528
02/02/2025,9:00 PM,75 min.,Flatiron,Guided Down: Embodied,,Sauna.,25,64,39,567
01/20/2025,7:00 AM,75 min.,Flatiron,Free Flow,,Sauna.,23,40,17,17
01/20/2025,7:30 AM,75 min.,Flatiron,Free Flow,,Sauna..,34,40,6,23
01/20/2025,8:00 AM,75 min.,Flatiron,Free Flow,,Sauna...,12,40,28,51
01/20/2025,8:30 AM,75 min.,Flatiron,Free Flow,,Sauna.,1,40,39,90
01/20/2025,9:00 AM,75 min.,Flatiron,Free Flow,,Sauna..,6,40,34,124
01/20/2025,9:30 AM,75 min.,Flatiron,Free Flow,,Sauna...,5,40,35,159
01/20/2025,10:00 AM,75 min.,Flatiron,Free Flow,,Sauna.,3,40,37,196
01/20/2025,10:15 AM,75 min.,Flatiron,Free Flow,,Sauna..,0,40,40,236
01/20/2025,12:00 PM,75 min.,Flatiron,Guided Down: Deep Stretch,,Sauna.,4,64,60,296
01/20/2025,2:00 PM,75 min.,Flatiron,Free Flow,,Sauna.,0,40,40,336
01/20/2025,2:30 PM,75 min.,Flatiron,Free Flow,,Sauna..,3,40,37,373
01/20/2025,3:00 PM,75 min.,Flatiron,Free Flow,,Sauna...,0,40,40,413
01/20/2025,3:30 PM,75 min.,Flatiron,Free Flow,,Sauna.,2,40,38,451
01/20/2025,3:45 PM,75 min.,Flatiron,Free Flow,,Sauna..,2,40,38,489
01/20/2025,5:30 PM,75 min.,Flatiron,Guided All Around: Inner Power,,Sauna.,1,64,63,552
01/20/2025,7:15 PM,75 min.,Flatiron,Guided All Around: Loving Kindness,,Sauna.,9,64,55,607
01/20/2025,9:00 PM,120 min.,Flatiron,Comedy Night,,Sauna.,0,75,75,682
01/21/2025,7:00 AM,75 min.,Flatiron,Guided Up: Awakening,,Sauna.,38,64,26,26
01/21/2025,8:30 AM,75 min.,Flatiron,Quieter Free Flow,,Sauna.,36,40,4,30
01/21/2025,9:00 AM,75 min.,Flatiron,Quieter Free Flow,,Sauna..,35,40,5,35
01/21/2025,9:30 AM,75 min.,Flatiron,Quieter Free Flow,,Sauna...,34,40,6,41
01/21/2025,10:00 AM,75 min.,Flatiron,Quieter Free Flow,,Sauna.,34,40,6,47
01/21/2025,10:15 AM,75 min.,Flatiron,Quieter Free Flow,,Sauna..,34,40,6,53
01/21/2025,12:00 PM,75 min.,Flatiron,Guided Down: Unwind,,Sauna.,55,64,9,62
01/21/2025,1:45 PM,75 min.,Flatiron,Guided All Around: Heart Opener,,Sauna.,43,64,21,83
01/21/2025,3:30 PM,75 min.,Flatiron,Free Flow,,Sauna.,54,80,26,109
01/21/2025,3:45 PM,75 min.,Flatiron,Free Flow,,Sauna..,22,40,18,127
01/21/2025,5:30 PM,75 min.,Flatiron,Guided Down: Self-Care Sweat,,Sauna.,7,64,57,184
01/21/2025,7:15 PM,75 min.,Flatiron,Guided Down: Unwind,,Sauna.,,,,184
01/21/2025,9:00 PM,120 min.,Flatiron,Runner's Night,,Sauna.,7,70,63,247
01/21/2025,9:15 PM,120 min.,Flatiron,Runner's Night,,Sauna..,39,50,11,258
01/22/2025,7:00 AM,75 min.,Flatiron,Guided Up: Feel Good Now,Aaron Albert,Sauna.,43,64,21,21
01/22/2025,8:30 AM,75 min.,Flatiron,Free Flow,,Sauna.,34,40,6,27
01/22/2025,9:00 AM,75 min.,Flatiron,Free Flow,,Sauna..,35,40,5,32
01/22/2025,9:30 AM,75 min.,Flatiron,Free Flow,,Sauna...,34,40,6,38
01/22/2025,10:00 AM,75 min.,Flatiron,Free Flow,,Sauna.,34,40,6,44
01/22/2025,10:15 AM,75 min.,Flatiron,Free Flow,,Sauna..,34,40,6,50
01/22/2025,12:00 PM,75 min.,Flatiron,Guided All Around: Inner Power,,Sauna.,32,64,32,82
01/22/2025,2:00 PM,75 min.,Flatiron,Free Flow,,Sauna.,29,40,11,93
01/22/2025,2:30 PM,75 min.,Flatiron,Free Flow,,Sauna..,26,40,14,107
01/22/2025,3:00 PM,75 min.,Flatiron,Free Flow,,Sauna...,37,40,3,110
01/22/2025,3:30 PM,75 min.,Flatiron,Free Flow,,Sauna.,37,40,3,113
01/22/2025,3:45 PM,75 min.,Flatiron,Free Flow,,Sauna..,21,40,19,132
01/22/2025,5:30 PM,75 min.,Flatiron,Guided Down: Embodied,,Sauna.,,,,132
01/22/2025,7:15 PM,75 min.,Flatiron,Guided All Around: A-Z Emotions,,Sauna.,9,64,55,187
01/22/2025,9:00 PM,75 min.,Flatiron,Free Flow,,Sauna.,12,70,58,245
01/22/2025,9:30 PM,75 min.,Flatiron,Free Flow,,Sauna..,43,50,7,252
01/23/2025,7:00 AM,75 min.,Flatiron,Guided Down: Embodied,,Sauna.,43,64,21,21
01/23/2025,8:30 AM,75 min.,Flatiron,Free Flow,,Sauna.,30,40,10,31
01/23/2025,9:00 AM,75 min.,Flatiron,Free Flow,,Sauna..,39,40,1,32
01/23/2025,9:30 AM,75 min.,Flatiron,Free Flow,,Sauna...,36,40,4,36
01/23/2025,10:00 AM,75 min.,Flatiron,Free Flow,,Sauna.,38,40,2,38
01/23/2025,10:15 AM,75 min.,Flatiron,Free Flow,,Sauna..,33,40,7,45
01/23/2025,12:00 PM,75 min.,Flatiron,Guided Down: Sound Immersion,,Sauna.,30,64,34,79
01/23/2025,5:00 PM,75 min.,Flatiron,Free Flow,,Sauna.,0,40,40,119
01/23/2025,5:30 PM,75 min.,Flatiron,Free Flow,,Sauna..,1,40,39,158
01/23/2025,7:15 PM,75 min.,Flatiron,Guided All Around: Release,,Sauna.,7,64,57,215
01/23/2025,9:00 PM,75 min.,Flatiron,Lively Free Flow,,Sauna.,6,70,64,279
01/23/2025,9:30 PM,75 min.,Flatiron,Lively Free Flow,,Sauna..,14,50,36,315
01/24/2025,7:00 AM,75 min.,Flatiron,Guided Down: Deep Stretch,,Sauna.,30,64,34,34
01/24/2025,8:45 AM,75 min.,Flatiron,Guided Down: Pure Presence,,Sauna.,46,64,18,52
01/24/2025,10:30 AM,75 min.,Flatiron,Guided All Around: Loving Kindness,,Sauna.,26,64,38,90
01/24/2025,12:15 PM,75 min.,Flatiron,Guided All Around: Hardwiring Happiness,,Sauna.,22,64,42,132
01/24/2025,2:00 PM,75 min.,Flatiron,Free Flow,,Sauna.,10,40,30,162
01/24/2025,2:30 PM,75 min.,Flatiron,Free Flow,,Sauna..,29,40,11,173
01/24/2025,3:00 PM,75 min.,Flatiron,Free Flow,,Sauna...,27,40,13,186
01/24/2025,3:30 PM,75 min.,Flatiron,Free Flow,,Sauna.,22,40,18,204
01/24/2025,4:00 PM,75 min.,Flatiron,Free Flow,,Sauna..,2,40,38,242
01/24/2025,4:30 PM,75 min.,Flatiron,Free Flow,,Sauna...,5,40,35,277
01/24/2025,5:00 PM,75 min.,Flatiron,Free Flow,,Sauna.,3,40,37,314
01/24/2025,5:30 PM,75 min.,Flatiron,Free Flow,,Sauna..,1,40,39,353
01/24/2025,7:15 PM,75 min.,Flatiron,Guided All Around: Heart Opener,,Sauna.,4,64,60,413
01/24/2025,9:00 PM,120 min.,Flatiron,Social,,Sauna.,7,70,63,476
01/24/2025,9:30 PM,120 min.,Flatiron,Social,,Sauna..,3,50,47,523
01/25/2025,8:00 AM,75 min.,Flatiron,Guided Down: Sound Immersion,,Sauna.,18,64,46,46
01/25/2025,9:45 AM,75 min.,Flatiron,Guided Up: Feel Good Now,,Sauna.,7,64,57,103
01/25/2025,11:30 AM,75 min.,Flatiron,Guided All Around: Journey Through the Elements,,Sauna.,1,64,63,166
01/25/2025,1:30 PM,75 min.,Flatiron,Lively Free Flow,,Sauna.,2,40,38,204
01/25/2025,2:00 PM,75 min.,Flatiron,Lively Free Flow,,Sauna..,1,37,36,240
01/25/2025,2:30 PM,75 min.,Flatiron,Lively Free Flow,,Sauna...,1,35,34,274
01/25/2025,3:00 PM,75 min.,Flatiron,Lively Free Flow,,Sauna.,1,35,34,308
01/25/2025,3:30 PM,75 min.,Flatiron,Lively Free Flow,,Sauna..,2,38,36,344
01/25/2025,4:00 PM,75 min.,Flatiron,Lively Free Flow,,Sauna...,1,38,37,381
01/25/2025,4:30 PM,75 min.,Flatiron,Lively Free Flow,,Sauna.,3,36,33,414
01/25/2025,5:00 PM,75 min.,Flatiron,Lively Free Flow,,Sauna..,4,37,33,447
01/25/2025,5:30 PM,75 min.,Flatiron,Lively Free Flow,,Sauna...,1,35,34,481
01/25/2025,6:00 PM,75 min.,Flatiron,Lively Free Flow,,Sauna.,3,38,35,516
01/25/2025,7:45 PM,75 min.,Flatiron,Guided All Around: Reset,,Sauna.,,,,516
01/25/2025,9:30 PM,120 min.,Flatiron,Social,,Sauna.,4,70,66,582
01/25/2025,9:45 PM,120 min.,Flatiron,Social,,Sauna..,3,50,47,629
01/26/2025,8:00 AM,75 min.,Flatiron,Guided All Around: Heart Opener,Liana Santos,Sauna.,30,64,34,34
01/26/2025,9:45 AM,75 min.,Flatiron,Guided All Around: A-Z Emotions,,Sauna.,4,64,60,94
01/26/2025,11:30 AM,75 min.,Flatiron,Guided Down: Unwind,,Sauna.,7,64,57,151
01/26/2025,1:30 PM,75 min.,Flatiron,Lively Free Flow,,Sauna.,4,40,36,187
01/26/2025,2:00 PM,75 min.,Flatiron,Lively Free Flow,,Sauna...,4,37,33,220
01/26/2025,2:30 PM,75 min.,Flatiron,Lively Free Flow,,Sauna..,7,35,28,248
01/26/2025,3:00 PM,75 min.,Flatiron,Lively Free Flow,,Sauna.,3,35,32,280
01/26/2025,3:30 PM,75 min.,Flatiron,Lively Free Flow,,Sauna...,2,38,36,316
01/26/2025,4:00 PM,75 min.,Flatiron,Lively Free Flow,,Sauna..,0,38,38,354
01/26/2025,4:30 PM,75 min.,Flatiron,Lively Free Flow,,Sauna....,5,36,31,385
01/26/2025,5:00 PM,75 min.,Flatiron,Lively Free Flow,,Sauna.....,2,37,35,420
01/26/2025,5:30 PM,75 min.,Flatiron,Lively Free Flow,,Sauna.,5,35,30,450
01/26/2025,7:15 PM,75 min.,Flatiron,"Guided All Around: Rose, Thorn, Bud",,Sauna.,6,64,58,508
01/13/2025,10:00 AM,75 min.,Flatiron,Quieter Free Flow,,Sauna.,34,40,6,6
01/13/2025,10:15 AM,75 min.,Flatiron,Quieter Free Flow,,Sauna..,33,40,7,13
01/13/2025,12:00 PM,75 min.,Flatiron,Guided Down: Deep Stretch,,Sauna.,42,64,22,35
01/13/2025,2:00 PM,75 min.,Flatiron,Free Flow,,Sauna.,25,40,15,50
01/13/2025,2:30 PM,75 min.,Flatiron,Free Flow,,Sauna..,32,40,8,58
01/13/2025,3:00 PM,75 min.,Flatiron,Free Flow,,Sauna...,31,40,9,67
01/13/2025,3:30 PM,75 min.,Flatiron,Free Flow,,Sauna.,36,40,4,71
01/13/2025,3:45 PM,75 min.,Flatiron,Free Flow,,Sauna..,26,40,14,85
01/13/2025,5:30 PM,75 min.,Flatiron,Guided Down: Sound Immersion,,Sauna.,4,64,60,145
01/13/2025,7:15 PM,75 min.,Flatiron,Guided All Around: Journey Through the Elements,,Sauna.,4,64,60,205
01/13/2025,9:00 PM,75 min.,Flatiron,Guided Down: Pure Presence,,Sauna.,20,64,44,249
01/14/2025,7:00 AM,75 min.,Flatiron,Guided Up: Awakening,,Sauna.,38,64,26,26
01/14/2025,8:30 AM,75 min.,Flatiron,Quieter Free Flow,,Sauna.,31,40,9,35
01/14/2025,9:00 AM,75 min.,Flatiron,Quieter Free Flow,,Sauna..,39,40,1,36
01/14/2025,9:30 AM,75 min.,Flatiron,Quieter Free Flow,,Sauna...,33,40,7,43
01/14/2025,10:00 AM,75 min.,Flatiron,Quieter Free Flow,,Sauna.,36,40,4,47
01/14/2025,10:15 AM,75 min.,Flatiron,Quieter Free Flow,,Sauna..,30,40,10,57
01/14/2025,12:00 PM,75 min.,Flatiron,Guided Down: Unwind,,Sauna.,55,64,9,66
01/14/2025,1:45 PM,75 min.,Flatiron,Guided All Around: A-Z Emotions,,Sauna.,40,64,24,90
01/14/2025,3:30 PM,75 min.,Flatiron,Free Flow,,Sauna.,61,80,19,109
01/14/2025,3:45 PM,75 min.,Flatiron,Free Flow,,Sauna..,22,40,18,127
01/14/2025,7:15 PM,75 min.,Flatiron,Guided Down: Unwind,,Sauna.,,,,127
01/14/2025,9:00 PM,75 min.,Flatiron,Free Flow,,Sauna.,27,80,53,180
01/14/2025,9:15 PM,75 min.,Flatiron,Free Flow,,Sauna..,9,40,31,211
01/14/2025,10:30 PM,75 min.,Flatiron,Free Flow,,Sauna...,37,80,43,254
01/15/2025,7:00 AM,75 min.,Flatiron,Guided All Around: Journey Through the Elements,,Sauna.,39,64,25,25
01/15/2025,12:00 PM,75 min.,Flatiron,Guided Down: Embodied,,Sauna.,32,64,32,57
01/15/2025,2:00 PM,75 min.,Flatiron,Free Flow,,Sauna.,27,40,13,70
01/15/2025,2:30 PM,75 min.,Flatiron,Free Flow,,Sauna..,28,40,12,82
01/15/2025,3:00 PM,75 min.,Flatiron,Free Flow,,Sauna...,31,40,9,91
01/15/2025,3:30 PM,75 min.,Flatiron,Free Flow,,Sauna.,33,40,7,98
01/15/2025,3:45 PM,75 min.,Flatiron,Free Flow,,Sauna..,12,40,28,126
01/15/2025,5:30 PM,75 min.,Flatiron,"Guided All Around: Rose, Thorn, Bud",,Sauna.,1,64,63,189
01/15/2025,7:15 PM,75 min.,Flatiron,Guided All Around: Hardwiring Happiness,,Sauna.,1,64,63,252
01/16/2025,7:00 AM,75 min.,Flatiron,Guided Down: Embodied,,Sauna.,0,64,64,64
01/16/2025,8:30 AM,75 min.,Flatiron,Free Flow,,Sauna.,0,40,40,104
01/16/2025,9:00 AM,75 min.,Flatiron,Free Flow,,Sauna..,1,40,39,143
01/16/2025,9:30 AM,75 min.,Flatiron,Free Flow,,Sauna...,40,40,0,143
01/16/2025,10:00 AM,75 min.,Flatiron,Free Flow,,Sauna.,40,40,0,143
01/16/2025,10:15 AM,75 min.,Flatiron,Free Flow,,Sauna..,0,40,40,183
01/16/2025,12:00 PM,75 min.,Flatiron,Guided All Around: Inner Power,,Sauna.,55,64,9,192
01/16/2025,1:45 PM,75 min.,Flatiron,Guided Down: Pure Presence,,Sauna.,41,64,23,215
01/16/2025,3:30 PM,75 min.,Flatiron,Free Flow,,Sauna.,2,40,38,253
01/16/2025,4:00 PM,75 min.,Flatiron,Free Flow,,Sauna..,31,40,9,262
01/16/2025,4:30 PM,75 min.,Flatiron,Free Flow,,Sauna...,13,40,27,289
01/16/2025,5:00 PM,75 min.,Flatiron,Free Flow,,Sauna.,1,40,39,328
01/16/2025,5:30 PM,75 min.,Flatiron,Free Flow,,Sauna..,1,40,39,367
01/16/2025,7:15 PM,75 min.,Flatiron,Guided Up: Feel Good Now,,Sauna.,3,64,61,428
01/16/2025,9:00 PM,75 min.,Flatiron,Lively Free Flow,,Sauna.,1,70,69,497
01/16/2025,9:15 PM,75 min.,Flatiron,Lively Free Flow,,Sauna..,31,50,19,516
01/17/2025,7:00 AM,75 min.,Flatiron,Guided Down: Deep Stretch,,Sauna.,41,64,23,23
01/17/2025,8:45 AM,75 min.,Flatiron,Guided Up: Feel Good Now,Aaron Albert,Sauna.,52,64,12,35
01/17/2025,10:30 AM,75 min.,Flatiron,Guided All Around: Heart Opener,,Sauna.,34,64,30,65
01/17/2025,12:15 PM,75 min.,Flatiron,Guided Up: Arctic Tundra,,Sauna.,46,64,18,83
01/17/2025,2:00 PM,75 min.,Flatiron,Free Flow,,Sauna.,12,40,28,111
01/17/2025,2:30 PM,75 min.,Flatiron,Free Flow,,Sauna..,26,40,14,125
01/17/2025,3:00 PM,75 min.,Flatiron,Free Flow,,Sauna...,20,40,20,145
01/17/2025,3:30 PM,75 min.,Flatiron,Free Flow,,Sauna.,24,40,16,161
01/17/2025,4:00 PM,75 min.,Flatiron,Free Flow,,Sauna..,17,40,23,184
01/17/2025,4:30 PM,75 min.,Flatiron,Free Flow,,Sauna...,13,40,27,211
01/17/2025,5:00 PM,75 min.,Flatiron,Free Flow,,Sauna.,2,40,38,249
01/17/2025,5:30 PM,75 min.,Flatiron,Free Flow,,Sauna..,1,40,39,288
01/17/2025,7:15 PM,75 min.,Flatiron,Guided Down: Sound Immersion,,Sauna.,,,,288
01/17/2025,9:00 PM,120 min.,Flatiron,Social,,Sauna.,10,70,60,348
01/17/2025,9:15 PM,120 min.,Flatiron,Social,,Sauna..,2,50,48,396
01/18/2025,8:00 AM,75 min.,Flatiron,Guided Down: Sound Immersion,,Sauna.,35,64,29,29
01/18/2025,9:45 AM,75 min.,Flatiron,Guided All Around: Release,,Sauna.,1,64,63,92
01/18/2025,11:30 AM,75 min.,Flatiron,Guided All Around: A-Z Emotions,,Sauna.,2,64,62,154
01/18/2025,1:30 PM,75 min.,Flatiron,Lively Free Flow,,Sauna.,1,40,39,193
01/18/2025,2:00 PM,75 min.,Flatiron,Lively Free Flow,,Sauna..,0,37,37,230
01/18/2025,2:30 PM,75 min.,Flatiron,Lively Free Flow,,Sauna...,0,35,35,265
01/18/2025,3:00 PM,75 min.,Flatiron,Lively Free Flow,,Sauna.,0,40,40,305
01/18/2025,3:30 PM,75 min.,Flatiron,Lively Free Flow,,Sauna..,0,37,37,342
01/18/2025,4:00 PM,75 min.,Flatiron,Lively Free Flow,,Sauna...,1,35,34,376
01/18/2025,4:30 PM,75 min.,Flatiron,Lively Free Flow,,Sauna.,3,40,37,413
01/18/2025,5:00 PM,75 min.,Flatiron,Lively Free Flow,,Sauna..,2,37,35,448
01/18/2025,5:30 PM,75 min.,Flatiron,Lively Free Flow,,Sauna...,0,35,35,483
01/18/2025,6:00 PM,75 min.,Flatiron,Lively Free Flow,,Sauna.,0,40,40,523
01/18/2025,7:45 PM,75 min.,Flatiron,"Guided All Around: Rose, Thorn, Bud",,Sauna.,2,64,62,585
01/18/2025,9:30 PM,120 min.,Flatiron,Social,,Sauna.,12,70,58,643
01/18/2025,9:45 PM,120 min.,Flatiron,Social,,Sauna..,39,50,11,654
01/19/2025,8:00 AM,75 min.,Flatiron,Guided Down: Senses,,Sauna.,16,64,48,48
01/19/2025,9:45 AM,75 min.,Flatiron,Guided Down: Sound Immersion,,Sauna.,1,64,63,111
01/19/2025,11:30 AM,75 min.,Flatiron,Guided Down: Unwind,,Sauna.,1,64,63,174
01/19/2025,1:30 PM,75 min.,Flatiron,Lively Free Flow,,Sauna.,3,40,37,211
01/19/2025,2:00 PM,75 min.,Flatiron,Lively Free Flow,,Sauna...,3,37,34,245
01/19/2025,2:30 PM,75 min.,Flatiron,Lively Free Flow,,Sauna..,3,35,32,277
01/19/2025,3:00 PM,75 min.,Flatiron,Lively Free Flow,,Sauna.,1,40,39,316
01/19/2025,3:30 PM,75 min.,Flatiron,Lively Free Flow,,Sauna...,1,37,36,352
01/19/2025,4:00 PM,75 min.,Flatiron,Lively Free Flow,,Sauna..,2,35,33,385
01/19/2025,4:30 PM,75 min.,Flatiron,Lively Free Flow,,Sauna....,1,40,39,424
01/19/2025,5:00 PM,75 min.,Flatiron,Lively Free Flow,,Sauna.....,0,37,37,461
01/19/2025,5:30 PM,75 min.,Flatiron,Lively Free Flow,,Sauna.,0,35,35,496
01/19/2025,7:15 PM,75 min.,Flatiron,Guided All Around: A-Z Emotions,,Sauna.,9,64,55,551
01/19/2025,9:00 PM,75 min.,Flatiron,Guided Down: Pure Presence,,Sauna.,5,64,59,610
01/06/2025,7:00 AM,75 min.,Flatiron,Quieter Free Flow,,Sauna.,32,40,8,8
01/06/2025,7:30 AM,75 min.,Flatiron,Quieter Free Flow,,Sauna..,37,40,3,11
01/06/2025,8:00 AM,75 min.,Flatiron,Quieter Free Flow,,Sauna...,38,40,2,13
01/06/2025,8:30 AM,75 min.,Flatiron,Quieter Free Flow,,Sauna.,40,40,0,13
01/06/2025,9:00 AM,75 min.,Flatiron,Quieter Free Flow,,Sauna..,34,40,6,19
01/06/2025,9:30 AM,75 min.,Flatiron,Quieter Free Flow,,Sauna...,38,40,2,21
01/06/2025,10:00 AM,75 min.,Flatiron,Quieter Free Flow,,Sauna.,38,40,2,23
01/06/2025,10:15 AM,75 min.,Flatiron,Quieter Free Flow,,Sauna..,35,40,5,28
01/06/2025,12:00 PM,75 min.,Flatiron,Guided All Around: Inner Power,,Sauna.,46,64,18,46
01/06/2025,2:00 PM,75 min.,Flatiron,Free Flow,,Sauna.,30,40,10,56
01/06/2025,2:30 PM,75 min.,Flatiron,Free Flow,,Sauna..,37,40,3,59
01/06/2025,3:00 PM,75 min.,Flatiron,Free Flow,,Sauna...,37,40,3,62
01/06/2025,3:30 PM,75 min.,Flatiron,Free Flow,,Sauna.,32,40,8,70
01/06/2025,3:45 PM,75 min.,Flatiron,Free Flow,,Sauna..,25,40,15,85
01/06/2025,5:30 PM,75 min.,Flatiron,Guided Up: Arctic Tundra,,Sauna.,44,64,20,105
01/06/2025,7:15 PM,75 min.,Flatiron,Guided All Around: Loving Kindness,,Sauna.,,,,105
01/06/2025,9:00 PM,75 min.,Flatiron,Guided Up: Feel Good Now,Aaron Albert,Sauna.,43,64,21,126
01/07/2025,7:00 AM,75 min.,Flatiron,Guided Up: Awakening,,Sauna.,50,64,14,14
01/07/2025,8:30 AM,75 min.,Flatiron,Quieter Free Flow,,Sauna.,36,40,4,18
01/07/2025,9:00 AM,75 min.,Flatiron,Quieter Free Flow,,Sauna..,33,40,7,25
01/07/2025,9:30 AM,75 min.,Flatiron,Quieter Free Flow,,Sauna...,39,40,1,26
01/07/2025,10:00 AM,75 min.,Flatiron,Quieter Free Flow,,Sauna.,35,40,5,31
01/07/2025,10:15 AM,75 min.,Flatiron,Quieter Free Flow,,Sauna..,33,40,7,38
01/07/2025,12:00 PM,75 min.,Flatiron,Guided Down: Unwind,,Sauna.,48,64,16,54
01/07/2025,3:30 PM,75 min.,Flatiron,Free Flow,,Sauna.,59,80,21,75
01/07/2025,3:45 PM,75 min.,Flatiron,Free Flow,,Sauna..,29,40,11,86
01/07/2025,5:30 PM,75 min.,Flatiron,Guided Down: Sound Immersion,,Sauna.,3,64,61,147
01/07/2025,7:15 PM,75 min.,Flatiron,Guided All Around: Acceptance,,Sauna.,,,,147
01/07/2025,9:00 PM,75 min.,Flatiron,Free Flow,,Sauna.,36,80,44,191
01/07/2025,9:15 PM,75 min.,Flatiron,Free Flow,,Sauna..,36,40,4,195
01/08/2025,7:00 AM,75 min.,Flatiron,Guided Up: Feel Good Now,Aaron Albert,Sauna.,56,64,8,8
01/08/2025,8:30 AM,75 min.,Flatiron,Free Flow,,Sauna.,37,40,3,11
01/08/2025,9:00 AM,75 min.,Flatiron,Free Flow,,Sauna..,38,40,2,13
01/08/2025,9:30 AM,75 min.,Flatiron,Free Flow,,Sauna...,39,40,1,14
01/08/2025,10:00 AM,75 min.,Flatiron,Free Flow,,Sauna.,33,40,7,21
01/08/2025,10:15 AM,75 min.,Flatiron,Free Flow,,Sauna..,35,40,5,26
01/08/2025,12:00 PM,75 min.,Flatiron,Guided Down: Pure Presence,,Sauna.,48,64,16,42
01/08/2025,2:00 PM,75 min.,Flatiron,Free Flow,,Sauna.,28,40,12,54
01/08/2025,2:30 PM,75 min.,Flatiron,Free Flow,,Sauna..,34,40,6,60
01/08/2025,3:00 PM,75 min.,Flatiron,Free Flow,,Sauna...,34,40,6,66
01/08/2025,3:30 PM,75 min.,Flatiron,Free Flow,,Sauna.,35,40,5,71
01/08/2025,3:45 PM,75 min.,Flatiron,Free Flow,,Sauna..,30,40,10,81
01/08/2025,5:30 PM,75 min.,Flatiron,Guided All Around: A-Z Emotions,,Sauna.,21,64,43,124
01/08/2025,7:15 PM,75 min.,Flatiron,Guided Down: Embodied,,Sauna.,8,64,56,180
01/08/2025,9:00 PM,75 min.,Flatiron,Free Flow,,Sauna.,44,80,36,216
01/08/2025,9:15 PM,75 min.,Flatiron,Free Flow,,Sauna..,30,40,10,226
01/09/2025,7:00 AM,75 min.,Flatiron,Guided Down: Sound Immersion,,Sauna.,44,64,20,20
01/09/2025,8:30 AM,75 min.,Flatiron,Free Flow,,Sauna.,31,40,9,29
01/09/2025,9:00 AM,75 min.,Flatiron,Free Flow,,Sauna..,37,40,3,32
01/09/2025,9:30 AM,75 min.,Flatiron,Free Flow,,Sauna...,38,40,2,34
01/09/2025,10:00 AM,75 min.,Flatiron,Free Flow,,Sauna.,34,40,6,40
01/09/2025,10:15 AM,75 min.,Flatiron,Free Flow,,Sauna..,23,40,17,57
01/09/2025,12:00 PM,75 min.,Flatiron,Guided Down: Self-Care Sweat,,Sauna.,38,64,26,83
01/09/2025,1:45 PM,75 min.,Flatiron,Guided All Around: Reflect,,Sauna.,56,64,8,91
01/09/2025,5:00 PM,75 min.,Flatiron,Free Flow,,Sauna.,0,40,40,131
01/09/2025,5:30 PM,75 min.,Flatiron,Free Flow,,Sauna..,0,40,40,171
01/09/2025,7:15 PM,75 min.,Flatiron,Guided Up: Feel Good Now,,Sauna.,2,64,62,233
01/09/2025,9:00 PM,75 min.,Flatiron,Lively Free Flow,,Sauna.,49,70,21,254
01/09/2025,9:15 PM,75 min.,Flatiron,Lively Free Flow,,Sauna..,41,50,9,263
01/10/2025,7:00 AM,75 min.,Flatiron,Guided Down: Deep Stretch,,Sauna.,47,64,17,17
01/10/2025,8:45 AM,75 min.,Flatiron,Guided Up: Self-Care Sweat,,Sauna.,60,64,4,21
01/10/2025,10:30 AM,75 min.,Flatiron,Guided All Around: Reset,,Sauna.,45,64,19,40
01/10/2025,12:15 PM,75 min.,Flatiron,Guided All Around: Hardwiring Happiness,,Sauna.,45,64,19,59
01/10/2025,2:00 PM,75 min.,Flatiron,Free Flow,,Sauna.,12,40,28,87
01/10/2025,2:30 PM,75 min.,Flatiron,Free Flow,,Sauna..,32,40,8,95
01/10/2025,3:00 PM,75 min.,Flatiron,Free Flow,,Sauna...,32,40,8,103
01/10/2025,3:30 PM,75 min.,Flatiron,Free Flow,,Sauna.,23,40,17,120
01/10/2025,4:00 PM,75 min.,Flatiron,Free Flow,,Sauna..,22,40,18,138
01/10/2025,4:30 PM,75 min.,Flatiron,Free Flow,,Sauna...,19,40,21,159
01/10/2025,5:00 PM,75 min.,Flatiron,Free Flow,,Sauna.,9,40,31,190
01/10/2025,5:30 PM,75 min.,Flatiron,Free Flow,,Sauna..,2,40,38,228
01/10/2025,7:15 PM,75 min.,Flatiron,Guided Down: Sound Immersion,,Sauna.,3,64,61,289
01/10/2025,9:00 PM,120 min.,Flatiron,Social,,Sauna.,,,,289
01/10/2025,9:15 PM,120 min.,Flatiron,Social,,Sauna..,,,,289
01/11/2025,8:00 AM,75 min.,Flatiron,Guided Down: Sound Immersion,,Sauna.,18,64,46,46
01/11/2025,9:45 AM,75 min.,Flatiron,Guided Up: Feel Good Now,,Sauna.,1,64,63,109
01/11/2025,11:30 AM,75 min.,Flatiron,Guided Down: Unwind,,Sauna.,2,64,62,171
01/11/2025,1:30 PM,75 min.,Flatiron,Lively Free Flow,,Sauna.,0,40,40,211
01/11/2025,2:00 PM,75 min.,Flatiron,Lively Free Flow,,Sauna..,0,40,40,251
01/11/2025,2:30 PM,75 min.,Flatiron,Lively Free Flow,,Sauna...,0,35,35,286
01/11/2025,3:00 PM,75 min.,Flatiron,Lively Free Flow,,Sauna.,2,40,38,324
01/11/2025,3:30 PM,75 min.,Flatiron,Lively Free Flow,,Sauna..,0,37,37,361
01/11/2025,4:00 PM,75 min.,Flatiron,Lively Free Flow,,Sauna...,2,35,33,394
01/11/2025,4:30 PM,75 min.,Flatiron,Lively Free Flow,,Sauna.,2,40,38,432
01/11/2025,5:00 PM,75 min.,Flatiron,Lively Free Flow,,Sauna..,0,37,37,469
01/11/2025,5:30 PM,75 min.,Flatiron,Lively Free Flow,,Sauna...,3,35,32,501
01/11/2025,6:00 PM,75 min.,Flatiron,Lively Free Flow,,Sauna.,1,40,39,540
01/11/2025,7:45 PM,75 min.,Flatiron,Guided All Around: Loving Kindness,,Sauna.,2,64,62,602
01/11/2025,9:30 PM,120 min.,Flatiron,Beat Drop: DJ Takeover,,Sauna.,7,70,63,665
01/11/2025,9:45 PM,120 min.,Flatiron,Beat Drop: DJ Takeover,,Sauna..,1,50,49,714
01/12/2025,8:00 AM,75 min.,Flatiron,Guided Down: Sound Immersion,,Sauna.,22,64,42,42
01/12/2025,9:45 AM,75 min.,Flatiron,Guided All Around: Release,,Sauna.,4,64,60,102
01/12/2025,11:30 AM,75 min.,Flatiron,Guided Down: Unwind,,Sauna.,2,64,62,164
01/12/2025,1:30 PM,75 min.,Flatiron,Lively Free Flow,,Sauna.,3,40,37,201
01/12/2025,2:00 PM,75 min.,Flatiron,Lively Free Flow,,Sauna...,2,37,35,236
01/12/2025,2:30 PM,75 min.,Flatiron,Lively Free Flow,,Sauna..,0,35,35,271
01/12/2025,3:00 PM,75 min.,Flatiron,Lively Free Flow,,Sauna.,2,40,38,309
01/12/2025,3:30 PM,75 min.,Flatiron,Lively Free Flow,,Sauna...,1,37,36,345
01/12/2025,7:15 PM,75 min.,Flatiron,"Guided All Around: Rose, Thorn, Bud",,Sauna.,6,64,58,403
01/12/2025,9:00 PM,75 min.,Flatiron,Guided All Around: Heart Opener,,Sauna.,0,64,64,467
12/30/2024,7:00 AM,75 min.,Flatiron,Quieter Free Flow,,Sauna.,37,40,3,3
12/30/2024,7:30 AM,75 min.,Flatiron,Quieter Free Flow,,Sauna..,39,40,1,4
12/30/2024,8:00 AM,75 min.,Flatiron,Quieter Free Flow,,Sauna...,38,40,2,6
12/30/2024,8:30 AM,75 min.,Flatiron,Quieter Free Flow,,Sauna.,37,40,3,9
12/30/2024,9:00 AM,75 min.,Flatiron,Quieter Free Flow,,Sauna..,36,40,4,13
12/30/2024,9:30 AM,75 min.,Flatiron,Quieter Free Flow,,Sauna...,37,40,3,16
12/30/2024,10:00 AM,75 min.,Flatiron,Quieter Free Flow,,Sauna.,37,40,3,19
12/30/2024,10:15 AM,75 min.,Flatiron,Quieter Free Flow,,Sauna..,31,40,9,28
12/30/2024,12:00 PM,75 min.,Flatiron,Guided Down: Senses,,Sauna.,26,64,38,66
12/30/2024,2:00 PM,75 min.,Flatiron,Free Flow,,Sauna.,8,40,32,98
12/30/2024,2:30 PM,75 min.,Flatiron,Free Flow,,Sauna..,26,40,14,112
12/30/2024,3:00 PM,75 min.,Flatiron,Free Flow,,Sauna...,28,40,12,124
12/30/2024,3:30 PM,75 min.,Flatiron,Free Flow,,Sauna.,32,40,8,132
12/30/2024,3:45 PM,75 min.,Flatiron,Free Flow,,Sauna..,12,40,28,160
12/30/2024,5:30 PM,75 min.,Flatiron,Guided Down: Sound Immersion,,Sauna.,2,64,62,222
12/30/2024,7:15 PM,75 min.,Flatiron,Guided All Around: Heart Opener,,Sauna.,27,64,37,259
12/30/2024,9:00 PM,75 min.,Flatiron,Guided Down: Pure Presence,,Sauna.,54,64,10,269
12/31/2024,7:00 AM,75 min.,Flatiron,Guided Down: Senses,,Sauna.,56,64,8,8
12/31/2024,8:30 AM,75 min.,Flatiron,Quieter Free Flow,,Sauna.,31,40,9,17
12/31/2024,9:00 AM,75 min.,Flatiron,Quieter Free Flow,,Sauna..,38,40,2,19
12/31/2024,9:30 AM,75 min.,Flatiron,Quieter Free Flow,,Sauna...,34,40,6,25
12/31/2024,10:00 AM,75 min.,Flatiron,Quieter Free Flow,,Sauna.,20,40,20,45
12/31/2024,10:15 AM,75 min.,Flatiron,Quieter Free Flow,,Sauna..,14,40,26,71
12/31/2024,12:00 PM,75 min.,Flatiron,Guided Up: Arctic Tundra,,Sauna.,42,64,22,93
12/31/2024,1:45 PM,75 min.,Flatiron,Guided All Around: A-Z Emotions,,Sauna.,1,64,63,156
12/31/2024,3:30 PM,75 min.,Flatiron,Free Flow,,Sauna.,14,80,66,222
12/31/2024,3:45 PM,75 min.,Flatiron,Free Flow,,Sauna..,9,40,31,253
12/31/2024,5:30 PM,75 min.,Flatiron,Guided Up: Self-Care Sweat,,Sauna.,,,,253
12/31/2024,9:00 PM,75 min.,Flatiron,Free Flow,,Sauna.,80,80,0,253
12/31/2024,9:15 PM,75 min.,Flatiron,Free Flow,,Sauna..,40,40,0,253
12/31/2024,10:30 PM,75 min.,Flatiron,Free Flow,,Sauna...,80,80,0,253
01/01/2025,10:00 AM,75 min.,Flatiron,Free Flow,,Sauna.,11,40,29,29
01/01/2025,10:15 AM,75 min.,Flatiron,Free Flow,,Sauna..,9,40,31,60
01/01/2025,12:00 PM,75 min.,Flatiron,Guided All Around: Inner Power,,Sauna.,6,64,58,118
01/01/2025,2:00 PM,75 min.,Flatiron,Free Flow,,Sauna.,1,40,39,157
01/01/2025,2:30 PM,75 min.,Flatiron,Free Flow,,Sauna..,1,40,39,196
01/01/2025,3:00 PM,75 min.,Flatiron,Free Flow,,Sauna...,2,40,38,234
01/01/2025,3:30 PM,75 min.,Flatiron,Free Flow,,Sauna.,3,40,37,271
01/01/2025,3:45 PM,75 min.,Flatiron,Free Flow,,Sauna..,4,40,36,307
01/01/2025,5:30 PM,75 min.,Flatiron,"Guided All Around: Rose, Thorn, Bud",,Sauna.,,,,307
01/01/2025,7:15 PM,75 min.,Flatiron,Guided All Around: Hardwiring Happiness,,Sauna.,2,64,62,369
01/01/2025,9:00 PM,75 min.,Flatiron,Free Flow,,Sauna.,50,80,30,399
01/01/2025,9:15 PM,75 min.,Flatiron,Free Flow,,Sauna..,35,40,5,404
01/02/2025,7:00 AM,75 min.,Flatiron,Guided Down: Embodied,,Sauna.,52,64,12,12
01/02/2025,8:30 AM,75 min.,Flatiron,Free Flow,,Sauna.,35,40,5,17
01/02/2025,9:00 AM,75 min.,Flatiron,Free Flow,,Sauna..,33,40,7,24
01/02/2025,9:30 AM,75 min.,Flatiron,Free Flow,,Sauna...,39,40,1,25
01/02/2025,10:00 AM,75 min.,Flatiron,Free Flow,,Sauna.,36,40,4,29
01/02/2025,10:15 AM,75 min.,Flatiron,Free Flow,,Sauna..,30,40,10,39
01/02/2025,12:00 PM,75 min.,Flatiron,Guided Down: Self-Care Sweat,,Sauna.,31,64,33,72
01/02/2025,1:45 PM,75 min.,Flatiron,Guided All Around: Reflect,,Sauna.,38,64,26,98
01/02/2025,3:30 PM,75 min.,Flatiron,Free Flow,,Sauna.,18,40,22,120
01/02/2025,4:00 PM,75 min.,Flatiron,Free Flow,,Sauna..,24,40,16,136
01/02/2025,4:30 PM,75 min.,Flatiron,Free Flow,,Sauna...,28,40,12,148
01/02/2025,5:00 PM,75 min.,Flatiron,Free Flow,,Sauna.,26,40,14,162
01/02/2025,5:30 PM,75 min.,Flatiron,Free Flow,,Sauna..,3,40,37,199
01/02/2025,7:15 PM,75 min.,Flatiron,Guided All Around: A-Z Emotions,,Sauna.,,,,199
01/02/2025,9:00 PM,75 min.,Flatiron,Lively Free Flow,,Sauna.,56,70,14,213
01/02/2025,9:15 PM,75 min.,Flatiron,Lively Free Flow,,Sauna..,44,50,6,219
01/03/2025,7:00 AM,75 min.,Flatiron,Guided Down: Deep Stretch,,Sauna.,49,64,15,15
01/03/2025,8:45 AM,75 min.,Flatiron,Guided Down: Senses,,Sauna.,52,64,12,27
01/03/2025,10:30 AM,75 min.,Flatiron,Guided All Around: Reset,,Sauna.,34,64,30,57
01/03/2025,12:15 PM,75 min.,Flatiron,Guided Up: Arctic Tundra,,Sauna.,29,64,35,92
01/03/2025,2:00 PM,75 min.,Flatiron,Free Flow,,Sauna.,18,40,22,114
01/03/2025,2:30 PM,75 min.,Flatiron,Free Flow,,Sauna..,27,40,13,127
01/03/2025,3:00 PM,75 min.,Flatiron,Free Flow,,Sauna...,18,40,22,149
01/03/2025,3:30 PM,75 min.,Flatiron,Free Flow,,Sauna.,22,40,18,167
01/03/2025,4:00 PM,75 min.,Flatiron,Free Flow,,Sauna..,23,40,17,184
01/03/2025,4:30 PM,75 min.,Flatiron,Free Flow,,Sauna...,25,40,15,199
01/03/2025,5:00 PM,75 min.,Flatiron,Free Flow,,Sauna.,11,40,29,228
01/03/2025,5:30 PM,75 min.,Flatiron,Free Flow,,Sauna..,3,40,37,265
01/03/2025,7:15 PM,75 min.,Flatiron,Guided All Around: Release,,Sauna.,,,,265
01/03/2025,9:00 PM,120 min.,Flatiron,Social,,Sauna.,17,70,53,318
01/03/2025,9:15 PM,120 min.,Flatiron,Social,,Sauna..,30,50,20,338
01/04/2025,8:00 AM,75 min.,Flatiron,Guided Down: Embodied,,Sauna.,45,64,19,19
01/04/2025,9:45 AM,75 min.,Flatiron,Guided All Around: Release,,Sauna.,3,64,61,80
01/04/2025,11:30 AM,75 min.,Flatiron,Guided All Around: A-Z Emotions,,Sauna.,,,,80
01/04/2025,1:30 PM,75 min.,Flatiron,Lively Free Flow,,Sauna.,0,50,50,130
01/04/2025,2:00 PM,75 min.,Flatiron,Lively Free Flow,,Sauna..,0,25,25,155
01/04/2025,2:30 PM,75 min.,Flatiron,Lively Free Flow,,Sauna...,1,40,39,194
01/04/2025,3:00 PM,75 min.,Flatiron,Lively Free Flow,,Sauna.,2,40,38,232
01/04/2025,3:30 PM,75 min.,Flatiron,Lively Free Flow,,Sauna..,4,35,31,263
01/04/2025,4:00 PM,75 min.,Flatiron,Lively Free Flow,,Sauna...,8,45,37,300
01/04/2025,4:30 PM,75 min.,Flatiron,Lively Free Flow,,Sauna.,4,25,21,321
01/04/2025,5:00 PM,75 min.,Flatiron,Lively Free Flow,,Sauna..,21,40,19,340
01/04/2025,5:30 PM,75 min.,Flatiron,Lively Free Flow,,Sauna...,28,50,22,362
01/04/2025,6:00 PM,75 min.,Flatiron,Lively Free Flow,,Sauna.,5,30,25,387
01/04/2025,7:45 PM,75 min.,Flatiron,"Guided All Around: Rose, Thorn, Bud",,Sauna.,17,64,47,434
01/04/2025,9:30 PM,120 min.,Flatiron,Social,,Sauna.,7,70,63,497
01/04/2025,9:45 PM,120 min.,Flatiron,Social,,Sauna..,45,50,5,502
01/05/2025,8:00 AM,75 min.,Flatiron,Guided Down: Senses,,Sauna.,45,64,19,19
01/05/2025,9:45 AM,75 min.,Flatiron,Guided Down: Sound Immersion,,Sauna.,9,64,55,74
01/05/2025,11:30 AM,75 min.,Flatiron,Guided Down: Unwind,,Sauna.,2,64,62,136
01/05/2025,1:30 PM,75 min.,Flatiron,Lively Free Flow,,Sauna.,0,50,50,186
01/05/2025,2:00 PM,75 min.,Flatiron,Lively Free Flow,,Sauna...,1,25,24,210
01/05/2025,2:30 PM,75 min.,Flatiron,Lively Free Flow,,Sauna..,1,40,39,249
01/05/2025,3:00 PM,75 min.,Flatiron,Lively Free Flow,,Sauna.,0,40,40,289
01/05/2025,3:30 PM,75 min.,Flatiron,Lively Free Flow,,Sauna...,1,35,34,323
01/05/2025,4:00 PM,75 min.,Flatiron,Lively Free Flow,,Sauna..,3,45,42,365
01/05/2025,4:30 PM,75 min.,Flatiron,Lively Free Flow,,Sauna....,6,25,19,384
01/05/2025,5:00 PM,75 min.,Flatiron,Lively Free Flow,,Sauna.....,15,45,30,414
01/05/2025,5:30 PM,75 min.,Flatiron,Lively Free Flow,,Sauna.,13,50,37,451
01/05/2025,7:15 PM,75 min.,Flatiron,Guided All Around: A-Z Emotions,,Sauna.,2,64,62,513
01/05/2025,9:00 PM,75 min.,Flatiron,Guided Down: Pure Presence,,Sauna.,35,64,29,542
12/23/2024,7:00 AM,75 min.,Flatiron,Quieter Free Flow,,Sauna.,37,40,3,3
12/23/2024,7:30 AM,75 min.,Flatiron,Quieter Free Flow,,Sauna..,39,40,1,4
12/23/2024,8:00 AM,75 min.,Flatiron,Quieter Free Flow,,Sauna...,39,40,1,5
12/23/2024,8:30 AM,75 min.,Flatiron,Quieter Free Flow,,Sauna.,40,40,0,5
12/23/2024,9:00 AM,75 min.,Flatiron,Quieter Free Flow,,Sauna..,35,40,5,10
12/23/2024,9:30 AM,75 min.,Flatiron,Quieter Free Flow,,Sauna...,28,40,12,22
12/23/2024,10:00 AM,75 min.,Flatiron,Quieter Free Flow,,Sauna.,38,40,2,24
12/23/2024,10:15 AM,75 min.,Flatiron,Quieter Free Flow,,Sauna..,30,40,10,34
12/23/2024,12:00 PM,75 min.,Flatiron,Guided Down: Senses,,Sauna.,42,64,22,56
12/23/2024,2:00 PM,75 min.,Flatiron,Free Flow,,Sauna.,19,40,21,77
12/23/2024,2:30 PM,75 min.,Flatiron,Free Flow,,Sauna..,31,40,9,86
12/23/2024,3:00 PM,75 min.,Flatiron,Free Flow,,Sauna...,38,40,2,88
12/23/2024,3:30 PM,75 min.,Flatiron,Free Flow,,Sauna.,34,40,6,94
12/23/2024,3:45 PM,75 min.,Flatiron,Free Flow,,Sauna..,33,40,7,101
12/23/2024,5:30 PM,75 min.,Flatiron,Guided Up: Self-Care Sweat,,Sauna.,26,64,38,139
12/23/2024,7:15 PM,75 min.,Flatiron,Guided All Around: Journey Through the Elements,,Sauna.,28,64,36,175
12/23/2024,9:00 PM,75 min.,Flatiron,Guided Down: Pure Presence,,Sauna.,,,,175
12/24/2024,7:00 AM,75 min.,Flatiron,Guided Up: Self-Care Sweat,,Sauna.,60,64,4,4
12/24/2024,8:30 AM,75 min.,Flatiron,Quieter Free Flow,,Sauna.,38,40,2,6
12/24/2024,9:00 AM,75 min.,Flatiron,Quieter Free Flow,,Sauna..,37,40,3,9
12/24/2024,9:30 AM,75 min.,Flatiron,Quieter Free Flow,,Sauna...,39,40,1,10
12/24/2024,10:00 AM,75 min.,Flatiron,Quieter Free Flow,,Sauna.,35,40,5,15
12/24/2024,10:15 AM,75 min.,Flatiron,Quieter Free Flow,,Sauna..,27,40,13,28
12/24/2024,12:00 PM,75 min.,Flatiron,Guided All Around: Loving Kindness,,Sauna.,29,64,35,63
12/24/2024,1:45 PM,75 min.,Flatiron,Guided Down: Embodied,,Sauna.,53,64,11,74
12/24/2024,3:30 PM,75 min.,Flatiron,Free Flow,,Sauna.,31,60,29,103
12/24/2024,4:00 PM,75 min.,Flatiron,Free Flow,,Sauna..,38,60,22,125
12/25/2024,10:15 AM,75 min.,Flatiron,Guided Down: Senses,,Sauna.,42,64,22,22
12/25/2024,12:00 PM,75 min.,Flatiron,Guided Down: Embodied,,Sauna.,23,64,41,63
12/25/2024,1:45 PM,75 min.,Flatiron,Free Flow,,Sauna.,23,60,37,100
12/25/2024,2:15 PM,75 min.,Flatiron,Free Flow,,Sauna..,29,60,31,131
12/26/2024,9:00 AM,75 min.,Flatiron,Free Flow,,Sauna..,34,40,6,6
12/26/2024,9:30 AM,75 min.,Flatiron,Free Flow,,Sauna...,37,40,3,9
12/26/2024,10:00 AM,75 min.,Flatiron,Free Flow,,Sauna.,38,40,2,11
12/26/2024,10:15 AM,75 min.,Flatiron,Free Flow,,Sauna..,27,40,13,24
12/26/2024,12:00 PM,75 min.,Flatiron,Guided Down: Embodied,,Sauna.,39,64,25,49
12/26/2024,1:45 PM,75 min.,Flatiron,Guided All Around: Reflect,,Sauna.,34,64,30,79
12/26/2024,3:30 PM,75 min.,Flatiron,Free Flow,,Sauna.,20,40,20,99
12/26/2024,4:00 PM,75 min.,Flatiron,Free Flow,,Sauna..,31,40,9,108
12/26/2024,4:30 PM,75 min.,Flatiron,Free Flow,,Sauna...,31,40,9,117
12/26/2024,5:00 PM,75 min.,Flatiron,Free Flow,,Sauna.,33,40,7,124
12/26/2024,5:30 PM,75 min.,Flatiron,Free Flow,,Sauna..,29,40,11,135
12/26/2024,7:15 PM,75 min.,Flatiron,Guided All Around: Inner Power,,Sauna.,30,64,34,169
12/26/2024,9:00 PM,75 min.,Flatiron,Lively Free Flow,,Sauna.,56,70,14,183
12/26/2024,9:15 PM,75 min.,Flatiron,Lively Free Flow,,Sauna..,46,50,4,187
12/27/2024,7:00 AM,75 min.,Flatiron,Guided Down: Deep Stretch,,Sauna.,60,64,4,4
12/27/2024,8:45 AM,75 min.,Flatiron,Guided Up: Self-Care Sweat,,Sauna.,42,64,22,26
12/27/2024,10:30 AM,75 min.,Flatiron,Guided All Around: Loving Kindness,,Sauna.,48,64,16,42
12/27/2024,12:15 PM,75 min.,Flatiron,Guided Down: Sound Immersion,,Sauna.,40,64,24,66
12/27/2024,2:00 PM,75 min.,Flatiron,Free Flow,,Sauna.,19,40,21,87
12/27/2024,2:30 PM,75 min.,Flatiron,Free Flow,,Sauna..,33,40,7,94
12/27/2024,3:00 PM,75 min.,Flatiron,Free Flow,,Sauna...,28,40,12,106
12/27/2024,3:30 PM,75 min.,Flatiron,Free Flow,,Sauna.,31,40,9,115
12/27/2024,4:00 PM,75 min.,Flatiron,Free Flow,,Sauna..,27,40,13,128
12/27/2024,4:30 PM,75 min.,Flatiron,Free Flow,,Sauna...,39,40,1,129
12/27/2024,5:00 PM,75 min.,Flatiron,Free Flow,,Sauna.,26,40,14,143
12/27/2024,5:30 PM,75 min.,Flatiron,Free Flow,,Sauna..,35,40,5,148
12/27/2024,7:15 PM,75 min.,Flatiron,Guided Down: Sound Immersion,,Sauna.,18,64,46,194
12/27/2024,9:00 PM,120 min.,Flatiron,Social,,Sauna.,51,70,19,213
12/27/2024,9:15 PM,120 min.,Flatiron,Social,,Sauna..,41,50,9,222
12/28/2024,8:00 AM,75 min.,Flatiron,Guided Down: Sound Immersion,,Sauna.,51,64,13,13
12/28/2024,9:45 AM,75 min.,Flatiron,Guided Up: Feel Good Now,,Sauna.,57,64,7,20
12/28/2024,11:30 AM,75 min.,Flatiron,Guided All Around: A-Z Emotions,,Sauna.,37,64,27,47
12/28/2024,1:30 PM,75 min.,Flatiron,Lively Free Flow,,Sauna.,3,50,47,94
12/28/2024,2:00 PM,75 min.,Flatiron,Lively Free Flow,,Sauna..,15,25,10,104
12/28/2024,2:30 PM,75 min.,Flatiron,Lively Free Flow,,Sauna...,28,40,12,116
12/28/2024,3:00 PM,75 min.,Flatiron,Lively Free Flow,,Sauna.,34,40,6,122
12/28/2024,3:30 PM,75 min.,Flatiron,Lively Free Flow,,Sauna..,26,35,9,131
12/28/2024,4:00 PM,75 min.,Flatiron,Lively Free Flow,,Sauna...,34,45,11,142
12/28/2024,4:30 PM,75 min.,Flatiron,Lively Free Flow,,Sauna.,15,25,10,152
12/28/2024,5:00 PM,75 min.,Flatiron,Lively Free Flow,,Sauna..,36,40,4,156
12/28/2024,5:30 PM,75 min.,Flatiron,Lively Free Flow,,Sauna...,47,50,3,159
12/28/2024,6:00 PM,75 min.,Flatiron,Lively Free Flow,,Sauna.,20,30,10,169
12/28/2024,7:45 PM,75 min.,Flatiron,Guided All Around: Reset,,Sauna.,41,64,23,192
12/28/2024,9:30 PM,120 min.,Flatiron,Beat Drop: DJ Takeover,,Sauna.,12,70,58,250
12/28/2024,9:45 PM,120 min.,Flatiron,Beat Drop: DJ Takeover,,Sauna..,44,50,6,256
12/29/2024,8:00 AM,75 min.,Flatiron,Guided All Around: Heart Opener,Liana Santos,Sauna.,59,64,5,5
12/29/2024,9:45 AM,75 min.,Flatiron,Guided All Around: Release,,Sauna.,19,64,45,50
12/29/2024,11:30 AM,75 min.,Flatiron,Guided Down: Unwind,,Sauna.,6,64,58,108
12/29/2024,1:30 PM,75 min.,Flatiron,Lively Free Flow,,Sauna.,12,50,38,146
12/29/2024,2:00 PM,75 min.,Flatiron,Lively Free Flow,,Sauna...,7,25,18,164
12/29/2024,2:30 PM,75 min.,Flatiron,Lively Free Flow,,Sauna..,29,40,11,175
12/29/2024,3:00 PM,75 min.,Flatiron,Lively Free Flow,,Sauna.,28,40,12,187
12/29/2024,3:30 PM,75 min.,Flatiron,Lively Free Flow,,Sauna...,31,35,4,191
12/29/2024,4:00 PM,75 min.,Flatiron,Lively Free Flow,,Sauna..,20,45,25,216
12/29/2024,4:30 PM,75 min.,Flatiron,Lively Free Flow,,Sauna....,12,25,13,229
12/29/2024,5:00 PM,75 min.,Flatiron,Lively Free Flow,,Sauna.....,36,45,9,238
12/29/2024,5:30 PM,75 min.,Flatiron,Lively Free Flow,,Sauna.,34,50,16,254
12/29/2024,7:15 PM,75 min.,Flatiron,Guided Up: Self-Care Sweat,,Sauna.,14,64,50,304
12/29/2024,9:00 PM,75 min.,Flatiron,Guided All Around: Heart Opener,,Sauna.,42,64,22,326
12/16/2024,7:00 AM,75 min.,Flatiron,Quieter Free Flow,,Sauna.,33,40,7,7
12/16/2024,7:30 AM,75 min.,Flatiron,Quieter Free Flow,,Sauna..,33,40,7,14
12/16/2024,8:00 AM,75 min.,Flatiron,Quieter Free Flow,,Sauna...,38,40,2,16
12/16/2024,8:30 AM,75 min.,Flatiron,Quieter Free Flow,,Sauna.,37,40,3,19
12/16/2024,9:00 AM,75 min.,Flatiron,Quieter Free Flow,,Sauna..,39,40,1,20
12/16/2024,9:30 AM,75 min.,Flatiron,Quieter Free Flow,,Sauna...,37,40,3,23
12/16/2024,10:00 AM,75 min.,Flatiron,Quieter Free Flow,,Sauna.,36,40,4,27
12/16/2024,10:15 AM,75 min.,Flatiron,Quieter Free Flow,,Sauna..,37,40,3,30
12/16/2024,12:00 PM,75 min.,Flatiron,Guided Down: Senses,,Sauna.,50,64,14,44
12/16/2024,3:30 PM,75 min.,Flatiron,Free Flow,,Sauna.,31,40,9,53
12/16/2024,3:45 PM,75 min.,Flatiron,Free Flow,,Sauna..,27,40,13,66
12/16/2024,5:30 PM,75 min.,Flatiron,Guided Down: Sound Immersion,,Sauna.,,,,66
12/16/2024,7:15 PM,75 min.,Flatiron,Guided All Around: Loving Kindness,,Sauna.,7,64,57,123
12/16/2024,9:00 PM,75 min.,Flatiron,Guided Class,,Sauna.,5,75,70,193
12/17/2024,7:00 AM,75 min.,Flatiron,Guided Up: Awakening,,Sauna.,50,64,14,14
12/17/2024,8:30 AM,75 min.,Flatiron,Quieter Free Flow,,Sauna.,33,40,7,21
12/17/2024,9:00 AM,75 min.,Flatiron,Quieter Free Flow,,Sauna..,38,40,2,23
12/17/2024,9:30 AM,75 min.,Flatiron,Quieter Free Flow,,Sauna...,37,40,3,26
12/17/2024,10:00 AM,75 min.,Flatiron,Quieter Free Flow,,Sauna.,38,40,2,28
12/17/2024,10:15 AM,75 min.,Flatiron,Quieter Free Flow,,Sauna..,35,40,5,33
12/17/2024,12:00 PM,75 min.,Flatiron,Guided Down: Unwind,,Sauna.,39,64,25,58
12/17/2024,1:45 PM,75 min.,Flatiron,Guided All Around: A-Z Emotions,,Sauna.,48,64,16,74
12/17/2024,3:30 PM,75 min.,Flatiron,Free Flow,,Sauna.,70,80,10,84
12/17/2024,3:45 PM,75 min.,Flatiron,Free Flow,,Sauna..,27,40,13,97
12/17/2024,5:30 PM,75 min.,Flatiron,Guided Down: Unwind,,Sauna.,32,64,32,129
12/17/2024,7:15 PM,75 min.,Flatiron,Guided Down: Sound Immersion,,Sauna.,3,64,61,190
12/17/2024,9:00 PM,75 min.,Flatiron,Free Flow,,Sauna.,54,80,26,216
12/17/2024,9:15 PM,75 min.,Flatiron,Free Flow,,Sauna..,35,40,5,221
12/18/2024,7:00 AM,75 min.,Flatiron,Guided Up: Self-Care Sweat,,Sauna.,32,64,32,32
12/18/2024,8:30 AM,75 min.,Flatiron,Free Flow,,Sauna.,34,40,6,38
12/18/2024,9:00 AM,75 min.,Flatiron,Free Flow,,Sauna..,36,40,4,42
12/18/2024,9:30 AM,75 min.,Flatiron,Free Flow,,Sauna...,39,40,1,43
12/18/2024,10:00 AM,75 min.,Flatiron,Free Flow,,Sauna.,36,40,4,47
12/18/2024,10:15 AM,75 min.,Flatiron,Free Flow,,Sauna..,33,40,7,54
12/18/2024,12:00 PM,75 min.,Flatiron,Guided Down: Embodied,,Sauna.,52,64,12,66
12/18/2024,2:00 PM,75 min.,Flatiron,Free Flow,,Sauna.,26,40,14,80
12/18/2024,2:30 PM,75 min.,Flatiron,Free Flow,,Sauna..,37,40,3,83
12/18/2024,3:00 PM,75 min.,Flatiron,Free Flow,,Sauna...,33,40,7,90
12/18/2024,3:30 PM,75 min.,Flatiron,Free Flow,,Sauna.,36,40,4,94
12/18/2024,3:45 PM,75 min.,Flatiron,Free Flow,,Sauna..,23,40,17,111
12/18/2024,5:30 PM,75 min.,Flatiron,"Guided All Around: Rose, Thorn, Bud",,Sauna.,7,64,57,168
12/18/2024,7:15 PM,75 min.,Flatiron,Guided All Around: Hardwiring Happiness,,Sauna.,5,64,59,227
12/18/2024,9:00 PM,75 min.,Flatiron,Free Flow,,Sauna.,25,80,55,282
12/18/2024,9:15 PM,75 min.,Flatiron,Free Flow,,Sauna..,37,40,3,285
12/19/2024,7:00 AM,75 min.,Flatiron,Guided Down: Embodied,,Sauna.,58,64,6,6
12/19/2024,8:30 AM,75 min.,Flatiron,Free Flow,,Sauna.,31,40,9,15
12/19/2024,9:00 AM,75 min.,Flatiron,Free Flow,,Sauna..,29,40,11,26
12/19/2024,9:30 AM,75 min.,Flatiron,Free Flow,,Sauna...,38,40,2,28
12/19/2024,10:00 AM,75 min.,Flatiron,Free Flow,,Sauna.,32,40,8,36
12/19/2024,10:15 AM,75 min.,Flatiron,Free Flow,,Sauna..,34,40,6,42
12/19/2024,12:00 PM,75 min.,Flatiron,Guided Down: Pure Presence,,Sauna.,49,64,15,57
12/19/2024,1:45 PM,75 min.,Flatiron,Guided All Around: Reflect,,Sauna.,54,64,10,67
12/19/2024,3:30 PM,75 min.,Flatiron,Free Flow,,Sauna.,22,40,18,85
12/19/2024,4:00 PM,75 min.,Flatiron,Free Flow,,Sauna..,33,40,7,92
12/19/2024,4:30 PM,75 min.,Flatiron,Free Flow,,Sauna...,32,40,8,100
12/19/2024,5:00 PM,75 min.,Flatiron,Free Flow,,Sauna.,32,40,8,108
12/19/2024,5:30 PM,75 min.,Flatiron,Free Flow,,Sauna..,8,40,32,140
12/19/2024,7:15 PM,75 min.,Flatiron,Guided Up: Feel Good Now,,Sauna.,12,64,52,192
12/19/2024,9:00 PM,75 min.,Flatiron,Lively Free Flow,,Sauna.,53,70,17,209
12/19/2024,9:15 PM,75 min.,Flatiron,Lively Free Flow,,Sauna..,41,50,9,218
12/20/2024,7:00 AM,75 min.,Flatiron,Guided Down: Deep Stretch,,Sauna.,57,64,7,7
12/20/2024,8:45 AM,75 min.,Flatiron,Guided Up: Self-Care Sweat,,Sauna.,42,64,22,29
12/20/2024,10:30 AM,75 min.,Flatiron,Guided All Around: Reset,,Sauna.,41,64,23,52
12/20/2024,12:15 PM,75 min.,Flatiron,Guided Up: Arctic Tundra,,Sauna.,51,64,13,65
12/20/2024,2:00 PM,75 min.,Flatiron,Free Flow,,Sauna.,23,40,17,82
12/20/2024,2:30 PM,75 min.,Flatiron,Free Flow,,Sauna..,29,40,11,93
12/20/2024,3:00 PM,75 min.,Flatiron,Free Flow,,Sauna...,29,40,11,104
12/20/2024,3:30 PM,75 min.,Flatiron,Free Flow,,Sauna.,19,40,21,125
12/20/2024,4:00 PM,75 min.,Flatiron,Free Flow,,Sauna..,28,40,12,137
12/20/2024,4:30 PM,75 min.,Flatiron,Free Flow,,Sauna...,22,40,18,155
12/20/2024,5:00 PM,75 min.,Flatiron,Free Flow,,Sauna.,16,40,24,179
12/20/2024,5:30 PM,75 min.,Flatiron,Free Flow,,Sauna..,1,40,39,218
12/20/2024,7:15 PM,75 min.,Flatiron,Guided All Around: Release,,Sauna.,6,64,58,276
12/20/2024,9:00 PM,120 min.,Flatiron,Social,,Sauna.,41,70,29,305
12/20/2024,9:15 PM,120 min.,Flatiron,Social,,Sauna..,37,50,13,318
12/21/2024,8:00 AM,75 min.,Flatiron,Guided Down: Sound Immersion,,Sauna.,57,64,7,7
12/21/2024,9:45 AM,75 min.,Flatiron,Guided All Around: Release,,Sauna.,21,64,43,50
12/21/2024,11:30 AM,75 min.,Flatiron,Guided All Around: A-Z Emotions,,Sauna.,3,64,61,111
12/21/2024,1:30 PM,75 min.,Flatiron,Lively Free Flow,,Sauna.,7,50,43,154
12/21/2024,2:00 PM,75 min.,Flatiron,Lively Free Flow,,Sauna..,11,25,14,168
12/21/2024,2:30 PM,75 min.,Flatiron,Lively Free Flow,,Sauna...,20,40,20,188
12/21/2024,3:00 PM,75 min.,Flatiron,Lively Free Flow,,Sauna.,34,40,6,194
12/21/2024,3:30 PM,75 min.,Flatiron,Lively Free Flow,,Sauna..,17,35,18,212
12/21/2024,4:00 PM,75 min.,Flatiron,Lively Free Flow,,Sauna...,37,45,8,220
12/21/2024,4:30 PM,75 min.,Flatiron,Lively Free Flow,,Sauna.,18,25,7,227
12/21/2024,5:00 PM,75 min.,Flatiron,Lively Free Flow,,Sauna..,29,40,11,238
12/21/2024,5:30 PM,75 min.,Flatiron,Lively Free Flow,,Sauna...,40,50,10,248
12/21/2024,6:00 PM,75 min.,Flatiron,Lively Free Flow,,Sauna.,21,30,9,257
12/21/2024,7:45 PM,75 min.,Flatiron,"Guided All Around: Rose, Thorn, Bud",,Sauna.,14,64,50,307
12/21/2024,9:30 PM,120 min.,Flatiron,Social,,Sauna.,7,70,63,370
12/21/2024,9:45 PM,120 min.,Flatiron,Social,,Sauna..,16,50,34,404
12/22/2024,8:00 AM,75 min.,Flatiron,Guided Down: Senses,,Sauna.,52,64,12,12
12/22/2024,9:45 AM,75 min.,Flatiron,Guided Down: Sound Immersion,,Sauna.,30,64,34,46
12/22/2024,11:30 AM,75 min.,Flatiron,Guided All Around: Inner Power,,Sauna.,6,64,58,104
12/22/2024,1:30 PM,75 min.,Flatiron,Lively Free Flow,,Sauna.,19,50,31,135
12/22/2024,2:00 PM,75 min.,Flatiron,Lively Free Flow,,Sauna...,16,25,9,144
12/22/2024,2:30 PM,75 min.,Flatiron,Lively Free Flow,,Sauna..,28,40,12,156
12/22/2024,3:00 PM,75 min.,Flatiron,Lively Free Flow,,Sauna.,24,40,16,172
12/22/2024,3:30 PM,75 min.,Flatiron,Lively Free Flow,,Sauna...,25,35,10,182
12/22/2024,4:00 PM,75 min.,Flatiron,Lively Free Flow,,Sauna..,35,45,10,192
12/22/2024,4:30 PM,75 min.,Flatiron,Lively Free Flow,,Sauna....,5,25,20,212
12/22/2024,5:00 PM,75 min.,Flatiron,Lively Free Flow,,Sauna.....,30,45,15,227
12/22/2024,5:30 PM,75 min.,Flatiron,Lively Free Flow,,Sauna.,34,50,16,243
12/22/2024,7:15 PM,75 min.,Flatiron,Guided All Around: A-Z Emotions,,Sauna.,34,64,30,273
12/22/2024,9:00 PM,75 min.,Flatiron,Guided Down: Pure Presence,,Sauna.,41,64,23,296
12/09/2024,7:00 AM,75 min.,Flatiron,Quieter Free Flow,,Sauna.,33,40,7,7
12/09/2024,7:30 AM,75 min.,Flatiron,Quieter Free Flow,,Sauna..,38,40,2,9
12/09/2024,8:00 AM,75 min.,Flatiron,Quieter Free Flow,,Sauna...,39,40,1,10
12/09/2024,8:30 AM,75 min.,Flatiron,Quieter Free Flow,,Sauna.,38,40,2,12
12/09/2024,9:00 AM,75 min.,Flatiron,Quieter Free Flow,,Sauna..,37,40,3,15
12/09/2024,9:30 AM,75 min.,Flatiron,Quieter Free Flow,,Sauna...,34,40,6,21
12/09/2024,10:00 AM,75 min.,Flatiron,Quieter Free Flow,,Sauna.,39,40,1,22
12/09/2024,10:15 AM,75 min.,Flatiron,Quieter Free Flow,,Sauna..,32,40,8,30
12/09/2024,12:00 PM,75 min.,Flatiron,Guided Down: Deep Stretch,,Sauna.,44,64,20,50
12/09/2024,2:00 PM,75 min.,Flatiron,Free Flow,,Sauna.,31,40,9,59
12/09/2024,2:30 PM,75 min.,Flatiron,Free Flow,,Sauna..,29,40,11,70
12/09/2024,3:00 PM,75 min.,Flatiron,Free Flow,,Sauna...,36,40,4,74
12/09/2024,3:30 PM,75 min.,Flatiron,Free Flow,,Sauna.,31,40,9,83
12/09/2024,5:30 PM,75 min.,Flatiron,Free Flowin' Holiday Market,,Sauna.,18,40,22,105
12/09/2024,6:00 PM,75 min.,Flatiron,Free Flowin' Holiday Market,,Sauna...,21,40,19,124
12/09/2024,6:30 PM,75 min.,Flatiron,Free Flowin' Holiday Market,,Sauna..,4,40,36,160
12/09/2024,7:00 PM,75 min.,Flatiron,Free Flowin' Holiday Market,,Sauna.,5,40,35,195
12/09/2024,7:30 PM,75 min.,Flatiron,Free Flowin' Holiday Market,,Sauna...,17,40,23,218
12/09/2024,8:00 PM,75 min.,Flatiron,Free Flowin' Holiday Market,,Sauna..,20,40,20,238
12/09/2024,8:30 PM,75 min.,Flatiron,Free Flowin' Holiday Market,,Sauna.,32,40,8,246
12/09/2024,9:00 PM,75 min.,Flatiron,Free Flowin' Holiday Market,,Sauna...,28,40,12,258
12/10/2024,7:00 AM,75 min.,Flatiron,Guided Up: Awakening,,Sauna.,44,64,20,20
12/10/2024,8:30 AM,75 min.,Flatiron,Quieter Free Flow,,Sauna.,34,40,6,26
12/10/2024,9:00 AM,75 min.,Flatiron,Quieter Free Flow,,Sauna..,40,40,0,26
12/10/2024,9:30 AM,75 min.,Flatiron,Quieter Free Flow,,Sauna...,39,40,1,27
12/10/2024,10:00 AM,75 min.,Flatiron,Quieter Free Flow,,Sauna.,39,40,1,28
12/10/2024,10:15 AM,75 min.,Flatiron,Quieter Free Flow,,Sauna..,36,40,4,32
12/10/2024,12:00 PM,75 min.,Flatiron,Guided Down: Unwind,,Sauna.,52,64,12,44
12/10/2024,1:45 PM,75 min.,Flatiron,Guided All Around: Heart Opener,,Sauna.,48,64,16,60
12/10/2024,3:30 PM,75 min.,Flatiron,Free Flow,,Sauna.,60,80,20,80
12/10/2024,3:45 PM,75 min.,Flatiron,Free Flow,,Sauna..,28,40,12,92
12/10/2024,5:30 PM,75 min.,Flatiron,Guided Class,,Sauna.,2,64,62,154
12/10/2024,9:00 PM,75 min.,Flatiron,Free Flow,,Sauna.,44,80,36,190
12/10/2024,9:15 PM,75 min.,Flatiron,Free Flow,,Sauna..,34,40,6,196
12/11/2024,7:00 AM,75 min.,Flatiron,Guided Up: Self-Care Sweat,,Sauna.,49,64,15,15
12/11/2024,8:30 AM,75 min.,Flatiron,Free Flow,,Sauna.,32,40,8,23
12/11/2024,9:00 AM,75 min.,Flatiron,Free Flow,,Sauna..,35,40,5,28
12/11/2024,9:30 AM,75 min.,Flatiron,Free Flow,,Sauna...,36,40,4,32
12/11/2024,10:00 AM,75 min.,Flatiron,Free Flow,,Sauna.,37,40,3,35
12/11/2024,10:15 AM,75 min.,Flatiron,Free Flow,,Sauna..,37,40,3,38
12/11/2024,12:00 PM,75 min.,Flatiron,Guided All Around: Inner Power,,Sauna.,49,64,15,53
12/11/2024,2:00 PM,75 min.,Flatiron,Free Flow,,Sauna.,33,40,7,60
12/11/2024,2:30 PM,75 min.,Flatiron,Free Flow,,Sauna..,34,40,6,66
12/11/2024,3:00 PM,75 min.,Flatiron,Free Flow,,Sauna...,35,40,5,71
12/11/2024,3:30 PM,75 min.,Flatiron,Free Flow,,Sauna.,33,40,7,78
12/11/2024,3:45 PM,75 min.,Flatiron,Free Flow,,Sauna..,29,40,11,89
12/11/2024,5:30 PM,75 min.,Flatiron,Guided Down: Embodied,,Sauna.,24,64,40,129
12/11/2024,7:15 PM,75 min.,Flatiron,Guided All Around: A-Z Emotions,,Sauna.,12,64,52,181
12/12/2024,7:00 AM,75 min.,Flatiron,Guided Down: Embodied,,Sauna.,55,64,9,9
12/12/2024,8:30 AM,75 min.,Flatiron,Free Flow,,Sauna.,32,40,8,17
12/12/2024,9:00 AM,75 min.,Flatiron,Free Flow,,Sauna..,34,40,6,23
12/12/2024,9:30 AM,75 min.,Flatiron,Free Flow,,Sauna...,38,40,2,25
12/12/2024,10:00 AM,75 min.,Flatiron,Free Flow,,Sauna.,36,40,4,29
12/12/2024,10:15 AM,75 min.,Flatiron,Free Flow,,Sauna..,32,40,8,37
12/12/2024,12:00 PM,75 min.,Flatiron,Guided Down: Self-Care Sweat,,Sauna.,45,64,19,56
12/12/2024,1:45 PM,75 min.,Flatiron,Guided All Around: Reflect,,Sauna.,47,64,17,73
12/12/2024,3:30 PM,75 min.,Flatiron,Free Flow,,Sauna.,27,40,13,86
12/12/2024,4:00 PM,75 min.,Flatiron,Free Flow,,Sauna..,35,40,5,91
12/12/2024,4:30 PM,75 min.,Flatiron,Free Flow,,Sauna...,37,40,3,94
12/12/2024,5:00 PM,75 min.,Flatiron,Free Flow,,Sauna.,25,40,15,109
12/12/2024,5:30 PM,75 min.,Flatiron,Free Flow,,Sauna..,16,40,24,133
12/12/2024,7:15 PM,75 min.,Flatiron,Guided All Around: Release,,Sauna.,3,64,61,194
12/12/2024,9:00 PM,75 min.,Flatiron,Lively Free Flow,,Sauna.,40,70,30,224
12/12/2024,9:15 PM,75 min.,Flatiron,Lively Free Flow,,Sauna..,45,50,5,229
12/13/2024,7:00 AM,75 min.,Flatiron,Guided Down: Deep Stretch,,Sauna.,49,64,15,15
12/13/2024,8:45 AM,75 min.,Flatiron,Guided Up: Self-Care Sweat,,Sauna.,55,64,9,24
12/13/2024,10:30 AM,75 min.,Flatiron,Guided All Around: Reset,,Sauna.,39,64,25,49
12/13/2024,12:15 PM,75 min.,Flatiron,Guided All Around: Hardwiring Happiness,,Sauna.,46,64,18,67
12/13/2024,2:00 PM,75 min.,Flatiron,Free Flow,,Sauna.,33,40,7,74
12/13/2024,2:30 PM,75 min.,Flatiron,Free Flow,,Sauna..,32,40,8,82
12/13/2024,3:00 PM,75 min.,Flatiron,Free Flow,,Sauna...,29,40,11,93
12/13/2024,3:30 PM,75 min.,Flatiron,Free Flow,,Sauna.,32,40,8,101
12/13/2024,4:00 PM,75 min.,Flatiron,Free Flow,,Sauna..,26,40,14,115
12/13/2024,4:30 PM,75 min.,Flatiron,Free Flow,,Sauna...,30,40,10,125
12/13/2024,5:00 PM,75 min.,Flatiron,Free Flow,,Sauna.,13,40,27,152
12/13/2024,5:30 PM,75 min.,Flatiron,Free Flow,,Sauna..,0,40,40,192
12/13/2024,7:15 PM,75 min.,Flatiron,Guided Down: Sound Immersion,,Sauna.,4,64,60,252
12/13/2024,9:00 PM,120 min.,Flatiron,Social,,Sauna.,41,70,29,281
12/13/2024,9:15 PM,120 min.,Flatiron,Social,,Sauna..,42,50,8,289
12/14/2024,8:00 AM,75 min.,Flatiron,Guided Down: Sound Immersion,,Sauna.,43,64,21,21
12/14/2024,9:45 AM,75 min.,Flatiron,Guided Up: Feel Good Now,,Sauna.,5,64,59,80
12/14/2024,11:30 AM,75 min.,Flatiron,Guided Down: Unwind,,Sauna.,6,64,58,138
12/14/2024,1:30 PM,75 min.,Flatiron,Lively Free Flow,,Sauna.,3,50,47,185
12/14/2024,2:00 PM,75 min.,Flatiron,Lively Free Flow,,Sauna..,0,25,25,210
12/14/2024,2:30 PM,75 min.,Flatiron,Lively Free Flow,,Sauna...,0,40,40,250
12/14/2024,3:00 PM,75 min.,Flatiron,Lively Free Flow,,Sauna.,10,40,30,280
12/14/2024,3:30 PM,75 min.,Flatiron,Lively Free Flow,,Sauna..,13,35,22,302
12/14/2024,4:00 PM,75 min.,Flatiron,Lively Free Flow,,Sauna...,8,45,37,339
12/14/2024,4:30 PM,75 min.,Flatiron,Lively Free Flow,,Sauna.,19,25,6,345
12/14/2024,5:00 PM,75 min.,Flatiron,Lively Free Flow,,Sauna..,27,40,13,358
12/14/2024,5:30 PM,75 min.,Flatiron,Lively Free Flow,,Sauna...,43,50,7,365
12/14/2024,6:00 PM,75 min.,Flatiron,Lively Free Flow,,Sauna.,18,30,12,377
12/14/2024,7:45 PM,75 min.,Flatiron,Guided All Around: Loving Kindness,,Sauna.,35,64,29,406
12/14/2024,9:30 PM,120 min.,Flatiron,Beat Drop: DJ Takeover,,Sauna.,,,,406
12/14/2024,9:45 PM,120 min.,Flatiron,Beat Drop: DJ Takeover,,Sauna..,9,70,61,467
12/15/2024,8:00 AM,75 min.,Flatiron,Guided All Around: Heart Opener,Liana Santos,Sauna.,46,64,18,18
12/15/2024,9:45 AM,75 min.,Flatiron,Guided All Around: Release,,Sauna.,3,64,61,79
12/15/2024,11:30 AM,75 min.,Flatiron,Guided Down: Unwind,,Sauna.,1,64,63,142
12/15/2024,1:30 PM,75 min.,Flatiron,Lively Free Flow,,Sauna.,0,50,50,192
12/15/2024,2:00 PM,75 min.,Flatiron,Lively Free Flow,,Sauna...,0,25,25,217
12/15/2024,2:30 PM,75 min.,Flatiron,Lively Free Flow,,Sauna..,5,40,35,252
12/15/2024,3:00 PM,75 min.,Flatiron,Lively Free Flow,,Sauna.,6,40,34,286
12/15/2024,3:30 PM,75 min.,Flatiron,Lively Free Flow,,Sauna...,17,35,18,304
12/15/2024,4:00 PM,75 min.,Flatiron,Lively Free Flow,,Sauna..,2,45,43,347
12/15/2024,4:30 PM,75 min.,Flatiron,Lively Free Flow,,Sauna....,16,25,9,356
12/15/2024,5:00 PM,75 min.,Flatiron,Lively Free Flow,,Sauna.....,16,45,29,385
12/15/2024,5:30 PM,75 min.,Flatiron,Lively Free Flow,,Sauna.,10,50,40,425
12/15/2024,7:15 PM,75 min.,Flatiron,Guided All Around: A-Z Emotions,,Sauna.,9,64,55,480
12/15/2024,9:00 PM,75 min.,Flatiron,Guided All Around: Heart Opener,,Sauna.,46,64,18,498
12/02/2024,7:00 AM,75 min.,Flatiron,Quieter Free Flow,,Sauna.,31,40,9,9
12/02/2024,7:30 AM,75 min.,Flatiron,Quieter Free Flow,,Sauna..,38,40,2,11
12/02/2024,8:00 AM,75 min.,Flatiron,Quieter Free Flow,,Sauna...,40,40,0,11
12/02/2024,8:30 AM,75 min.,Flatiron,Quieter Free Flow,,Sauna.,39,40,1,12
12/02/2024,9:00 AM,75 min.,Flatiron,Quieter Free Flow,,Sauna..,40,40,0,12
12/02/2024,9:30 AM,75 min.,Flatiron,Quieter Free Flow,,Sauna...,36,40,4,16
12/02/2024,10:00 AM,75 min.,Flatiron,Quieter Free Flow,,Sauna.,38,40,2,18
12/02/2024,10:15 AM,75 min.,Flatiron,Quieter Free Flow,,Sauna..,40,40,0,18
12/02/2024,12:00 PM,75 min.,Flatiron,Guided Up: Awakening,,Sauna.,54,64,10,28
12/02/2024,2:00 PM,75 min.,Flatiron,Free Flow,,Sauna.,33,40,7,35
12/02/2024,2:30 PM,75 min.,Flatiron,Free Flow,,Sauna..,37,40,3,38
12/02/2024,3:00 PM,75 min.,Flatiron,Free Flow,,Sauna...,39,40,1,39
12/02/2024,3:30 PM,75 min.,Flatiron,Free Flow,,Sauna.,36,40,4,43
12/02/2024,3:45 PM,75 min.,Flatiron,Free Flow,,Sauna..,29,40,11,54
12/02/2024,5:30 PM,75 min.,Flatiron,Guided Down: Sound Immersion,,Sauna.,31,64,33,87
12/02/2024,7:15 PM,75 min.,Flatiron,Guided All Around: Loving Kindness,,Sauna.,23,64,41,128
12/02/2024,9:00 PM,75 min.,Flatiron,Guided Down: Senses,,Sauna.,44,64,20,148
12/03/2024,7:00 AM,75 min.,Flatiron,Guided Up: Awakening,,Sauna.,51,64,13,13
12/03/2024,8:30 AM,75 min.,Flatiron,Quieter Free Flow,,Sauna.,32,40,8,21
12/03/2024,9:00 AM,75 min.,Flatiron,Quieter Free Flow,,Sauna..,39,40,1,22
12/03/2024,9:30 AM,75 min.,Flatiron,Quieter Free Flow,,Sauna...,36,40,4,26
12/03/2024,10:00 AM,75 min.,Flatiron,Quieter Free Flow,,Sauna.,39,40,1,27
12/03/2024,10:15 AM,75 min.,Flatiron,Quieter Free Flow,,Sauna..,38,40,2,29
12/03/2024,12:00 PM,75 min.,Flatiron,Guided Down: Unwind,,Sauna.,52,64,12,41
12/03/2024,1:45 PM,75 min.,Flatiron,Guided All Around: A-Z Emotions,,Sauna.,58,64,6,47
12/03/2024,3:30 PM,75 min.,Flatiron,Free Flow,,Sauna.,73,80,7,54
12/03/2024,3:45 PM,75 min.,Flatiron,Free Flow,,Sauna..,27,40,13,67
12/03/2024,5:30 PM,75 min.,Flatiron,Guided Down: Unwind,,Sauna.,9,64,55,122
12/03/2024,7:15 PM,75 min.,Flatiron,Guided All Around: Inner Power,,Sauna.,26,64,38,160
12/03/2024,9:00 PM,75 min.,Flatiron,Free Flow,,Sauna.,52,80,28,188
12/03/2024,9:15 PM,75 min.,Flatiron,Free Flow,,Sauna..,36,40,4,192
12/04/2024,7:00 AM,75 min.,Flatiron,Guided Down: Senses,,Sauna.,59,64,5,5
12/04/2024,8:30 AM,75 min.,Flatiron,Free Flow,,Sauna.,29,40,11,16
12/04/2024,9:00 AM,75 min.,Flatiron,Free Flow,,Sauna..,40,40,0,16
12/04/2024,9:30 AM,75 min.,Flatiron,Free Flow,,Sauna...,35,40,5,21
12/04/2024,10:00 AM,75 min.,Flatiron,Free Flow,,Sauna.,38,40,2,23
12/04/2024,10:15 AM,75 min.,Flatiron,Free Flow,,Sauna..,35,40,5,28
12/04/2024,2:00 PM,75 min.,Flatiron,Free Flow,,Sauna.,26,40,14,42
12/04/2024,2:30 PM,75 min.,Flatiron,Free Flow,,Sauna..,38,40,2,44
12/04/2024,3:00 PM,75 min.,Flatiron,Free Flow,,Sauna...,39,40,1,45
12/04/2024,3:30 PM,75 min.,Flatiron,Free Flow,,Sauna.,36,40,4,49
12/04/2024,3:45 PM,75 min.,Flatiron,Free Flow,,Sauna..,36,40,4,53
12/04/2024,5:30 PM,75 min.,Flatiron,Guided Down: Embodied,,Sauna.,26,64,38,91
12/04/2024,7:15 PM,75 min.,Flatiron,Guided All Around: Hardwiring Happiness,,Sauna.,15,64,49,140
12/04/2024,9:00 PM,75 min.,Flatiron,Free Flow,,Sauna.,63,80,17,157
12/04/2024,9:15 PM,75 min.,Flatiron,Free Flow,,Sauna..,28,40,12,169
12/05/2024,7:00 AM,75 min.,Flatiron,Guided Down: Embodied,,Sauna.,54,64,10,10
12/05/2024,8:30 AM,75 min.,Flatiron,Free Flow,,Sauna.,37,40,3,13
12/05/2024,9:00 AM,75 min.,Flatiron,Free Flow,,Sauna..,38,40,2,15
12/05/2024,9:30 AM,75 min.,Flatiron,Free Flow,,Sauna...,38,40,2,17
12/05/2024,10:00 AM,75 min.,Flatiron,Free Flow,,Sauna.,39,40,1,18
12/05/2024,10:15 AM,75 min.,Flatiron,Free Flow,,Sauna..,40,40,0,18
12/05/2024,12:00 PM,75 min.,Flatiron,Guided Down: Self-Care Sweat,,Sauna.,54,64,10,28
12/05/2024,1:45 PM,75 min.,Flatiron,Guided All Around: Reflect,,Sauna.,53,64,11,39
12/05/2024,3:30 PM,75 min.,Flatiron,Free Flow,,Sauna.,32,40,8,47
12/05/2024,4:00 PM,75 min.,Flatiron,Free Flow,,Sauna..,33,40,7,54
12/05/2024,4:30 PM,75 min.,Flatiron,Free Flow,,Sauna...,36,40,4,58
12/05/2024,5:00 PM,75 min.,Flatiron,Free Flow,,Sauna.,31,40,9,67
12/05/2024,5:30 PM,75 min.,Flatiron,Free Flow,,Sauna..,14,40,26,93
12/05/2024,7:15 PM,75 min.,Flatiron,Guided Up: Feel Good Now,,Sauna.,14,64,50,143
12/05/2024,9:00 PM,75 min.,Flatiron,Lively Free Flow,,Sauna.,17,70,53,196
12/05/2024,9:15 PM,75 min.,Flatiron,Lively Free Flow,,Sauna..,24,50,26,222
12/06/2024,7:00 AM,75 min.,Flatiron,Guided Down: Deep Stretch,,Sauna.,42,64,22,22
12/06/2024,8:45 AM,75 min.,Flatiron,Guided Up: Self-Care Sweat,,Sauna.,44,64,20,42
12/06/2024,10:30 AM,75 min.,Flatiron,Guided All Around: Loving Kindness,,Sauna.,40,64,24,66
12/06/2024,12:15 PM,75 min.,Flatiron,Guided Up: Arctic Tundra,,Sauna.,51,64,13,79
12/06/2024,2:00 PM,75 min.,Flatiron,Free Flow,,Sauna.,21,40,19,98
12/06/2024,2:30 PM,75 min.,Flatiron,Free Flow,,Sauna..,30,40,10,108
12/06/2024,3:00 PM,75 min.,Flatiron,Free Flow,,Sauna...,30,40,10,118
12/06/2024,3:30 PM,75 min.,Flatiron,Free Flow,,Sauna.,31,40,9,127
12/06/2024,4:00 PM,75 min.,Flatiron,Free Flow,,Sauna..,38,40,2,129
12/06/2024,4:30 PM,75 min.,Flatiron,Free Flow,,Sauna...,26,40,14,143
12/06/2024,5:00 PM,75 min.,Flatiron,Free Flow,,Sauna.,27,40,13,156
12/06/2024,5:30 PM,75 min.,Flatiron,Free Flow,,Sauna..,16,40,24,180
12/06/2024,7:15 PM,75 min.,Flatiron,Guided All Around: Release,,Sauna.,9,64,55,235
12/06/2024,9:00 PM,120 min.,Flatiron,Social,,Sauna.,20,70,50,285
12/06/2024,9:15 PM,120 min.,Flatiron,Social,,Sauna..,43,50,7,292
12/07/2024,8:00 AM,75 min.,Flatiron,Guided Down: Sound Immersion,,Sauna.,45,64,19,19
12/07/2024,9:45 AM,75 min.,Flatiron,Guided All Around: Release,,Sauna.,7,64,57,76
12/07/2024,11:30 AM,75 min.,Flatiron,Guided All Around: A-Z Emotions,,Sauna.,6,64,58,134
12/07/2024,1:30 PM,75 min.,Flatiron,Lively Free Flow,,Sauna.,6,50,44,178
12/07/2024,2:00 PM,75 min.,Flatiron,Lively Free Flow,,Sauna..,2,25,23,201
12/07/2024,2:30 PM,75 min.,Flatiron,Lively Free Flow,,Sauna...,9,40,31,232
12/07/2024,3:00 PM,75 min.,Flatiron,Lively Free Flow,,Sauna.,22,40,18,250
12/07/2024,3:30 PM,75 min.,Flatiron,Lively Free Flow,,Sauna..,8,35,27,277
12/07/2024,4:00 PM,75 min.,Flatiron,Lively Free Flow,,Sauna...,26,45,19,296
12/07/2024,4:30 PM,75 min.,Flatiron,Lively Free Flow,,Sauna.,17,25,8,304
12/07/2024,5:00 PM,75 min.,Flatiron,Lively Free Flow,,Sauna..,23,40,17,321
12/07/2024,5:30 PM,75 min.,Flatiron,Lively Free Flow,,Sauna...,44,50,6,327
12/07/2024,6:00 PM,75 min.,Flatiron,Lively Free Flow,,Sauna.,14,30,16,343
12/07/2024,7:45 PM,75 min.,Flatiron,"Guided All Around: Rose, Thorn, Bud",Harry Taylor,Sauna.,7,64,57,400
12/07/2024,9:30 PM,120 min.,Flatiron,Beat Drop: DJ Takeover,,Sauna.,25,70,45,445
12/07/2024,9:45 PM,120 min.,Flatiron,Beat Drop: DJ Takeover,,Sauna..,37,50,13,458
12/08/2024,8:00 AM,75 min.,Flatiron,Guided Down: Sound Immersion,,Sauna.,52,64,12,12
12/08/2024,9:45 AM,75 min.,Flatiron,Guided Down: Sound Immersion,,Sauna.,10,64,54,66
12/08/2024,11:30 AM,75 min.,Flatiron,Guided Down: Unwind,,Sauna.,1,64,63,129
12/08/2024,1:30 PM,75 min.,Flatiron,Lively Free Flow,,Sauna.,4,50,46,175
12/08/2024,2:00 PM,75 min.,Flatiron,Lively Free Flow,,Sauna...,1,25,24,199
12/08/2024,2:30 PM,75 min.,Flatiron,Lively Free Flow,,Sauna..,0,40,40,239
12/08/2024,3:00 PM,75 min.,Flatiron,Lively Free Flow,,Sauna.,2,40,38,277
12/08/2024,3:30 PM,75 min.,Flatiron,Lively Free Flow,,Sauna...,1,35,34,311
12/08/2024,4:00 PM,75 min.,Flatiron,Lively Free Flow,,Sauna..,5,45,40,351
12/08/2024,4:30 PM,75 min.,Flatiron,Lively Free Flow,,Sauna....,1,25,24,375
12/08/2024,5:00 PM,75 min.,Flatiron,Lively Free Flow,,Sauna.....,11,45,34,409
12/08/2024,5:30 PM,75 min.,Flatiron,Lively Free Flow,,Sauna.,7,50,43,452
12/08/2024,7:15 PM,75 min.,Flatiron,Guided All Around: A-Z Emotions,,Sauna.,6,64,58,510
12/08/2024,9:00 PM,75 min.,Flatiron,Guided Down: Pure Presence,,Sauna.,31,64,33,543
11/25/2024,7:00 AM,75 min.,Flatiron,Quieter Free Flow,,Sauna.,0,40,40,40
11/25/2024,7:30 AM,75 min.,Flatiron,Quieter Free Flow,,Sauna..,0,40,40,80
11/25/2024,8:00 AM,75 min.,Flatiron,Quieter Free Flow,,Sauna...,0,40,40,120
11/25/2024,8:30 AM,75 min.,Flatiron,Quieter Free Flow,,Sauna.,0,40,40,160
11/25/2024,9:00 AM,75 min.,Flatiron,Quieter Free Flow,,Sauna..,0,40,40,200
11/25/2024,9:30 AM,75 min.,Flatiron,Quieter Free Flow,,Sauna...,0,40,40,240
11/25/2024,10:00 AM,75 min.,Flatiron,Quieter Free Flow,,Sauna.,0,40,40,280
11/25/2024,10:15 AM,75 min.,Flatiron,Quieter Free Flow,,Sauna..,0,40,40,320
11/25/2024,12:00 PM,75 min.,Flatiron,Guided Down: Deep Stretch,,Sauna.,,,,320
11/25/2024,3:00 PM,75 min.,Flatiron,Free Flow,,Sauna...,19,40,21,341
11/25/2024,3:30 PM,75 min.,Flatiron,Free Flow,,Sauna.,37,40,3,344
11/25/2024,3:45 PM,75 min.,Flatiron,Free Flow,,Sauna..,33,40,7,351
11/25/2024,5:30 PM,75 min.,Flatiron,Guided Up: Self-Care Sweat,,Sauna.,23,64,41,392
11/25/2024,7:15 PM,75 min.,Flatiron,Guided All Around: Inner Power,,Sauna.,31,64,33,425
11/26/2024,7:00 AM,75 min.,Flatiron,Guided Up: Awakening,,Sauna.,59,64,5,5
11/26/2024,8:30 AM,75 min.,Flatiron,Quieter Free Flow,,Sauna.,30,40,10,15
11/26/2024,9:00 AM,75 min.,Flatiron,Quieter Free Flow,,Sauna..,38,40,2,17
11/26/2024,9:30 AM,75 min.,Flatiron,Quieter Free Flow,,Sauna...,40,40,0,17
11/26/2024,10:00 AM,75 min.,Flatiron,Quieter Free Flow,,Sauna.,35,40,5,22
11/26/2024,10:15 AM,75 min.,Flatiron,Quieter Free Flow,,Sauna..,31,40,9,31
11/26/2024,12:00 PM,75 min.,Flatiron,Guided Down: Embodied,,Sauna.,50,64,14,45
11/26/2024,1:45 PM,75 min.,Flatiron,Guided All Around: Heart Opener,,Sauna.,44,64,20,65
11/26/2024,3:30 PM,75 min.,Flatiron,Free Flow,,Sauna.,74,80,6,71
11/26/2024,3:45 PM,75 min.,Flatiron,Free Flow,,Sauna..,37,40,3,74
11/26/2024,5:30 PM,75 min.,Flatiron,Self-Care Sweat with Aramore,,Sauna.,21,64,43,117
11/26/2024,7:15 PM,75 min.,Flatiron,Guided All Around: Acceptance,,Sauna.,13,64,51,168
11/26/2024,9:00 PM,75 min.,Flatiron,Free Flow,,Sauna.,58,80,22,190
11/26/2024,9:15 PM,75 min.,Flatiron,Free Flow,,Sauna..,37,40,3,193
11/27/2024,7:00 AM,75 min.,Flatiron,Guided Up: Self-Care Sweat,,Sauna.,53,64,11,11
11/27/2024,8:30 AM,75 min.,Flatiron,Free Flow,,Sauna.,32,40,8,19
11/27/2024,9:00 AM,75 min.,Flatiron,Free Flow,,Sauna..,37,40,3,22
11/27/2024,9:30 AM,75 min.,Flatiron,Free Flow,,Sauna...,37,40,3,25
11/27/2024,10:00 AM,75 min.,Flatiron,Free Flow,,Sauna.,35,40,5,30
11/27/2024,10:15 AM,75 min.,Flatiron,Free Flow,,Sauna..,36,40,4,34
11/27/2024,12:00 PM,75 min.,Flatiron,"Guided All Around: Rose, Thorn, Bud",,Sauna.,46,64,18,52
11/27/2024,2:00 PM,75 min.,Flatiron,Free Flow,,Sauna.,25,40,15,67
11/27/2024,2:30 PM,75 min.,Flatiron,Free Flow,,Sauna..,32,40,8,75
11/27/2024,3:00 PM,75 min.,Flatiron,Free Flow,,Sauna...,33,40,7,82
11/27/2024,3:30 PM,75 min.,Flatiron,Free Flow,,Sauna.,34,40,6,88
11/27/2024,3:45 PM,75 min.,Flatiron,Free Flow,,Sauna..,28,40,12,100
11/27/2024,5:30 PM,75 min.,Flatiron,Guided Down: Embodied,,Sauna.,16,64,48,148
11/27/2024,7:15 PM,75 min.,Flatiron,Guided All Around: A-Z Emotions,,Sauna.,40,64,24,172
11/27/2024,9:00 PM,75 min.,Flatiron,Free Flow,,Sauna.,70,80,10,182
11/27/2024,9:15 PM,75 min.,Flatiron,Free Flow,,Sauna..,38,40,2,184
11/28/2024,7:00 AM,75 min.,Flatiron,Guided Down: Embodied,,Sauna.,63,64,1,1
11/28/2024,8:30 AM,75 min.,Flatiron,Free Flow,,Sauna.,37,40,3,4
11/28/2024,9:00 AM,75 min.,Flatiron,Free Flow,,Sauna..,38,40,2,6
11/28/2024,9:30 AM,75 min.,Flatiron,Free Flow,,Sauna...,35,40,5,11
11/28/2024,10:00 AM,75 min.,Flatiron,Free Flow,,Sauna.,27,40,13,24
11/28/2024,10:15 AM,75 min.,Flatiron,Free Flow,,Sauna..,22,40,18,42
11/28/2024,12:00 PM,75 min.,Flatiron,Guided Down: Self-Care Sweat,,Sauna.,36,64,28,70
11/28/2024,1:45 PM,75 min.,Flatiron,Guided All Around: Reflect,,Sauna.,48,64,16,86
11/28/2024,3:30 PM,75 min.,Flatiron,Free Flow,,Sauna.,20,40,20,106
11/28/2024,4:00 PM,75 min.,Flatiron,Free Flow,,Sauna..,32,40,8,114
11/28/2024,4:30 PM,75 min.,Flatiron,Free Flow,,Sauna...,35,40,5,119
11/28/2024,5:00 PM,75 min.,Flatiron,Free Flow,,Sauna.,39,40,1,120
11/28/2024,5:30 PM,75 min.,Flatiron,Free Flow,,Sauna..,30,40,10,130
11/28/2024,7:15 PM,75 min.,Flatiron,Guided All Around: Release,,Sauna.,50,64,14,144
11/29/2024,7:00 AM,75 min.,Flatiron,Guided Down: Deep Stretch,,Sauna.,58,64,6,6
11/29/2024,8:45 AM,75 min.,Flatiron,Guided Up: Self-Care Sweat,,Sauna.,57,64,7,13
11/29/2024,10:30 AM,75 min.,Flatiron,Guided All Around: Reset,,Sauna.,39,64,25,38
11/29/2024,12:15 PM,75 min.,Flatiron,Guided All Around: Hardwiring Happiness,,Sauna.,14,64,50,88
11/29/2024,2:00 PM,75 min.,Flatiron,Free Flow,,Sauna.,13,40,27,115
11/29/2024,2:30 PM,75 min.,Flatiron,Free Flow,,Sauna..,34,40,6,121
11/29/2024,3:00 PM,75 min.,Flatiron,Free Flow,,Sauna...,27,40,13,134
11/29/2024,3:30 PM,75 min.,Flatiron,Free Flow,,Sauna.,35,40,5,139
11/29/2024,4:00 PM,75 min.,Flatiron,Free Flow,,Sauna..,32,40,8,147
11/29/2024,4:30 PM,75 min.,Flatiron,Free Flow,,Sauna...,29,40,11,158
11/29/2024,5:00 PM,75 min.,Flatiron,Free Flow,,Sauna.,22,40,18,176
11/29/2024,5:30 PM,75 min.,Flatiron,Free Flow,,Sauna..,34,40,6,182
11/29/2024,7:15 PM,75 min.,Flatiron,Guided Down: Sound Immersion,,Sauna.,22,64,42,224
11/29/2024,9:00 PM,120 min.,Flatiron,Social,,Sauna.,33,70,37,261
11/29/2024,9:15 PM,120 min.,Flatiron,Social,,Sauna..,44,50,6,267
11/30/2024,8:00 AM,75 min.,Flatiron,Guided Down: Sound Immersion,,Sauna.,46,64,18,18
11/30/2024,9:45 AM,75 min.,Flatiron,Feel Good Now with Aramore,,Sauna.,51,64,13,31
11/30/2024,11:30 AM,75 min.,Flatiron,Guided All Around: A-Z Emotions,,Sauna.,23,64,41,72
11/30/2024,1:30 PM,75 min.,Flatiron,Lively Free Flow,,Sauna.,21,50,29,101
11/30/2024,2:00 PM,75 min.,Flatiron,Lively Free Flow,,Sauna..,8,25,17,118
11/30/2024,2:30 PM,75 min.,Flatiron,Lively Free Flow,,Sauna...,29,40,11,129
11/30/2024,3:00 PM,75 min.,Flatiron,Lively Free Flow,,Sauna.,33,40,7,136
11/30/2024,3:30 PM,75 min.,Flatiron,Lively Free Flow,,Sauna..,14,35,21,157
11/30/2024,4:00 PM,75 min.,Flatiron,Lively Free Flow,,Sauna...,30,45,15,172
11/30/2024,4:30 PM,75 min.,Flatiron,Lively Free Flow,,Sauna.,9,25,16,188
11/30/2024,5:00 PM,75 min.,Flatiron,Lively Free Flow,,Sauna..,30,40,10,198
11/30/2024,5:30 PM,75 min.,Flatiron,Lively Free Flow,,Sauna...,44,50,6,204
11/30/2024,6:00 PM,75 min.,Flatiron,Lively Free Flow,,Sauna.,19,30,11,215
11/30/2024,7:45 PM,75 min.,Flatiron,Guided Down: Senses,,Sauna.,15,64,49,264
11/30/2024,9:30 PM,120 min.,Flatiron,Beat Drop: DJ Takeover,,Sauna.,21,70,49,313
11/30/2024,9:45 PM,120 min.,Flatiron,Beat Drop: DJ Takeover,,Sauna..,43,50,7,320
12/01/2024,8:00 AM,75 min.,Flatiron,Guided Down: Sound Immersion,,Sauna.,56,64,8,8
12/01/2024,9:45 AM,75 min.,Flatiron,Guided All Around: Release,,Sauna.,26,64,38,46
12/01/2024,11:30 AM,75 min.,Flatiron,Guided Down: Unwind,,Sauna.,3,64,61,107
12/01/2024,1:30 PM,75 min.,Flatiron,Lively Free Flow,,Sauna.,16,50,34,141
12/01/2024,2:00 PM,75 min.,Flatiron,Lively Free Flow,,Sauna...,21,25,4,145
12/01/2024,2:30 PM,75 min.,Flatiron,Lively Free Flow,,Sauna..,28,40,12,157
12/01/2024,3:00 PM,75 min.,Flatiron,Lively Free Flow,,Sauna.,24,40,16,173
12/01/2024,3:30 PM,75 min.,Flatiron,Lively Free Flow,,Sauna...,21,35,14,187
12/01/2024,4:00 PM,75 min.,Flatiron,Lively Free Flow,,Sauna..,18,45,27,214
12/01/2024,4:30 PM,75 min.,Flatiron,Lively Free Flow,,Sauna....,7,25,18,232
12/01/2024,5:00 PM,75 min.,Flatiron,Lively Free Flow,,Sauna.....,34,45,11,243
12/01/2024,5:30 PM,75 min.,Flatiron,Lively Free Flow,,Sauna.,25,50,25,268
12/01/2024,7:15 PM,75 min.,Flatiron,"Guided All Around: Rose, Thorn, Bud",,Sauna.,22,64,42,310
12/01/2024,9:00 PM,75 min.,Flatiron,Free Flow,,Sauna.,56,64,8,318
11/18/2024,7:00 AM,75 min.,Flatiron,Quieter Free Flow,,Sauna.,30,40,10,10
11/18/2024,7:30 AM,75 min.,Flatiron,Quieter Free Flow,,Sauna..,39,40,1,11
11/18/2024,8:00 AM,75 min.,Flatiron,Quieter Free Flow,,Sauna...,37,40,3,14
11/18/2024,8:30 AM,75 min.,Flatiron,Quieter Free Flow,,Sauna.,39,40,1,15
11/18/2024,9:00 AM,75 min.,Flatiron,Quieter Free Flow,,Sauna..,35,40,5,20
11/18/2024,9:30 AM,75 min.,Flatiron,Quieter Free Flow,,Sauna...,38,40,2,22
11/18/2024,10:00 AM,75 min.,Flatiron,Quieter Free Flow,,Sauna.,38,40,2,24
11/18/2024,10:15 AM,75 min.,Flatiron,Quieter Free Flow,,Sauna..,34,40,6,30
11/18/2024,12:00 PM,75 min.,Flatiron,Guided Down: Deep Stretch,,Sauna.,52,64,12,42
11/18/2024,2:00 PM,75 min.,Flatiron,Free Flow,,Sauna.,34,40,6,48
11/18/2024,2:30 PM,75 min.,Flatiron,Free Flow,,Sauna..,36,40,4,52
11/18/2024,3:00 PM,75 min.,Flatiron,Free Flow,,Sauna...,38,40,2,54
11/18/2024,3:30 PM,75 min.,Flatiron,Free Flow,,Sauna.,35,40,5,59
11/18/2024,3:45 PM,75 min.,Flatiron,Free Flow,,Sauna..,31,40,9,68
11/18/2024,5:30 PM,75 min.,Flatiron,Guided Down: Sound Immersion,,Sauna.,2,64,62,130
11/18/2024,7:15 PM,75 min.,Flatiron,Guided All Around: Journey Through the Elements,,Sauna.,1,64,63,193
11/19/2024,7:00 AM,75 min.,Flatiron,Guided Up: Awakening,,Sauna.,56,64,8,8
11/19/2024,8:30 AM,75 min.,Flatiron,Quieter Free Flow,,Sauna.,26,40,14,22
11/19/2024,9:00 AM,75 min.,Flatiron,Quieter Free Flow,,Sauna..,37,40,3,25
11/19/2024,9:30 AM,75 min.,Flatiron,Quieter Free Flow,,Sauna...,36,40,4,29
11/19/2024,10:00 AM,75 min.,Flatiron,Quieter Free Flow,,Sauna.,29,40,11,40
11/19/2024,10:15 AM,75 min.,Flatiron,Quieter Free Flow,,Sauna..,35,40,5,45
11/19/2024,12:00 PM,75 min.,Flatiron,Guided Down: Unwind,,Sauna.,55,64,9,54
11/19/2024,1:45 PM,75 min.,Flatiron,Guided All Around: A-Z Emotions,,Sauna.,58,64,6,60
11/19/2024,3:30 PM,75 min.,Flatiron,Free Flow,,Sauna.,66,80,14,74
11/19/2024,3:45 PM,75 min.,Flatiron,Free Flow,,Sauna..,34,40,6,80
11/19/2024,5:30 PM,75 min.,Flatiron,Guided Down: Unwind,,Sauna.,19,64,45,125
11/19/2024,7:15 PM,75 min.,Flatiron,Guided Down: Sound Immersion,,Sauna.,,,,125
11/19/2024,9:00 PM,75 min.,Flatiron,Free Flow,,Sauna.,49,80,31,156
11/19/2024,9:15 PM,75 min.,Flatiron,Free Flow,,Sauna..,31,40,9,165
11/20/2024,7:00 AM,75 min.,Flatiron,Guided Up: Feel Good Now,Aaron Albert,Sauna.,,,,0
11/20/2024,8:30 AM,75 min.,Flatiron,Free Flow,,Sauna.,0,40,40,40
11/20/2024,9:00 AM,75 min.,Flatiron,Free Flow,,Sauna..,0,40,40,80
11/20/2024,9:30 AM,75 min.,Flatiron,Free Flow,,Sauna...,0,40,40,120
11/20/2024,10:00 AM,75 min.,Flatiron,Free Flow,,Sauna.,0,40,40,160
11/20/2024,10:15 AM,75 min.,Flatiron,Free Flow,,Sauna..,0,40,40,200
11/20/2024,12:00 PM,75 min.,Flatiron,Guided Down: Embodied,,Sauna.,,,,200
11/20/2024,2:00 PM,75 min.,Flatiron,Free Flow,,Sauna.,24,40,16,216
11/20/2024,2:30 PM,75 min.,Flatiron,Free Flow,,Sauna..,37,40,3,219
11/20/2024,3:00 PM,75 min.,Flatiron,Free Flow,,Sauna...,39,40,1,220
11/20/2024,3:30 PM,75 min.,Flatiron,Free Flow,,Sauna.,36,40,4,224
11/20/2024,3:45 PM,75 min.,Flatiron,Free Flow,,Sauna..,20,40,20,244
11/20/2024,5:30 PM,75 min.,Flatiron,"Guided All Around: Rose, Thorn, Bud",,Sauna.,10,64,54,298
11/20/2024,7:15 PM,75 min.,Flatiron,Hardwiring Happiness with Aramore,,Sauna.,4,64,60,358
11/20/2024,9:00 PM,75 min.,Flatiron,Free Flow,,Sauna.,61,80,19,377
11/20/2024,9:30 PM,75 min.,Flatiron,Free Flow,,Sauna..,34,40,6,383
11/21/2024,7:00 AM,75 min.,Flatiron,Guided Down: Embodied,,Sauna.,51,64,13,13
11/21/2024,8:30 AM,75 min.,Flatiron,Free Flow,,Sauna.,29,40,11,24
11/21/2024,9:00 AM,75 min.,Flatiron,Free Flow,,Sauna..,39,40,1,25
11/21/2024,9:30 AM,75 min.,Flatiron,Free Flow,,Sauna...,33,40,7,32
11/21/2024,10:00 AM,75 min.,Flatiron,Free Flow,,Sauna.,40,40,0,32
11/21/2024,10:15 AM,75 min.,Flatiron,Free Flow,,Sauna..,35,40,5,37
11/21/2024,12:00 PM,75 min.,Flatiron,Guided All Around: Inner Power,,Sauna.,55,64,9,46
11/21/2024,1:45 PM,75 min.,Flatiron,Guided All Around: Reflect,,Sauna.,50,64,14,60
11/21/2024,3:30 PM,75 min.,Flatiron,Free Flow,,Sauna.,30,40,10,70
11/21/2024,4:00 PM,75 min.,Flatiron,Free Flow,,Sauna..,30,40,10,80
11/21/2024,4:30 PM,75 min.,Flatiron,Free Flow,,Sauna...,31,40,9,89
11/21/2024,5:00 PM,75 min.,Flatiron,Free Flow,,Sauna.,28,40,12,101
11/21/2024,5:30 PM,75 min.,Flatiron,Free Flow,,Sauna..,7,40,33,134
11/21/2024,7:15 PM,75 min.,Flatiron,Guided Up: Feel Good Now,,Sauna.,7,64,57,191
11/21/2024,9:00 PM,75 min.,Flatiron,Lively Free Flow,,Sauna.,40,70,30,221
11/21/2024,9:15 PM,75 min.,Flatiron,Lively Free Flow,,Sauna..,50,50,0,221
11/22/2024,7:00 AM,75 min.,Flatiron,Guided Down: Deep Stretch,,Sauna.,55,64,9,9
11/22/2024,8:45 AM,75 min.,Flatiron,Guided Up: Self-Care Sweat,,Sauna.,46,64,18,27
11/22/2024,10:30 AM,75 min.,Flatiron,Guided All Around: Reset,,Sauna.,55,64,9,36
11/22/2024,12:15 PM,75 min.,Flatiron,Guided Up: Arctic Tundra,,Sauna.,40,64,24,60
11/22/2024,2:00 PM,75 min.,Flatiron,Free Flow,,Sauna.,23,40,17,77
11/22/2024,2:30 PM,75 min.,Flatiron,Free Flow,,Sauna..,32,40,8,85
11/22/2024,3:00 PM,75 min.,Flatiron,Free Flow,,Sauna...,34,40,6,91
11/22/2024,3:30 PM,75 min.,Flatiron,Free Flow,,Sauna.,26,40,14,105
11/22/2024,4:00 PM,75 min.,Flatiron,Free Flow,,Sauna..,23,40,17,122
11/22/2024,4:30 PM,75 min.,Flatiron,Free Flow,,Sauna...,27,40,13,135
11/22/2024,5:00 PM,75 min.,Flatiron,Free Flow,,Sauna.,28,40,12,147
11/22/2024,5:30 PM,75 min.,Flatiron,Free Flow,,Sauna..,10,40,30,177
11/22/2024,7:15 PM,75 min.,Flatiron,Guided All Around: Journey Through the Elements,,Sauna.,2,64,62,239
11/22/2024,9:00 PM,120 min.,Flatiron,Social,,Sauna.,14,70,56,295
11/22/2024,9:30 PM,120 min.,Flatiron,Social,,Sauna..,31,50,19,314
11/23/2024,8:00 AM,75 min.,Flatiron,Guided Down: Sound Immersion,,Sauna.,42,64,22,22
11/23/2024,9:45 AM,75 min.,Flatiron,Guided All Around: Release,,Sauna.,5,64,59,81
11/23/2024,11:30 AM,75 min.,Flatiron,Guided All Around: A-Z Emotions,,Sauna.,1,64,63,144
11/23/2024,1:30 PM,75 min.,Flatiron,Lively Free Flow,,Sauna.,3,50,47,191
11/23/2024,2:00 PM,75 min.,Flatiron,Lively Free Flow,,Sauna..,0,25,25,216
11/23/2024,2:30 PM,75 min.,Flatiron,Lively Free Flow,,Sauna...,5,40,35,251
11/23/2024,3:00 PM,75 min.,Flatiron,Lively Free Flow,,Sauna.,17,40,23,274
11/23/2024,3:30 PM,75 min.,Flatiron,Lively Free Flow,,Sauna..,9,35,26,300
11/23/2024,4:00 PM,75 min.,Flatiron,Lively Free Flow,,Sauna...,18,45,27,327
11/23/2024,4:30 PM,75 min.,Flatiron,Lively Free Flow,,Sauna.,7,25,18,345
11/23/2024,5:00 PM,75 min.,Flatiron,Lively Free Flow,,Sauna..,29,40,11,356
11/23/2024,5:30 PM,75 min.,Flatiron,Lively Free Flow,,Sauna...,44,50,6,362
11/23/2024,6:00 PM,75 min.,Flatiron,Lively Free Flow,,Sauna.,3,30,27,389
11/23/2024,7:45 PM,75 min.,Flatiron,"Guided All Around: Rose, Thorn, Bud",,Sauna.,23,64,41,430
11/23/2024,9:30 PM,120 min.,Flatiron,Social,,Sauna.,23,70,47,477
11/23/2024,9:45 PM,120 min.,Flatiron,Social,,Sauna..,50,50,0,477
11/24/2024,8:00 AM,75 min.,Flatiron,Guided Down: Senses,,Sauna.,55,64,9,9
11/24/2024,9:45 AM,75 min.,Flatiron,Guided Up: Self-Care Sweat,,Sauna.,17,64,47,56
11/24/2024,11:30 AM,75 min.,Flatiron,Guided Down: Unwind,,Sauna.,2,64,62,118
11/24/2024,1:30 PM,75 min.,Flatiron,Lively Free Flow,,Sauna.,0,50,50,168
11/24/2024,2:00 PM,75 min.,Flatiron,Lively Free Flow,,Sauna...,7,25,18,186
11/24/2024,2:30 PM,75 min.,Flatiron,Lively Free Flow,,Sauna..,25,40,15,201
11/24/2024,3:00 PM,75 min.,Flatiron,Lively Free Flow,,Sauna.,14,40,26,227
11/24/2024,3:30 PM,75 min.,Flatiron,Lively Free Flow,,Sauna...,14,35,21,248
11/24/2024,4:00 PM,75 min.,Flatiron,Lively Free Flow,,Sauna..,17,45,28,276
11/24/2024,4:30 PM,75 min.,Flatiron,Lively Free Flow,,Sauna....,5,25,20,296
11/24/2024,5:00 PM,75 min.,Flatiron,Lively Free Flow,,Sauna.....,28,45,17,313
11/24/2024,5:30 PM,75 min.,Flatiron,Lively Free Flow,,Sauna.,28,50,22,335
11/24/2024,7:15 PM,75 min.,Flatiron,Guided All Around: A-Z Emotions,,Sauna.,2,64,62,397
11/24/2024,9:00 PM,75 min.,Flatiron,Guided Down: Senses,,Sauna.,0,64,64,461
11/11/2024,7:00 AM,75 min.,Flatiron,Quieter Free Flow,,Sauna.,35,40,5,5
11/11/2024,7:30 AM,75 min.,Flatiron,Quieter Free Flow,,Sauna..,33,40,7,12
11/11/2024,8:00 AM,75 min.,Flatiron,Quieter Free Flow,,Sauna...,30,40,10,22
11/11/2024,8:30 AM,75 min.,Flatiron,Quieter Free Flow,,Sauna.,36,40,4,26
11/11/2024,9:00 AM,75 min.,Flatiron,Quieter Free Flow,,Sauna..,40,40,0,26
11/11/2024,9:30 AM,75 min.,Flatiron,Quieter Free Flow,,Sauna...,34,40,6,32
11/11/2024,10:00 AM,75 min.,Flatiron,Quieter Free Flow,,Sauna.,31,40,9,41
11/11/2024,10:15 AM,75 min.,Flatiron,Quieter Free Flow,,Sauna..,28,40,12,53
11/11/2024,12:00 PM,75 min.,Flatiron,Guided Down: Deep Stretch,,Sauna.,25,64,39,92
11/11/2024,2:00 PM,75 min.,Flatiron,Free Flow,,Sauna.,8,40,32,124
11/11/2024,2:30 PM,75 min.,Flatiron,Free Flow,,Sauna..,29,40,11,135
11/11/2024,3:00 PM,75 min.,Flatiron,Free Flow,,Sauna...,25,40,15,150
11/11/2024,3:30 PM,75 min.,Flatiron,Free Flow,,Sauna.,29,40,11,161
11/11/2024,3:45 PM,75 min.,Flatiron,Free Flow,,Sauna..,16,40,24,185
11/11/2024,5:30 PM,75 min.,Flatiron,Guided All Around: Inner Power,,Sauna.,8,64,56,241
11/11/2024,7:15 PM,75 min.,Flatiron,Guided All Around: Journey Through the Elements,,Sauna.,4,64,60,301
11/11/2024,9:00 PM,120 min.,Flatiron,Comedy Night,,Sauna.,13,75,62,363
11/12/2024,7:00 AM,75 min.,Flatiron,Guided Down: Embodied,,Sauna.,46,64,18,18
11/12/2024,12:00 PM,75 min.,Flatiron,Guided Down: Unwind,,Sauna.,55,64,9,27
11/12/2024,1:45 PM,75 min.,Flatiron,Guided All Around: A-Z Emotions,,Sauna.,51,64,13,40
11/12/2024,3:30 PM,75 min.,Flatiron,Free Flow,,Sauna.,65,80,15,55
11/12/2024,3:45 PM,75 min.,Flatiron,Free Flow,,Sauna..,28,40,12,67
11/12/2024,5:30 PM,75 min.,Flatiron,Guided Up: Awakening,,Sauna.,20,64,44,111
11/12/2024,7:15 PM,75 min.,Flatiron,Guided All Around: Journey Through the Elements,,Sauna.,,,,111
11/13/2024,7:00 AM,75 min.,Flatiron,Guided Up: Feel Good Now,Aaron Albert,Sauna.,48,64,16,16
11/13/2024,12:00 PM,75 min.,Flatiron,Guided All Around: Inner Power,,Sauna.,52,64,12,28
11/13/2024,2:00 PM,75 min.,Flatiron,Free Flow,,Sauna.,27,40,13,41
11/13/2024,2:30 PM,75 min.,Flatiron,Free Flow,,Sauna..,36,40,4,45
11/13/2024,3:00 PM,75 min.,Flatiron,Free Flow,,Sauna...,33,40,7,52
11/13/2024,3:30 PM,75 min.,Flatiron,Free Flow,,Sauna.,37,40,3,55
11/13/2024,3:45 PM,75 min.,Flatiron,Free Flow,,Sauna..,29,40,11,66
11/13/2024,5:30 PM,75 min.,Flatiron,Guided Down: Embodied,,Sauna.,11,64,53,119
11/13/2024,7:15 PM,75 min.,Flatiron,Guided All Around: A-Z Emotions,,Sauna.,4,64,60,179
11/13/2024,9:00 PM,75 min.,Flatiron,Free Flow,,Sauna.,54,80,26,205
11/13/2024,9:30 PM,75 min.,Flatiron,Free Flow,,Sauna..,0,40,40,245
11/14/2024,7:00 AM,75 min.,Flatiron,Guided Down: Embodied,,Sauna.,49,64,15,15
11/14/2024,8:30 AM,75 min.,Flatiron,Free Flow,,Sauna.,31,40,9,24
11/14/2024,9:00 AM,75 min.,Flatiron,Free Flow,,Sauna..,39,40,1,25
11/14/2024,9:30 AM,75 min.,Flatiron,Free Flow,,Sauna...,38,40,2,27
11/14/2024,10:00 AM,75 min.,Flatiron,Free Flow,,Sauna.,37,40,3,30
11/14/2024,10:15 AM,75 min.,Flatiron,Free Flow,,Sauna..,35,40,5,35
11/14/2024,12:00 PM,75 min.,Flatiron,Guided Down: Self-Care Sweat,,Sauna.,38,64,26,61
11/14/2024,1:45 PM,75 min.,Flatiron,Guided All Around: Inner Power,,Sauna.,59,64,5,66
11/14/2024,3:30 PM,75 min.,Flatiron,Free Flow,,Sauna.,23,40,17,83
11/14/2024,4:00 PM,75 min.,Flatiron,Free Flow,,Sauna..,33,40,7,90
11/14/2024,4:30 PM,75 min.,Flatiron,Free Flow,,Sauna...,36,40,4,94
11/14/2024,5:00 PM,75 min.,Flatiron,Free Flow,,Sauna.,11,40,29,123
11/14/2024,5:30 PM,75 min.,Flatiron,Free Flow,,Sauna..,3,40,37,160
11/14/2024,7:15 PM,75 min.,Flatiron,Guided All Around: Release,,Sauna.,,,,160
11/14/2024,9:00 PM,75 min.,Flatiron,Lively Free Flow,,Sauna.,48,70,22,182
11/14/2024,9:30 PM,75 min.,Flatiron,Lively Free Flow,,Sauna..,39,50,11,193
11/15/2024,7:00 AM,75 min.,Flatiron,Guided Down: Deep Stretch,,Sauna.,55,64,9,9
11/15/2024,8:45 AM,75 min.,Flatiron,Guided Up: Self-Care Sweat,,Sauna.,53,64,11,20
11/15/2024,10:30 AM,75 min.,Flatiron,Guided All Around: Reset,,Sauna.,45,64,19,39
11/15/2024,12:15 PM,75 min.,Flatiron,Guided All Around: Hardwiring Happiness,,Sauna.,39,64,25,64
11/15/2024,2:00 PM,75 min.,Flatiron,Free Flow,,Sauna.,28,40,12,76
11/15/2024,2:30 PM,75 min.,Flatiron,Free Flow,,Sauna..,32,40,8,84
11/15/2024,3:00 PM,75 min.,Flatiron,Free Flow,,Sauna...,34,40,6,90
11/15/2024,3:30 PM,75 min.,Flatiron,Free Flow,,Sauna.,31,40,9,99
11/15/2024,4:00 PM,75 min.,Flatiron,Free Flow,,Sauna..,32,40,8,107
11/15/2024,4:30 PM,75 min.,Flatiron,Free Flow,,Sauna...,21,40,19,126
11/15/2024,5:00 PM,75 min.,Flatiron,Free Flow,,Sauna.,25,40,15,141
11/15/2024,5:30 PM,75 min.,Flatiron,Free Flow,,Sauna..,1,40,39,180
11/15/2024,7:15 PM,75 min.,Flatiron,Guided Down: Sound Immersion,,Sauna.,1,64,63,243
11/16/2024,8:00 AM,75 min.,Flatiron,Guided Down: Sound Immersion,,Sauna.,50,64,14,14
11/16/2024,9:45 AM,75 min.,Flatiron,Feel Good Now With Aramore,,Sauna.,11,64,53,67
11/16/2024,11:30 AM,75 min.,Flatiron,Guided Down: Unwind,,Sauna.,,,,67
11/16/2024,1:15 PM,75 min.,Flatiron,Guided Down: Deep Stretch,,Sauna.,1,64,63,130
11/16/2024,3:00 PM,75 min.,Flatiron,Lively Free Flow,,Sauna.,4,40,36,166
11/16/2024,3:30 PM,75 min.,Flatiron,Lively Free Flow,,Sauna..,0,40,40,206
11/16/2024,4:00 PM,75 min.,Flatiron,Lively Free Flow,,Sauna...,12,40,28,234
11/16/2024,4:30 PM,75 min.,Flatiron,Lively Free Flow,,Sauna.,18,40,22,256
11/16/2024,5:00 PM,75 min.,Flatiron,Lively Free Flow,,Sauna..,15,40,25,281
11/16/2024,5:30 PM,75 min.,Flatiron,Lively Free Flow,,Sauna...,21,40,19,300
11/16/2024,6:00 PM,75 min.,Flatiron,Lively Free Flow,,Sauna.,20,40,20,320
11/16/2024,7:45 PM,75 min.,Flatiron,Guided All Around: Loving Kindness,,Sauna.,43,64,21,341
11/16/2024,9:30 PM,120 min.,Flatiron,Beat Drop: DJ Takeover,,Sauna.,10,70,60,401
11/16/2024,9:45 PM,120 min.,Flatiron,Beat Drop: DJ Takeover,,Sauna..,17,50,33,434
11/17/2024,8:30 AM,75 min.,Flatiron,Guided All Around: Heart Opener,Liana Santos,Sauna.,46,64,18,18
11/17/2024,10:15 AM,75 min.,Flatiron,Guided All Around: Release,,Sauna.,2,64,62,80
11/17/2024,12:00 PM,75 min.,Flatiron,Guided Down: Unwind,,Sauna.,1,64,63,143
11/17/2024,1:45 PM,75 min.,Flatiron,Guided Down: Senses,,Sauna.,1,64,63,206
11/17/2024,3:30 PM,75 min.,Flatiron,Lively Free Flow,,Sauna.,1,45,44,250
11/17/2024,3:45 PM,75 min.,Flatiron,Lively Free Flow,,Sauna..,2,45,43,293
11/17/2024,5:30 PM,75 min.,Flatiron,Guided All Around: A-Z Emotions,,Sauna.,,,,293
11/17/2024,7:15 PM,75 min.,Flatiron,"Guided All Around: Rose, Thorn, Bud",,Sauna.,2,64,62,355
11/17/2024,9:00 PM,75 min.,Flatiron,Free Flow,,Sauna.,54,80,26,381
11/17/2024,9:30 PM,75 min.,Flatiron,Free Flow,,Sauna..,37,40,3,384
11/04/2024,7:00 AM,75 min.,Flatiron,Quieter Free Flow,,Sauna.,34,40,6,6
11/04/2024,7:30 AM,75 min.,Flatiron,Quieter Free Flow,,Sauna..,37,40,3,9
11/04/2024,8:00 AM,75 min.,Flatiron,Quieter Free Flow,,Sauna...,32,40,8,17
11/04/2024,8:30 AM,75 min.,Flatiron,Quieter Free Flow,,Sauna.,36,40,4,21
11/04/2024,9:00 AM,75 min.,Flatiron,Quieter Free Flow,,Sauna..,37,40,3,24
11/04/2024,9:30 AM,75 min.,Flatiron,Quieter Free Flow,,Sauna...,34,40,6,30
11/04/2024,10:00 AM,75 min.,Flatiron,Quieter Free Flow,,Sauna.,36,40,4,34
11/04/2024,10:15 AM,75 min.,Flatiron,Quieter Free Flow,,Sauna..,23,40,17,51
11/04/2024,12:00 PM,75 min.,Flatiron,Guided Down: Deep Stretch,,Sauna.,36,64,28,79
11/04/2024,2:00 PM,75 min.,Flatiron,Free Flow,,Sauna.,16,40,24,103
11/04/2024,2:30 PM,75 min.,Flatiron,Free Flow,,Sauna..,36,40,4,107
11/04/2024,3:00 PM,75 min.,Flatiron,Free Flow,,Sauna...,26,40,14,121
11/04/2024,3:30 PM,75 min.,Flatiron,Free Flow,,Sauna.,33,40,7,128
11/04/2024,3:45 PM,75 min.,Flatiron,Free Flow,,Sauna..,15,40,25,153
11/04/2024,5:30 PM,75 min.,Flatiron,Guided All Around: Loving Kindness,,Sauna.,18,64,46,199
11/04/2024,7:15 PM,75 min.,Flatiron,Guided All Around: Journey Through the Elements,,Sauna.,5,64,59,258
11/05/2024,7:00 AM,75 min.,Flatiron,Guided Up: Awakening,,Sauna.,51,64,13,13
11/05/2024,8:30 AM,75 min.,Flatiron,Quieter Free Flow,,Sauna.,30,40,10,23
11/05/2024,9:00 AM,75 min.,Flatiron,Quieter Free Flow,,Sauna..,38,40,2,25
11/05/2024,9:30 AM,75 min.,Flatiron,Quieter Free Flow,,Sauna...,32,40,8,33
11/05/2024,10:00 AM,75 min.,Flatiron,Quieter Free Flow,,Sauna.,36,40,4,37
11/05/2024,10:15 AM,75 min.,Flatiron,Quieter Free Flow,,Sauna..,31,40,9,46
11/05/2024,12:00 PM,75 min.,Flatiron,Guided Down: Unwind,,Sauna.,44,64,20,66
11/05/2024,1:45 PM,75 min.,Flatiron,Guided All Around: A-Z Emotions,,Sauna.,46,64,18,84
11/05/2024,3:30 PM,75 min.,Flatiron,Free Flow,,Sauna.,69,80,11,95
11/05/2024,3:45 PM,75 min.,Flatiron,Free Flow,,Sauna..,26,40,14,109
11/05/2024,5:30 PM,75 min.,Flatiron,Guided All Around: Inner Power,,Sauna.,10,64,54,163
11/05/2024,7:15 PM,75 min.,Flatiron,Guided All Around: Acceptance,,Sauna.,24,64,40,203
11/05/2024,9:00 PM,75 min.,Flatiron,Free Flow,,Sauna.,58,80,22,225
11/05/2024,9:15 PM,75 min.,Flatiron,Free Flow,,Sauna..,36,40,4,229
11/06/2024,7:00 AM,75 min.,Flatiron,Guided Up: Feel Good Now,Aaron Albert,Sauna.,45,64,19,19
11/06/2024,8:30 AM,75 min.,Flatiron,Free Flow,,Sauna.,32,40,8,27
11/06/2024,9:00 AM,75 min.,Flatiron,Free Flow,,Sauna..,38,40,2,29
11/06/2024,9:30 AM,75 min.,Flatiron,Free Flow,,Sauna...,35,40,5,34
11/06/2024,10:00 AM,75 min.,Flatiron,Free Flow,,Sauna.,38,40,2,36
11/06/2024,10:15 AM,75 min.,Flatiron,Free Flow,,Sauna..,36,40,4,40
11/06/2024,2:00 PM,75 min.,Flatiron,Free Flow,,Sauna.,0,40,40,80
11/06/2024,2:30 PM,75 min.,Flatiron,Free Flow,,Sauna..,32,40,8,88
11/06/2024,3:00 PM,75 min.,Flatiron,Free Flow,,Sauna...,30,40,10,98
11/06/2024,3:30 PM,75 min.,Flatiron,Free Flow,,Sauna.,34,40,6,104
11/06/2024,3:45 PM,75 min.,Flatiron,Free Flow,,Sauna..,29,40,11,115
11/06/2024,5:30 PM,75 min.,Flatiron,"Guided All Around: Rose, Thorn, Bud",Harry Taylor,Sauna.,10,64,54,169
11/06/2024,7:15 PM,75 min.,Flatiron,Guided All Around: Hardwiring Happiness,,Sauna.,3,64,61,230
11/06/2024,9:00 PM,75 min.,Flatiron,Free Flow,,Sauna.,41,80,39,269
11/06/2024,9:30 PM,75 min.,Flatiron,Free Flow,,Sauna..,0,40,40,309
11/07/2024,7:00 AM,75 min.,Flatiron,Guided Down: Embodied,,Sauna.,51,64,13,13
11/07/2024,8:30 AM,75 min.,Flatiron,Free Flow,,Sauna.,36,40,4,17
11/07/2024,9:00 AM,75 min.,Flatiron,Free Flow,,Sauna..,29,40,11,28
11/07/2024,9:30 AM,75 min.,Flatiron,Free Flow,,Sauna...,38,40,2,30
11/07/2024,10:00 AM,75 min.,Flatiron,Free Flow,,Sauna.,36,40,4,34
11/07/2024,10:15 AM,75 min.,Flatiron,Free Flow,,Sauna..,28,40,12,46
11/07/2024,12:00 PM,75 min.,Flatiron,Guided All Around: Inner Power,,Sauna.,51,64,13,59
11/07/2024,1:45 PM,75 min.,Flatiron,Guided All Around: Reflect,,Sauna.,55,64,9,68
11/07/2024,3:30 PM,75 min.,Flatiron,Free Flow,,Sauna.,34,40,6,74
11/07/2024,4:00 PM,75 min.,Flatiron,Free Flow,,Sauna..,38,40,2,76
11/07/2024,4:30 PM,75 min.,Flatiron,Free Flow,,Sauna...,38,40,2,78
11/07/2024,5:00 PM,75 min.,Flatiron,Free Flow,,Sauna.,32,40,8,86
11/07/2024,5:30 PM,75 min.,Flatiron,Free Flow,,Sauna..,1,40,39,125
11/07/2024,7:15 PM,75 min.,Flatiron,Guided Up: Feel Good Now,,Sauna.,25,64,39,164
11/07/2024,9:00 PM,120 min.,Flatiron,Social,,Sauna.,49,70,21,185
11/07/2024,9:15 PM,120 min.,Flatiron,Social,,Sauna..,30,50,20,205
11/08/2024,8:45 AM,75 min.,Flatiron,Guided Up: Self-Care Sweat,,Sauna.,48,64,16,16
11/08/2024,10:30 AM,75 min.,Flatiron,Guided All Around: Reset,,Sauna.,41,64,23,39
11/08/2024,12:15 PM,75 min.,Flatiron,Guided Up: Arctic Tundra,,Sauna.,46,64,18,57
11/08/2024,2:00 PM,75 min.,Flatiron,Free Flow,,Sauna.,22,40,18,75
11/08/2024,2:30 PM,75 min.,Flatiron,Free Flow,,Sauna..,34,40,6,81
11/08/2024,3:00 PM,75 min.,Flatiron,Free Flow,,Sauna...,33,40,7,88
11/08/2024,3:30 PM,75 min.,Flatiron,Free Flow,,Sauna.,28,40,12,100
11/08/2024,4:00 PM,75 min.,Flatiron,Free Flow,,Sauna..,28,40,12,112
11/08/2024,4:30 PM,75 min.,Flatiron,Free Flow,,Sauna...,27,40,13,125
11/08/2024,5:00 PM,75 min.,Flatiron,Free Flow,,Sauna.,28,40,12,137
11/08/2024,5:30 PM,75 min.,Flatiron,Free Flow,,Sauna..,3,40,37,174
11/08/2024,7:15 PM,75 min.,Flatiron,Guided All Around: Release,,Sauna.,,,,174
11/08/2024,9:00 PM,120 min.,Flatiron,Social,,Sauna.,10,70,60,234
11/08/2024,9:30 PM,120 min.,Flatiron,Social,,Sauna..,,,,234
11/09/2024,8:00 AM,75 min.,Flatiron,Guided Down: Sound Immersion,,Sauna.,49,64,15,15
11/09/2024,9:45 AM,75 min.,Flatiron,Guided Up: Feel Good Now,,Sauna.,11,64,53,68
11/09/2024,11:30 AM,75 min.,Flatiron,Guided All Around: A-Z Emotions,,Sauna.,8,64,56,124
11/09/2024,1:15 PM,75 min.,Flatiron,Guided Up: Self-Care Sweat,,Sauna.,1,64,63,187
11/09/2024,3:00 PM,75 min.,Flatiron,Lively Free Flow,,Sauna.,0,40,40,227
11/09/2024,3:30 PM,75 min.,Flatiron,Lively Free Flow,,Sauna..,6,40,34,261
11/09/2024,4:00 PM,75 min.,Flatiron,Lively Free Flow,,Sauna...,29,40,11,272
11/09/2024,4:30 PM,75 min.,Flatiron,Lively Free Flow,,Sauna.,21,40,19,291
11/09/2024,5:00 PM,75 min.,Flatiron,Lively Free Flow,,Sauna..,15,40,25,316
11/09/2024,5:30 PM,75 min.,Flatiron,Lively Free Flow,,Sauna...,26,40,14,330
11/09/2024,6:00 PM,75 min.,Flatiron,Lively Free Flow,,Sauna.,10,40,30,360
11/09/2024,7:45 PM,75 min.,Flatiron,Guided Down: Deep Stretch,,Sauna.,24,64,40,400
11/09/2024,9:30 PM,120 min.,Flatiron,Social,,Sauna.,51,70,19,419
11/09/2024,9:45 PM,120 min.,Flatiron,Social,,Sauna..,40,50,10,429
11/10/2024,8:30 AM,75 min.,Flatiron,Guided Down: Senses,,Sauna.,42,64,22,22
11/10/2024,10:15 AM,75 min.,Flatiron,Guided Down: Sound Immersion,,Sauna.,5,64,59,81
11/10/2024,12:00 PM,75 min.,Flatiron,Guided Down: Unwind,,Sauna.,2,64,62,143
11/10/2024,1:45 PM,75 min.,Flatiron,Guided All Around: A-Z Emotions,,Sauna.,23,64,41,184
11/10/2024,3:30 PM,75 min.,Flatiron,Lively Free Flow,,Sauna.,4,45,41,225
11/10/2024,3:45 PM,75 min.,Flatiron,Lively Free Flow,,Sauna..,2,45,43,268
11/10/2024,5:30 PM,75 min.,Flatiron,Guided Down: Senses,,Sauna.,4,64,60,328
11/10/2024,7:15 PM,75 min.,Flatiron,Guided Down: Pure Presence,,Sauna.,1,64,63,391
11/10/2024,9:00 PM,75 min.,Flatiron,Free Flow,,Sauna.,36,80,44,435
11/10/2024,9:30 PM,75 min.,Flatiron,Free Flow,,Sauna..,0,40,40,475
10/28/2024,7:00 AM,75 min.,Flatiron,Quieter Free Flow,,Sauna.,33,40,7,7
10/28/2024,7:30 AM,75 min.,Flatiron,Quieter Free Flow,,Sauna..,31,40,9,16
10/28/2024,8:00 AM,75 min.,Flatiron,Quieter Free Flow,,Sauna...,39,40,1,17
10/28/2024,8:30 AM,75 min.,Flatiron,Quieter Free Flow,,Sauna.,34,40,6,23
10/28/2024,9:00 AM,75 min.,Flatiron,Quieter Free Flow,,Sauna..,36,40,4,27
10/28/2024,9:30 AM,75 min.,Flatiron,Quieter Free Flow,,Sauna...,38,40,2,29
10/28/2024,10:00 AM,75 min.,Flatiron,Quieter Free Flow,,Sauna.,35,40,5,34
10/28/2024,10:15 AM,75 min.,Flatiron,Quieter Free Flow,,Sauna..,37,40,3,37
10/28/2024,12:00 PM,75 min.,Flatiron,Guided Down: Deep Stretch,,Sauna.,48,64,16,53
10/28/2024,2:00 PM,75 min.,Flatiron,Free Flow,,Sauna.,31,40,9,62
10/28/2024,2:30 PM,75 min.,Flatiron,Free Flow,,Sauna..,37,40,3,65
10/28/2024,3:00 PM,75 min.,Flatiron,Free Flow,,Sauna...,38,40,2,67
10/28/2024,3:30 PM,75 min.,Flatiron,Free Flow,,Sauna.,37,40,3,70
10/28/2024,3:45 PM,75 min.,Flatiron,Free Flow,,Sauna..,29,40,11,81
10/28/2024,5:30 PM,75 min.,Flatiron,Guided All Around: A-Z Emotions,,Sauna.,34,64,30,111
10/28/2024,7:15 PM,75 min.,Flatiron,Guided Down: Senses,,Sauna.,,,,111
10/28/2024,9:00 PM,75 min.,Flatiron,Guided Down: Pure Presence,,Sauna.,38,64,26,137
10/29/2024,7:00 AM,75 min.,Flatiron,Guided Up: Awakening,,Sauna.,28,64,36,36
10/29/2024,8:30 AM,75 min.,Flatiron,Free Flow,,Sauna.,33,40,7,43
10/29/2024,9:00 AM,75 min.,Flatiron,Free Flow,,Sauna..,40,40,0,43
10/29/2024,9:30 AM,75 min.,Flatiron,Free Flow,,Sauna...,37,40,3,46
10/29/2024,10:00 AM,75 min.,Flatiron,Free Flow,,Sauna.,37,40,3,49
10/29/2024,10:15 AM,75 min.,Flatiron,Free Flow,,Sauna..,34,40,6,55
10/29/2024,12:00 PM,75 min.,Flatiron,Guided Down: Unwind,,Sauna.,57,64,7,62
10/29/2024,1:45 PM,75 min.,Flatiron,Guided All Around: Heart Opener,,Sauna.,57,64,7,69
10/29/2024,3:30 PM,75 min.,Flatiron,Free Flow,,Sauna.,74,80,6,75
10/29/2024,3:45 PM,75 min.,Flatiron,Free Flow,,Sauna..,32,40,8,83
10/29/2024,5:30 PM,75 min.,Flatiron,Guided Down: Self-Care Sweat,,Sauna.,7,64,57,140
10/29/2024,7:15 PM,75 min.,Flatiron,Guided All Around: Acceptance,,Sauna.,1,64,63,203
10/29/2024,9:00 PM,75 min.,Flatiron,Free Flow,,Sauna.,46,80,34,237
10/29/2024,9:15 PM,75 min.,Flatiron,Free Flow,,Sauna..,37,40,3,240
10/30/2024,7:00 AM,75 min.,Flatiron,Guided Up: Feel Good Now,Aaron Albert,Sauna.,53,64,11,11
10/30/2024,8:30 AM,75 min.,Flatiron,Free Flow,,Sauna.,38,40,2,13
10/30/2024,9:00 AM,75 min.,Flatiron,Free Flow,,Sauna..,37,40,3,16
10/30/2024,9:30 AM,75 min.,Flatiron,Free Flow,,Sauna...,39,40,1,17
10/30/2024,10:00 AM,75 min.,Flatiron,Free Flow,,Sauna.,37,40,3,20
10/30/2024,10:15 AM,75 min.,Flatiron,Free Flow,,Sauna..,36,40,4,24
10/30/2024,12:00 PM,75 min.,Flatiron,Guided Up: Self-Care Sweat,,Sauna.,58,64,6,30
10/30/2024,2:00 PM,75 min.,Flatiron,Free Flow,,Sauna.,35,40,5,35
10/30/2024,2:30 PM,75 min.,Flatiron,Free Flow,,Sauna..,36,40,4,39
10/30/2024,3:00 PM,75 min.,Flatiron,Free Flow,,Sauna...,35,40,5,44
10/30/2024,3:30 PM,75 min.,Flatiron,Free Flow,,Sauna.,36,40,4,48
10/30/2024,3:45 PM,75 min.,Flatiron,Free Flow,,Sauna..,30,40,10,58
10/30/2024,5:30 PM,75 min.,Flatiron,Guided Down: Embodied,,Sauna.,23,64,41,99
10/30/2024,7:15 PM,75 min.,Flatiron,Guided All Around: A-Z Emotions,,Sauna.,,,,99
10/30/2024,9:00 PM,75 min.,Flatiron,Free Flow,,Sauna.,55,80,25,124
10/30/2024,9:30 PM,75 min.,Flatiron,Free Flow,,Sauna..,35,40,5,129
10/31/2024,7:00 AM,75 min.,Flatiron,Guided Down: Embodied,,Sauna.,47,64,17,17
10/31/2024,8:30 AM,75 min.,Flatiron,Free Flow,,Sauna.,39,40,1,18
10/31/2024,9:00 AM,75 min.,Flatiron,Free Flow,,Sauna..,37,40,3,21
10/31/2024,9:30 AM,75 min.,Flatiron,Free Flow,,Sauna...,35,40,5,26
10/31/2024,10:00 AM,75 min.,Flatiron,Free Flow,,Sauna.,39,40,1,27
10/31/2024,10:15 AM,75 min.,Flatiron,Free Flow,,Sauna..,37,40,3,30
10/31/2024,1:45 PM,75 min.,Flatiron,Guided All Around: Reflect,,Sauna.,44,64,20,50
10/31/2024,3:30 PM,75 min.,Flatiron,Free Flow,,Sauna.,25,40,15,65
10/31/2024,4:00 PM,75 min.,Flatiron,Free Flow,,Sauna..,37,40,3,68
10/31/2024,4:30 PM,75 min.,Flatiron,Free Flow,,Sauna...,34,40,6,74
10/31/2024,5:00 PM,75 min.,Flatiron,Free Flow,,Sauna.,34,40,6,80
10/31/2024,5:30 PM,75 min.,Flatiron,Free Flow,,Sauna..,18,40,22,102
10/31/2024,7:15 PM,75 min.,Flatiron,Guided All Around: Release,,Sauna.,18,64,46,148
10/31/2024,9:00 PM,120 min.,Flatiron,Social,,Sauna.,54,70,16,164
10/31/2024,9:15 PM,120 min.,Flatiron,Social,,Sauna..,,,,164
11/01/2024,7:00 AM,75 min.,Flatiron,Guided Down: Deep Stretch,,Sauna.,54,64,10,10
11/01/2024,8:45 AM,75 min.,Flatiron,Guided Up: Self-Care Sweat,,Sauna.,41,64,23,33
11/01/2024,10:30 AM,75 min.,Flatiron,Guided All Around: Reset,,Sauna.,46,64,18,51
11/01/2024,12:15 PM,75 min.,Flatiron,Guided Down: Senses,,Sauna.,43,64,21,72
11/01/2024,2:00 PM,75 min.,Flatiron,Free Flow,,Sauna.,0,40,40,112
11/01/2024,2:30 PM,75 min.,Flatiron,Free Flow,,Sauna..,9,40,31,143
11/01/2024,3:00 PM,75 min.,Flatiron,Free Flow,,Sauna...,27,40,13,156
11/01/2024,3:30 PM,75 min.,Flatiron,Free Flow,,Sauna.,18,40,22,178
11/01/2024,4:00 PM,75 min.,Flatiron,Free Flow,,Sauna..,21,40,19,197
11/01/2024,4:30 PM,75 min.,Flatiron,Free Flow,,Sauna...,23,40,17,214
11/01/2024,5:00 PM,75 min.,Flatiron,Free Flow,,Sauna.,23,40,17,231
11/01/2024,5:30 PM,75 min.,Flatiron,Free Flow,,Sauna..,0,40,40,271
11/01/2024,7:15 PM,75 min.,Flatiron,Guided Down: Sound Immersion,,Sauna.,7,64,57,328
11/01/2024,9:00 PM,120 min.,Flatiron,Social,,Sauna.,40,70,30,358
11/01/2024,9:30 PM,120 min.,Flatiron,Social,,Sauna..,45,50,5,363
11/02/2024,8:00 AM,75 min.,Flatiron,Guided Down: Sound Immersion,,Sauna.,51,64,13,13
11/02/2024,9:45 AM,75 min.,Flatiron,Guided Up: Feel Good Now,,Sauna.,13,64,51,64
11/02/2024,11:30 AM,75 min.,Flatiron,Guided Down: Unwind,,Sauna.,14,64,50,114
11/02/2024,1:15 PM,75 min.,Flatiron,Guided Up: Self-Care Sweat,,Sauna.,5,64,59,173
11/02/2024,3:00 PM,75 min.,Flatiron,Lively Free Flow,,Sauna.,2,40,38,211
11/02/2024,3:30 PM,75 min.,Flatiron,Lively Free Flow,,Sauna..,29,40,11,222
11/02/2024,4:00 PM,75 min.,Flatiron,Lively Free Flow,,Sauna...,18,40,22,244
11/02/2024,4:30 PM,75 min.,Flatiron,Lively Free Flow,,Sauna.,20,40,20,264
11/02/2024,5:00 PM,75 min.,Flatiron,Lively Free Flow,,Sauna..,14,40,26,290
11/02/2024,5:30 PM,75 min.,Flatiron,Lively Free Flow,,Sauna...,11,40,29,319
11/02/2024,6:00 PM,75 min.,Flatiron,Lively Free Flow,,Sauna.,17,40,23,342
11/02/2024,7:45 PM,75 min.,Flatiron,Guided Down: Senses,,Sauna.,38,64,26,368
11/02/2024,9:30 PM,120 min.,Flatiron,Social,,Sauna.,39,70,31,399
11/02/2024,9:45 PM,120 min.,Flatiron,Social,,Sauna..,47,50,3,402
11/03/2024,8:30 AM,75 min.,Flatiron,Guided All Around: Heart Opener,Liana Santos,Sauna.,50,64,14,14
11/03/2024,10:15 AM,75 min.,Flatiron,Guided Down: Sound Immersion,,Sauna.,47,64,17,31
11/03/2024,12:00 PM,75 min.,Flatiron,Guided Down: Unwind,,Sauna.,36,64,28,59
11/03/2024,1:45 PM,75 min.,Flatiron,Guided Down: Senses,,Sauna.,42,64,22,81
11/03/2024,3:30 PM,75 min.,Flatiron,Lively Free Flow,,Sauna.,4,45,41,122
11/03/2024,3:45 PM,75 min.,Flatiron,Lively Free Flow,,Sauna..,4,45,41,163
11/03/2024,5:30 PM,75 min.,Flatiron,Guided All Around: A-Z Emotions,,Sauna.,8,64,56,219
11/03/2024,7:15 PM,75 min.,Flatiron,Guided Down: Pure Presence,,Sauna.,7,64,57,276
11/03/2024,9:00 PM,75 min.,Flatiron,Free Flow,,Sauna.,49,80,31,307
11/03/2024,9:30 PM,75 min.,Flatiron,Free Flow,,Sauna..,38,40,2,309
10/21/2024,7:00 AM,75 min.,Flatiron,Quieter Free Flow,,Sauna.,31,40,9,9
10/21/2024,7:30 AM,75 min.,Flatiron,Quieter Free Flow,,Sauna..,36,40,4,13
10/21/2024,8:00 AM,75 min.,Flatiron,Quieter Free Flow,,Sauna...,38,40,2,15
10/21/2024,8:30 AM,75 min.,Flatiron,Quieter Free Flow,,Sauna.,39,40,1,16
10/21/2024,9:00 AM,75 min.,Flatiron,Quieter Free Flow,,Sauna..,35,40,5,21
10/21/2024,9:30 AM,75 min.,Flatiron,Quieter Free Flow,,Sauna...,40,40,0,21
10/21/2024,10:00 AM,75 min.,Flatiron,Quieter Free Flow,,Sauna.,36,40,4,25
10/21/2024,10:15 AM,75 min.,Flatiron,Quieter Free Flow,,Sauna..,36,40,4,29
10/21/2024,12:00 PM,75 min.,Flatiron,Guided Down: Deep Stretch,,Sauna.,56,64,8,37
10/21/2024,2:00 PM,75 min.,Flatiron,Free Flow,,Sauna.,37,40,3,40
10/21/2024,2:30 PM,75 min.,Flatiron,Free Flow,,Sauna..,40,40,0,40
10/21/2024,3:00 PM,75 min.,Flatiron,Free Flow,,Sauna...,40,40,0,40
10/21/2024,3:30 PM,75 min.,Flatiron,Free Flow,,Sauna.,38,40,2,42
10/21/2024,3:45 PM,75 min.,Flatiron,Free Flow,,Sauna..,24,40,16,58
10/21/2024,5:30 PM,75 min.,Flatiron,Guided Down: Pure Presence,,Sauna.,16,64,48,106
10/21/2024,7:15 PM,75 min.,Flatiron,Guided All Around: Journey Through the Elements,,Sauna.,1,64,63,169
10/22/2024,7:00 AM,75 min.,Flatiron,Guided Up: Awakening,,Sauna.,52,64,12,12
10/22/2024,8:30 AM,75 min.,Flatiron,Quieter Free Flow,,Sauna.,38,40,2,14
10/22/2024,9:00 AM,75 min.,Flatiron,Quieter Free Flow,,Sauna..,30,40,10,24
10/22/2024,9:30 AM,75 min.,Flatiron,Quieter Free Flow,,Sauna...,40,40,0,24
10/22/2024,10:00 AM,75 min.,Flatiron,Quieter Free Flow,,Sauna.,33,40,7,31
10/22/2024,10:15 AM,75 min.,Flatiron,Quieter Free Flow,,Sauna..,28,40,12,43
10/22/2024,12:00 PM,75 min.,Flatiron,Guided Down: Embodied,,Sauna.,54,64,10,53
10/22/2024,1:45 PM,75 min.,Flatiron,Guided All Around: A-Z Emotions,,Sauna.,55,64,9,62
10/22/2024,3:30 PM,75 min.,Flatiron,Free Flow,,Sauna.,71,80,9,71
10/22/2024,3:45 PM,75 min.,Flatiron,Free Flow,,Sauna..,28,40,12,83
10/22/2024,5:30 PM,75 min.,Flatiron,Guided All Around: Inner Power,,Sauna.,17,64,47,130
10/22/2024,7:15 PM,75 min.,Flatiron,Guided Down: Unwind,,Sauna.,1,64,63,193
10/22/2024,9:00 PM,75 min.,Flatiron,Free Flow,,Sauna.,51,80,29,222
10/22/2024,9:30 PM,75 min.,Flatiron,Free Flow,,Sauna..,30,40,10,232
10/22/2024,10:30 PM,75 min.,Flatiron,Free Flow,,Sauna...,0,80,80,312
10/23/2024,7:00 AM,75 min.,Flatiron,Guided Up: Self-Care Sweat,,Sauna.,49,64,15,15
10/23/2024,8:30 AM,75 min.,Flatiron,Free Flow,,Sauna.,30,40,10,25
10/23/2024,9:00 AM,75 min.,Flatiron,Free Flow,,Sauna..,38,40,2,27
10/23/2024,9:30 AM,75 min.,Flatiron,Free Flow,,Sauna...,38,40,2,29
10/23/2024,10:00 AM,75 min.,Flatiron,Free Flow,,Sauna.,35,40,5,34
10/23/2024,10:15 AM,75 min.,Flatiron,Free Flow,,Sauna..,39,40,1,35
10/23/2024,12:00 PM,75 min.,Flatiron,Guided Down: Embodied,,Sauna.,45,64,19,54
10/23/2024,2:00 PM,75 min.,Flatiron,Free Flow,,Sauna.,36,40,4,58
10/23/2024,2:30 PM,75 min.,Flatiron,Free Flow,,Sauna..,36,40,4,62
10/23/2024,3:00 PM,75 min.,Flatiron,Free Flow,,Sauna...,39,40,1,63
10/23/2024,3:30 PM,75 min.,Flatiron,Free Flow,,Sauna.,18,40,22,85
10/23/2024,3:45 PM,75 min.,Flatiron,Free Flow,,Sauna..,30,40,10,95
10/23/2024,5:30 PM,75 min.,Flatiron,"Guided All Around: Rose, Thorn, Bud",,Sauna.,26,64,38,133
10/23/2024,7:15 PM,75 min.,Flatiron,Guided All Around: Hardwiring Happiness,,Sauna.,4,64,60,193
10/23/2024,9:00 PM,120 min.,Flatiron,Runner's Night,,Sauna.,9,70,61,254
10/23/2024,9:15 PM,120 min.,Flatiron,Runner's Night,,Sauna..,3,50,47,301
10/24/2024,7:00 AM,75 min.,Flatiron,Guided Down: Unwind,,Sauna.,37,64,27,27
10/24/2024,8:30 AM,75 min.,Flatiron,Free Flow,,Sauna.,32,40,8,35
10/24/2024,9:00 AM,75 min.,Flatiron,Free Flow,,Sauna..,34,40,6,41
10/24/2024,9:30 AM,75 min.,Flatiron,Free Flow,,Sauna...,38,40,2,43
10/24/2024,10:00 AM,75 min.,Flatiron,Free Flow,,Sauna.,39,40,1,44
10/24/2024,10:15 AM,75 min.,Flatiron,Free Flow,,Sauna..,29,40,11,55
10/24/2024,12:00 PM,75 min.,Flatiron,Guided All Around: Inner Power,,Sauna.,49,64,15,70
10/24/2024,1:45 PM,75 min.,Flatiron,Guided All Around: Reflect,,Sauna.,54,64,10,80
10/24/2024,3:30 PM,75 min.,Flatiron,Free Flow,,Sauna.,35,40,5,85
10/24/2024,4:00 PM,75 min.,Flatiron,Free Flow,,Sauna..,35,40,5,90
10/24/2024,4:30 PM,75 min.,Flatiron,Free Flow,,Sauna...,33,40,7,97
10/24/2024,5:00 PM,75 min.,Flatiron,Free Flow,,Sauna.,30,40,10,107
10/24/2024,5:30 PM,75 min.,Flatiron,Free Flow,,Sauna..,17,40,23,130
10/24/2024,7:15 PM,75 min.,Flatiron,Guided Up: Feel Good Now,,Sauna.,7,64,57,187
10/24/2024,9:00 PM,120 min.,Flatiron,Social,,Sauna.,23,70,47,234
10/24/2024,9:30 PM,120 min.,Flatiron,Social,,Sauna..,50,50,0,234
10/25/2024,7:00 AM,75 min.,Flatiron,Guided Up: Feel Good Now,Aaron Albert,Sauna.,49,64,15,15
10/25/2024,8:45 AM,75 min.,Flatiron,Guided Up: Self-Care Sweat,,Sauna.,48,64,16,31
10/25/2024,10:30 AM,75 min.,Flatiron,Guided All Around: Reset,,Sauna.,37,64,27,58
10/25/2024,12:15 PM,75 min.,Flatiron,Guided Up: Arctic Tundra,,Sauna.,58,64,6,64
10/25/2024,2:00 PM,75 min.,Flatiron,Free Flow,,Sauna.,22,40,18,82
10/25/2024,2:30 PM,75 min.,Flatiron,Free Flow,,Sauna..,32,40,8,90
10/25/2024,3:00 PM,75 min.,Flatiron,Free Flow,,Sauna...,28,40,12,102
10/25/2024,3:30 PM,75 min.,Flatiron,Free Flow,,Sauna.,33,40,7,109
10/25/2024,4:00 PM,75 min.,Flatiron,Free Flow,,Sauna..,29,40,11,120
10/25/2024,4:30 PM,75 min.,Flatiron,Free Flow,,Sauna...,33,40,7,127
10/25/2024,5:00 PM,75 min.,Flatiron,Free Flow,,Sauna.,33,40,7,134
10/25/2024,5:30 PM,75 min.,Flatiron,Free Flow,,Sauna..,21,40,19,153
10/25/2024,7:15 PM,75 min.,Flatiron,Guided Down: Sound Immersion,,Sauna.,7,64,57,210
10/25/2024,9:00 PM,120 min.,Flatiron,Social,,Sauna.,47,70,23,233
10/25/2024,9:30 PM,120 min.,Flatiron,Social,,Sauna..,46,50,4,237
10/26/2024,8:00 AM,75 min.,Flatiron,Guided Up: Awakening,,Sauna.,52,64,12,12
10/26/2024,9:45 AM,75 min.,Flatiron,Guided All Around: Release,,Sauna.,24,64,40,52
10/26/2024,11:30 AM,75 min.,Flatiron,Guided All Around: A-Z Emotions,,Sauna.,20,64,44,96
10/26/2024,1:15 PM,75 min.,Flatiron,Guided Up: Self-Care Sweat,,Sauna.,4,64,60,156
10/26/2024,3:00 PM,75 min.,Flatiron,Lively Free Flow,,Sauna.,0,40,40,196
10/26/2024,3:30 PM,75 min.,Flatiron,Lively Free Flow,,Sauna..,25,40,15,211
10/26/2024,4:00 PM,75 min.,Flatiron,Lively Free Flow,,Sauna...,21,40,19,230
10/26/2024,4:30 PM,75 min.,Flatiron,Lively Free Flow,,Sauna.,36,40,4,234
10/26/2024,5:00 PM,75 min.,Flatiron,Lively Free Flow,,Sauna..,33,40,7,241
10/26/2024,5:30 PM,75 min.,Flatiron,Lively Free Flow,,Sauna...,31,40,9,250
10/26/2024,6:00 PM,75 min.,Flatiron,Lively Free Flow,,Sauna.,30,40,10,260
10/26/2024,7:45 PM,75 min.,Flatiron,Guided All Around: Loving Kindness,,Sauna.,32,64,32,292
10/26/2024,9:30 PM,120 min.,Flatiron,Social,,Sauna.,42,70,28,320
10/26/2024,9:45 PM,120 min.,Flatiron,Social,,Sauna..,49,50,1,321
10/27/2024,8:30 AM,75 min.,Flatiron,Guided Down: Senses,,Sauna.,54,64,10,10
10/27/2024,10:15 AM,75 min.,Flatiron,Guided All Around: Release,,Sauna.,22,64,42,52
10/27/2024,12:00 PM,75 min.,Flatiron,Guided Down: Unwind,,Sauna.,20,64,44,96
10/27/2024,1:45 PM,75 min.,Flatiron,Guided Down: Unwind,,Sauna.,,,,96
10/27/2024,3:30 PM,75 min.,Flatiron,Lively Free Flow,,Sauna.,2,45,43,139
10/27/2024,3:45 PM,75 min.,Flatiron,Lively Free Flow,,Sauna..,4,45,41,180
10/27/2024,5:30 PM,75 min.,Flatiron,Guided All Around: Heart Opener,,Sauna.,7,64,57,237
10/27/2024,7:15 PM,75 min.,Flatiron,"Guided All Around: Rose, Thorn, Bud",,Sauna.,,,,237
10/27/2024,9:00 PM,75 min.,Flatiron,Free Flow,,Sauna.,47,80,33,270
10/27/2024,9:30 PM,75 min.,Flatiron,Free Flow,,Sauna..,27,40,13,283
10/27/2024,10:30 PM,75 min.,Flatiron,Free Flow,,Sauna...,0,80,80,363