Date,Time,Duration,Location,Session Name,Instructor,Room,Spots Available,Total Spots,Booked,Cumulative Bookings
"10/13/2025","7:00 AM","75 min.","Adelaide","Free Flow","","Sauna",17,17,0,0
"10/13/2025","7:30 AM","75 min.","Adelaide","Free Flow","","Sauna.",13,17,4,4
"10/13/2025","8:00 AM","75 min.","Adelaide","Free Flow","","Sauna..",15,17,2,6
"10/13/2025","8:30 AM","75 min.","Adelaide","Free Flow","","Sauna",8,17,9,15
"10/13/2025","9:00 AM","75 min.","Adelaide","Free Flow","","Sauna.",16,17,1,16
"10/13/2025","9:30 AM","75 min.","Adelaide","Free Flow","","Sauna..",10,17,7,23
"10/13/2025","10:00 AM","75 min.","Adelaide","Free Flow","","Sauna",4,17,13,36
"10/13/2025","10:15 AM","75 min.","Adelaide","Free Flow","","Sauna....",,,,36
"10/13/2025","12:00 PM","60 min.","Adelaide","Guided All Around: Acceptance - 60 min","","Sauna*",,,,36
"10/13/2025","1:45 PM","75 min.","Adelaide","Lively Free Flow","","Sauna",0,17,17,53
"10/13/2025","2:15 PM","75 min.","Adelaide","Lively Free Flow","","Sauna...",0,17,17,70
"10/13/2025","2:45 PM","75 min.","Adelaide","Lively Free Flow","","Sauna.",11,17,6,76
"10/13/2025","3:15 PM","75 min.","Adelaide","Lively Free Flow","","Sauna..",7,17,10,86
"10/13/2025","3:45 PM","75 min.","Adelaide","Lively Free Flow","","Sauna.....",14,17,3,89
"10/13/2025","4:15 PM","75 min.","Adelaide","Lively Free Flow","","Sauna....",1,17,16,105
"10/13/2025","4:45 PM","75 min.","Adelaide","Lively Free Flow","","Sauna...",6,17,11,116
"10/13/2025","5:15 PM","75 min.","Adelaide","Lively Free Flow","","Sauna..",0,13,13,129
"10/13/2025","6:30 PM","75 min.","Adelaide","Guided All Around: Gratitude","","Sauna*",11,25,14,143
"10/13/2025","7:45 PM","75 min.","Adelaide","Guided Down: Sound Immersion","","Sauna*",2,26,24,167
"10/13/2025","9:00 PM","75 min.","Adelaide","Guided Down: Deep Stretch","Lammy Clark","Sauna*",9,25,16,183
"10/14/2025","7:00 AM","60 min.","Adelaide","Guided Up: Arctic Tundra - 60 min","","Sauna*",28,32,4,4
"10/14/2025","8:30 AM","75 min.","Adelaide","Quieter Free Flow","","Sauna...",10,17,7,11
"10/14/2025","9:00 AM","75 min.","Adelaide","Quieter Free Flow","","Sauna....",16,17,1,12
"10/14/2025","9:30 AM","75 min.","Adelaide","Quieter Free Flow","","Sauna",10,17,7,19
"10/14/2025","10:00 AM","75 min.","Adelaide","Quieter Free Flow","","Sauna.....",15,17,2,21
"10/14/2025","10:15 AM","75 min.","Adelaide","Quieter Free Flow","","Sauna.",10,17,7,28
"10/14/2025","12:00 PM","75 min.","Adelaide","Free Flow","","Sauna*",19,25,6,34
"10/14/2025","12:30 PM","75 min.","Adelaide","Free Flow","","Sauna....",8,8,0,34
"10/14/2025","1:00 PM","75 min.","Adelaide","Free Flow","","Sauna...",12,13,1,35
"10/14/2025","1:30 PM","75 min.","Adelaide","Free Flow","","Sauna.....",8,15,7,42
"10/14/2025","2:00 PM","75 min.","Adelaide","Free Flow","","Sauna....",7,8,1,43
"10/14/2025","2:30 PM","75 min.","Adelaide","Free Flow","","Sauna..",15,15,0,43
"10/14/2025","3:00 PM","75 min.","Adelaide","Free Flow","","Sauna.....",17,17,0,43
"10/14/2025","3:30 PM","75 min.","Adelaide","Free Flow","","Sauna.",17,17,0,43
"10/14/2025","4:00 PM","75 min.","Adelaide","Free Flow","","Sauna..",16,17,1,44
"10/14/2025","4:30 PM","75 min.","Adelaide","Free Flow","","Sauna...",16,17,1,45
"10/14/2025","5:00 PM","75 min.","Adelaide","Free Flow","","Sauna....",15,17,2,47
"10/14/2025","5:30 PM","75 min.","Adelaide","Lively Free Flow","","Sauna.....",6,13,7,54
"10/14/2025","6:45 PM","75 min.","Adelaide","Guided All Around: Hero's Journey","","Sauna*",,,,54
"10/14/2025","8:00 PM","75 min.","Adelaide","Free Flow","","Sauna...",1,15,14,68
"10/14/2025","8:15 PM","75 min.","Adelaide","Free Flow","","Sauna....",6,8,2,70
"10/14/2025","8:30 PM","75 min.","Adelaide","Free Flow","","Sauna.....",8,13,5,75
"10/14/2025","8:45 PM","75 min.","Adelaide","Free Flow","","Sauna.",12,15,3,78
"10/14/2025","9:30 PM","75 min.","Adelaide","Free Flow","","Sauna..",14,15,1,79
"10/14/2025","9:45 PM","75 min.","Adelaide","Free Flow","","Sauna...",15,15,0,79
"10/14/2025","10:00 PM","75 min.","Adelaide","Free Flow","","Sauna....",13,13,0,79
"10/14/2025","10:15 PM","75 min.","Adelaide","Free Flow","","Sauna.....",15,15,0,79
"10/15/2025","7:00 AM","60 min.","Adelaide","Guided Down: Deep Stretch - 60 min","","Sauna*",24,30,6,6
"10/15/2025","8:30 AM","75 min.","Adelaide","Free Flow","","Sauna",13,17,4,10
"10/15/2025","9:00 AM","75 min.","Adelaide","Free Flow","","Sauna.",17,17,0,10
"10/15/2025","9:30 AM","75 min.","Adelaide","Free Flow","","Sauna..",16,17,1,11
"10/15/2025","10:00 AM","75 min.","Adelaide","Free Flow","","Sauna...",17,17,0,11
"10/15/2025","10:15 AM","75 min.","Adelaide","Free Flow","","Sauna....",17,17,0,11
"10/15/2025","12:00 PM","60 min.","Adelaide","Guided Down: Self-Care Sweat - 60 min","","Sauna*",28,32,4,15
"10/15/2025","1:15 PM","75 min.","Adelaide","Free Flow","","Sauna....",17,17,0,15
"10/15/2025","1:45 PM","75 min.","Adelaide","Free Flow","","Sauna..",17,17,0,15
"10/15/2025","2:15 PM","75 min.","Adelaide","Free Flow","","Sauna",15,17,2,17
"10/15/2025","2:45 PM","75 min.","Adelaide","Free Flow","","Sauna.",17,17,0,17
"10/15/2025","3:15 PM","75 min.","Adelaide","Free Flow","","Sauna..",16,17,1,18
"10/15/2025","3:45 PM","75 min.","Adelaide","Free Flow","","Sauna...",17,17,0,18
"10/15/2025","4:15 PM","75 min.","Adelaide","Free Flow","","Sauna....",8,15,7,25
"10/15/2025","5:30 PM","75 min.","Adelaide","Guided Up: Feel Good Now","","Sauna*",22,25,3,28
"10/15/2025","6:45 PM","75 min.","Adelaide","Guided Down: Senses","","Sauna*",13,26,13,41
"10/15/2025","8:30 PM","120 min.","Adelaide","Friend(ship): A Guided Social","","Sauna",,,,41
"10/16/2025","7:00 AM","60 min.","Adelaide","Guided Down: Unwind - 60 min","","Sauna*",27,32,5,5
"10/16/2025","8:30 AM","75 min.","Adelaide","Free Flow","","Sauna...",16,17,1,6
"10/16/2025","9:00 AM","75 min.","Adelaide","Free Flow","","Sauna....",16,17,1,7
"10/16/2025","9:30 AM","75 min.","Adelaide","Free Flow","","Sauna",14,17,3,10
"10/16/2025","10:00 AM","75 min.","Adelaide","Free Flow","","Sauna..",13,17,4,14
"10/16/2025","10:15 AM","75 min.","Adelaide","Free Flow","","Sauna.",17,17,0,14
"10/16/2025","12:00 PM","60 min.","Adelaide","Guided Down: Deep Stretch - 60 min","","Sauna*",31,32,1,15
"10/16/2025","1:45 PM","75 min.","Adelaide","Free Flow","","Sauna.....",17,17,0,15
"10/16/2025","2:15 PM","75 min.","Adelaide","Free Flow","","Sauna.",17,17,0,15
"10/16/2025","2:45 PM","75 min.","Adelaide","Free Flow","","Sauna...",17,17,0,15
"10/16/2025","3:15 PM","75 min.","Adelaide","Free Flow","","Sauna....",15,17,2,17
"10/16/2025","3:45 PM","75 min.","Adelaide","Free Flow","","Sauna.....",17,17,0,17
"10/16/2025","4:15 PM","75 min.","Adelaide","Free Flow","","Sauna.",16,17,1,18
"10/16/2025","4:45 PM","75 min.","Adelaide","Free Flow","","Sauna..",10,15,5,23
"10/16/2025","5:15 PM","75 min.","Adelaide","Free Flow","","Sauna...",13,17,4,27
"10/16/2025","5:45 PM","75 min.","Adelaide","Lively Free Flow","","Sauna....",12,17,5,32
"10/16/2025","6:15 PM","75 min.","Adelaide","Lively Free Flow","","Sauna.....",8,13,5,37
"10/16/2025","7:30 PM","75 min.","Adelaide","Guided All Around: Reset","","Sauna*",15,30,15,52
"10/16/2025","8:45 PM","120 min.","Adelaide","Social","","Sauna",8,15,7,59
"10/16/2025","9:00 PM","120 min.","Adelaide","Social","","Sauna....",10,13,3,62
"10/16/2025","9:15 PM","120 min.","Adelaide","Social","","Sauna..",22,23,1,63
"10/17/2025","7:00 AM","60 min.","Adelaide","Guided Up: Awakening - 60 min x Thayers","","Sauna*",29,32,3,3
"10/17/2025","8:30 AM","75 min.","Adelaide","Free Flow x Thayers","","Sauna",13,17,4,7
"10/17/2025","9:00 AM","75 min.","Adelaide","Free Flow x Thayers","","Sauna.",17,17,0,7
"10/17/2025","9:30 AM","75 min.","Adelaide","Free Flow x Thayers","","Sauna..",15,17,2,9
"10/17/2025","10:00 AM","75 min.","Adelaide","Free Flow x Thayers","","Sauna...",16,17,1,10
"10/17/2025","10:15 AM","75 min.","Adelaide","Free Flow x Thayers","","Sauna....",17,17,0,10
"10/17/2025","1:45 PM","75 min.","Adelaide","Free Flow x Thayers","","Sauna..",17,17,0,10
"10/17/2025","2:15 PM","75 min.","Adelaide","Free Flow x Thayers","","Sauna...",13,15,2,12
"10/17/2025","2:45 PM","75 min.","Adelaide","Free Flow x Thayers","","Sauna....",17,17,0,12
"10/17/2025","3:15 PM","75 min.","Adelaide","Free Flow x Thayers","","Sauna.....",15,17,2,14
"10/17/2025","3:45 PM","75 min.","Adelaide","Free Flow x Thayers","","Sauna",14,15,1,15
"10/17/2025","4:15 PM","75 min.","Adelaide","Free Flow x Thayers","","Sauna.",5,17,12,27
"10/17/2025","4:45 PM","75 min.","Adelaide","Free Flow x Thayers","","Sauna..",17,17,0,27
"10/17/2025","5:15 PM","75 min.","Adelaide","Free Flow x Thayers","","Sauna...",13,15,2,29
"10/17/2025","5:45 PM","75 min.","Adelaide","Free Flow x Thayers","","Sauna....",10,13,3,32
"10/17/2025","6:15 PM","75 min.","Adelaide","Free Flow x Thayers","","Sauna.....",8,13,5,37
"10/17/2025","7:30 PM","75 min.","Adelaide","Guided Down: Pure Presence x Thayers","","Sauna*",23,32,9,46
"10/17/2025","8:45 PM","120 min.","Adelaide","Social x Thayers","","Sauna",12,15,3,49
"10/17/2025","9:00 PM","120 min.","Adelaide","Social x Thayers","","Sauna....",12,13,1,50
"10/17/2025","9:15 PM","120 min.","Adelaide","Social x Thayers","","Sauna.",19,23,4,54
"10/18/2025","8:00 AM","75 min.","Adelaide","Guided Down: Pure Presence x Thayers","","Sauna*",20,25,5,5
"10/18/2025","9:15 AM","75 min.","Adelaide","Journey Through the Elements x Thayers","","Sauna*",21,26,5,10
"10/18/2025","10:30 AM","75 min.","Adelaide","Guided Down: Deep Stretch x Thayers","","Sauna*",18,25,7,17
"10/18/2025","11:45 AM","75 min.","Adelaide","Guided Up: Awakening x Thayers","","Sauna*",9,26,17,34
"10/18/2025","1:00 PM","75 min.","Adelaide","Lively Free Flow x Thayers","","Sauna...",16,16,0,34
"10/18/2025","1:30 PM","75 min.","Adelaide","Lively Free Flow x Thayers","","Sauna..",8,8,0,34
"10/18/2025","2:00 PM","75 min.","Adelaide","Lively Free Flow x Thayers","","Sauna.",25,25,0,34
"10/18/2025","2:30 PM","75 min.","Adelaide","Lively Free Flow x Thayers","","Sauna.....",16,16,0,34
"10/18/2025","3:00 PM","75 min.","Adelaide","Lively Free Flow x Thayers","","Sauna",8,8,0,34
"10/18/2025","3:30 PM","75 min.","Adelaide","Lively Free Flow x Thayers","","Sauna..",25,25,0,34
"10/18/2025","4:00 PM","75 min.","Adelaide","Lively Free Flow x Thayers","","Sauna.",13,16,3,37
"10/18/2025","4:30 PM","75 min.","Adelaide","Lively Free Flow x Thayers","","Sauna...",8,8,0,37
"10/18/2025","5:00 PM","75 min.","Adelaide","Lively Free Flow x Thayers","","Sauna",25,25,0,37
"10/18/2025","5:30 PM","75 min.","Adelaide","Lively Free Flow x Thayers","","Sauna.",16,16,0,37
"10/18/2025","6:00 PM","75 min.","Adelaide","Lively Free Flow x Thayers","","Sauna...",8,8,0,37
"10/18/2025","6:30 PM","75 min.","Adelaide","Lively Free Flow x Thayers","","Sauna.....",10,13,3,40
"10/18/2025","7:45 PM","75 min.","Adelaide","Guided Down: Sound Immersion x Thayers","","Sauna*",28,32,4,44
"10/18/2025","9:00 PM","120 min.","Adelaide","Social x Thayers","","Sauna",,,,44
"10/18/2025","9:15 PM","120 min.","Adelaide","Social x Thayers","","Sauna....",0,13,13,57
"10/18/2025","9:30 PM","120 min.","Adelaide","Social x Thayers","","Sauna..",23,23,0,57
"10/19/2025","7:00 AM","75 min.","Adelaide","Quieter Free Flow x Thayers","","Sauna",17,17,0,0
"10/19/2025","7:30 AM","75 min.","Adelaide","Quieter Free Flow x Thayers","","Sauna.",15,17,2,2
"10/19/2025","8:00 AM","75 min.","Adelaide","Quieter Free Flow x Thayers","","Sauna..",15,17,2,4
"10/19/2025","8:30 AM","75 min.","Adelaide","Quieter Free Flow x Thayers","","Sauna",16,17,1,5
"10/19/2025","10:15 AM","75 min.","Adelaide","Guided Down: Sound Immersion x Thayers","","Sauna*",19,26,7,12
"10/19/2025","11:30 AM","75 min.","Adelaide","Guided Up: Awakening  x Thayers","Kyla Crocker","Sauna*",21,25,4,16
"10/19/2025","12:45 PM","75 min.","Adelaide","Lively Free Flow x Thayers","","Sauna....",19,21,2,18
"10/19/2025","1:00 PM","75 min.","Adelaide","Lively Free Flow x Thayers","","Sauna.....",13,15,2,20
"10/19/2025","1:30 PM","75 min.","Adelaide","Lively Free Flow x Thayers","","Sauna...",12,12,0,20
"10/19/2025","2:00 PM","75 min.","Adelaide","Lively Free Flow x Thayers","","Sauna",21,21,0,20
"10/19/2025","2:30 PM","75 min.","Adelaide","Lively Free Flow x Thayers","","Sauna.",15,15,0,20
"10/19/2025","3:00 PM","75 min.","Adelaide","Lively Free Flow x Thayers","","Sauna...",12,12,0,20
"10/19/2025","3:30 PM","75 min.","Adelaide","Lively Free Flow x Thayers","","Sauna..",19,19,0,20
"10/19/2025","4:00 PM","75 min.","Adelaide","Lively Free Flow x Thayers","","Sauna.",11,12,1,21
"10/19/2025","4:30 PM","75 min.","Adelaide","Lively Free Flow x Thayers","","Sauna",19,20,1,22
"10/19/2025","5:00 PM","75 min.","Adelaide","Lively Free Flow x Thayers","","Sauna...",15,15,0,22
"10/19/2025","5:30 PM","75 min.","Adelaide","Lively Free Flow x Thayers","","Sauna.",15,15,0,22
"10/19/2025","6:45 PM","75 min.","Adelaide","Guided Down: Untangle x Thayers","","Sauna*",24,32,8,30
"10/19/2025","8:00 PM","75 min.","Adelaide","Free Flow x Thayers","","Sauna...",14,15,1,31
"10/19/2025","8:15 PM","75 min.","Adelaide","Free Flow x Thayers","","Sauna....",7,8,1,32
"10/19/2025","8:30 PM","75 min.","Adelaide","Free Flow x Thayers","","Sauna.....",15,15,0,32
"10/19/2025","8:45 PM","75 min.","Adelaide","Free Flow x Thayers","","Sauna.",13,13,0,32
"10/19/2025","9:30 PM","75 min.","Adelaide","Free Flow x Thayers","","Sauna..",15,15,0,32
"10/19/2025","9:45 PM","75 min.","Adelaide","Free Flow x Thayers","","Sauna...",15,15,0,32
"10/19/2025","10:00 PM","75 min.","Adelaide","Free Flow x Thayers","","Sauna....",13,13,0,32
"10/19/2025","10:15 PM","75 min.","Adelaide","Free Flow x Thayers","","Sauna.....",8,8,0,32
"10/06/2025","7:00 AM","75 min.","Adelaide","Quieter Free Flow","","Sauna",13,17,4,4
"10/06/2025","7:30 AM","75 min.","Adelaide","Quieter Free Flow","","Sauna.",15,17,2,6
"10/06/2025","8:00 AM","75 min.","Adelaide","Quieter Free Flow","","Sauna..",15,17,2,8
"10/06/2025","8:30 AM","75 min.","Adelaide","Quieter Free Flow","","Sauna",12,17,5,13
"10/06/2025","9:00 AM","75 min.","Adelaide","Quieter Free Flow","","Sauna.",9,17,8,21
"10/06/2025","9:30 AM","75 min.","Adelaide","Quieter Free Flow","","Sauna..",13,17,4,25
"10/06/2025","10:00 AM","75 min.","Adelaide","Quieter Free Flow","","Sauna",14,17,3,28
"10/06/2025","10:15 AM","75 min.","Adelaide","Quieter Free Flow","","Sauna....",9,17,8,36
"10/06/2025","12:00 PM","75 min.","Adelaide","Free Flow","","Sauna*",20,25,5,41
"10/06/2025","1:45 PM","75 min.","Adelaide","Free Flow","","Sauna",5,17,12,53
"10/06/2025","2:15 PM","75 min.","Adelaide","Free Flow","","Sauna...",13,17,4,57
"10/06/2025","2:45 PM","75 min.","Adelaide","Free Flow","","Sauna.",14,17,3,60
"10/06/2025","3:15 PM","75 min.","Adelaide","Free Flow","","Sauna..",12,17,5,65
"10/06/2025","3:45 PM","75 min.","Adelaide","Free Flow","","Sauna.....",12,17,5,70
"10/06/2025","4:15 PM","75 min.","Adelaide","Free Flow","","Sauna....",8,17,9,79
"10/06/2025","4:45 PM","75 min.","Adelaide","Free Flow","","Sauna...",2,17,15,94
"10/06/2025","5:15 PM","75 min.","Adelaide","Lively Free Flow","","Sauna..",0,13,13,107
"10/06/2025","6:30 PM","75 min.","Adelaide","Guided All Around: Loving Kindness","","Sauna*",,,,107
"10/06/2025","7:45 PM","75 min.","Adelaide","Guided Down: Senses","","Sauna*",3,26,23,130
"10/06/2025","9:00 PM","75 min.","Adelaide","Guided Down: Deep Stretch","Lammy Clark","Sauna*",1,25,24,154
"10/07/2025","7:00 AM","60 min.","Adelaide","Guided Up: Arctic Tundra - 60 min","","Sauna*",25,32,7,7
"10/07/2025","8:30 AM","75 min.","Adelaide","Quieter Free Flow","","Sauna...",11,17,6,13
"10/07/2025","9:00 AM","75 min.","Adelaide","Quieter Free Flow","","Sauna....",12,17,5,18
"10/07/2025","9:30 AM","75 min.","Adelaide","Quieter Free Flow","","Sauna",15,17,2,20
"10/07/2025","10:00 AM","75 min.","Adelaide","Quieter Free Flow","","Sauna.....",13,17,4,24
"10/07/2025","10:15 AM","75 min.","Adelaide","Quieter Free Flow","","Sauna.",7,17,10,34
"10/07/2025","12:00 PM","60 min.","Adelaide","Guided Down: Sound Immersion - 60 min","","Sauna*",17,25,8,42
"10/07/2025","1:30 PM","75 min.","Adelaide","Free Flow","","Sauna.....",7,15,8,50
"10/07/2025","2:00 PM","75 min.","Adelaide","Free Flow","","Sauna....",7,8,1,51
"10/07/2025","2:30 PM","75 min.","Adelaide","Free Flow","","Sauna..",13,15,2,53
"10/07/2025","3:00 PM","75 min.","Adelaide","Free Flow","","Sauna.....",14,17,3,56
"10/07/2025","3:30 PM","75 min.","Adelaide","Free Flow","","Sauna.",12,17,5,61
"10/07/2025","4:00 PM","75 min.","Adelaide","Free Flow","","Sauna..",12,17,5,66
"10/07/2025","4:30 PM","75 min.","Adelaide","Free Flow","","Sauna...",12,17,5,71
"10/07/2025","5:00 PM","75 min.","Adelaide","Free Flow","","Sauna....",2,17,15,86
"10/07/2025","5:30 PM","75 min.","Adelaide","Lively Free Flow","","Sauna.....",0,13,13,99
"10/07/2025","6:45 PM","75 min.","Adelaide","Guided Down: Untangle","","Sauna*",9,32,23,122
"10/07/2025","8:00 PM","75 min.","Adelaide","Free Flow","","Sauna...",0,15,15,137
"10/07/2025","8:15 PM","75 min.","Adelaide","Free Flow","","Sauna....",1,8,7,144
"10/07/2025","8:30 PM","75 min.","Adelaide","Free Flow","","Sauna.....",0,13,13,157
"10/07/2025","8:45 PM","75 min.","Adelaide","Free Flow","","Sauna.",2,15,13,170
"10/07/2025","9:30 PM","75 min.","Adelaide","Free Flow","","Sauna..",0,15,15,185
"10/07/2025","9:45 PM","75 min.","Adelaide","Free Flow","","Sauna...",7,15,8,193
"10/07/2025","10:00 PM","75 min.","Adelaide","Free Flow","","Sauna....",9,13,4,197
"10/07/2025","10:15 PM","75 min.","Adelaide","Free Flow","","Sauna.....",8,15,7,204
"10/08/2025","7:00 AM","60 min.","Adelaide","Guided All Around: Reset - 60 min","","Sauna*",25,32,7,7
"10/08/2025","8:30 AM","75 min.","Adelaide","Free Flow","","Sauna",13,17,4,11
"10/08/2025","9:00 AM","75 min.","Adelaide","Free Flow","","Sauna.",12,17,5,16
"10/08/2025","9:30 AM","75 min.","Adelaide","Free Flow","","Sauna..",11,17,6,22
"10/08/2025","10:00 AM","75 min.","Adelaide","Free Flow","","Sauna...",11,17,6,28
"10/08/2025","10:15 AM","75 min.","Adelaide","Free Flow","","Sauna....",12,17,5,33
"10/08/2025","12:00 PM","75 min.","Adelaide","Free Flow","","Sauna*",22,25,3,36
"10/08/2025","12:30 PM","75 min.","Adelaide","Free Flow","","Sauna.....",5,8,3,39
"10/08/2025","1:15 PM","75 min.","Adelaide","Free Flow","","Sauna....",10,17,7,46
"10/08/2025","1:45 PM","75 min.","Adelaide","Free Flow","","Sauna..",12,17,5,51
"10/08/2025","2:15 PM","75 min.","Adelaide","Free Flow","","Sauna",14,17,3,54
"10/08/2025","2:45 PM","75 min.","Adelaide","Free Flow","","Sauna.",13,17,4,58
"10/08/2025","3:15 PM","75 min.","Adelaide","Free Flow","","Sauna..",9,17,8,66
"10/08/2025","3:45 PM","75 min.","Adelaide","Free Flow","","Sauna...",9,17,8,74
"10/08/2025","4:15 PM","75 min.","Adelaide","Free Flow","","Sauna....",2,15,13,87
"10/08/2025","5:30 PM","75 min.","Adelaide","Guided All Around: Release","","Sauna*",6,25,19,106
"10/08/2025","6:45 PM","75 min.","Adelaide","Guided Down: Sound Immersion","Stuart Campbell","Sauna*",5,26,21,127
"10/08/2025","8:00 PM","75 min.","Adelaide","Free Flow","","Sauna...",1,15,14,141
"10/08/2025","8:15 PM","75 min.","Adelaide","Free Flow","","Sauna....",0,8,8,149
"10/08/2025","8:30 PM","75 min.","Adelaide","Free Flow","","Sauna.....",1,13,12,161
"10/08/2025","8:45 PM","75 min.","Adelaide","Free Flow","","Sauna.",2,15,13,174
"10/08/2025","9:30 PM","75 min.","Adelaide","Free Flow","","Sauna..",1,15,14,188
"10/08/2025","9:45 PM","75 min.","Adelaide","Free Flow","","Sauna...",8,8,0,188
"10/08/2025","10:00 PM","75 min.","Adelaide","Free Flow","","Sauna....",10,13,3,191
"10/08/2025","10:15 PM","75 min.","Adelaide","Free Flow","","Sauna.....",9,15,6,197
"10/09/2025","7:00 AM","75 min.","Adelaide","Free Flow","","Sauna*",23,25,2,2
"10/09/2025","7:30 AM","75 min.","Adelaide","Free Flow","","Sauna.....",8,8,0,2
"10/09/2025","8:00 AM","75 min.","Adelaide","Free Flow","","Sauna..",6,8,2,4
"10/09/2025","8:30 AM","75 min.","Adelaide","Free Flow","","Sauna...",5,17,12,16
"10/09/2025","9:00 AM","75 min.","Adelaide","Free Flow","","Sauna....",14,17,3,19
"10/09/2025","9:30 AM","75 min.","Adelaide","Free Flow","","Sauna",14,17,3,22
"10/09/2025","10:00 AM","75 min.","Adelaide","Free Flow","","Sauna..",15,17,2,24
"10/09/2025","10:15 AM","75 min.","Adelaide","Free Flow","","Sauna.",10,17,7,31
"10/09/2025","12:00 PM","60 min.","Adelaide","Guided All Around: Journey Through Seasons -60 min","","Sauna*",21,32,11,42
"10/09/2025","1:45 PM","75 min.","Adelaide","Free Flow","","Sauna.....",12,17,5,47
"10/09/2025","2:15 PM","75 min.","Adelaide","Free Flow","","Sauna.",13,17,4,51
"10/09/2025","2:45 PM","75 min.","Adelaide","Free Flow","","Sauna...",16,17,1,52
"10/09/2025","3:15 PM","75 min.","Adelaide","Free Flow","","Sauna....",16,17,1,53
"10/09/2025","3:45 PM","75 min.","Adelaide","Free Flow","","Sauna.....",14,17,3,56
"10/09/2025","4:15 PM","75 min.","Adelaide","Free Flow","","Sauna.",10,17,7,63
"10/09/2025","4:45 PM","75 min.","Adelaide","Free Flow","","Sauna..",6,15,9,72
"10/09/2025","5:15 PM","75 min.","Adelaide","Free Flow","","Sauna...",1,17,16,88
"10/09/2025","5:45 PM","75 min.","Adelaide","Lively Free Flow","","Sauna....",0,17,17,105
"10/09/2025","6:15 PM","75 min.","Adelaide","Lively Free Flow","","Sauna.....",2,13,11,116
"10/09/2025","7:30 PM","75 min.","Adelaide","Guided All Around: Loving Kindness","","Sauna*",,,,116
"10/09/2025","8:45 PM","120 min.","Adelaide","Social","","Sauna....",0,15,15,131
"10/09/2025","9:00 PM","120 min.","Adelaide","Social","","Sauna..",1,13,12,143
"10/09/2025","9:15 PM","120 min.","Adelaide","Social","","Sauna.",2,23,21,164
"10/10/2025","7:00 AM","60 min.","Adelaide","Guided Down: Untangle - 60 min","","Sauna*",28,32,4,4
"10/10/2025","8:30 AM","75 min.","Adelaide","Free Flow","","Sauna",8,17,9,13
"10/10/2025","9:00 AM","75 min.","Adelaide","Free Flow","","Sauna.",9,17,8,21
"10/10/2025","9:30 AM","75 min.","Adelaide","Free Flow","","Sauna..",15,17,2,23
"10/10/2025","10:00 AM","75 min.","Adelaide","Free Flow","","Sauna...",12,17,5,28
"10/10/2025","10:15 AM","75 min.","Adelaide","Free Flow","","Sauna....",12,17,5,33
"10/10/2025","12:00 PM","60 min.","Adelaide","Guided Down: Sound Immersion - 60 min","","Sauna*",15,32,17,50
"10/10/2025","1:15 PM","75 min.","Adelaide","Free Flow","","Sauna.....",5,17,12,62
"10/10/2025","1:45 PM","75 min.","Adelaide","Free Flow","","Sauna..",12,17,5,67
"10/10/2025","2:15 PM","75 min.","Adelaide","Free Flow","","Sauna...",9,15,6,73
"10/10/2025","2:45 PM","75 min.","Adelaide","Free Flow","","Sauna....",9,17,8,81
"10/10/2025","3:15 PM","75 min.","Adelaide","Free Flow","","Sauna.....",9,17,8,89
"10/10/2025","3:45 PM","75 min.","Adelaide","Free Flow","","Sauna",14,15,1,90
"10/10/2025","4:15 PM","75 min.","Adelaide","Free Flow","","Sauna.",10,17,7,97
"10/10/2025","4:45 PM","75 min.","Adelaide","Free Flow","","Sauna..",10,17,7,104
"10/10/2025","5:15 PM","75 min.","Adelaide","Free Flow","","Sauna...",0,15,15,119
"10/10/2025","5:45 PM","75 min.","Adelaide","Lively Free Flow","","Sauna....",1,13,12,131
"10/10/2025","6:15 PM","75 min.","Adelaide","Lively Free Flow","","Sauna.....",0,13,13,144
"10/10/2025","7:30 PM","75 min.","Adelaide","Guided All Around: Gratitude","","Sauna*",3,32,29,173
"10/10/2025","8:45 PM","120 min.","Adelaide","Social","","Sauna",2,15,13,186
"10/10/2025","9:00 PM","120 min.","Adelaide","Social","","Sauna....",0,13,13,199
"10/10/2025","9:15 PM","120 min.","Adelaide","Social","","Sauna.",0,23,23,222
"10/11/2025","8:00 AM","75 min.","Adelaide","Guided Down: Sound Immersion","","Sauna*",21,25,4,4
"10/11/2025","9:15 AM","75 min.","Adelaide","Guided All Around: Loving Kindness","","Sauna*",15,26,11,15
"10/11/2025","10:30 AM","75 min.","Adelaide","Guided All Around: Reflect","","Sauna*",8,25,17,32
"10/11/2025","11:45 AM","75 min.","Adelaide","Guided All Around: Release","","Sauna*",7,26,19,51
"10/11/2025","1:00 PM","75 min.","Adelaide","Lively Free Flow","","Sauna...",4,16,12,63
"10/11/2025","1:30 PM","75 min.","Adelaide","Lively Free Flow","","Sauna..",1,8,7,70
"10/11/2025","2:00 PM","75 min.","Adelaide","Lively Free Flow","","Sauna.",14,25,11,81
"10/11/2025","2:30 PM","75 min.","Adelaide","Lively Free Flow","","Sauna.....",0,16,16,97
"10/11/2025","3:00 PM","75 min.","Adelaide","Lively Free Flow","","Sauna",1,8,7,104
"10/11/2025","3:30 PM","75 min.","Adelaide","Lively Free Flow","","Sauna..",1,25,24,128
"10/11/2025","4:00 PM","75 min.","Adelaide","Lively Free Flow","","Sauna.",9,16,7,135
"10/11/2025","4:30 PM","75 min.","Adelaide","Lively Free Flow","","Sauna...",6,8,2,137
"10/11/2025","5:00 PM","75 min.","Adelaide","Lively Free Flow","","Sauna",14,25,11,148
"10/11/2025","5:30 PM","75 min.","Adelaide","Lively Free Flow","","Sauna.",7,16,9,157
"10/11/2025","6:00 PM","75 min.","Adelaide","Lively Free Flow","","Sauna...",0,8,8,165
"10/11/2025","6:30 PM","75 min.","Adelaide","Lively Free Flow","","Sauna.....",0,13,13,178
"10/11/2025","7:45 PM","75 min.","Adelaide","Guided All Around: Loving Kindness","","Sauna*",18,32,14,192
"10/11/2025","9:00 PM","120 min.","Adelaide","Beat Drop: DJ Takeover","","Sauna",,,,192
"10/11/2025","9:15 PM","120 min.","Adelaide","Beat Drop: DJ Takeover","","Sauna....",0,13,13,205
"10/11/2025","9:30 PM","120 min.","Adelaide","Beat Drop: DJ Takeover","","Sauna..",0,23,23,228
"10/12/2025","7:00 AM","75 min.","Adelaide","Quieter Free Flow","","Sauna",12,17,5,5
"10/12/2025","7:30 AM","75 min.","Adelaide","Quieter Free Flow","","Sauna.",16,17,1,6
"10/12/2025","8:00 AM","75 min.","Adelaide","Quieter Free Flow","","Sauna..",13,17,4,10
"10/12/2025","8:30 AM","75 min.","Adelaide","Quieter Free Flow","","Sauna",10,17,7,17
"10/12/2025","10:15 AM","75 min.","Adelaide","Guided Down: Rose, Thorn, Bud","","Sauna*",17,26,9,26
"10/12/2025","11:30 AM","75 min.","Adelaide","Guided Down: Self-Care Sweat","","Sauna*",7,25,18,44
"10/12/2025","12:45 PM","75 min.","Adelaide","Lively Free Flow","","Sauna....",5,21,16,60
"10/12/2025","1:00 PM","75 min.","Adelaide","Lively Free Flow","","Sauna.....",10,15,5,65
"10/12/2025","1:30 PM","75 min.","Adelaide","Lively Free Flow","","Sauna...",7,12,5,70
"10/12/2025","2:00 PM","75 min.","Adelaide","Lively Free Flow","","Sauna",10,21,11,81
"10/12/2025","2:30 PM","75 min.","Adelaide","Lively Free Flow","","Sauna.",12,15,3,84
"10/12/2025","3:00 PM","75 min.","Adelaide","Lively Free Flow","","Sauna...",4,12,8,92
"10/12/2025","3:30 PM","75 min.","Adelaide","Lively Free Flow","","Sauna..",16,19,3,95
"10/12/2025","4:00 PM","75 min.","Adelaide","Lively Free Flow","","Sauna.",12,12,0,95
"10/12/2025","4:30 PM","75 min.","Adelaide","Lively Free Flow","","Sauna",15,20,5,100
"10/12/2025","5:00 PM","75 min.","Adelaide","Lively Free Flow","","Sauna...",11,15,4,104
"10/12/2025","5:30 PM","75 min.","Adelaide","Lively Free Flow","","Sauna.",3,15,12,116
"10/12/2025","6:45 PM","75 min.","Adelaide","Guided Down: Untangle","","Sauna*",11,32,21,137
"10/12/2025","8:00 PM","75 min.","Adelaide","Free Flow","","Sauna...",7,15,8,145
"10/12/2025","8:15 PM","75 min.","Adelaide","Free Flow","","Sauna....",5,8,3,148
"10/12/2025","8:30 PM","75 min.","Adelaide","Free Flow","","Sauna.....",13,15,2,150
"10/12/2025","8:45 PM","75 min.","Adelaide","Free Flow","","Sauna.",8,13,5,155
"10/12/2025","9:30 PM","75 min.","Adelaide","Free Flow","","Sauna..",11,15,4,159
"10/12/2025","9:45 PM","75 min.","Adelaide","Free Flow","","Sauna...",14,15,1,160
"10/12/2025","10:00 PM","75 min.","Adelaide","Free Flow","","Sauna....",13,13,0,160
"10/12/2025","10:15 PM","75 min.","Adelaide","Free Flow","","Sauna.....",5,8,3,163
"09/29/2025","7:00 AM","75 min.","Adelaide","Quieter Free Flow","","Sauna",4,17,13,13
"09/29/2025","7:30 AM","75 min.","Adelaide","Quieter Free Flow","","Sauna.",12,17,5,18
"09/29/2025","8:00 AM","75 min.","Adelaide","Quieter Free Flow","","Sauna..",14,17,3,21
"09/29/2025","8:30 AM","75 min.","Adelaide","Quieter Free Flow","","Sauna",13,17,4,25
"09/29/2025","9:00 AM","75 min.","Adelaide","Quieter Free Flow","","Sauna.",14,17,3,28
"09/29/2025","9:30 AM","75 min.","Adelaide","Quieter Free Flow","","Sauna..",17,17,0,28
"09/29/2025","10:00 AM","75 min.","Adelaide","Quieter Free Flow","","Sauna",15,17,2,30
"09/29/2025","10:15 AM","75 min.","Adelaide","Quieter Free Flow","","Sauna....",9,17,8,38
"09/29/2025","12:00 PM","60 min.","Adelaide","Guided All Around: Reset - 60 min","","Sauna*",21,32,11,49
"09/29/2025","1:45 PM","75 min.","Adelaide","Free Flow","","Sauna",10,17,7,56
"09/29/2025","2:15 PM","75 min.","Adelaide","Free Flow","","Sauna...",12,17,5,61
"09/29/2025","2:45 PM","75 min.","Adelaide","Free Flow","","Sauna.",14,17,3,64
"09/29/2025","3:15 PM","75 min.","Adelaide","Free Flow","","Sauna..",10,17,7,71
"09/29/2025","3:45 PM","75 min.","Adelaide","Free Flow","","Sauna.....",11,17,6,77
"09/29/2025","4:15 PM","75 min.","Adelaide","Free Flow","","Sauna....",13,17,4,81
"09/29/2025","4:45 PM","75 min.","Adelaide","Free Flow","","Sauna...",5,17,12,93
"09/29/2025","5:15 PM","75 min.","Adelaide","Lively Free Flow","","Sauna..",1,13,12,105
"09/29/2025","6:30 PM","75 min.","Adelaide","Guided All Around: Loving Kindness","","Sauna*",8,25,17,122
"09/29/2025","7:45 PM","75 min.","Adelaide","Guided Up: Self-Care Sweat","","Sauna*",1,26,25,147
"09/29/2025","9:00 PM","75 min.","Adelaide","Guided Down: Deep Stretch","Lammy Clark","Sauna*",11,25,14,161
"09/30/2025","10:00 AM","75 min.","Adelaide","Quieter Free Flow","","Sauna.....",0,17,17,17
"09/30/2025","10:15 AM","75 min.","Adelaide","Quieter Free Flow","","Sauna.",1,17,16,33
"09/30/2025","12:00 PM","60 min.","Adelaide","Guided Down: Sound Immersion - 60 min","","Sauna*",1,25,24,57
"09/30/2025","1:30 PM","75 min.","Adelaide","Free Flow","","Sauna.....",0,15,15,72
"09/30/2025","2:00 PM","75 min.","Adelaide","Free Flow","","Sauna....",0,8,8,80
"09/30/2025","2:30 PM","75 min.","Adelaide","Free Flow","","Sauna..",0,15,15,95
"09/30/2025","3:00 PM","75 min.","Adelaide","Free Flow","","Sauna.....",10,17,7,102
"09/30/2025","3:30 PM","75 min.","Adelaide","Free Flow","","Sauna.",11,17,6,108
"09/30/2025","4:00 PM","75 min.","Adelaide","Free Flow","","Sauna..",12,17,5,113
"09/30/2025","4:30 PM","75 min.","Adelaide","Free Flow","","Sauna...",11,17,6,119
"09/30/2025","5:00 PM","75 min.","Adelaide","Free Flow","","Sauna....",3,17,14,133
"09/30/2025","5:30 PM","75 min.","Adelaide","Lively Free Flow","","Sauna.....",0,13,13,146
"09/30/2025","6:45 PM","75 min.","Adelaide","Guided Down: Sound Immersion","","Sauna*",,,,146
"09/30/2025","8:00 PM","75 min.","Adelaide","Free Flow","","Sauna...",0,15,15,161
"09/30/2025","8:15 PM","75 min.","Adelaide","Free Flow","","Sauna....",1,8,7,168
"09/30/2025","8:30 PM","75 min.","Adelaide","Free Flow","","Sauna.....",0,13,13,181
"09/30/2025","8:45 PM","75 min.","Adelaide","Free Flow","","Sauna.",0,15,15,196
"09/30/2025","9:30 PM","75 min.","Adelaide","Free Flow","","Sauna..",2,15,13,209
"09/30/2025","9:45 PM","75 min.","Adelaide","Free Flow","","Sauna...",7,15,8,217
"09/30/2025","10:00 PM","75 min.","Adelaide","Free Flow","","Sauna....",6,13,7,224
"09/30/2025","10:15 PM","75 min.","Adelaide","Free Flow","","Sauna.....",11,15,4,228
"10/01/2025","7:00 AM","60 min.","Adelaide","Guided Down: Deep Stretch - 60 min","","Sauna*",19,30,11,11
"10/01/2025","8:30 AM","75 min.","Adelaide","Free Flow","","Sauna",9,17,8,19
"10/01/2025","9:00 AM","75 min.","Adelaide","Free Flow","","Sauna.",16,17,1,20
"10/01/2025","9:30 AM","75 min.","Adelaide","Free Flow","","Sauna..",10,17,7,27
"10/01/2025","10:00 AM","75 min.","Adelaide","Free Flow","","Sauna...",17,17,0,27
"10/01/2025","10:15 AM","75 min.","Adelaide","Free Flow","","Sauna....",11,17,6,33
"10/01/2025","12:00 PM","60 min.","Adelaide","Guided Down: Self-Care Sweat - 60 min","","Sauna*",18,32,14,47
"10/01/2025","1:15 PM","75 min.","Adelaide","Free Flow","","Sauna....",11,17,6,53
"10/01/2025","1:45 PM","75 min.","Adelaide","Free Flow","","Sauna..",12,17,5,58
"10/01/2025","2:15 PM","75 min.","Adelaide","Free Flow","","Sauna",7,17,10,68
"10/01/2025","2:45 PM","75 min.","Adelaide","Free Flow","","Sauna.",12,17,5,73
"10/01/2025","3:15 PM","75 min.","Adelaide","Free Flow","","Sauna..",12,17,5,78
"10/01/2025","3:45 PM","75 min.","Adelaide","Free Flow","","Sauna...",10,17,7,85
"10/01/2025","4:15 PM","75 min.","Adelaide","Free Flow","","Sauna....",4,15,11,96
"10/01/2025","5:30 PM","75 min.","Adelaide","Guided Up: Feel Good Now","","Sauna*",13,25,12,108
"10/01/2025","6:45 PM","75 min.","Adelaide","Guided Down: Sound Immersion","Stuart Campbell","Sauna*",11,26,15,123
"10/01/2025","8:00 PM","75 min.","Adelaide","Free Flow","","Sauna...",1,15,14,137
"10/01/2025","8:15 PM","75 min.","Adelaide","Free Flow","","Sauna....",0,8,8,145
"10/01/2025","8:30 PM","75 min.","Adelaide","Free Flow","","Sauna.....",0,13,13,158
"10/01/2025","8:45 PM","75 min.","Adelaide","Free Flow","","Sauna.",0,15,15,173
"10/01/2025","9:30 PM","75 min.","Adelaide","Free Flow","","Sauna..",0,15,15,188
"10/01/2025","9:45 PM","75 min.","Adelaide","Free Flow","","Sauna...",2,8,6,194
"10/01/2025","10:00 PM","75 min.","Adelaide","Free Flow","","Sauna....",6,13,7,201
"10/01/2025","10:15 PM","75 min.","Adelaide","Free Flow","","Sauna.....",14,15,1,202
"10/02/2025","7:00 AM","60 min.","Adelaide","Guided Down: Deep Stretch - 60 min","","Sauna*",18,30,12,12
"10/02/2025","8:30 AM","75 min.","Adelaide","Free Flow","","Sauna...",9,17,8,20
"10/02/2025","9:00 AM","75 min.","Adelaide","Free Flow","","Sauna....",12,17,5,25
"10/02/2025","9:30 AM","75 min.","Adelaide","Free Flow","","Sauna",9,17,8,33
"10/02/2025","10:00 AM","75 min.","Adelaide","Free Flow","","Sauna..",12,17,5,38
"10/02/2025","10:15 AM","75 min.","Adelaide","Free Flow","","Sauna.",8,17,9,47
"10/02/2025","12:00 PM","60 min.","Adelaide","Guided Down: Unwind - 60 min","","Sauna*",23,32,9,56
"10/02/2025","1:45 PM","75 min.","Adelaide","Free Flow","","Sauna.....",3,17,14,70
"10/02/2025","2:15 PM","75 min.","Adelaide","Free Flow","","Sauna.",14,17,3,73
"10/02/2025","2:45 PM","75 min.","Adelaide","Free Flow","","Sauna...",14,17,3,76
"10/02/2025","3:15 PM","75 min.","Adelaide","Free Flow","","Sauna....",7,17,10,86
"10/02/2025","3:45 PM","75 min.","Adelaide","Free Flow","","Sauna.....",11,17,6,92
"10/02/2025","4:15 PM","75 min.","Adelaide","Free Flow","","Sauna.",7,17,10,102
"10/02/2025","4:45 PM","75 min.","Adelaide","Free Flow","","Sauna..",8,15,7,109
"10/02/2025","5:15 PM","75 min.","Adelaide","Free Flow","","Sauna...",0,17,17,126
"10/02/2025","5:45 PM","75 min.","Adelaide","Lively Free Flow","","Sauna....",0,17,17,143
"10/02/2025","6:15 PM","75 min.","Adelaide","Lively Free Flow","","Sauna.....",3,13,10,153
"10/02/2025","7:30 PM","75 min.","Adelaide","Guided All Around: Journey Through the Elements","","Sauna*",,,,153
"10/02/2025","8:45 PM","120 min.","Adelaide","Social","","Sauna",,,,153
"10/02/2025","9:00 PM","120 min.","Adelaide","Social","","Sauna....",1,13,12,165
"10/02/2025","9:15 PM","120 min.","Adelaide","Social","","Sauna..",10,23,13,178
"10/03/2025","7:00 AM","60 min.","Adelaide","Guided Down: Deep Stretch - 60 min","Lammy Clark","Sauna*",26,30,4,4
"10/03/2025","8:30 AM","75 min.","Adelaide","Free Flow","","Sauna",12,17,5,9
"10/03/2025","9:00 AM","75 min.","Adelaide","Free Flow","","Sauna.",9,17,8,17
"10/03/2025","9:30 AM","75 min.","Adelaide","Free Flow","","Sauna..",14,17,3,20
"10/03/2025","10:00 AM","75 min.","Adelaide","Free Flow","","Sauna...",15,17,2,22
"10/03/2025","10:15 AM","75 min.","Adelaide","Free Flow","","Sauna....",9,17,8,30
"10/03/2025","12:00 PM","60 min.","Adelaide","Guided Down: Sound Immersion - 60 min","","Sauna*",14,32,18,48
"10/03/2025","1:15 PM","75 min.","Adelaide","Free Flow","","Sauna.....",6,17,11,59
"10/03/2025","1:45 PM","75 min.","Adelaide","Free Flow","","Sauna..",13,17,4,63
"10/03/2025","2:15 PM","75 min.","Adelaide","Free Flow","","Sauna...",1,15,14,77
"10/03/2025","2:45 PM","75 min.","Adelaide","Free Flow","","Sauna....",10,17,7,84
"10/03/2025","3:15 PM","75 min.","Adelaide","Free Flow","","Sauna.....",7,17,10,94
"10/03/2025","3:45 PM","75 min.","Adelaide","Free Flow","","Sauna",6,15,9,103
"10/03/2025","4:15 PM","75 min.","Adelaide","Free Flow","","Sauna.",1,17,16,119
"10/03/2025","4:45 PM","75 min.","Adelaide","Free Flow","","Sauna..",2,17,15,134
"10/03/2025","5:15 PM","75 min.","Adelaide","Free Flow","","Sauna...",0,15,15,149
"10/03/2025","5:45 PM","75 min.","Adelaide","Lively Free Flow","","Sauna....",0,13,13,162
"10/03/2025","6:15 PM","75 min.","Adelaide","Lively Free Flow","","Sauna.....",0,13,13,175
"10/03/2025","7:30 PM","75 min.","Adelaide","Guided All Around: Reset","","Sauna*",,,,175
"10/03/2025","8:45 PM","120 min.","Adelaide","Social","","Sauna",,,,175
"10/03/2025","9:00 PM","120 min.","Adelaide","Social","","Sauna....",0,13,13,188
"10/03/2025","9:15 PM","120 min.","Adelaide","Social","","Sauna.",0,23,23,211
"10/04/2025","8:00 AM","75 min.","Adelaide","Guided Down: Pure Presence","","Sauna*",17,25,8,8
"10/04/2025","9:15 AM","75 min.","Adelaide","Guided Up: Awakening","","Sauna*",12,26,14,22
"10/04/2025","10:30 AM","75 min.","Adelaide","Guided Down: Deep Stretch","","Sauna*",1,25,24,46
"10/04/2025","11:45 AM","75 min.","Adelaide","Guided All Around: Release","","Sauna*",10,26,16,62
"10/04/2025","3:00 PM","75 min.","Adelaide","Lively Free Flow","","Sauna",0,8,8,70
"10/04/2025","3:30 PM","75 min.","Adelaide","Lively Free Flow","","Sauna..",1,25,24,94
"10/04/2025","4:00 PM","75 min.","Adelaide","Lively Free Flow","","Sauna.",11,16,5,99
"10/04/2025","4:30 PM","75 min.","Adelaide","Lively Free Flow","","Sauna...",5,8,3,102
"10/04/2025","5:00 PM","75 min.","Adelaide","Lively Free Flow","","Sauna",5,25,20,122
"10/04/2025","5:30 PM","75 min.","Adelaide","Lively Free Flow","","Sauna.",0,16,16,138
"10/04/2025","6:00 PM","75 min.","Adelaide","Lively Free Flow","","Sauna...",0,8,8,146
"10/04/2025","6:30 PM","75 min.","Adelaide","Lively Free Flow","","Sauna.....",0,13,13,159
"10/04/2025","7:45 PM","75 min.","Adelaide","Guided Down: Sound Immersion","","Sauna*",14,32,18,177
"10/04/2025","9:00 PM","120 min.","Adelaide","Social","","Sauna",1,15,14,191
"10/04/2025","9:15 PM","120 min.","Adelaide","Social","","Sauna....",5,13,8,199
"10/04/2025","9:30 PM","120 min.","Adelaide","Social","","Sauna..",19,23,4,203
"10/05/2025","7:00 AM","75 min.","Adelaide","Quieter Free Flow","","Sauna",13,17,4,4
"10/05/2025","7:30 AM","75 min.","Adelaide","Quieter Free Flow","","Sauna.",14,17,3,7
"10/05/2025","8:00 AM","75 min.","Adelaide","Quieter Free Flow","","Sauna..",5,17,12,19
"10/05/2025","8:30 AM","75 min.","Adelaide","Quieter Free Flow","","Sauna",0,17,17,36
"10/05/2025","10:15 AM","75 min.","Adelaide","Guided Down: Sound Immersion","","Sauna*",,,,36
"10/05/2025","11:30 AM","75 min.","Adelaide","Guided Up: Feel Good Now","","Sauna*",7,25,18,54
"10/05/2025","12:45 PM","75 min.","Adelaide","Lively Free Flow","","Sauna....",5,21,16,70
"10/05/2025","1:00 PM","75 min.","Adelaide","Lively Free Flow","","Sauna.....",10,15,5,75
"10/05/2025","1:30 PM","75 min.","Adelaide","Lively Free Flow","","Sauna...",7,12,5,80
"10/05/2025","2:00 PM","75 min.","Adelaide","Lively Free Flow","","Sauna",19,21,2,82
"10/05/2025","2:30 PM","75 min.","Adelaide","Lively Free Flow","","Sauna.",8,15,7,89
"10/05/2025","3:00 PM","75 min.","Adelaide","Lively Free Flow","","Sauna...",1,12,11,100
"10/05/2025","3:30 PM","75 min.","Adelaide","Lively Free Flow","","Sauna..",11,19,8,108
"10/05/2025","4:00 PM","75 min.","Adelaide","Lively Free Flow","","Sauna.",10,12,2,110
"10/05/2025","4:30 PM","75 min.","Adelaide","Lively Free Flow","","Sauna",15,20,5,115
"10/05/2025","5:00 PM","75 min.","Adelaide","Lively Free Flow","","Sauna...",4,15,11,126
"10/05/2025","5:30 PM","75 min.","Adelaide","Lively Free Flow","","Sauna.",0,15,15,141
"10/05/2025","6:45 PM","75 min.","Adelaide","Guided Down: Untangle","","Sauna*",3,32,29,170
"10/05/2025","8:00 PM","75 min.","Adelaide","Free Flow","","Sauna...",0,15,15,185
"10/05/2025","8:15 PM","75 min.","Adelaide","Free Flow","","Sauna....",0,8,8,193
"10/05/2025","8:30 PM","75 min.","Adelaide","Free Flow","","Sauna.....",0,15,15,208
"10/05/2025","8:45 PM","75 min.","Adelaide","Free Flow","","Sauna.",4,13,9,217
"10/05/2025","9:30 PM","75 min.","Adelaide","Free Flow","","Sauna..",4,15,11,228
"10/05/2025","9:45 PM","75 min.","Adelaide","Free Flow","","Sauna...",14,15,1,229
"10/05/2025","10:00 PM","75 min.","Adelaide","Free Flow","","Sauna....",13,13,0,229
"10/05/2025","10:15 PM","75 min.","Adelaide","Free Flow","","Sauna.....",3,8,5,234
"09/22/2025","7:00 AM","75 min.","Adelaide","Quieter Free Flow","","Sauna",10,17,7,7
"09/22/2025","7:30 AM","75 min.","Adelaide","Quieter Free Flow","","Sauna.",15,17,2,9
"09/22/2025","8:00 AM","75 min.","Adelaide","Quieter Free Flow","","Sauna..",17,17,0,9
"09/22/2025","8:30 AM","75 min.","Adelaide","Quieter Free Flow","","Sauna",12,17,5,14
"09/22/2025","9:00 AM","75 min.","Adelaide","Quieter Free Flow","","Sauna.",14,17,3,17
"09/22/2025","9:30 AM","75 min.","Adelaide","Quieter Free Flow","","Sauna..",14,17,3,20
"09/22/2025","10:00 AM","75 min.","Adelaide","Quieter Free Flow","","Sauna",14,17,3,23
"09/22/2025","10:15 AM","75 min.","Adelaide","Quieter Free Flow","","Sauna....",13,17,4,27
"09/22/2025","12:00 PM","75 min.","Adelaide","Free Flow","","Sauna*",19,25,6,33
"09/22/2025","12:30 PM","75 min.","Adelaide","Free Flow","","Sauna.....",13,13,0,33
"09/22/2025","1:00 PM","75 min.","Adelaide","Free Flow","","Sauna....",12,13,1,34
"09/22/2025","1:45 PM","75 min.","Adelaide","Free Flow","","Sauna",12,17,5,39
"09/22/2025","2:15 PM","75 min.","Adelaide","Free Flow","","Sauna...",9,17,8,47
"09/22/2025","2:45 PM","75 min.","Adelaide","Free Flow","","Sauna.",12,17,5,52
"09/22/2025","3:15 PM","75 min.","Adelaide","Free Flow","","Sauna..",16,17,1,53
"09/22/2025","3:45 PM","75 min.","Adelaide","Free Flow","","Sauna.....",16,17,1,54
"09/22/2025","4:15 PM","75 min.","Adelaide","Free Flow","","Sauna....",10,17,7,61
"09/22/2025","4:45 PM","75 min.","Adelaide","Free Flow","","Sauna...",6,17,11,72
"09/22/2025","5:15 PM","75 min.","Adelaide","Lively Free Flow","","Sauna..",0,13,13,85
"09/22/2025","6:30 PM","75 min.","Adelaide","Guided Down: Sound Immersion","","Sauna*",4,25,21,106
"09/22/2025","7:45 PM","75 min.","Adelaide","Journey Through The Seasons - Equinox Special","","Sauna*",1,26,25,131
"09/22/2025","9:00 PM","75 min.","Adelaide","Guided Down: Deep Stretch","Lammy Clark","Sauna*",,,,131
"09/23/2025","7:00 AM","60 min.","Adelaide","Guided Up: Arctic Tundra - 60 min","","Sauna*",20,32,12,12
"09/23/2025","8:30 AM","75 min.","Adelaide","Quieter Free Flow","","Sauna...",9,17,8,20
"09/23/2025","9:00 AM","75 min.","Adelaide","Quieter Free Flow","","Sauna....",15,17,2,22
"09/23/2025","9:30 AM","75 min.","Adelaide","Quieter Free Flow","","Sauna",15,17,2,24
"09/23/2025","10:00 AM","75 min.","Adelaide","Quieter Free Flow","","Sauna.....",13,17,4,28
"09/23/2025","10:15 AM","75 min.","Adelaide","Quieter Free Flow","","Sauna.",10,17,7,35
"09/23/2025","12:00 PM","60 min.","Adelaide","Guided Down: Sound Immersion - 60 min","","Sauna*",17,25,8,43
"09/23/2025","1:30 PM","75 min.","Adelaide","Free Flow","","Sauna.....",8,15,7,50
"09/23/2025","2:00 PM","75 min.","Adelaide","Free Flow","","Sauna....",7,8,1,51
"09/23/2025","2:30 PM","75 min.","Adelaide","Free Flow","","Sauna..",6,15,9,60
"09/23/2025","3:00 PM","75 min.","Adelaide","Free Flow","","Sauna.....",16,17,1,61
"09/23/2025","3:30 PM","75 min.","Adelaide","Free Flow","","Sauna.",9,17,8,69
"09/23/2025","4:00 PM","75 min.","Adelaide","Free Flow","","Sauna..",11,17,6,75
"09/23/2025","4:30 PM","75 min.","Adelaide","Free Flow","","Sauna...",10,17,7,82
"09/23/2025","5:00 PM","75 min.","Adelaide","Free Flow","","Sauna....",6,17,11,93
"09/23/2025","5:30 PM","75 min.","Adelaide","Lively Free Flow","","Sauna.....",0,13,13,106
"09/23/2025","6:45 PM","75 min.","Adelaide","Guided All Around: Hero's Journey","","Sauna*",9,32,23,129
"09/23/2025","8:00 PM","75 min.","Adelaide","Free Flow","","Sauna...",0,15,15,144
"09/23/2025","8:15 PM","75 min.","Adelaide","Free Flow","","Sauna....",0,8,8,152
"09/23/2025","8:30 PM","75 min.","Adelaide","Free Flow","","Sauna.....",1,13,12,164
"09/23/2025","8:45 PM","75 min.","Adelaide","Free Flow","","Sauna.",1,15,14,178
"09/23/2025","9:30 PM","75 min.","Adelaide","Free Flow","","Sauna..",0,15,15,193
"09/23/2025","9:45 PM","75 min.","Adelaide","Free Flow","","Sauna...",0,15,15,208
"09/23/2025","10:00 PM","75 min.","Adelaide","Free Flow","","Sauna....",13,13,0,208
"09/23/2025","10:15 PM","75 min.","Adelaide","Free Flow","","Sauna.....",12,15,3,211
"09/24/2025","7:00 AM","60 min.","Adelaide","Guided Down: Deep Stretch - 60 min","","Sauna*",25,30,5,5
"09/24/2025","8:30 AM","75 min.","Adelaide","Free Flow","","Sauna",14,17,3,8
"09/24/2025","9:00 AM","75 min.","Adelaide","Free Flow","","Sauna.",14,17,3,11
"09/24/2025","9:30 AM","75 min.","Adelaide","Free Flow","","Sauna..",15,17,2,13
"09/24/2025","10:00 AM","75 min.","Adelaide","Free Flow","","Sauna...",13,17,4,17
"09/24/2025","10:15 AM","75 min.","Adelaide","Free Flow","","Sauna....",10,17,7,24
"09/24/2025","12:00 PM","60 min.","Adelaide","Guided All Around: Release - 60 min","","Sauna*",20,32,12,36
"09/24/2025","1:15 PM","75 min.","Adelaide","Free Flow","","Sauna....",5,17,12,48
"09/24/2025","1:45 PM","75 min.","Adelaide","Free Flow","","Sauna..",15,17,2,50
"09/24/2025","2:15 PM","75 min.","Adelaide","Free Flow","","Sauna",11,17,6,56
"09/24/2025","2:45 PM","75 min.","Adelaide","Free Flow","","Sauna.",13,17,4,60
"09/24/2025","3:15 PM","75 min.","Adelaide","Free Flow","","Sauna..",13,17,4,64
"09/24/2025","3:45 PM","75 min.","Adelaide","Free Flow","","Sauna...",11,17,6,70
"09/24/2025","4:15 PM","75 min.","Adelaide","Free Flow","","Sauna....",0,15,15,85
"09/24/2025","5:30 PM","75 min.","Adelaide","Guided All Around: Release","","Sauna*",12,25,13,98
"09/24/2025","6:45 PM","75 min.","Adelaide","Guided Down: Sound Immersion","Stuart Campbell","Sauna*",2,26,24,122
"09/24/2025","8:00 PM","75 min.","Adelaide","Free Flow","","Sauna...",2,15,13,135
"09/24/2025","8:15 PM","75 min.","Adelaide","Free Flow","","Sauna....",2,8,6,141
"09/24/2025","8:30 PM","75 min.","Adelaide","Free Flow","","Sauna.....",1,13,12,153
"09/24/2025","8:45 PM","75 min.","Adelaide","Free Flow","","Sauna.",0,15,15,168
"09/24/2025","9:30 PM","75 min.","Adelaide","Free Flow","","Sauna..",6,15,9,177
"09/24/2025","9:45 PM","75 min.","Adelaide","Free Flow","","Sauna...",3,8,5,182
"09/24/2025","10:00 PM","75 min.","Adelaide","Free Flow","","Sauna....",12,13,1,183
"09/24/2025","10:15 PM","75 min.","Adelaide","Free Flow","","Sauna.....",11,15,4,187
"09/25/2025","7:00 AM","60 min.","Adelaide","Guided Down: Unwind - 60 min","","Sauna*",23,32,9,9
"09/25/2025","8:30 AM","75 min.","Adelaide","Free Flow","","Sauna...",9,17,8,17
"09/25/2025","9:00 AM","75 min.","Adelaide","Free Flow","","Sauna....",16,17,1,18
"09/25/2025","9:30 AM","75 min.","Adelaide","Free Flow","","Sauna",10,17,7,25
"09/25/2025","10:00 AM","75 min.","Adelaide","Free Flow","","Sauna..",15,17,2,27
"09/25/2025","10:15 AM","75 min.","Adelaide","Free Flow","","Sauna.",12,17,5,32
"09/25/2025","12:00 PM","60 min.","Adelaide","Guided All Around: Gratitude - 60 min","","Sauna*",27,32,5,37
"09/25/2025","1:45 PM","75 min.","Adelaide","Free Flow","","Sauna.....",8,17,9,46
"09/25/2025","2:15 PM","75 min.","Adelaide","Free Flow","","Sauna.",12,17,5,51
"09/25/2025","2:45 PM","75 min.","Adelaide","Free Flow","","Sauna...",14,17,3,54
"09/25/2025","3:15 PM","75 min.","Adelaide","Free Flow","","Sauna....",14,17,3,57
"09/25/2025","3:45 PM","75 min.","Adelaide","Free Flow","","Sauna.....",15,17,2,59
"09/25/2025","4:15 PM","75 min.","Adelaide","Free Flow","","Sauna.",11,17,6,65
"09/25/2025","4:45 PM","75 min.","Adelaide","Free Flow","","Sauna..",8,15,7,72
"09/25/2025","5:15 PM","75 min.","Adelaide","Free Flow","","Sauna...",1,17,16,88
"09/25/2025","5:45 PM","75 min.","Adelaide","Lively Free Flow","","Sauna....",3,17,14,102
"09/25/2025","6:15 PM","75 min.","Adelaide","Lively Free Flow","","Sauna.....",1,13,12,114
"09/25/2025","7:30 PM","75 min.","Adelaide","Guided All Around: Loving Kindness","","Sauna*",,,,114
"09/25/2025","8:45 PM","120 min.","Adelaide","Social","","Sauna",10,15,5,119
"09/25/2025","9:00 PM","120 min.","Adelaide","Social","","Sauna....",2,13,11,130
"09/25/2025","9:15 PM","120 min.","Adelaide","Social","","Sauna..",16,23,7,137
"09/26/2025","7:00 AM","75 min.","Adelaide","Free Flow","","Sauna*",24,25,1,1
"09/26/2025","7:30 AM","75 min.","Adelaide","Free Flow","","Sauna.....",8,8,0,1
"09/26/2025","8:00 AM","75 min.","Adelaide","Free Flow","","Sauna....",13,13,0,1
"09/26/2025","8:30 AM","75 min.","Adelaide","Free Flow","","Sauna",8,17,9,10
"09/26/2025","9:00 AM","75 min.","Adelaide","Free Flow","","Sauna.",9,17,8,18
"09/26/2025","9:30 AM","75 min.","Adelaide","Free Flow","","Sauna..",12,17,5,23
"09/26/2025","10:00 AM","75 min.","Adelaide","Free Flow","","Sauna...",7,17,10,33
"09/26/2025","10:15 AM","75 min.","Adelaide","Free Flow","","Sauna....",7,17,10,43
"09/26/2025","12:00 PM","60 min.","Adelaide","Guided Down: Sound Immersion - 60 min","","Sauna*",13,32,19,62
"09/26/2025","1:15 PM","75 min.","Adelaide","Free Flow","","Sauna.....",9,17,8,70
"09/26/2025","1:45 PM","75 min.","Adelaide","Free Flow","","Sauna..",12,17,5,75
"09/26/2025","2:15 PM","75 min.","Adelaide","Free Flow","","Sauna...",11,15,4,79
"09/26/2025","2:45 PM","75 min.","Adelaide","Free Flow","","Sauna....",7,17,10,89
"09/26/2025","3:15 PM","75 min.","Adelaide","Free Flow","","Sauna.....",13,17,4,93
"09/26/2025","3:45 PM","75 min.","Adelaide","Free Flow","","Sauna",8,15,7,100
"09/26/2025","4:15 PM","75 min.","Adelaide","Free Flow","","Sauna.",8,17,9,109
"09/26/2025","4:45 PM","75 min.","Adelaide","Free Flow","","Sauna..",0,17,17,126
"09/26/2025","5:15 PM","75 min.","Adelaide","Free Flow","","Sauna...",0,15,15,141
"09/26/2025","5:45 PM","75 min.","Adelaide","Lively Free Flow","","Sauna....",0,13,13,154
"09/26/2025","6:15 PM","75 min.","Adelaide","Lively Free Flow","","Sauna.....",0,13,13,167
"09/26/2025","7:30 PM","75 min.","Adelaide","Guided Down: Pure Presence","","Sauna*",2,32,30,197
"09/26/2025","8:45 PM","120 min.","Adelaide","Social","","Sauna",,,,197
"09/26/2025","9:00 PM","120 min.","Adelaide","Social","","Sauna....",0,13,13,210
"09/26/2025","9:15 PM","120 min.","Adelaide","Social","","Sauna.",0,30,30,240
"09/27/2025","8:00 AM","75 min.","Adelaide","Guided Down: Rose, Thorn, Bud","","Sauna*",21,25,4,4
"09/27/2025","9:15 AM","75 min.","Adelaide","Guided Up: Awakening","Kyla Crocker","Sauna*",18,26,8,12
"09/27/2025","10:30 AM","75 min.","Adelaide","Guided Down: Deep Stretch","","Sauna*",4,25,21,33
"09/27/2025","11:45 AM","75 min.","Adelaide","Guided All Around: Release","","Sauna*",9,26,17,50
"09/27/2025","1:00 PM","75 min.","Adelaide","Lively Free Flow","","Sauna...",1,16,15,65
"09/27/2025","1:30 PM","75 min.","Adelaide","Lively Free Flow","","Sauna..",4,8,4,69
"09/27/2025","2:00 PM","75 min.","Adelaide","Lively Free Flow","","Sauna.",21,25,4,73
"09/27/2025","2:30 PM","75 min.","Adelaide","Lively Free Flow","","Sauna.....",1,16,15,88
"09/27/2025","3:00 PM","75 min.","Adelaide","Lively Free Flow","","Sauna",0,8,8,96
"09/27/2025","3:30 PM","75 min.","Adelaide","Lively Free Flow","","Sauna..",17,25,8,104
"09/27/2025","4:00 PM","75 min.","Adelaide","Lively Free Flow","","Sauna.",14,16,2,106
"09/27/2025","4:30 PM","75 min.","Adelaide","Lively Free Flow","","Sauna...",3,8,5,111
"09/27/2025","5:00 PM","75 min.","Adelaide","Lively Free Flow","","Sauna",16,25,9,120
"09/27/2025","5:30 PM","75 min.","Adelaide","Lively Free Flow","","Sauna.",11,16,5,125
"09/27/2025","6:00 PM","75 min.","Adelaide","Lively Free Flow","","Sauna...",1,8,7,132
"09/27/2025","6:30 PM","75 min.","Adelaide","Lively Free Flow","","Sauna.....",0,13,13,145
"09/27/2025","7:45 PM","75 min.","Adelaide","Guided All Around: Loving Kindness","","Sauna*",13,32,19,164
"09/27/2025","9:00 PM","120 min.","Adelaide","Social","","Sauna",,,,164
"09/27/2025","9:15 PM","120 min.","Adelaide","Social","","Sauna....",8,13,5,169
"09/27/2025","9:30 PM","120 min.","Adelaide","Social","","Sauna..",17,23,6,175
"09/28/2025","7:00 AM","75 min.","Adelaide","Quieter Free Flow","","Sauna",13,17,4,4
"09/28/2025","7:30 AM","75 min.","Adelaide","Quieter Free Flow","","Sauna.",13,17,4,8
"09/28/2025","8:00 AM","75 min.","Adelaide","Quieter Free Flow","","Sauna..",12,17,5,13
"09/28/2025","8:30 AM","75 min.","Adelaide","Quieter Free Flow","","Sauna",5,17,12,25
"09/28/2025","10:15 AM","75 min.","Adelaide","Guided Down: Sound Immersion","","Sauna*",2,26,24,49
"09/28/2025","11:30 AM","75 min.","Adelaide","Guided Down: Self-Care Sweat","","Sauna*",1,25,24,73
"09/28/2025","12:45 PM","75 min.","Adelaide","Lively Free Flow","","Sauna....",6,21,15,88
"09/28/2025","1:00 PM","75 min.","Adelaide","Lively Free Flow","","Sauna.....",1,15,14,102
"09/28/2025","1:30 PM","75 min.","Adelaide","Lively Free Flow","","Sauna...",9,12,3,105
"09/28/2025","2:00 PM","75 min.","Adelaide","Lively Free Flow","","Sauna",11,21,10,115
"09/28/2025","2:30 PM","75 min.","Adelaide","Lively Free Flow","","Sauna.",11,15,4,119
"09/28/2025","3:00 PM","75 min.","Adelaide","Lively Free Flow","","Sauna...",10,12,2,121
"09/28/2025","3:30 PM","75 min.","Adelaide","Lively Free Flow","","Sauna..",15,19,4,125
"09/28/2025","4:00 PM","75 min.","Adelaide","Lively Free Flow","","Sauna.",6,12,6,131
"09/28/2025","4:30 PM","75 min.","Adelaide","Lively Free Flow","","Sauna",7,20,13,144
"09/28/2025","5:00 PM","75 min.","Adelaide","Lively Free Flow","","Sauna...",0,15,15,159
"09/28/2025","5:30 PM","75 min.","Adelaide","Lively Free Flow","","Sauna.",9,15,6,165
"09/28/2025","6:45 PM","75 min.","Adelaide","Guided Down: Untangle","","Sauna*",,,,165
"09/28/2025","8:00 PM","75 min.","Adelaide","Free Flow","","Sauna...",3,15,12,177
"09/28/2025","8:15 PM","75 min.","Adelaide","Free Flow","","Sauna....",0,8,8,185
"09/28/2025","8:30 PM","75 min.","Adelaide","Free Flow","","Sauna.....",0,15,15,200
"09/28/2025","8:45 PM","75 min.","Adelaide","Free Flow","","Sauna.",2,13,11,211
"09/28/2025","9:30 PM","75 min.","Adelaide","Free Flow","","Sauna..",10,15,5,216
"09/28/2025","9:45 PM","75 min.","Adelaide","Free Flow","","Sauna...",12,15,3,219
"09/28/2025","10:00 PM","75 min.","Adelaide","Free Flow","","Sauna....",9,13,4,223
"09/28/2025","10:15 PM","75 min.","Adelaide","Free Flow","","Sauna.....",5,8,3,226
"09/15/2025","7:00 AM","75 min.","Adelaide","Quieter Free Flow","","Sauna",6,17,11,11
"09/15/2025","7:30 AM","75 min.","Adelaide","Quieter Free Flow","","Sauna.",15,17,2,13
"09/15/2025","8:00 AM","75 min.","Adelaide","Quieter Free Flow","","Sauna..",13,17,4,17
"09/15/2025","8:30 AM","75 min.","Adelaide","Quieter Free Flow","","Sauna",14,17,3,20
"09/15/2025","9:00 AM","75 min.","Adelaide","Quieter Free Flow","","Sauna.",14,17,3,23
"09/15/2025","9:30 AM","75 min.","Adelaide","Quieter Free Flow","","Sauna..",13,17,4,27
"09/15/2025","10:00 AM","75 min.","Adelaide","Quieter Free Flow","","Sauna",12,17,5,32
"09/15/2025","10:15 AM","75 min.","Adelaide","Quieter Free Flow","","Sauna....",8,17,9,41
"09/15/2025","12:00 PM","60 min.","Adelaide","Guided Up: Feel Good Now - 60 min","","Sauna*",29,32,3,44
"09/15/2025","1:45 PM","75 min.","Adelaide","Free Flow","","Sauna",4,17,13,57
"09/15/2025","2:15 PM","75 min.","Adelaide","Free Flow","","Sauna...",15,17,2,59
"09/15/2025","2:45 PM","75 min.","Adelaide","Free Flow","","Sauna.",13,17,4,63
"09/15/2025","3:15 PM","75 min.","Adelaide","Free Flow","","Sauna..",11,17,6,69
"09/15/2025","3:45 PM","75 min.","Adelaide","Free Flow","","Sauna.....",14,17,3,72
"09/15/2025","4:15 PM","75 min.","Adelaide","Free Flow","","Sauna....",11,17,6,78
"09/15/2025","4:45 PM","75 min.","Adelaide","Free Flow","","Sauna...",8,17,9,87
"09/15/2025","5:15 PM","75 min.","Adelaide","Lively Free Flow","","Sauna..",0,13,13,100
"09/15/2025","6:30 PM","75 min.","Adelaide","Guided All Around: Release","","Sauna*",2,25,23,123
"09/15/2025","7:45 PM","75 min.","Adelaide","Guided All Around: Gratitude","","Sauna*",,,,123
"09/15/2025","9:00 PM","75 min.","Adelaide","Guided Down: Deep Stretch","Lammy Clark","Sauna*",1,25,24,147
"09/16/2025","7:00 AM","60 min.","Adelaide","Guided Up: Arctic Tundra - 60 min","","Sauna*",30,32,2,2
"09/16/2025","8:30 AM","75 min.","Adelaide","Quieter Free Flow","","Sauna...",9,17,8,10
"09/16/2025","9:00 AM","75 min.","Adelaide","Quieter Free Flow","","Sauna....",14,17,3,13
"09/16/2025","9:30 AM","75 min.","Adelaide","Quieter Free Flow","","Sauna",16,17,1,14
"09/16/2025","10:00 AM","75 min.","Adelaide","Quieter Free Flow","","Sauna.....",12,17,5,19
"09/16/2025","10:15 AM","75 min.","Adelaide","Quieter Free Flow","","Sauna.",10,17,7,26
"09/16/2025","12:00 PM","60 min.","Adelaide","Guided Down: Senses - 60 min","","Sauna*",15,25,10,36
"09/16/2025","1:30 PM","75 min.","Adelaide","Free Flow","","Sauna.....",6,15,9,45
"09/16/2025","2:00 PM","75 min.","Adelaide","Free Flow","","Sauna....",3,8,5,50
"09/16/2025","2:30 PM","75 min.","Adelaide","Free Flow","","Sauna..",14,15,1,51
"09/16/2025","3:00 PM","75 min.","Adelaide","Free Flow","","Sauna.....",15,17,2,53
"09/16/2025","3:30 PM","75 min.","Adelaide","Free Flow","","Sauna.",14,17,3,56
"09/16/2025","4:00 PM","75 min.","Adelaide","Free Flow","","Sauna..",11,17,6,62
"09/16/2025","4:30 PM","75 min.","Adelaide","Free Flow","","Sauna...",12,17,5,67
"09/16/2025","5:00 PM","75 min.","Adelaide","Free Flow","","Sauna....",2,17,15,82
"09/16/2025","5:30 PM","75 min.","Adelaide","Lively Free Flow","","Sauna.....",1,13,12,94
"09/16/2025","6:45 PM","75 min.","Adelaide","Guided Down: Untangle","","Sauna*",1,32,31,125
"09/16/2025","8:00 PM","75 min.","Adelaide","Free Flow","","Sauna...",0,15,15,140
"09/16/2025","8:15 PM","75 min.","Adelaide","Free Flow","","Sauna....",1,8,7,147
"09/16/2025","8:30 PM","75 min.","Adelaide","Free Flow","","Sauna.....",1,13,12,159
"09/16/2025","8:45 PM","75 min.","Adelaide","Free Flow","","Sauna.",2,15,13,172
"09/16/2025","9:30 PM","75 min.","Adelaide","Free Flow","","Sauna..",1,15,14,186
"09/16/2025","9:45 PM","75 min.","Adelaide","Free Flow","","Sauna...",10,15,5,191
"09/16/2025","10:00 PM","75 min.","Adelaide","Free Flow","","Sauna....",13,13,0,191
"09/16/2025","10:15 PM","75 min.","Adelaide","Free Flow","","Sauna.....",8,15,7,198
"09/17/2025","7:00 AM","60 min.","Adelaide","Guided Down: Deep Stretch - 60 min","","Sauna*",20,30,10,10
"09/17/2025","8:30 AM","75 min.","Adelaide","Free Flow","","Sauna",12,17,5,15
"09/17/2025","9:00 AM","75 min.","Adelaide","Free Flow","","Sauna.",13,17,4,19
"09/17/2025","9:30 AM","75 min.","Adelaide","Free Flow","","Sauna..",14,17,3,22
"09/17/2025","10:00 AM","75 min.","Adelaide","Free Flow","","Sauna...",15,17,2,24
"09/17/2025","10:15 AM","75 min.","Adelaide","Free Flow","","Sauna....",12,17,5,29
"09/17/2025","12:00 PM","60 min.","Adelaide","Guided All Around: Hardwiring Happiness - 60 min","","Sauna*",14,32,18,47
"09/17/2025","1:15 PM","75 min.","Adelaide","Free Flow","","Sauna....",13,17,4,51
"09/17/2025","1:45 PM","75 min.","Adelaide","Free Flow","","Sauna..",14,17,3,54
"09/17/2025","2:15 PM","75 min.","Adelaide","Free Flow","","Sauna",16,17,1,55
"09/17/2025","2:45 PM","75 min.","Adelaide","Free Flow","","Sauna.",11,17,6,61
"09/17/2025","3:15 PM","75 min.","Adelaide","Free Flow","","Sauna..",14,17,3,64
"09/17/2025","3:45 PM","75 min.","Adelaide","Free Flow","","Sauna...",15,17,2,66
"09/17/2025","4:15 PM","75 min.","Adelaide","Free Flow","","Sauna....",1,15,14,80
"09/17/2025","5:30 PM","75 min.","Adelaide","Guided Up: Feel Good Now","","Sauna*",22,25,3,83
"09/17/2025","6:45 PM","75 min.","Adelaide","Guided Down: Sound Immersion","Stuart Campbell","Sauna*",2,26,24,107
"09/17/2025","8:00 PM","75 min.","Adelaide","Free Flow","","Sauna...",0,15,15,122
"09/17/2025","8:15 PM","75 min.","Adelaide","Free Flow","","Sauna....",0,8,8,130
"09/17/2025","8:30 PM","75 min.","Adelaide","Free Flow","","Sauna.....",0,13,13,143
"09/17/2025","8:45 PM","75 min.","Adelaide","Free Flow","","Sauna.",0,15,15,158
"09/17/2025","9:30 PM","75 min.","Adelaide","Free Flow","","Sauna..",0,15,15,173
"09/17/2025","9:45 PM","75 min.","Adelaide","Free Flow","","Sauna...",2,8,6,179
"09/17/2025","10:00 PM","75 min.","Adelaide","Free Flow","","Sauna....",5,13,8,187
"09/17/2025","10:15 PM","75 min.","Adelaide","Free Flow","","Sauna.....",9,15,6,193
"09/18/2025","7:00 AM","60 min.","Adelaide","Guided Down: Unwind - 60 min","","Sauna*",28,32,4,4
"09/18/2025","8:30 AM","75 min.","Adelaide","Free Flow","","Sauna...",9,17,8,12
"09/18/2025","9:00 AM","75 min.","Adelaide","Free Flow","","Sauna....",10,17,7,19
"09/18/2025","9:30 AM","75 min.","Adelaide","Free Flow","","Sauna",16,17,1,20
"09/18/2025","10:00 AM","75 min.","Adelaide","Free Flow","","Sauna..",14,17,3,23
"09/18/2025","10:15 AM","75 min.","Adelaide","Free Flow","","Sauna.",12,17,5,28
"09/18/2025","12:00 PM","60 min.","Adelaide","Guided Down: Senses - 60 min","","Sauna*",23,32,9,37
"09/18/2025","1:45 PM","75 min.","Adelaide","Free Flow","","Sauna.....",7,17,10,47
"09/18/2025","2:15 PM","75 min.","Adelaide","Free Flow","","Sauna.",12,17,5,52
"09/18/2025","2:45 PM","75 min.","Adelaide","Free Flow","","Sauna...",14,17,3,55
"09/18/2025","3:15 PM","75 min.","Adelaide","Free Flow","","Sauna....",16,17,1,56
"09/18/2025","3:45 PM","75 min.","Adelaide","Free Flow","","Sauna.....",11,17,6,62
"09/18/2025","4:15 PM","75 min.","Adelaide","Free Flow","","Sauna.",14,17,3,65
"09/18/2025","4:45 PM","75 min.","Adelaide","Free Flow","","Sauna..",7,15,8,73
"09/18/2025","5:15 PM","75 min.","Adelaide","Free Flow","","Sauna...",1,17,16,89
"09/18/2025","5:45 PM","75 min.","Adelaide","Lively Free Flow","","Sauna....",0,17,17,106
"09/18/2025","6:15 PM","75 min.","Adelaide","Lively Free Flow","","Sauna.....",0,13,13,119
"09/18/2025","7:30 PM","90 min.","Adelaide","Guided All Around: Space for Women","","Sauna*",3,30,27,146
"09/18/2025","9:00 PM","120 min.","Adelaide","Social","","Sauna....",1,13,12,158
"09/18/2025","9:15 PM","120 min.","Adelaide","Social","","Sauna",5,15,10,168
"09/18/2025","9:30 PM","120 min.","Adelaide","Social","","Sauna..",23,25,2,170
"09/19/2025","7:00 AM","75 min.","Adelaide","Free Flow","","Sauna*",22,25,3,3
"09/19/2025","7:30 AM","75 min.","Adelaide","Free Flow","","Sauna.....",12,13,1,4
"09/19/2025","8:00 AM","75 min.","Adelaide","Free Flow","","Sauna....",7,8,1,5
"09/19/2025","8:30 AM","75 min.","Adelaide","Free Flow","","Sauna",13,17,4,9
"09/19/2025","9:00 AM","75 min.","Adelaide","Free Flow","","Sauna.",13,17,4,13
"09/19/2025","9:30 AM","75 min.","Adelaide","Free Flow","","Sauna..",12,17,5,18
"09/19/2025","10:00 AM","75 min.","Adelaide","Free Flow","","Sauna...",14,17,3,21
"09/19/2025","10:15 AM","75 min.","Adelaide","Free Flow","","Sauna....",9,17,8,29
"09/19/2025","12:00 PM","60 min.","Adelaide","Guided All Around: Release - 60 min","","Sauna*",,,,29
"09/19/2025","1:15 PM","75 min.","Adelaide","Free Flow","","Sauna.....",12,17,5,34
"09/19/2025","1:45 PM","75 min.","Adelaide","Free Flow","","Sauna..",15,17,2,36
"09/19/2025","2:15 PM","75 min.","Adelaide","Free Flow","","Sauna...",10,15,5,41
"09/19/2025","2:45 PM","75 min.","Adelaide","Free Flow","","Sauna....",11,17,6,47
"09/19/2025","3:15 PM","75 min.","Adelaide","Free Flow","","Sauna.....",9,17,8,55
"09/19/2025","3:45 PM","75 min.","Adelaide","Free Flow","","Sauna",11,15,4,59
"09/19/2025","4:15 PM","75 min.","Adelaide","Free Flow","","Sauna.",8,17,9,68
"09/19/2025","4:45 PM","75 min.","Adelaide","Free Flow","","Sauna..",6,17,11,79
"09/19/2025","5:15 PM","75 min.","Adelaide","Free Flow","","Sauna...",1,15,14,93
"09/19/2025","5:45 PM","75 min.","Adelaide","Lively Free Flow","","Sauna....",1,13,12,105
"09/19/2025","6:15 PM","75 min.","Adelaide","Lively Free Flow","","Sauna.....",0,13,13,118
"09/19/2025","7:30 PM","75 min.","Adelaide","Guided All Around: Inner Power","","Sauna*",,,,118
"09/19/2025","8:45 PM","120 min.","Adelaide","Social","","Sauna",1,21,20,138
"09/19/2025","9:00 PM","120 min.","Adelaide","Social","","Sauna....",0,13,13,151
"09/19/2025","9:15 PM","120 min.","Adelaide","Social","","Sauna.",17,30,13,164
"09/20/2025","8:00 AM","75 min.","Adelaide","Guided Up: Feel Good Now","","Sauna*",18,25,7,7
"09/20/2025","9:15 AM","75 min.","Adelaide","Guided Down: Unwind","","Sauna*",12,26,14,21
"09/20/2025","10:30 AM","75 min.","Adelaide","Guided Down: Deep Stretch","","Sauna*",1,25,24,45
"09/20/2025","11:45 AM","75 min.","Adelaide","Guided Up: Awakening","","Sauna*",3,26,23,68
"09/20/2025","1:00 PM","75 min.","Adelaide","Lively Free Flow","","Sauna...",1,16,15,83
"09/20/2025","1:30 PM","75 min.","Adelaide","Lively Free Flow","","Sauna..",0,8,8,91
"09/20/2025","2:00 PM","75 min.","Adelaide","Lively Free Flow","","Sauna.",9,25,16,107
"09/20/2025","2:30 PM","75 min.","Adelaide","Lively Free Flow","","Sauna.....",0,16,16,123
"09/20/2025","3:00 PM","75 min.","Adelaide","Lively Free Flow","","Sauna",2,8,6,129
"09/20/2025","3:30 PM","75 min.","Adelaide","Lively Free Flow","","Sauna..",22,25,3,132
"09/20/2025","4:00 PM","75 min.","Adelaide","Lively Free Flow","","Sauna.",7,16,9,141
"09/20/2025","4:30 PM","75 min.","Adelaide","Lively Free Flow","","Sauna...",0,8,8,149
"09/20/2025","5:00 PM","75 min.","Adelaide","Lively Free Flow","","Sauna",17,25,8,157
"09/20/2025","5:30 PM","75 min.","Adelaide","Lively Free Flow","","Sauna.",3,16,13,170
"09/20/2025","6:00 PM","75 min.","Adelaide","Lively Free Flow","","Sauna...",0,8,8,178
"09/20/2025","6:30 PM","75 min.","Adelaide","Lively Free Flow","","Sauna.....",2,13,11,189
"09/20/2025","7:45 PM","75 min.","Adelaide","Guided Down: Sound Immersion","","Sauna*",,,,189
"09/20/2025","9:00 PM","120 min.","Adelaide","Social","","Sauna",,,,189
"09/20/2025","9:15 PM","120 min.","Adelaide","Social","","Sauna....",4,13,9,198
"09/20/2025","9:30 PM","120 min.","Adelaide","Social","","Sauna..",24,30,6,204
"09/21/2025","7:00 AM","75 min.","Adelaide","Quieter Free Flow","","Sauna",12,17,5,5
"09/21/2025","7:30 AM","75 min.","Adelaide","Quieter Free Flow","","Sauna.",11,17,6,11
"09/21/2025","8:00 AM","75 min.","Adelaide","Quieter Free Flow","","Sauna..",12,17,5,16
"09/21/2025","8:30 AM","75 min.","Adelaide","Quieter Free Flow","","Sauna",3,17,14,30
"09/21/2025","10:15 AM","75 min.","Adelaide","Guided Down: Sound Immersion","","Sauna*",3,26,23,53
"09/21/2025","11:30 AM","75 min.","Adelaide","Guided Up: Feel Good Now","","Sauna*",15,25,10,63
"09/21/2025","12:45 PM","75 min.","Adelaide","Lively Free Flow","","Sauna....",0,21,21,84
"09/21/2025","1:00 PM","75 min.","Adelaide","Lively Free Flow","","Sauna.....",2,15,13,97
"09/21/2025","1:30 PM","75 min.","Adelaide","Lively Free Flow","","Sauna...",3,12,9,106
"09/21/2025","2:00 PM","75 min.","Adelaide","Lively Free Flow","","Sauna",10,21,11,117
"09/21/2025","2:30 PM","75 min.","Adelaide","Lively Free Flow","","Sauna.",13,15,2,119
"09/21/2025","3:00 PM","75 min.","Adelaide","Lively Free Flow","","Sauna...",4,12,8,127
"09/21/2025","3:30 PM","75 min.","Adelaide","Lively Free Flow","","Sauna..",15,21,6,133
"09/21/2025","4:00 PM","75 min.","Adelaide","Lively Free Flow","","Sauna.",2,12,10,143
"09/21/2025","4:30 PM","75 min.","Adelaide","Lively Free Flow","","Sauna",13,20,7,150
"09/21/2025","5:00 PM","75 min.","Adelaide","Lively Free Flow","","Sauna...",1,15,14,164
"09/21/2025","5:30 PM","75 min.","Adelaide","Lively Free Flow","","Sauna.",0,15,15,179
"09/21/2025","6:45 PM","75 min.","Adelaide","Guided Down: Untangle","","Sauna*",,,,179
"09/21/2025","8:00 PM","75 min.","Adelaide","Free Flow","","Sauna...",0,15,15,194
"09/21/2025","8:15 PM","75 min.","Adelaide","Free Flow","","Sauna....",0,8,8,202
"09/21/2025","8:30 PM","75 min.","Adelaide","Free Flow","","Sauna.....",1,15,14,216
"09/21/2025","8:45 PM","75 min.","Adelaide","Free Flow","","Sauna.",0,13,13,229
"09/21/2025","9:30 PM","75 min.","Adelaide","Free Flow","","Sauna..",1,15,14,243
"09/21/2025","9:45 PM","75 min.","Adelaide","Free Flow","","Sauna...",10,15,5,248
"09/21/2025","10:00 PM","75 min.","Adelaide","Free Flow","","Sauna....",7,13,6,254
"09/21/2025","10:15 PM","75 min.","Adelaide","Free Flow","","Sauna.....",3,8,5,259
"09/08/2025","7:00 AM","75 min.","Adelaide","Quieter Free Flow","","Sauna",9,17,8,8
"09/08/2025","7:30 AM","75 min.","Adelaide","Quieter Free Flow","","Sauna.",12,17,5,13
"09/08/2025","8:00 AM","75 min.","Adelaide","Quieter Free Flow","","Sauna..",12,17,5,18
"09/08/2025","8:30 AM","75 min.","Adelaide","Quieter Free Flow","","Sauna",17,17,0,18
"09/08/2025","9:00 AM","75 min.","Adelaide","Quieter Free Flow","","Sauna.",12,17,5,23
"09/08/2025","9:30 AM","75 min.","Adelaide","Quieter Free Flow","","Sauna..",15,17,2,25
"09/08/2025","10:00 AM","75 min.","Adelaide","Quieter Free Flow","","Sauna",13,17,4,29
"09/08/2025","10:15 AM","75 min.","Adelaide","Quieter Free Flow","","Sauna....",12,17,5,34
"09/08/2025","12:00 PM","75 min.","Adelaide","Guided Down: Untangle","","Sauna*",16,32,16,50
"09/08/2025","1:45 PM","75 min.","Adelaide","Free Flow","","Sauna",2,17,15,65
"09/08/2025","2:15 PM","75 min.","Adelaide","Free Flow","","Sauna...",14,17,3,68
"09/08/2025","2:45 PM","75 min.","Adelaide","Free Flow","","Sauna.",11,17,6,74
"09/08/2025","3:15 PM","75 min.","Adelaide","Free Flow","","Sauna..",13,17,4,78
"09/08/2025","3:45 PM","75 min.","Adelaide","Free Flow","","Sauna.....",12,17,5,83
"09/08/2025","4:15 PM","75 min.","Adelaide","Free Flow","","Sauna....",11,17,6,89
"09/08/2025","4:45 PM","75 min.","Adelaide","Free Flow","","Sauna...",10,17,7,96
"09/08/2025","5:15 PM","75 min.","Adelaide","Lively Free Flow","","Sauna..",2,13,11,107
"09/08/2025","6:30 PM","75 min.","Adelaide","Guided All Around: Loving Kindness","","Sauna*",5,25,20,127
"09/08/2025","7:45 PM","75 min.","Adelaide","Guided Down: Senses","","Sauna*",2,26,24,151
"09/08/2025","9:00 PM","75 min.","Adelaide","Guided Down: Deep Stretch","Lammy Clark","Sauna*",,,,151
"09/09/2025","7:00 AM","60 min.","Adelaide","Guided Up: Arctic Tundra - 60 min","","Sauna*",26,32,6,6
"09/09/2025","8:30 AM","75 min.","Adelaide","Quieter Free Flow","","Sauna...",7,17,10,16
"09/09/2025","9:00 AM","75 min.","Adelaide","Quieter Free Flow","","Sauna....",16,17,1,17
"09/09/2025","9:30 AM","75 min.","Adelaide","Quieter Free Flow","","Sauna",17,17,0,17
"09/09/2025","10:00 AM","75 min.","Adelaide","Quieter Free Flow","","Sauna.....",16,17,1,18
"09/09/2025","10:15 AM","75 min.","Adelaide","Quieter Free Flow","","Sauna.",8,17,9,27
"09/09/2025","12:00 PM","75 min.","Adelaide","Free Flow","","Sauna*",17,25,8,35
"09/09/2025","1:30 PM","75 min.","Adelaide","Guided Up: Feel Good Now","","Sauna*",18,26,8,43
"09/09/2025","3:00 PM","75 min.","Adelaide","Free Flow","","Sauna.....",11,17,6,49
"09/09/2025","3:30 PM","75 min.","Adelaide","Free Flow","","Sauna.",16,17,1,50
"09/09/2025","4:00 PM","75 min.","Adelaide","Free Flow","","Sauna..",6,17,11,61
"09/09/2025","4:30 PM","75 min.","Adelaide","Free Flow","","Sauna...",7,17,10,71
"09/09/2025","5:00 PM","75 min.","Adelaide","Free Flow","","Sauna....",3,17,14,85
"09/09/2025","5:30 PM","75 min.","Adelaide","Lively Free Flow","","Sauna.....",0,13,13,98
"09/09/2025","6:45 PM","75 min.","Adelaide","Guided Down: Sound Immersion","","Sauna*",3,32,29,127
"09/09/2025","8:00 PM","75 min.","Adelaide","Free Flow","","Sauna...",2,15,13,140
"09/09/2025","8:15 PM","75 min.","Adelaide","Free Flow","","Sauna....",0,8,8,148
"09/09/2025","8:30 PM","75 min.","Adelaide","Free Flow","","Sauna.....",0,13,13,161
"09/09/2025","8:45 PM","75 min.","Adelaide","Free Flow","","Sauna.",2,15,13,174
"09/09/2025","9:30 PM","75 min.","Adelaide","Free Flow","","Sauna..",2,15,13,187
"09/09/2025","9:45 PM","75 min.","Adelaide","Free Flow","","Sauna...",11,15,4,191
"09/09/2025","10:00 PM","75 min.","Adelaide","Free Flow","","Sauna....",10,13,3,194
"09/09/2025","10:15 PM","75 min.","Adelaide","Free Flow","","Sauna.....",11,15,4,198
"09/10/2025","7:00 AM","60 min.","Adelaide","Guided Down: Deep Stretch - 60 min","","Sauna*",24,30,6,6
"09/10/2025","8:30 AM","75 min.","Adelaide","Free Flow","","Sauna",10,17,7,13
"09/10/2025","9:00 AM","75 min.","Adelaide","Free Flow","","Sauna.",14,17,3,16
"09/10/2025","9:30 AM","75 min.","Adelaide","Free Flow","","Sauna..",14,17,3,19
"09/10/2025","10:00 AM","75 min.","Adelaide","Free Flow","","Sauna...",11,17,6,25
"09/10/2025","10:15 AM","75 min.","Adelaide","Free Flow","","Sauna....",11,17,6,31
"09/10/2025","12:00 PM","75 min.","Adelaide","Free Flow","","Sauna*",19,25,6,37
"09/10/2025","12:30 PM","75 min.","Adelaide","Free Flow","","Sauna.....",8,8,0,37
"09/10/2025","1:00 PM","75 min.","Adelaide","Free Flow","","Sauna...",13,13,0,37
"09/10/2025","1:15 PM","75 min.","Adelaide","Free Flow","","Sauna....",13,17,4,41
"09/10/2025","1:45 PM","75 min.","Adelaide","Free Flow","","Sauna..",11,17,6,47
"09/10/2025","2:15 PM","75 min.","Adelaide","Free Flow","","Sauna",3,17,14,61
"09/10/2025","2:45 PM","75 min.","Adelaide","Free Flow","","Sauna.",14,17,3,64
"09/10/2025","3:15 PM","75 min.","Adelaide","Free Flow","","Sauna..",9,17,8,72
"09/10/2025","3:45 PM","75 min.","Adelaide","Free Flow","","Sauna...",16,17,1,73
"09/10/2025","4:15 PM","75 min.","Adelaide","Free Flow","","Sauna....",7,15,8,81
"09/10/2025","5:00 PM","75 min.","Adelaide","Free Flow","","Sauna.....",12,13,1,82
"09/10/2025","5:30 PM","75 min.","Adelaide","Lively Free Flow","","Sauna*",22,25,3,85
"09/10/2025","6:45 PM","75 min.","Adelaide","Guided Down: Unwind","","Sauna*",4,26,22,107
"09/10/2025","8:30 PM","120 min.","Adelaide","Friend(ship): A Guided Social","","Sauna",0,32,32,139
"09/11/2025","7:00 AM","60 min.","Adelaide","Guided Down: Unwind - 60 min","","Sauna*",28,32,4,4
"09/11/2025","8:30 AM","75 min.","Adelaide","Free Flow","","Sauna...",10,17,7,11
"09/11/2025","9:00 AM","75 min.","Adelaide","Free Flow","","Sauna....",8,17,9,20
"09/11/2025","9:30 AM","75 min.","Adelaide","Free Flow","","Sauna",15,17,2,22
"09/11/2025","10:00 AM","75 min.","Adelaide","Free Flow","","Sauna..",12,17,5,27
"09/11/2025","10:15 AM","75 min.","Adelaide","Free Flow","","Sauna.",14,17,3,30
"09/11/2025","12:00 PM","60 min.","Adelaide","Guided All Around: Journey Through Seasons -60 min","","Sauna*",23,32,9,39
"09/11/2025","1:45 PM","75 min.","Adelaide","Free Flow","","Sauna.....",7,17,10,49
"09/11/2025","2:15 PM","75 min.","Adelaide","Free Flow","","Sauna.",15,17,2,51
"09/11/2025","2:45 PM","75 min.","Adelaide","Free Flow","","Sauna...",13,17,4,55
"09/11/2025","3:15 PM","75 min.","Adelaide","Free Flow","","Sauna....",14,17,3,58
"09/11/2025","3:45 PM","75 min.","Adelaide","Free Flow","","Sauna.....",13,17,4,62
"09/11/2025","4:15 PM","75 min.","Adelaide","Free Flow","","Sauna.",14,17,3,65
"09/11/2025","4:45 PM","75 min.","Adelaide","Free Flow","","Sauna..",4,15,11,76
"09/11/2025","5:15 PM","75 min.","Adelaide","Free Flow","","Sauna...",0,17,17,93
"09/11/2025","5:45 PM","75 min.","Adelaide","Lively Free Flow","","Sauna....",4,17,13,106
"09/11/2025","6:15 PM","75 min.","Adelaide","Lively Free Flow","","Sauna.....",0,13,13,119
"09/11/2025","7:30 PM","75 min.","Adelaide","Guided All Around: A-Z Emotions","","Sauna*",8,32,24,143
"09/11/2025","8:45 PM","120 min.","Adelaide","Social","","Sauna",1,15,14,157
"09/11/2025","9:00 PM","120 min.","Adelaide","Social","","Sauna....",8,13,5,162
"09/11/2025","9:15 PM","120 min.","Adelaide","Social","","Sauna..",15,23,8,170
"09/12/2025","7:00 AM","60 min.","Adelaide","Guided All Around: Reset - 60 min","","Sauna*",26,32,6,6
"09/12/2025","8:30 AM","75 min.","Adelaide","Free Flow","","Sauna",9,17,8,14
"09/12/2025","9:00 AM","75 min.","Adelaide","Free Flow","","Sauna.",10,17,7,21
"09/12/2025","9:30 AM","75 min.","Adelaide","Free Flow","","Sauna..",14,17,3,24
"09/12/2025","10:00 AM","75 min.","Adelaide","Free Flow","","Sauna...",10,17,7,31
"09/12/2025","10:15 AM","75 min.","Adelaide","Free Flow","","Sauna....",4,17,13,44
"09/12/2025","12:00 PM","60 min.","Adelaide","Guided Down: Deep Stretch - 60 min","","Sauna*",16,30,14,58
"09/12/2025","1:15 PM","75 min.","Adelaide","Free Flow","","Sauna.....",10,17,7,65
"09/12/2025","1:45 PM","75 min.","Adelaide","Free Flow","","Sauna..",8,17,9,74
"09/12/2025","2:15 PM","75 min.","Adelaide","Free Flow","","Sauna...",14,15,1,75
"09/12/2025","2:45 PM","75 min.","Adelaide","Free Flow","","Sauna....",8,17,9,84
"09/12/2025","3:15 PM","75 min.","Adelaide","Free Flow","","Sauna.....",9,17,8,92
"09/12/2025","3:45 PM","75 min.","Adelaide","Free Flow","","Sauna",11,15,4,96
"09/12/2025","4:15 PM","75 min.","Adelaide","Free Flow","","Sauna.",9,17,8,104
"09/12/2025","4:45 PM","75 min.","Adelaide","Free Flow","","Sauna..",10,17,7,111
"09/12/2025","5:15 PM","75 min.","Adelaide","Free Flow","","Sauna...",4,15,11,122
"09/12/2025","5:45 PM","75 min.","Adelaide","Lively Free Flow","","Sauna....",0,13,13,135
"09/12/2025","6:15 PM","75 min.","Adelaide","Lively Free Flow","","Sauna.....",0,13,13,148
"09/12/2025","7:30 PM","75 min.","Adelaide","Guided Down: Pure Presence","","Sauna*",10,32,22,170
"09/12/2025","8:45 PM","120 min.","Adelaide","Social","","Sauna",1,21,20,190
"09/12/2025","9:00 PM","120 min.","Adelaide","Social","","Sauna....",0,13,13,203
"09/12/2025","9:15 PM","120 min.","Adelaide","Social","","Sauna.",5,30,25,228
"09/13/2025","8:00 AM","75 min.","Adelaide","Guided Down: Sound Immersion","","Sauna*",15,25,10,10
"09/13/2025","9:15 AM","75 min.","Adelaide","Guided All Around: Rose, Thorn, Bud","","Sauna*",22,26,4,14
"09/13/2025","10:30 AM","75 min.","Adelaide","Guided Down: Deep Stretch","","Sauna*",12,25,13,27
"09/13/2025","11:45 AM","75 min.","Adelaide","Guided All Around: Loving Kindness","","Sauna*",7,26,19,46
"09/13/2025","1:00 PM","75 min.","Adelaide","Lively Free Flow","","Sauna...",0,16,16,62
"09/13/2025","1:30 PM","75 min.","Adelaide","Lively Free Flow","","Sauna..",0,8,8,70
"09/13/2025","2:00 PM","75 min.","Adelaide","Lively Free Flow","","Sauna.",12,25,13,83
"09/13/2025","2:30 PM","75 min.","Adelaide","Lively Free Flow","","Sauna.....",13,16,3,86
"09/13/2025","3:00 PM","75 min.","Adelaide","Lively Free Flow","","Sauna",2,8,6,92
"09/13/2025","3:30 PM","75 min.","Adelaide","Lively Free Flow","","Sauna..",15,25,10,102
"09/13/2025","4:00 PM","75 min.","Adelaide","Lively Free Flow","","Sauna.",13,16,3,105
"09/13/2025","4:30 PM","75 min.","Adelaide","Lively Free Flow","","Sauna...",1,8,7,112
"09/13/2025","5:00 PM","75 min.","Adelaide","Lively Free Flow","","Sauna",20,25,5,117
"09/13/2025","5:30 PM","75 min.","Adelaide","Lively Free Flow","","Sauna.",13,16,3,120
"09/13/2025","6:00 PM","75 min.","Adelaide","Lively Free Flow","","Sauna...",0,8,8,128
"09/13/2025","6:30 PM","75 min.","Adelaide","Lively Free Flow","","Sauna.....",3,13,10,138
"09/13/2025","7:45 PM","75 min.","Adelaide","Guided All Around: Loving Kindness","","Sauna*",11,32,21,159
"09/13/2025","9:00 PM","120 min.","Adelaide","Beat Drop: DJ Takeover","","Sauna",,,,159
"09/13/2025","9:15 PM","120 min.","Adelaide","Beat Drop: DJ Takeover","","Sauna....",4,13,9,168
"09/13/2025","9:30 PM","120 min.","Adelaide","Beat Drop: DJ Takeover","","Sauna..",11,25,14,182
"09/14/2025","7:00 AM","75 min.","Adelaide","Quieter Free Flow","","Sauna",13,17,4,4
"09/14/2025","7:30 AM","75 min.","Adelaide","Quieter Free Flow","","Sauna.",9,17,8,12
"09/14/2025","8:00 AM","75 min.","Adelaide","Quieter Free Flow","","Sauna..",17,17,0,12
"09/14/2025","8:30 AM","75 min.","Adelaide","Quieter Free Flow","","Sauna",1,17,16,28
"09/14/2025","10:15 AM","75 min.","Adelaide","Guided Down: Rose, Thorn, Bud","","Sauna*",13,26,13,41
"09/14/2025","11:30 AM","75 min.","Adelaide","Guided Down: Pure Presence","","Sauna*",,,,41
"09/14/2025","12:45 PM","75 min.","Adelaide","Lively Free Flow","","Sauna....",6,21,15,56
"09/14/2025","1:00 PM","75 min.","Adelaide","Lively Free Flow","","Sauna.....",13,15,2,58
"09/14/2025","1:30 PM","75 min.","Adelaide","Lively Free Flow","","Sauna...",4,12,8,66
"09/14/2025","2:00 PM","75 min.","Adelaide","Lively Free Flow","","Sauna",11,21,10,76
"09/14/2025","2:30 PM","75 min.","Adelaide","Lively Free Flow","","Sauna.",10,15,5,81
"09/14/2025","3:00 PM","75 min.","Adelaide","Lively Free Flow","","Sauna...",9,12,3,84
"09/14/2025","3:30 PM","75 min.","Adelaide","Lively Free Flow","","Sauna..",16,21,5,89
"09/14/2025","4:00 PM","75 min.","Adelaide","Lively Free Flow","","Sauna.",1,12,11,100
"09/14/2025","4:30 PM","75 min.","Adelaide","Lively Free Flow","","Sauna",11,20,9,109
"09/14/2025","5:00 PM","75 min.","Adelaide","Lively Free Flow","","Sauna...",1,15,14,123
"09/14/2025","5:30 PM","75 min.","Adelaide","Lively Free Flow","","Sauna.",1,15,14,137
"09/14/2025","6:45 PM","75 min.","Adelaide","Guided Down: Untangle","","Sauna*",1,32,31,168
"09/14/2025","8:00 PM","75 min.","Adelaide","Free Flow","","Sauna...",0,15,15,183
"09/14/2025","8:15 PM","75 min.","Adelaide","Free Flow","","Sauna....",0,8,8,191
"09/14/2025","8:30 PM","75 min.","Adelaide","Free Flow","","Sauna.....",0,15,15,206
"09/14/2025","8:45 PM","75 min.","Adelaide","Free Flow","","Sauna.",0,13,13,219
"09/14/2025","9:30 PM","75 min.","Adelaide","Free Flow","","Sauna..",6,15,9,228
"09/14/2025","9:45 PM","75 min.","Adelaide","Free Flow","","Sauna...",8,15,7,235
"09/14/2025","10:00 PM","75 min.","Adelaide","Free Flow","","Sauna....",10,13,3,238
"09/14/2025","10:15 PM","75 min.","Adelaide","Free Flow","","Sauna.....",1,8,7,245
"09/01/2025","7:00 AM","75 min.","Adelaide","Free Flow","","Sauna",14,17,3,3
"09/01/2025","7:30 AM","75 min.","Adelaide","Free Flow","","Sauna.",12,17,5,8
"09/01/2025","8:00 AM","75 min.","Adelaide","Free Flow","","Sauna..",15,17,2,10
"09/01/2025","8:30 AM","75 min.","Adelaide","Free Flow","","Sauna",16,17,1,11
"09/01/2025","9:00 AM","75 min.","Adelaide","Free Flow","","Sauna.",11,17,6,17
"09/01/2025","9:30 AM","75 min.","Adelaide","Free Flow","","Sauna..",8,17,9,26
"09/01/2025","10:00 AM","75 min.","Adelaide","Free Flow","","Sauna",4,17,13,39
"09/01/2025","10:15 AM","75 min.","Adelaide","Free Flow","","Sauna....",1,17,16,55
"09/01/2025","12:00 PM","60 min.","Adelaide","Guided All Around: Reset - 60 min","","Sauna*",2,32,30,85
"09/01/2025","1:45 PM","75 min.","Adelaide","Free Flow","","Sauna",0,17,17,102
"09/01/2025","2:15 PM","75 min.","Adelaide","Free Flow","","Sauna...",0,17,17,119
"09/01/2025","2:45 PM","75 min.","Adelaide","Free Flow","","Sauna.",11,17,6,125
"09/01/2025","3:15 PM","75 min.","Adelaide","Free Flow","","Sauna..",2,17,15,140
"09/01/2025","3:45 PM","75 min.","Adelaide","Free Flow","","Sauna.....",12,17,5,145
"09/01/2025","4:15 PM","75 min.","Adelaide","Free Flow","","Sauna....",1,17,16,161
"09/01/2025","4:45 PM","75 min.","Adelaide","Free Flow","","Sauna...",0,17,17,178
"09/01/2025","5:15 PM","75 min.","Adelaide","Lively Free Flow","","Sauna..",0,13,13,191
"09/01/2025","6:30 PM","75 min.","Adelaide","Guided Down: Rose, Thorn, Bud","","Sauna*",10,25,15,206
"09/01/2025","7:45 PM","75 min.","Adelaide","Guided All Around: Journey Through the Elements","","Sauna*",,,,206
"09/01/2025","9:00 PM","75 min.","Adelaide","Guided All Around: Loving Kindness","","Sauna*",9,25,16,222
"09/02/2025","7:00 AM","60 min.","Adelaide","Guided Up: Arctic Tundra - 60 min","","Sauna*",25,32,7,7
"09/02/2025","8:30 AM","75 min.","Adelaide","Quieter Free Flow","","Sauna...",9,17,8,15
"09/02/2025","9:00 AM","75 min.","Adelaide","Quieter Free Flow","","Sauna....",16,17,1,16
"09/02/2025","9:30 AM","75 min.","Adelaide","Quieter Free Flow","","Sauna",17,17,0,16
"09/02/2025","10:00 AM","75 min.","Adelaide","Quieter Free Flow","","Sauna.....",13,17,4,20
"09/02/2025","10:15 AM","75 min.","Adelaide","Quieter Free Flow","","Sauna.",11,17,6,26
"09/02/2025","12:00 PM","60 min.","Adelaide","Guided Down: Sound Immersion - 60 min","","Sauna*",19,25,6,32
"09/02/2025","1:30 PM","75 min.","Adelaide","Free Flow","","Sauna*",22,26,4,36
"09/02/2025","3:00 PM","75 min.","Adelaide","Free Flow","","Sauna.....",8,17,9,45
"09/02/2025","3:30 PM","75 min.","Adelaide","Free Flow","","Sauna.",16,17,1,46
"09/02/2025","4:00 PM","75 min.","Adelaide","Free Flow","","Sauna..",10,17,7,53
"09/02/2025","4:30 PM","75 min.","Adelaide","Free Flow","","Sauna...",9,17,8,61
"09/02/2025","5:00 PM","75 min.","Adelaide","Free Flow","","Sauna....",1,17,16,77
"09/02/2025","5:30 PM","75 min.","Adelaide","Lively Free Flow","","Sauna.....",0,13,13,90
"09/02/2025","6:45 PM","75 min.","Adelaide","Guided All Around: Hero's Journey","","Sauna*",13,32,19,109
"09/02/2025","8:00 PM","75 min.","Adelaide","Free Flow","","Sauna...",2,15,13,122
"09/02/2025","8:15 PM","75 min.","Adelaide","Free Flow","","Sauna....",0,8,8,130
"09/02/2025","8:30 PM","75 min.","Adelaide","Free Flow","","Sauna.....",2,13,11,141
"09/02/2025","8:45 PM","75 min.","Adelaide","Free Flow","","Sauna.",10,15,5,146
"09/02/2025","9:30 PM","75 min.","Adelaide","Free Flow","","Sauna..",9,15,6,152
"09/02/2025","9:45 PM","75 min.","Adelaide","Free Flow","","Sauna...",12,15,3,155
"09/02/2025","10:00 PM","75 min.","Adelaide","Free Flow","","Sauna....",10,13,3,158
"09/02/2025","10:15 PM","75 min.","Adelaide","Free Flow","","Sauna.....",11,15,4,162
"09/03/2025","7:00 AM","60 min.","Adelaide","Guided Down: Deep Stretch - 60 min","Lammy Clark","Sauna*",8,30,22,22
"09/03/2025","8:30 AM","75 min.","Adelaide","Free Flow","","Sauna",7,17,10,32
"09/03/2025","9:00 AM","75 min.","Adelaide","Free Flow","","Sauna.",15,17,2,34
"09/03/2025","9:30 AM","75 min.","Adelaide","Free Flow","","Sauna..",17,17,0,34
"09/03/2025","10:00 AM","75 min.","Adelaide","Free Flow","","Sauna...",16,17,1,35
"09/03/2025","10:15 AM","75 min.","Adelaide","Free Flow","","Sauna....",16,17,1,36
"09/03/2025","12:00 PM","60 min.","Adelaide","Guided Down: Self-Care Sweat - 60 min","","Sauna*",17,32,15,51
"09/03/2025","1:15 PM","75 min.","Adelaide","Free Flow","","Sauna....",12,17,5,56
"09/03/2025","1:45 PM","75 min.","Adelaide","Free Flow","","Sauna..",14,17,3,59
"09/03/2025","2:15 PM","75 min.","Adelaide","Free Flow","","Sauna",15,17,2,61
"09/03/2025","2:45 PM","75 min.","Adelaide","Free Flow","","Sauna.",17,17,0,61
"09/03/2025","3:15 PM","75 min.","Adelaide","Free Flow","","Sauna..",11,17,6,67
"09/03/2025","3:45 PM","75 min.","Adelaide","Free Flow","","Sauna...",16,17,1,68
"09/03/2025","4:15 PM","75 min.","Adelaide","Free Flow","","Sauna....",6,15,9,77
"09/03/2025","5:30 PM","75 min.","Adelaide","Guided Up: Feel Good Now","","Sauna*",20,25,5,82
"09/03/2025","6:45 PM","75 min.","Adelaide","Guided Down: Sound Immersion","Stuart Campbell","Sauna*",1,26,25,107
"09/03/2025","8:00 PM","75 min.","Adelaide","Free Flow","","Sauna",0,15,15,122
"09/03/2025","8:15 PM","75 min.","Adelaide","Free Flow","","Sauna..",0,8,8,130
"09/03/2025","8:30 PM","75 min.","Adelaide","Free Flow","","Sauna...",0,13,13,143
"09/03/2025","8:45 PM","75 min.","Adelaide","Free Flow","","Sauna....",0,15,15,158
"09/03/2025","9:30 PM","75 min.","Adelaide","Free Flow","","Sauna.....",2,15,13,171
"09/03/2025","9:45 PM","75 min.","Adelaide","Free Flow","","Sauna.",3,8,5,176
"09/03/2025","10:00 PM","75 min.","Adelaide","Free Flow","","Sauna..",11,13,2,178
"09/03/2025","10:15 PM","75 min.","Adelaide","Free Flow","","Sauna...",11,15,4,182
"09/04/2025","7:00 AM","60 min.","Adelaide","Guided Down: Unwind - 60 min","","Sauna*",28,32,4,4
"09/04/2025","8:30 AM","75 min.","Adelaide","Free Flow","","Sauna...",15,17,2,6
"09/04/2025","9:00 AM","75 min.","Adelaide","Free Flow","","Sauna....",6,17,11,17
"09/04/2025","9:30 AM","75 min.","Adelaide","Free Flow","","Sauna",16,17,1,18
"09/04/2025","10:00 AM","75 min.","Adelaide","Free Flow","","Sauna..",14,17,3,21
"09/04/2025","10:15 AM","75 min.","Adelaide","Free Flow","","Sauna.",12,17,5,26
"09/04/2025","12:00 PM","60 min.","Adelaide","Guided All Around: Gratitude - 60 min","","Sauna*",22,32,10,36
"09/04/2025","1:45 PM","75 min.","Adelaide","Free Flow","","Sauna.....",6,17,11,47
"09/04/2025","2:15 PM","75 min.","Adelaide","Free Flow","","Sauna.",14,17,3,50
"09/04/2025","2:45 PM","75 min.","Adelaide","Free Flow","","Sauna...",12,17,5,55
"09/04/2025","3:15 PM","75 min.","Adelaide","Free Flow","","Sauna....",14,17,3,58
"09/04/2025","3:45 PM","75 min.","Adelaide","Free Flow","","Sauna.....",11,17,6,64
"09/04/2025","4:15 PM","75 min.","Adelaide","Free Flow","","Sauna.",9,17,8,72
"09/04/2025","4:45 PM","75 min.","Adelaide","Free Flow","","Sauna..",8,15,7,79
"09/04/2025","5:15 PM","75 min.","Adelaide","Free Flow","","Sauna...",1,17,16,95
"09/04/2025","5:45 PM","75 min.","Adelaide","Lively Free Flow","","Sauna....",1,17,16,111
"09/04/2025","6:15 PM","75 min.","Adelaide","Lively Free Flow","","Sauna.....",2,13,11,122
"09/04/2025","7:30 PM","75 min.","Adelaide","Guided Up: Self-Care Sweat","","Sauna*",14,32,18,140
"09/04/2025","8:45 PM","120 min.","Adelaide","Social","","Sauna",,,,140
"09/04/2025","9:00 PM","120 min.","Adelaide","Social","","Sauna....",0,13,13,153
"09/04/2025","9:15 PM","120 min.","Adelaide","Social","","Sauna..",0,23,23,176
"09/05/2025","7:00 AM","60 min.","Adelaide","Guided Up: Awakening - 60 min","","Sauna*",26,32,6,6
"09/05/2025","8:30 AM","75 min.","Adelaide","Free Flow","","Sauna",12,17,5,11
"09/05/2025","9:00 AM","75 min.","Adelaide","Free Flow","","Sauna.",12,17,5,16
"09/05/2025","9:30 AM","75 min.","Adelaide","Free Flow","","Sauna..",15,17,2,18
"09/05/2025","10:00 AM","75 min.","Adelaide","Free Flow","","Sauna...",16,17,1,19
"09/05/2025","10:15 AM","75 min.","Adelaide","Free Flow","","Sauna....",7,17,10,29
"09/05/2025","12:00 PM","60 min.","Adelaide","Guided Down: Deep Stretch - 60 min","","Sauna*",3,30,27,56
"09/05/2025","1:15 PM","75 min.","Adelaide","Free Flow","","Sauna.....",13,17,4,60
"09/05/2025","1:45 PM","75 min.","Adelaide","Free Flow","","Sauna..",9,17,8,68
"09/05/2025","2:15 PM","75 min.","Adelaide","Free Flow","","Sauna...",5,15,10,78
"09/05/2025","2:45 PM","75 min.","Adelaide","Free Flow","","Sauna....",14,17,3,81
"09/05/2025","3:15 PM","75 min.","Adelaide","Free Flow","","Sauna.....",6,17,11,92
"09/05/2025","3:45 PM","75 min.","Adelaide","Free Flow","","Sauna",11,15,4,96
"09/05/2025","4:15 PM","75 min.","Adelaide","Free Flow","","Sauna.",14,17,3,99
"09/05/2025","4:45 PM","75 min.","Adelaide","Free Flow","","Sauna..",11,17,6,105
"09/05/2025","5:15 PM","75 min.","Adelaide","Free Flow","","Sauna...",0,15,15,120
"09/05/2025","5:45 PM","75 min.","Adelaide","Lively Free Flow","","Sauna....",0,13,13,133
"09/05/2025","6:15 PM","75 min.","Adelaide","Lively Free Flow","","Sauna.....",0,13,13,146
"09/05/2025","7:30 PM","75 min.","Adelaide","Guided Down: Sound Immersion","","Sauna*",,,,146
"09/05/2025","8:45 PM","120 min.","Adelaide","Social","","Sauna",1,21,20,166
"09/05/2025","9:00 PM","120 min.","Adelaide","Social","","Sauna....",1,13,12,178
"09/05/2025","9:15 PM","120 min.","Adelaide","Social","","Sauna.",26,30,4,182
"09/06/2025","8:00 AM","75 min.","Adelaide","Guided Down: Sound Immersion","","Sauna*",12,25,13,13
"09/06/2025","9:15 AM","75 min.","Adelaide","Guided Up: Awakening","Kyla Crocker","Sauna*",12,26,14,27
"09/06/2025","10:30 AM","75 min.","Adelaide","Guided Down: Deep Stretch","","Sauna*",9,25,16,43
"09/06/2025","11:45 AM","75 min.","Adelaide","Guided All Around: Release","","Sauna*",5,26,21,64
"09/06/2025","1:00 PM","75 min.","Adelaide","Lively Free Flow","","Sauna...",1,16,15,79
"09/06/2025","1:30 PM","75 min.","Adelaide","Lively Free Flow","","Sauna..",0,8,8,87
"09/06/2025","2:00 PM","75 min.","Adelaide","Lively Free Flow","","Sauna.",2,25,23,110
"09/06/2025","2:30 PM","75 min.","Adelaide","Lively Free Flow","","Sauna.....",1,16,15,125
"09/06/2025","3:00 PM","75 min.","Adelaide","Lively Free Flow","","Sauna",0,8,8,133
"09/06/2025","3:30 PM","75 min.","Adelaide","Lively Free Flow","","Sauna..",12,25,13,146
"09/06/2025","4:00 PM","75 min.","Adelaide","Lively Free Flow","","Sauna.",0,16,16,162
"09/06/2025","4:30 PM","75 min.","Adelaide","Lively Free Flow","","Sauna...",1,8,7,169
"09/06/2025","5:00 PM","75 min.","Adelaide","Lively Free Flow","","Sauna",13,25,12,181
"09/06/2025","5:30 PM","75 min.","Adelaide","Lively Free Flow","","Sauna.",10,16,6,187
"09/06/2025","6:00 PM","75 min.","Adelaide","Lively Free Flow","","Sauna...",4,8,4,191
"09/06/2025","6:30 PM","75 min.","Adelaide","Lively Free Flow","","Sauna.....",3,13,10,201
"09/06/2025","7:45 PM","75 min.","Adelaide","Guided Down: Sound Immersion","","Sauna*",14,32,18,219
"09/06/2025","9:00 PM","120 min.","Adelaide","Social","","Sauna",3,15,12,231
"09/06/2025","9:15 PM","120 min.","Adelaide","Social","","Sauna....",8,13,5,236
"09/06/2025","9:30 PM","120 min.","Adelaide","Social","","Sauna..",17,23,6,242
"09/07/2025","7:00 AM","75 min.","Adelaide","Quieter Free Flow","","Sauna",13,17,4,4
"09/07/2025","7:30 AM","75 min.","Adelaide","Quieter Free Flow","","Sauna.",13,17,4,8
"09/07/2025","8:00 AM","75 min.","Adelaide","Quieter Free Flow","","Sauna..",12,17,5,13
"09/07/2025","8:30 AM","75 min.","Adelaide","Quieter Free Flow","","Sauna",3,17,14,27
"09/07/2025","10:15 AM","75 min.","Adelaide","Guided Down: Rose, Thorn, Bud","","Sauna*",15,26,11,38
"09/07/2025","11:30 AM","75 min.","Adelaide","Guided Down: Sound Immersion","","Sauna*",,,,38
"09/07/2025","12:45 PM","75 min.","Adelaide","Lively Free Flow","","Sauna....",7,21,14,52
"09/07/2025","1:00 PM","75 min.","Adelaide","Lively Free Flow","","Sauna.....",7,15,8,60
"09/07/2025","1:30 PM","75 min.","Adelaide","Lively Free Flow","","Sauna...",4,12,8,68
"09/07/2025","2:00 PM","75 min.","Adelaide","Lively Free Flow","","Sauna",14,21,7,75
"09/07/2025","2:30 PM","75 min.","Adelaide","Lively Free Flow","","Sauna.",13,15,2,77
"09/07/2025","3:00 PM","75 min.","Adelaide","Lively Free Flow","","Sauna...",4,12,8,85
"09/07/2025","3:30 PM","75 min.","Adelaide","Lively Free Flow","","Sauna..",15,21,6,91
"09/07/2025","4:00 PM","75 min.","Adelaide","Lively Free Flow","","Sauna.",5,12,7,98
"09/07/2025","4:30 PM","75 min.","Adelaide","Lively Free Flow","","Sauna",6,20,14,112
"09/07/2025","5:00 PM","75 min.","Adelaide","Lively Free Flow","","Sauna...",5,15,10,122
"09/07/2025","5:30 PM","75 min.","Adelaide","Lively Free Flow","","Sauna.",0,15,15,137
"09/07/2025","6:45 PM","75 min.","Adelaide","Guided Down: Untangle","","Sauna*",3,32,29,166
"09/07/2025","8:00 PM","75 min.","Adelaide","Free Flow","","Sauna...",0,15,15,181
"09/07/2025","8:15 PM","75 min.","Adelaide","Free Flow","","Sauna....",0,8,8,189
"09/07/2025","8:30 PM","75 min.","Adelaide","Free Flow","","Sauna.....",0,15,15,204
"09/07/2025","8:45 PM","75 min.","Adelaide","Free Flow","","Sauna.",3,13,10,214
"09/07/2025","9:30 PM","75 min.","Adelaide","Free Flow","","Sauna..",9,15,6,220
"09/07/2025","9:45 PM","75 min.","Adelaide","Free Flow","","Sauna...",13,15,2,222
"09/07/2025","10:00 PM","75 min.","Adelaide","Free Flow","","Sauna....",11,13,2,224
"09/07/2025","10:15 PM","75 min.","Adelaide","Free Flow","","Sauna.....",6,8,2,226
"08/25/2025","7:00 AM","75 min.","Adelaide","Quieter Free Flow","","Sauna",11,17,6,6
"08/25/2025","7:30 AM","75 min.","Adelaide","Quieter Free Flow","","Sauna.",11,17,6,12
"08/25/2025","8:00 AM","75 min.","Adelaide","Quieter Free Flow","","Sauna..",15,17,2,14
"08/25/2025","8:30 AM","75 min.","Adelaide","Quieter Free Flow","","Sauna",14,17,3,17
"08/25/2025","9:00 AM","75 min.","Adelaide","Quieter Free Flow","","Sauna.",13,17,4,21
"08/25/2025","9:30 AM","75 min.","Adelaide","Quieter Free Flow","","Sauna..",16,17,1,22
"08/25/2025","10:00 AM","75 min.","Adelaide","Quieter Free Flow","","Sauna",15,17,2,24
"08/25/2025","10:15 AM","75 min.","Adelaide","Quieter Free Flow","","Sauna....",11,17,6,30
"08/25/2025","12:00 PM","60 min.","Adelaide","Guided All Around: Journey Through Elements-60 min","","Sauna*",26,32,6,36
"08/25/2025","1:45 PM","75 min.","Adelaide","Free Flow","","Sauna",6,17,11,47
"08/25/2025","2:15 PM","75 min.","Adelaide","Free Flow","","Sauna...",2,17,15,62
"08/25/2025","5:00 PM","75 min.","Adelaide","Free Flow","","Sauna...",2,17,15,77
"08/25/2025","5:15 PM","75 min.","Adelaide","Lively Free Flow","","Sauna..",0,15,15,92
"08/25/2025","6:30 PM","75 min.","Adelaide","Guided Down: Rose, Thorn, Bud","","Sauna*",1,25,24,116
"08/25/2025","7:45 PM","75 min.","Adelaide","Guided Up: Self-Care Sweat","","Sauna*",1,26,25,141
"08/25/2025","9:00 PM","75 min.","Adelaide","Guided Down: Sound Immersion","","Sauna*",2,25,23,164
"08/26/2025","7:00 AM","60 min.","Adelaide","Guided Up: Arctic Tundra - 60 min","","Sauna*",25,32,7,7
"08/26/2025","8:30 AM","75 min.","Adelaide","Quieter Free Flow","","Sauna...",7,17,10,17
"08/26/2025","9:00 AM","75 min.","Adelaide","Quieter Free Flow","","Sauna....",13,17,4,21
"08/26/2025","9:30 AM","75 min.","Adelaide","Quieter Free Flow","","Sauna",12,17,5,26
"08/26/2025","10:00 AM","75 min.","Adelaide","Quieter Free Flow","","Sauna.....",15,17,2,28
"08/26/2025","10:15 AM","75 min.","Adelaide","Quieter Free Flow","","Sauna.",8,17,9,37
"08/26/2025","12:00 PM","60 min.","Adelaide","Guided Down: Sound Immersion - 60 min","","Sauna*",13,25,12,49
"08/26/2025","1:30 PM","75 min.","Adelaide","Guided All Around: Release","","Sauna*",22,26,4,53
"08/26/2025","3:00 PM","75 min.","Adelaide","Free Flow","","Sauna.....",7,17,10,63
"08/26/2025","3:30 PM","75 min.","Adelaide","Free Flow","","Sauna.",8,17,9,72
"08/26/2025","4:00 PM","75 min.","Adelaide","Free Flow","","Sauna..",13,17,4,76
"08/26/2025","4:30 PM","75 min.","Adelaide","Free Flow","","Sauna...",10,17,7,83
"08/26/2025","5:00 PM","75 min.","Adelaide","Free Flow","","Sauna....",0,13,13,96
"08/26/2025","5:30 PM","75 min.","Adelaide","Lively Free Flow","","Sauna.....",1,15,14,110
"08/26/2025","6:45 PM","75 min.","Adelaide","Guided Down: Untangle","","Sauna*",3,32,29,139
"08/26/2025","8:00 PM","75 min.","Adelaide","Free Flow","","Sauna...",0,15,15,154
"08/26/2025","8:15 PM","75 min.","Adelaide","Free Flow","","Sauna....",1,8,7,161
"08/26/2025","8:30 PM","75 min.","Adelaide","Free Flow","","Sauna.....",0,13,13,174
"08/26/2025","8:45 PM","75 min.","Adelaide","Free Flow","","Sauna.",1,15,14,188
"08/26/2025","9:30 PM","75 min.","Adelaide","Free Flow","","Sauna..",1,15,14,202
"08/26/2025","9:45 PM","75 min.","Adelaide","Free Flow","","Sauna...",4,15,11,213
"08/26/2025","10:00 PM","75 min.","Adelaide","Free Flow","","Sauna....",10,13,3,216
"08/26/2025","10:15 PM","75 min.","Adelaide","Free Flow","","Sauna.....",13,15,2,218
"08/27/2025","7:00 AM","60 min.","Adelaide","Guided Down: Deep Stretch - 60 min","","Sauna*",24,30,6,6
"08/27/2025","8:30 AM","75 min.","Adelaide","Free Flow","","Sauna",14,17,3,9
"08/27/2025","9:00 AM","75 min.","Adelaide","Free Flow","","Sauna.",11,17,6,15
"08/27/2025","9:30 AM","75 min.","Adelaide","Free Flow","","Sauna..",7,17,10,25
"08/27/2025","10:00 AM","75 min.","Adelaide","Free Flow","","Sauna...",17,17,0,25
"08/27/2025","10:15 AM","75 min.","Adelaide","Free Flow","","Sauna....",16,17,1,26
"08/27/2025","12:00 PM","60 min.","Adelaide","Guided Down: Deep Stretch - 60 min","","Sauna*",20,32,12,38
"08/27/2025","1:15 PM","75 min.","Adelaide","Free Flow","","Sauna....",9,17,8,46
"08/27/2025","1:45 PM","75 min.","Adelaide","Free Flow","","Sauna..",13,17,4,50
"08/27/2025","2:15 PM","75 min.","Adelaide","Free Flow","","Sauna",11,17,6,56
"08/27/2025","2:45 PM","75 min.","Adelaide","Free Flow","","Sauna.",8,17,9,65
"08/27/2025","3:15 PM","75 min.","Adelaide","Free Flow","","Sauna..",12,17,5,70
"08/27/2025","3:45 PM","75 min.","Adelaide","Free Flow","","Sauna...",10,13,3,73
"08/27/2025","4:15 PM","75 min.","Adelaide","Free Flow","","Sauna....",6,15,9,82
"08/27/2025","5:30 PM","75 min.","Adelaide","Guided All Around: Release","","Sauna*",17,25,8,90
"08/27/2025","6:45 PM","75 min.","Adelaide","Guided Down: Sound Immersion","Stuart Campbell","Sauna*",,,,90
"08/27/2025","8:00 PM","75 min.","Adelaide","Free Flow","","Sauna...",0,15,15,105
"08/27/2025","8:15 PM","75 min.","Adelaide","Free Flow","","Sauna....",0,8,8,113
"08/27/2025","8:30 PM","75 min.","Adelaide","Free Flow","","Sauna.....",0,13,13,126
"08/27/2025","8:45 PM","75 min.","Adelaide","Free Flow","","Sauna.",2,15,13,139
"08/27/2025","9:30 PM","75 min.","Adelaide","Free Flow","","Sauna..",1,15,14,153
"08/27/2025","9:45 PM","75 min.","Adelaide","Free Flow","","Sauna...",4,8,4,157
"08/27/2025","10:00 PM","75 min.","Adelaide","Free Flow","","Sauna....",9,13,4,161
"08/27/2025","10:15 PM","75 min.","Adelaide","Free Flow","","Sauna.....",14,15,1,162
"08/28/2025","7:00 AM","60 min.","Adelaide","Guided Down: Unwind - 60 min","","Sauna*",28,32,4,4
"08/28/2025","8:30 AM","75 min.","Adelaide","Free Flow","","Sauna...",7,17,10,14
"08/28/2025","9:00 AM","75 min.","Adelaide","Free Flow","","Sauna....",14,17,3,17
"08/28/2025","9:30 AM","75 min.","Adelaide","Free Flow","","Sauna",12,17,5,22
"08/28/2025","10:00 AM","75 min.","Adelaide","Free Flow","","Sauna..",12,17,5,27
"08/28/2025","10:15 AM","75 min.","Adelaide","Free Flow","","Sauna.",10,17,7,34
"08/28/2025","12:00 PM","60 min.","Adelaide","Guided Down: Senses - 60 min","","Sauna*",26,32,6,40
"08/28/2025","1:45 PM","75 min.","Adelaide","Free Flow","","Sauna.....",5,17,12,52
"08/28/2025","2:15 PM","75 min.","Adelaide","Free Flow","","Sauna.",10,17,7,59
"08/28/2025","2:45 PM","75 min.","Adelaide","Free Flow","","Sauna...",15,17,2,61
"08/28/2025","3:15 PM","75 min.","Adelaide","Free Flow","","Sauna....",5,17,12,73
"08/28/2025","3:45 PM","75 min.","Adelaide","Free Flow","","Sauna.....",13,17,4,77
"08/28/2025","4:15 PM","75 min.","Adelaide","Free Flow","","Sauna.",11,17,6,83
"08/28/2025","4:45 PM","75 min.","Adelaide","Free Flow","","Sauna..",7,15,8,91
"08/28/2025","5:15 PM","75 min.","Adelaide","Free Flow","","Sauna...",6,17,11,102
"08/28/2025","5:45 PM","75 min.","Adelaide","Lively Free Flow","","Sauna....",2,13,11,113
"08/28/2025","6:15 PM","75 min.","Adelaide","Lively Free Flow","","Sauna.....",2,15,13,126
"08/28/2025","7:30 PM","75 min.","Adelaide","Guided Up: Self-Care Sweat","","Sauna*",3,30,27,153
"08/28/2025","8:45 PM","120 min.","Adelaide","Social","","Sauna",2,21,19,172
"08/28/2025","9:15 PM","120 min.","Adelaide","Social","","Sauna..",8,30,22,194
"08/29/2025","7:00 AM","60 min.","Adelaide","Guided Down: Deep Stretch - 60 min","","Sauna*",25,30,5,5
"08/29/2025","8:30 AM","75 min.","Adelaide","Free Flow","","Sauna",9,17,8,13
"08/29/2025","9:00 AM","75 min.","Adelaide","Free Flow","","Sauna.",14,17,3,16
"08/29/2025","9:30 AM","75 min.","Adelaide","Free Flow","","Sauna..",3,17,14,30
"08/29/2025","10:00 AM","75 min.","Adelaide","Free Flow","","Sauna...",8,17,9,39
"08/29/2025","10:15 AM","75 min.","Adelaide","Free Flow","","Sauna....",8,17,9,48
"08/29/2025","1:15 PM","75 min.","Adelaide","Free Flow","","Sauna.....",5,17,12,60
"08/29/2025","1:45 PM","75 min.","Adelaide","Free Flow","","Sauna..",13,17,4,64
"08/29/2025","2:15 PM","75 min.","Adelaide","Free Flow","","Sauna...",2,15,13,77
"08/29/2025","2:45 PM","75 min.","Adelaide","Free Flow","","Sauna....",11,17,6,83
"08/29/2025","3:15 PM","75 min.","Adelaide","Free Flow","","Sauna.....",11,17,6,89
"08/29/2025","3:45 PM","75 min.","Adelaide","Free Flow","","Sauna",0,15,15,104
"08/29/2025","4:15 PM","75 min.","Adelaide","Free Flow","","Sauna.",7,17,10,114
"08/29/2025","4:45 PM","75 min.","Adelaide","Free Flow","","Sauna..",9,17,8,122
"08/29/2025","5:15 PM","75 min.","Adelaide","Free Flow","","Sauna...",4,15,11,133
"08/29/2025","5:45 PM","75 min.","Adelaide","Lively Free Flow","","Sauna....",0,13,13,146
"08/29/2025","6:15 PM","75 min.","Adelaide","Lively Free Flow","","Sauna.....",0,15,15,161
"08/29/2025","7:30 PM","75 min.","Adelaide","Guided Down: Pure Presence","","Sauna*",6,30,24,185
"08/29/2025","8:45 PM","120 min.","Adelaide","Social","","Sauna",1,21,20,205
"08/29/2025","9:15 PM","120 min.","Adelaide","Social","","Sauna.",7,30,23,228
"08/30/2025","8:00 AM","75 min.","Adelaide","Guided Down: Sound Immersion","","Sauna*",16,25,9,9
"08/30/2025","9:15 AM","75 min.","Adelaide","Free Flow","","Sauna*",24,26,2,11
"08/30/2025","10:30 AM","75 min.","Adelaide","Guided Down: Deep Stretch","","Sauna*",12,25,13,24
"08/30/2025","11:45 AM","75 min.","Adelaide","Guided All Around: Release","","Sauna*",,,,24
"08/30/2025","1:00 PM","75 min.","Adelaide","Lively Free Flow","","Sauna...",4,16,12,36
"08/30/2025","1:30 PM","75 min.","Adelaide","Lively Free Flow","","Sauna..",4,8,4,40
"08/30/2025","2:00 PM","75 min.","Adelaide","Lively Free Flow","","Sauna.",5,25,20,60
"08/30/2025","2:30 PM","75 min.","Adelaide","Lively Free Flow","","Sauna.....",11,16,5,65
"08/30/2025","3:00 PM","75 min.","Adelaide","Lively Free Flow","","Sauna",0,8,8,73
"08/30/2025","3:30 PM","75 min.","Adelaide","Lively Free Flow","","Sauna..",12,25,13,86
"08/30/2025","4:00 PM","75 min.","Adelaide","Lively Free Flow","","Sauna.",5,16,11,97
"08/30/2025","4:30 PM","75 min.","Adelaide","Lively Free Flow","","Sauna...",1,8,7,104
"08/30/2025","5:00 PM","75 min.","Adelaide","Lively Free Flow","","Sauna",16,25,9,113
"08/30/2025","5:30 PM","75 min.","Adelaide","Lively Free Flow","","Sauna.",11,16,5,118
"08/30/2025","6:00 PM","75 min.","Adelaide","Lively Free Flow","","Sauna...",5,8,3,121
"08/30/2025","6:30 PM","75 min.","Adelaide","Lively Free Flow","","Sauna.....",0,15,15,136
"08/30/2025","7:45 PM","75 min.","Adelaide","Guided All Around: Loving Kindness","","Sauna*",10,32,22,158
"08/30/2025","9:00 PM","120 min.","Adelaide","Social","","Sauna",3,19,16,174
"08/30/2025","9:30 PM","120 min.","Adelaide","Social","","Sauna..",0,30,30,204
"08/31/2025","7:00 AM","75 min.","Adelaide","Quieter Free Flow","","Sauna",16,17,1,1
"08/31/2025","7:30 AM","75 min.","Adelaide","Quieter Free Flow","","Sauna.",16,17,1,2
"08/31/2025","8:00 AM","75 min.","Adelaide","Quieter Free Flow","","Sauna..",7,17,10,12
"08/31/2025","8:30 AM","75 min.","Adelaide","Quieter Free Flow","","Sauna",1,17,16,28
"08/31/2025","10:15 AM","75 min.","Adelaide","Guided Down: Pure Presence","","Sauna*",8,26,18,46
"08/31/2025","11:30 AM","75 min.","Adelaide","Guided Down: Sound Immersion","","Sauna*",3,25,22,68
"08/31/2025","12:45 PM","75 min.","Adelaide","Lively Free Flow","","Sauna....",6,21,15,83
"08/31/2025","1:00 PM","75 min.","Adelaide","Lively Free Flow","","Sauna.....",6,15,9,92
"08/31/2025","1:30 PM","75 min.","Adelaide","Lively Free Flow","","Sauna...",5,12,7,99
"08/31/2025","2:00 PM","75 min.","Adelaide","Lively Free Flow","","Sauna",11,21,10,109
"08/31/2025","2:30 PM","75 min.","Adelaide","Lively Free Flow","","Sauna.",13,15,2,111
"08/31/2025","3:00 PM","75 min.","Adelaide","Lively Free Flow","","Sauna...",7,12,5,116
"08/31/2025","3:30 PM","75 min.","Adelaide","Lively Free Flow","","Sauna..",14,21,7,123
"08/31/2025","4:00 PM","75 min.","Adelaide","Lively Free Flow","","Sauna.",6,12,6,129
"08/31/2025","4:30 PM","75 min.","Adelaide","Lively Free Flow","","Sauna",7,20,13,142
"08/31/2025","5:00 PM","75 min.","Adelaide","Lively Free Flow","","Sauna...",6,15,9,151
"08/31/2025","5:30 PM","75 min.","Adelaide","Lively Free Flow","","Sauna.",4,15,11,162
"08/31/2025","6:45 PM","75 min.","Adelaide","Guided Down: Untangle","","Sauna*",8,32,24,186
"08/31/2025","8:00 PM","75 min.","Adelaide","Free Flow","","Sauna...",2,15,13,199
"08/31/2025","8:15 PM","75 min.","Adelaide","Free Flow","","Sauna....",1,8,7,206
"08/31/2025","8:30 PM","75 min.","Adelaide","Free Flow","","Sauna.....",7,15,8,214
"08/31/2025","8:45 PM","75 min.","Adelaide","Free Flow","","Sauna.",4,13,9,223
"08/31/2025","10:00 PM","75 min.","Adelaide","Quieter Free Flow","","Sauna....",4,13,9,232
"08/31/2025","10:15 PM","75 min.","Adelaide","Quieter Free Flow","","Sauna.....",10,15,5,237
"08/18/2025","7:00 AM","75 min.","Adelaide","Quieter Free Flow","","Sauna",10,17,7,7
"08/18/2025","7:30 AM","75 min.","Adelaide","Quieter Free Flow","","Sauna.",13,17,4,11
"08/18/2025","8:00 AM","75 min.","Adelaide","Quieter Free Flow","","Sauna..",14,17,3,14
"08/18/2025","8:30 AM","75 min.","Adelaide","Quieter Free Flow","","Sauna",14,17,3,17
"08/18/2025","9:00 AM","75 min.","Adelaide","Quieter Free Flow","","Sauna.",14,17,3,20
"08/18/2025","9:30 AM","75 min.","Adelaide","Quieter Free Flow","","Sauna..",12,17,5,25
"08/18/2025","10:00 AM","75 min.","Adelaide","Quieter Free Flow","","Sauna",13,17,4,29
"08/18/2025","10:15 AM","75 min.","Adelaide","Quieter Free Flow","","Sauna....",11,17,6,35
"08/18/2025","12:00 PM","60 min.","Adelaide","Guided All Around: Acceptance - 60 min","","Sauna*",14,32,18,53
"08/18/2025","1:45 PM","75 min.","Adelaide","Free Flow","","Sauna",5,17,12,65
"08/18/2025","2:15 PM","75 min.","Adelaide","Free Flow","","Sauna...",11,17,6,71
"08/18/2025","2:45 PM","75 min.","Adelaide","Free Flow","","Sauna.",16,17,1,72
"08/18/2025","3:15 PM","75 min.","Adelaide","Free Flow","","Sauna..",13,17,4,76
"08/18/2025","3:45 PM","75 min.","Adelaide","Free Flow","","Sauna.....",14,17,3,79
"08/18/2025","4:15 PM","75 min.","Adelaide","Free Flow","","Sauna....",10,17,7,86
"08/18/2025","4:45 PM","75 min.","Adelaide","Free Flow","","Sauna...",6,17,11,97
"08/18/2025","5:15 PM","75 min.","Adelaide","Lively Free Flow","","Sauna..",0,15,15,112
"08/18/2025","6:30 PM","75 min.","Adelaide","Guided Down: Sound Immersion","","Sauna*",6,25,19,131
"08/18/2025","7:45 PM","75 min.","Adelaide","Guided Down: Senses","","Sauna*",3,26,23,154
"08/18/2025","9:00 PM","75 min.","Adelaide","Guided All Around: Gratitude","","Sauna*",,,,154
"08/19/2025","7:00 AM","60 min.","Adelaide","Guided Up: Arctic Tundra - 60 min","","Sauna*",19,32,13,13
"08/19/2025","8:30 AM","75 min.","Adelaide","Quieter Free Flow","","Sauna...",10,17,7,20
"08/19/2025","9:00 AM","75 min.","Adelaide","Quieter Free Flow","","Sauna....",10,17,7,27
"08/19/2025","9:30 AM","75 min.","Adelaide","Quieter Free Flow","","Sauna",16,17,1,28
"08/19/2025","10:00 AM","75 min.","Adelaide","Quieter Free Flow","","Sauna.....",16,17,1,29
"08/19/2025","10:15 AM","75 min.","Adelaide","Quieter Free Flow","","Sauna.",9,17,8,37
"08/19/2025","12:00 PM","60 min.","Adelaide","Guided Down: Sound Immersion - 60 min","","Sauna*",20,25,5,42
"08/19/2025","1:30 PM","75 min.","Adelaide","Guided Down: Self-Care Sweat","","Sauna*",11,26,15,57
"08/19/2025","3:00 PM","75 min.","Adelaide","Free Flow","","Sauna.....",0,17,17,74
"08/19/2025","3:30 PM","75 min.","Adelaide","Free Flow","","Sauna.",13,17,4,78
"08/19/2025","4:00 PM","75 min.","Adelaide","Free Flow","","Sauna..",14,17,3,81
"08/19/2025","4:30 PM","75 min.","Adelaide","Free Flow","","Sauna...",8,17,9,90
"08/19/2025","5:00 PM","75 min.","Adelaide","Free Flow","","Sauna....",3,13,10,100
"08/19/2025","5:30 PM","75 min.","Adelaide","Lively Free Flow","","Sauna.....",0,15,15,115
"08/19/2025","6:45 PM","75 min.","Adelaide","Guided Down: Sound Immersion","","Sauna*",1,32,31,146
"08/19/2025","8:00 PM","75 min.","Adelaide","Free Flow","","Sauna...",2,15,13,159
"08/19/2025","8:15 PM","75 min.","Adelaide","Free Flow","","Sauna....",1,8,7,166
"08/19/2025","8:30 PM","75 min.","Adelaide","Free Flow","","Sauna.....",0,13,13,179
"08/19/2025","8:45 PM","75 min.","Adelaide","Free Flow","","Sauna.",1,15,14,193
"08/19/2025","9:30 PM","75 min.","Adelaide","Free Flow","","Sauna..",1,15,14,207
"08/19/2025","9:45 PM","75 min.","Adelaide","Free Flow","","Sauna...",4,15,11,218
"08/19/2025","10:00 PM","75 min.","Adelaide","Free Flow","","Sauna....",7,13,6,224
"08/19/2025","10:15 PM","75 min.","Adelaide","Free Flow","","Sauna.....",12,15,3,227
"08/20/2025","7:00 AM","60 min.","Adelaide","Guided Down: Deep Stretch - 60 min","","Sauna*",23,30,7,7
"08/20/2025","8:30 AM","75 min.","Adelaide","Free Flow","","Sauna",12,17,5,12
"08/20/2025","9:00 AM","75 min.","Adelaide","Free Flow","","Sauna.",13,17,4,16
"08/20/2025","9:30 AM","75 min.","Adelaide","Free Flow","","Sauna..",13,17,4,20
"08/20/2025","10:00 AM","75 min.","Adelaide","Free Flow","","Sauna...",12,17,5,25
"08/20/2025","10:15 AM","75 min.","Adelaide","Free Flow","","Sauna....",7,17,10,35
"08/20/2025","12:00 PM","60 min.","Adelaide","Guided Down: Deep Stretch - 60 min","","Sauna*",21,30,9,44
"08/20/2025","1:15 PM","75 min.","Adelaide","Free Flow","","Sauna....",9,17,8,52
"08/20/2025","1:45 PM","75 min.","Adelaide","Free Flow","","Sauna..",13,17,4,56
"08/20/2025","2:15 PM","75 min.","Adelaide","Free Flow","","Sauna",14,17,3,59
"08/20/2025","2:45 PM","75 min.","Adelaide","Free Flow","","Sauna.",16,17,1,60
"08/20/2025","3:15 PM","75 min.","Adelaide","Free Flow","","Sauna..",10,17,7,67
"08/20/2025","3:45 PM","75 min.","Adelaide","Free Flow","","Sauna...",9,13,4,71
"08/20/2025","4:15 PM","75 min.","Adelaide","Free Flow","","Sauna....",1,15,14,85
"08/20/2025","5:30 PM","75 min.","Adelaide","Guided Up: Feel Good Now","","Sauna*",,,,85
"08/20/2025","6:45 PM","75 min.","Adelaide","Guided Down: Sound Immersion","Stuart Campbell","Sauna*",,,,85
"08/20/2025","8:00 PM","75 min.","Adelaide","Free Flow","","Sauna...",0,15,15,100
"08/20/2025","8:15 PM","75 min.","Adelaide","Free Flow","","Sauna....",0,8,8,108
"08/20/2025","8:30 PM","75 min.","Adelaide","Free Flow","","Sauna.....",0,13,13,121
"08/20/2025","8:45 PM","75 min.","Adelaide","Free Flow","","Sauna.",0,15,15,136
"08/20/2025","9:30 PM","75 min.","Adelaide","Free Flow","","Sauna..",0,15,15,151
"08/20/2025","9:45 PM","75 min.","Adelaide","Free Flow","","Sauna...",2,8,6,157
"08/20/2025","10:00 PM","75 min.","Adelaide","Free Flow","","Sauna....",13,13,0,157
"08/20/2025","10:15 PM","75 min.","Adelaide","Free Flow","","Sauna.....",14,15,1,158
"08/21/2025","7:00 AM","60 min.","Adelaide","Guided Down: Unwind - 60 min","","Sauna*",25,32,7,7
"08/21/2025","8:30 AM","75 min.","Adelaide","Free Flow","","Sauna...",8,17,9,16
"08/21/2025","9:00 AM","75 min.","Adelaide","Free Flow","","Sauna....",12,17,5,21
"08/21/2025","9:30 AM","75 min.","Adelaide","Free Flow","","Sauna",14,17,3,24
"08/21/2025","10:00 AM","75 min.","Adelaide","Free Flow","","Sauna..",8,17,9,33
"08/21/2025","10:15 AM","75 min.","Adelaide","Free Flow","","Sauna.",5,17,12,45
"08/21/2025","12:00 PM","60 min.","Adelaide","Guided All Around: Journey Through Elements-60 min","","Sauna*",13,32,19,64
"08/21/2025","1:45 PM","75 min.","Adelaide","Free Flow","","Sauna.....",3,17,14,78
"08/21/2025","2:15 PM","75 min.","Adelaide","Free Flow","","Sauna.",11,17,6,84
"08/21/2025","2:45 PM","75 min.","Adelaide","Free Flow","","Sauna...",8,17,9,93
"08/21/2025","3:15 PM","75 min.","Adelaide","Free Flow","","Sauna....",15,17,2,95
"08/21/2025","3:45 PM","75 min.","Adelaide","Free Flow","","Sauna.....",12,17,5,100
"08/21/2025","4:15 PM","75 min.","Adelaide","Free Flow","","Sauna.",11,17,6,106
"08/21/2025","4:45 PM","75 min.","Adelaide","Free Flow","","Sauna..",9,15,6,112
"08/21/2025","5:15 PM","75 min.","Adelaide","Free Flow","","Sauna...",1,17,16,128
"08/21/2025","5:45 PM","75 min.","Adelaide","Lively Free Flow","","Sauna....",0,13,13,141
"08/21/2025","6:15 PM","75 min.","Adelaide","Lively Free Flow","","Sauna.....",1,15,14,155
"08/21/2025","7:30 PM","75 min.","Adelaide","Guided All Around: Reset","","Sauna*",,,,155
"08/21/2025","8:45 PM","120 min.","Adelaide","Social","","Sauna",1,26,25,180
"08/21/2025","9:15 PM","120 min.","Adelaide","Social","","Sauna..",1,25,24,204
"08/22/2025","7:00 AM","60 min.","Adelaide","Guided Down: Deep Stretch - 60 min","Lammy Clark","Sauna*",23,30,7,7
"08/22/2025","8:30 AM","75 min.","Adelaide","Free Flow","","Sauna",3,17,14,21
"08/22/2025","9:00 AM","75 min.","Adelaide","Free Flow","","Sauna.",15,17,2,23
"08/22/2025","9:30 AM","75 min.","Adelaide","Free Flow","","Sauna..",13,17,4,27
"08/22/2025","10:00 AM","75 min.","Adelaide","Free Flow","","Sauna...",14,17,3,30
"08/22/2025","10:15 AM","75 min.","Adelaide","Free Flow","","Sauna....",11,17,6,36
"08/22/2025","12:00 PM","60 min.","Adelaide","Guided Down: Self-Care Sweat - 60 min","","Sauna*",12,32,20,56
"08/22/2025","1:15 PM","75 min.","Adelaide","Free Flow","","Sauna.....",6,17,11,67
"08/22/2025","1:45 PM","75 min.","Adelaide","Free Flow","","Sauna..",14,17,3,70
"08/22/2025","2:15 PM","75 min.","Adelaide","Free Flow","","Sauna...",6,15,9,79
"08/22/2025","2:45 PM","75 min.","Adelaide","Free Flow","","Sauna....",7,17,10,89
"08/22/2025","3:15 PM","75 min.","Adelaide","Free Flow","","Sauna.....",12,17,5,94
"08/22/2025","3:45 PM","75 min.","Adelaide","Free Flow","","Sauna",14,15,1,95
"08/22/2025","4:15 PM","75 min.","Adelaide","Free Flow","","Sauna.",2,17,15,110
"08/22/2025","4:45 PM","75 min.","Adelaide","Free Flow","","Sauna..",9,17,8,118
"08/22/2025","5:15 PM","75 min.","Adelaide","Free Flow","","Sauna...",3,15,12,130
"08/22/2025","5:45 PM","75 min.","Adelaide","Lively Free Flow","","Sauna....",1,13,12,142
"08/22/2025","6:15 PM","75 min.","Adelaide","Lively Free Flow","","Sauna.....",0,15,15,157
"08/22/2025","7:30 PM","75 min.","Adelaide","Guided All Around: Reflect","","Sauna*",,,,157
"08/22/2025","8:45 PM","120 min.","Adelaide","Social","","Sauna",1,21,20,177
"08/22/2025","9:15 PM","120 min.","Adelaide","Social","","Sauna.",3,25,22,199
"08/23/2025","8:00 AM","75 min.","Adelaide","Guided All Around: Loving Kindness","","Sauna*",10,25,15,15
"08/23/2025","9:15 AM","75 min.","Adelaide","Guided Down: Sound Immersion","","Sauna*",15,26,11,26
"08/23/2025","10:30 AM","75 min.","Adelaide","Guided Down: Deep Stretch","","Sauna*",8,25,17,43
"08/23/2025","11:45 AM","75 min.","Adelaide","Guided Up: Awakening","","Sauna*",13,26,13,56
"08/23/2025","1:00 PM","75 min.","Adelaide","Lively Free Flow","","Sauna...",6,16,10,66
"08/23/2025","1:30 PM","75 min.","Adelaide","Lively Free Flow","","Sauna..",0,8,8,74
"08/23/2025","2:00 PM","75 min.","Adelaide","Lively Free Flow","","Sauna.",10,25,15,89
"08/23/2025","2:30 PM","75 min.","Adelaide","Lively Free Flow","","Sauna.....",10,16,6,95
"08/23/2025","3:00 PM","75 min.","Adelaide","Lively Free Flow","","Sauna",0,8,8,103
"08/23/2025","3:30 PM","75 min.","Adelaide","Lively Free Flow","","Sauna..",19,25,6,109
"08/23/2025","4:00 PM","75 min.","Adelaide","Lively Free Flow","","Sauna.",9,16,7,116
"08/23/2025","4:30 PM","75 min.","Adelaide","Lively Free Flow","","Sauna...",0,8,8,124
"08/23/2025","5:00 PM","75 min.","Adelaide","Lively Free Flow","","Sauna",14,25,11,135
"08/23/2025","5:30 PM","75 min.","Adelaide","Lively Free Flow","","Sauna.",9,16,7,142
"08/23/2025","6:00 PM","75 min.","Adelaide","Lively Free Flow","","Sauna...",3,8,5,147
"08/23/2025","6:30 PM","75 min.","Adelaide","Lively Free Flow","","Sauna.....",9,15,6,153
"08/23/2025","7:45 PM","75 min.","Adelaide","Guided Down: Sound Immersion","","Sauna*",12,32,20,173
"08/23/2025","9:00 PM","120 min.","Adelaide","Social","","Sauna",11,19,8,181
"08/23/2025","9:30 PM","120 min.","Adelaide","Social","","Sauna..",20,26,6,187
"08/24/2025","7:00 AM","75 min.","Adelaide","Quieter Free Flow","","Sauna",13,17,4,4
"08/24/2025","7:30 AM","75 min.","Adelaide","Quieter Free Flow","","Sauna.",14,17,3,7
"08/24/2025","8:00 AM","75 min.","Adelaide","Quieter Free Flow","","Sauna..",11,17,6,13
"08/24/2025","8:30 AM","75 min.","Adelaide","Quieter Free Flow","","Sauna",2,17,15,28
"08/24/2025","10:15 AM","75 min.","Adelaide","Guided Down: Rose, Thorn, Bud","","Sauna*",3,26,23,51
"08/24/2025","11:30 AM","75 min.","Adelaide","Guided All Around: Journey Through the Elements","","Sauna*",2,25,23,74
"08/24/2025","12:45 PM","75 min.","Adelaide","Lively Free Flow","","Sauna....",6,21,15,89
"08/24/2025","1:00 PM","75 min.","Adelaide","Lively Free Flow","","Sauna.....",2,15,13,102
"08/24/2025","1:30 PM","75 min.","Adelaide","Lively Free Flow","","Sauna...",7,12,5,107
"08/24/2025","2:00 PM","75 min.","Adelaide","Lively Free Flow","","Sauna",14,21,7,114
"08/24/2025","2:30 PM","75 min.","Adelaide","Lively Free Flow","","Sauna.",12,15,3,117
"08/24/2025","3:00 PM","75 min.","Adelaide","Lively Free Flow","","Sauna...",2,12,10,127
"08/24/2025","3:30 PM","75 min.","Adelaide","Lively Free Flow","","Sauna..",18,21,3,130
"08/24/2025","4:00 PM","75 min.","Adelaide","Lively Free Flow","","Sauna.",4,12,8,138
"08/24/2025","4:30 PM","75 min.","Adelaide","Lively Free Flow","","Sauna",6,20,14,152
"08/24/2025","5:00 PM","75 min.","Adelaide","Lively Free Flow","","Sauna...",0,15,15,167
"08/24/2025","5:30 PM","75 min.","Adelaide","Lively Free Flow","","Sauna.",1,15,14,181
"08/24/2025","6:45 PM","75 min.","Adelaide","Guided Down: Untangle","","Sauna*",1,32,31,212
"08/24/2025","8:00 PM","75 min.","Adelaide","Free Flow","","Sauna...",0,15,15,227
"08/24/2025","8:15 PM","75 min.","Adelaide","Free Flow","","Sauna....",0,15,15,242
"08/24/2025","8:30 PM","75 min.","Adelaide","Free Flow","","Sauna.....",0,15,15,257
"08/24/2025","8:45 PM","75 min.","Adelaide","Free Flow","","Sauna.",0,8,8,265
"08/24/2025","10:00 PM","75 min.","Adelaide","Quieter Free Flow","","Sauna....",1,13,12,277
"08/24/2025","10:15 PM","75 min.","Adelaide","Quieter Free Flow","","Sauna.....",11,15,4,281
"08/11/2025","7:00 AM","75 min.","Adelaide","Quieter Free Flow","","Sauna",8,17,9,9
"08/11/2025","7:30 AM","75 min.","Adelaide","Quieter Free Flow","","Sauna.",14,17,3,12
"08/11/2025","8:00 AM","75 min.","Adelaide","Quieter Free Flow","","Sauna..",11,17,6,18
"08/11/2025","8:30 AM","75 min.","Adelaide","Quieter Free Flow","","Sauna",14,17,3,21
"08/11/2025","9:00 AM","75 min.","Adelaide","Quieter Free Flow","","Sauna.",16,17,1,22
"08/11/2025","9:30 AM","75 min.","Adelaide","Quieter Free Flow","","Sauna..",14,17,3,25
"08/11/2025","10:00 AM","75 min.","Adelaide","Quieter Free Flow","","Sauna",14,17,3,28
"08/11/2025","10:15 AM","75 min.","Adelaide","Quieter Free Flow","","Sauna....",13,17,4,32
"08/11/2025","12:00 PM","60 min.","Adelaide","Guided Down: Senses - 60 min","","Sauna*",28,32,4,36
"08/11/2025","1:45 PM","75 min.","Adelaide","Free Flow","","Sauna",9,17,8,44
"08/11/2025","2:15 PM","75 min.","Adelaide","Free Flow","","Sauna...",16,17,1,45
"08/11/2025","2:45 PM","75 min.","Adelaide","Free Flow","","Sauna.",17,17,0,45
"08/11/2025","3:15 PM","75 min.","Adelaide","Free Flow","","Sauna..",13,17,4,49
"08/11/2025","3:45 PM","75 min.","Adelaide","Free Flow","","Sauna.....",12,17,5,54
"08/11/2025","4:15 PM","75 min.","Adelaide","Free Flow","","Sauna....",12,17,5,59
"08/11/2025","4:45 PM","75 min.","Adelaide","Free Flow","","Sauna...",5,17,12,71
"08/11/2025","5:15 PM","75 min.","Adelaide","Lively Free Flow","","Sauna..",1,17,16,87
"08/11/2025","6:30 PM","75 min.","Adelaide","Guided All Around: Acceptance","","Sauna*",,,,87
"08/11/2025","7:45 PM","75 min.","Adelaide","Guided All Around: Gratitude","","Sauna*",,,,87
"08/11/2025","9:00 PM","75 min.","Adelaide","Guided All Around: Loving Kindness","","Sauna*",,,,87
"08/12/2025","7:00 AM","60 min.","Adelaide","Guided Up: Arctic Tundra - 60 min","","Sauna*",21,32,11,11
"08/12/2025","8:30 AM","75 min.","Adelaide","Quieter Free Flow","","Sauna...",9,17,8,19
"08/12/2025","9:00 AM","75 min.","Adelaide","Quieter Free Flow","","Sauna....",15,17,2,21
"08/12/2025","9:30 AM","75 min.","Adelaide","Quieter Free Flow","","Sauna",14,17,3,24
"08/12/2025","10:00 AM","75 min.","Adelaide","Quieter Free Flow","","Sauna.....",16,17,1,25
"08/12/2025","10:15 AM","75 min.","Adelaide","Quieter Free Flow","","Sauna.",16,17,1,26
"08/12/2025","12:00 PM","75 min.","Adelaide","Free Flow","","Sauna*",19,25,6,32
"08/12/2025","1:30 PM","75 min.","Adelaide","Guided All Around: Reset","","Sauna*",12,26,14,46
"08/12/2025","3:00 PM","75 min.","Adelaide","Free Flow","","Sauna.....",9,17,8,54
"08/12/2025","3:30 PM","75 min.","Adelaide","Free Flow","","Sauna.",14,17,3,57
"08/12/2025","4:00 PM","75 min.","Adelaide","Free Flow","","Sauna..",9,17,8,65
"08/12/2025","4:30 PM","75 min.","Adelaide","Free Flow","","Sauna...",6,17,11,76
"08/12/2025","5:00 PM","75 min.","Adelaide","Free Flow","","Sauna....",8,13,5,81
"08/12/2025","5:30 PM","75 min.","Adelaide","Lively Free Flow","","Sauna.....",5,15,10,91
"08/12/2025","6:45 PM","75 min.","Adelaide","Guided All Around: Hero's Journey","","Sauna*",5,32,27,118
"08/12/2025","8:00 PM","75 min.","Adelaide","Free Flow","","Sauna...",0,15,15,133
"08/12/2025","8:15 PM","75 min.","Adelaide","Free Flow","","Sauna....",0,8,8,141
"08/12/2025","8:30 PM","75 min.","Adelaide","Free Flow","","Sauna.....",0,13,13,154
"08/12/2025","8:45 PM","75 min.","Adelaide","Free Flow","","Sauna.",1,15,14,168
"08/12/2025","9:30 PM","75 min.","Adelaide","Free Flow","","Sauna..",0,15,15,183
"08/12/2025","9:45 PM","75 min.","Adelaide","Free Flow","","Sauna...",4,15,11,194
"08/12/2025","10:00 PM","75 min.","Adelaide","Free Flow","","Sauna....",9,13,4,198
"08/12/2025","10:15 PM","75 min.","Adelaide","Free Flow","","Sauna.....",12,15,3,201
"08/13/2025","7:00 AM","60 min.","Adelaide","Guided Down: Deep Stretch - 60 min","","Sauna*",20,30,10,10
"08/13/2025","8:30 AM","75 min.","Adelaide","Free Flow","","Sauna",8,17,9,19
"08/13/2025","9:00 AM","75 min.","Adelaide","Free Flow","","Sauna.",16,17,1,20
"08/13/2025","9:30 AM","75 min.","Adelaide","Free Flow","","Sauna..",17,17,0,20
"08/13/2025","10:00 AM","75 min.","Adelaide","Free Flow","","Sauna...",13,17,4,24
"08/13/2025","10:15 AM","75 min.","Adelaide","Free Flow","","Sauna....",10,17,7,31
"08/13/2025","12:00 PM","60 min.","Adelaide","Guided All Around: Hardwiring Happiness - 60 min","","Sauna*",18,32,14,45
"08/13/2025","1:15 PM","75 min.","Adelaide","Free Flow","","Sauna....",4,17,13,58
"08/13/2025","1:45 PM","75 min.","Adelaide","Free Flow","","Sauna..",16,17,1,59
"08/13/2025","2:15 PM","75 min.","Adelaide","Free Flow","","Sauna",13,17,4,63
"08/13/2025","2:45 PM","75 min.","Adelaide","Free Flow","","Sauna.",12,17,5,68
"08/13/2025","3:15 PM","75 min.","Adelaide","Free Flow","","Sauna..",13,17,4,72
"08/13/2025","3:45 PM","75 min.","Adelaide","Free Flow","","Sauna...",7,13,6,78
"08/13/2025","4:15 PM","75 min.","Adelaide","Free Flow","","Sauna....",2,15,13,91
"08/13/2025","5:30 PM","75 min.","Adelaide","Guided All Around: Release","","Sauna*",11,25,14,105
"08/13/2025","6:45 PM","75 min.","Adelaide","Guided Down: Sound Immersion","Stuart Campbell","Sauna*",,,,105
"08/13/2025","8:00 PM","75 min.","Adelaide","Free Flow","","Sauna...",0,15,15,120
"08/13/2025","8:15 PM","75 min.","Adelaide","Free Flow","","Sauna....",1,8,7,127
"08/13/2025","8:30 PM","75 min.","Adelaide","Free Flow","","Sauna.....",1,13,12,139
"08/13/2025","8:45 PM","75 min.","Adelaide","Free Flow","","Sauna.",1,15,14,153
"08/13/2025","9:30 PM","75 min.","Adelaide","Free Flow","","Sauna..",1,15,14,167
"08/13/2025","9:45 PM","75 min.","Adelaide","Free Flow","","Sauna...",4,8,4,171
"08/13/2025","10:00 PM","75 min.","Adelaide","Free Flow","","Sauna....",13,13,0,171
"08/13/2025","10:15 PM","75 min.","Adelaide","Free Flow","","Sauna.....",14,15,1,172
"08/14/2025","7:00 AM","60 min.","Adelaide","Guided Down: Unwind - 60 min","","Sauna*",29,32,3,3
"08/14/2025","8:30 AM","75 min.","Adelaide","Free Flow","","Sauna...",12,17,5,8
"08/14/2025","9:00 AM","75 min.","Adelaide","Free Flow","","Sauna....",8,17,9,17
"08/14/2025","9:30 AM","75 min.","Adelaide","Free Flow","","Sauna",13,17,4,21
"08/14/2025","10:00 AM","75 min.","Adelaide","Free Flow","","Sauna..",17,17,0,21
"08/14/2025","10:15 AM","75 min.","Adelaide","Free Flow","","Sauna.",14,17,3,24
"08/14/2025","12:00 PM","60 min.","Adelaide","Guided Up: Self-Care Sweat - 60 min","","Sauna*",29,32,3,27
"08/14/2025","1:45 PM","75 min.","Adelaide","Free Flow","","Sauna.....",9,15,6,33
"08/14/2025","2:15 PM","75 min.","Adelaide","Free Flow","","Sauna.",14,17,3,36
"08/14/2025","2:45 PM","75 min.","Adelaide","Free Flow","","Sauna...",14,17,3,39
"08/14/2025","3:15 PM","75 min.","Adelaide","Free Flow","","Sauna....",12,15,3,42
"08/14/2025","3:45 PM","75 min.","Adelaide","Free Flow","","Sauna.....",11,17,6,48
"08/14/2025","4:15 PM","75 min.","Adelaide","Free Flow","","Sauna.",13,17,4,52
"08/14/2025","4:45 PM","75 min.","Adelaide","Free Flow","","Sauna..",7,15,8,60
"08/14/2025","5:15 PM","75 min.","Adelaide","Free Flow","","Sauna...",4,17,13,73
"08/14/2025","5:45 PM","75 min.","Adelaide","Lively Free Flow","","Sauna....",1,13,12,85
"08/14/2025","6:15 PM","75 min.","Adelaide","Lively Free Flow","","Sauna.....",0,15,15,100
"08/14/2025","7:30 PM","75 min.","Adelaide","Guided All Around: Loving Kindness","","Sauna*",,,,100
"08/14/2025","8:45 PM","120 min.","Adelaide","Social","","Sauna",,,,100
"08/14/2025","9:15 PM","120 min.","Adelaide","Social","","Sauna..",15,25,10,110
"08/15/2025","7:00 AM","60 min.","Adelaide","Guided All Around: Reset - 60 min","","Sauna*",28,32,4,4
"08/15/2025","8:30 AM","75 min.","Adelaide","Free Flow","","Sauna",8,17,9,13
"08/15/2025","9:00 AM","75 min.","Adelaide","Free Flow","","Sauna.",11,17,6,19
"08/15/2025","9:30 AM","75 min.","Adelaide","Free Flow","","Sauna..",9,17,8,27
"08/15/2025","10:00 AM","75 min.","Adelaide","Free Flow","","Sauna...",15,17,2,29
"08/15/2025","10:15 AM","75 min.","Adelaide","Free Flow","","Sauna....",8,17,9,38
"08/15/2025","12:00 PM","60 min.","Adelaide","Guided Down: Sound Immersion - 60 min","","Sauna*",21,32,11,49
"08/15/2025","1:15 PM","75 min.","Adelaide","Free Flow","","Sauna.....",8,17,9,58
"08/15/2025","1:45 PM","75 min.","Adelaide","Free Flow","","Sauna..",13,17,4,62
"08/15/2025","2:15 PM","75 min.","Adelaide","Free Flow","","Sauna...",7,15,8,70
"08/15/2025","2:45 PM","75 min.","Adelaide","Free Flow","","Sauna....",12,17,5,75
"08/15/2025","3:15 PM","75 min.","Adelaide","Free Flow","","Sauna.....",13,17,4,79
"08/15/2025","3:45 PM","75 min.","Adelaide","Free Flow","","Sauna",8,15,7,86
"08/15/2025","4:15 PM","75 min.","Adelaide","Free Flow","","Sauna.",11,17,6,92
"08/15/2025","4:45 PM","75 min.","Adelaide","Free Flow","","Sauna..",5,17,12,104
"08/15/2025","5:15 PM","75 min.","Adelaide","Free Flow","","Sauna...",10,15,5,109
"08/15/2025","5:45 PM","75 min.","Adelaide","Lively Free Flow","","Sauna....",5,13,8,117
"08/15/2025","6:15 PM","75 min.","Adelaide","Lively Free Flow","","Sauna.....",0,15,15,132
"08/15/2025","7:30 PM","75 min.","Adelaide","Guided Down: Pure Presence","","Sauna*",,,,132
"08/15/2025","8:45 PM","120 min.","Adelaide","Social","","Sauna",1,21,20,152
"08/15/2025","9:15 PM","120 min.","Adelaide","Social","","Sauna.",6,25,19,171
"08/16/2025","8:00 AM","75 min.","Adelaide","Guided Down: Sound Immersion","","Sauna*",13,25,12,12
"08/16/2025","9:15 AM","75 min.","Adelaide","Guided All Around: Gratitude","","Sauna*",2,26,24,36
"08/16/2025","10:30 AM","75 min.","Adelaide","Guided Down: Deep Stretch","","Sauna*",,,,36
"08/16/2025","11:45 AM","75 min.","Adelaide","Guided All Around: Release","","Sauna*",1,26,25,61
"08/16/2025","1:00 PM","75 min.","Adelaide","Lively Free Flow","","Sauna...",0,16,16,77
"08/16/2025","1:30 PM","75 min.","Adelaide","Lively Free Flow","","Sauna..",0,8,8,85
"08/16/2025","2:00 PM","75 min.","Adelaide","Lively Free Flow","","Sauna.",1,25,24,109
"08/16/2025","2:30 PM","75 min.","Adelaide","Lively Free Flow","","Sauna.....",10,16,6,115
"08/16/2025","3:00 PM","75 min.","Adelaide","Lively Free Flow","","Sauna",0,8,8,123
"08/16/2025","3:30 PM","75 min.","Adelaide","Lively Free Flow","","Sauna..",25,25,0,123
"08/16/2025","4:00 PM","75 min.","Adelaide","Lively Free Flow","","Sauna.",10,16,6,129
"08/16/2025","4:30 PM","75 min.","Adelaide","Lively Free Flow","","Sauna...",2,8,6,135
"08/16/2025","5:00 PM","75 min.","Adelaide","Lively Free Flow","","Sauna",25,25,0,135
"08/16/2025","5:30 PM","75 min.","Adelaide","Lively Free Flow","","Sauna.",15,16,1,136
"08/16/2025","6:00 PM","75 min.","Adelaide","Lively Free Flow","","Sauna...",0,8,8,144
"08/16/2025","6:30 PM","75 min.","Adelaide","Lively Free Flow","","Sauna.....",0,15,15,159
"08/16/2025","7:45 PM","75 min.","Adelaide","Guided All Around: Loving Kindness","","Sauna*",16,32,16,175
"08/16/2025","9:00 PM","120 min.","Adelaide","Beat Drop: DJ Takeover","","Sauna",2,26,24,199
"08/16/2025","9:30 PM","120 min.","Adelaide","Beat Drop: DJ Takeover","","Sauna..",8,25,17,216
"08/17/2025","7:00 AM","75 min.","Adelaide","Quieter Free Flow","","Sauna",12,17,5,5
"08/17/2025","7:30 AM","75 min.","Adelaide","Quieter Free Flow","","Sauna.",13,17,4,9
"08/17/2025","8:00 AM","75 min.","Adelaide","Quieter Free Flow","","Sauna..",10,17,7,16
"08/17/2025","8:30 AM","75 min.","Adelaide","Quieter Free Flow","","Sauna",1,17,16,32
"08/17/2025","10:15 AM","75 min.","Adelaide","Guided Up: Feel Good Now","","Sauna*",,,,32
"08/17/2025","11:30 AM","75 min.","Adelaide","Guided Down: Embodied","","Sauna*",1,25,24,56
"08/17/2025","12:45 PM","75 min.","Adelaide","Lively Free Flow","","Sauna....",10,21,11,67
"08/17/2025","1:00 PM","75 min.","Adelaide","Lively Free Flow","","Sauna.....",5,15,10,77
"08/17/2025","1:30 PM","75 min.","Adelaide","Lively Free Flow","","Sauna...",2,12,10,87
"08/17/2025","2:00 PM","75 min.","Adelaide","Lively Free Flow","","Sauna",14,21,7,94
"08/17/2025","2:30 PM","75 min.","Adelaide","Lively Free Flow","","Sauna.",7,15,8,102
"08/17/2025","3:00 PM","75 min.","Adelaide","Lively Free Flow","","Sauna...",8,12,4,106
"08/17/2025","3:30 PM","75 min.","Adelaide","Lively Free Flow","","Sauna..",9,21,12,118
"08/17/2025","4:00 PM","75 min.","Adelaide","Lively Free Flow","","Sauna.",7,12,5,123
"08/17/2025","4:30 PM","75 min.","Adelaide","Lively Free Flow","","Sauna",15,20,5,128
"08/17/2025","5:00 PM","75 min.","Adelaide","Lively Free Flow","","Sauna...",0,15,15,143
"08/17/2025","5:30 PM","75 min.","Adelaide","Lively Free Flow","","Sauna.",5,15,10,153
"08/17/2025","6:45 PM","75 min.","Adelaide","Guided Down: Untangle","","Sauna*",5,32,27,180
"08/17/2025","8:00 PM","75 min.","Adelaide","Free Flow","","Sauna...",2,15,13,193
"08/17/2025","8:15 PM","75 min.","Adelaide","Free Flow","","Sauna....",0,15,15,208
"08/17/2025","8:30 PM","75 min.","Adelaide","Free Flow","","Sauna.....",1,15,14,222
"08/17/2025","8:45 PM","75 min.","Adelaide","Free Flow","","Sauna.",1,8,7,229
"08/17/2025","10:00 PM","75 min.","Adelaide","Quieter Free Flow","","Sauna....",1,13,12,241
"08/17/2025","10:15 PM","75 min.","Adelaide","Quieter Free Flow","","Sauna.....",3,15,12,253
"08/04/2025","7:00 AM","75 min.","Adelaide","Free Flow","","Sauna",14,17,3,3
"08/04/2025","7:30 AM","75 min.","Adelaide","Free Flow","","Sauna.",15,17,2,5
"08/04/2025","8:00 AM","75 min.","Adelaide","Free Flow","","Sauna..",15,17,2,7
"08/04/2025","8:30 AM","75 min.","Adelaide","Free Flow","","Sauna",15,17,2,9
"08/04/2025","9:00 AM","75 min.","Adelaide","Free Flow","","Sauna.",11,17,6,15
"08/04/2025","9:30 AM","75 min.","Adelaide","Free Flow","","Sauna..",10,17,7,22
"08/04/2025","10:00 AM","75 min.","Adelaide","Free Flow","","Sauna",8,17,9,31
"08/04/2025","10:15 AM","75 min.","Adelaide","Free Flow","","Sauna....",8,17,9,40
"08/04/2025","12:00 PM","60 min.","Adelaide","Guided All Around: Reset - 60 min","","Sauna*",5,32,27,67
"08/04/2025","1:45 PM","75 min.","Adelaide","Free Flow","","Sauna",0,17,17,84
"08/04/2025","2:15 PM","75 min.","Adelaide","Free Flow","","Sauna...",8,17,9,93
"08/04/2025","2:45 PM","75 min.","Adelaide","Free Flow","","Sauna.",12,17,5,98
"08/04/2025","3:15 PM","75 min.","Adelaide","Free Flow","","Sauna..",12,17,5,103
"08/04/2025","3:45 PM","75 min.","Adelaide","Free Flow","","Sauna.....",9,17,8,111
"08/04/2025","4:15 PM","75 min.","Adelaide","Free Flow","","Sauna....",1,17,16,127
"08/04/2025","4:45 PM","75 min.","Adelaide","Free Flow","","Sauna...",0,17,17,144
"08/04/2025","5:15 PM","75 min.","Adelaide","Lively Free Flow","","Sauna..",1,17,16,160
"08/04/2025","6:30 PM","75 min.","Adelaide","Guided All Around: Release","","Sauna*",11,25,14,174
"08/04/2025","7:45 PM","75 min.","Adelaide","Guided Down: Pure Presence","","Sauna*",2,26,24,198
"08/04/2025","9:00 PM","75 min.","Adelaide","Guided All Around: Gratitude","","Sauna*",2,25,23,221
"08/05/2025","7:00 AM","60 min.","Adelaide","Guided Up: Arctic Tundra - 60 min","","Sauna*",26,32,6,6
"08/05/2025","8:30 AM","75 min.","Adelaide","Quieter Free Flow","","Sauna...",10,17,7,13
"08/05/2025","9:00 AM","75 min.","Adelaide","Quieter Free Flow","","Sauna....",16,17,1,14
"08/05/2025","9:30 AM","75 min.","Adelaide","Quieter Free Flow","","Sauna",16,17,1,15
"08/05/2025","10:00 AM","75 min.","Adelaide","Quieter Free Flow","","Sauna.....",13,17,4,19
"08/05/2025","10:15 AM","75 min.","Adelaide","Quieter Free Flow","","Sauna.",3,17,14,33
"08/05/2025","12:00 PM","60 min.","Adelaide","Guided Down: Sound Immersion - 60 min","","Sauna*",18,25,7,40
"08/05/2025","1:30 PM","75 min.","Adelaide","Guided Down: Self-Care Sweat","","Sauna*",13,26,13,53
"08/05/2025","3:00 PM","75 min.","Adelaide","Free Flow","","Sauna.....",4,17,13,66
"08/05/2025","3:30 PM","75 min.","Adelaide","Free Flow","","Sauna.",12,17,5,71
"08/05/2025","4:00 PM","75 min.","Adelaide","Free Flow","","Sauna..",13,17,4,75
"08/05/2025","4:30 PM","75 min.","Adelaide","Free Flow","","Sauna...",6,17,11,86
"08/05/2025","5:00 PM","75 min.","Adelaide","Free Flow","","Sauna....",0,13,13,99
"08/05/2025","5:30 PM","75 min.","Adelaide","Lively Free Flow","","Sauna.....",0,15,15,114
"08/05/2025","6:45 PM","75 min.","Adelaide","Guided Down: Untangle","","Sauna*",,,,114
"08/05/2025","8:00 PM","75 min.","Adelaide","Free Flow","","Sauna...",2,15,13,127
"08/05/2025","8:15 PM","75 min.","Adelaide","Free Flow","","Sauna....",0,8,8,135
"08/05/2025","8:30 PM","75 min.","Adelaide","Free Flow","","Sauna.....",1,13,12,147
"08/05/2025","8:45 PM","75 min.","Adelaide","Free Flow","","Sauna.",0,15,15,162
"08/05/2025","9:30 PM","75 min.","Adelaide","Free Flow","","Sauna..",2,15,13,175
"08/05/2025","9:45 PM","75 min.","Adelaide","Free Flow","","Sauna...",12,15,3,178
"08/05/2025","10:00 PM","75 min.","Adelaide","Free Flow","","Sauna....",12,13,1,179
"08/05/2025","10:15 PM","75 min.","Adelaide","Free Flow","","Sauna.....",13,15,2,181
"08/06/2025","7:00 AM","75 min.","Adelaide","Free Flow","","Sauna.....",12,13,1,1
"08/06/2025","7:30 AM","75 min.","Adelaide","Free Flow","","Sauna....",7,8,1,2
"08/06/2025","8:00 AM","75 min.","Adelaide","Free Flow","","Sauna..",11,13,2,4
"08/06/2025","8:30 AM","75 min.","Adelaide","Free Flow","","Sauna",15,17,2,6
"08/06/2025","9:00 AM","75 min.","Adelaide","Free Flow","","Sauna.",13,17,4,10
"08/06/2025","9:30 AM","75 min.","Adelaide","Free Flow","","Sauna..",13,17,4,14
"08/06/2025","10:00 AM","75 min.","Adelaide","Free Flow","","Sauna...",13,17,4,18
"08/06/2025","10:15 AM","75 min.","Adelaide","Free Flow","","Sauna....",6,17,11,29
"08/06/2025","12:00 PM","60 min.","Adelaide","Guided Down: Self-Care Sweat - 60 min","","Sauna*",22,32,10,39
"08/06/2025","1:15 PM","75 min.","Adelaide","Free Flow","","Sauna....",8,17,9,48
"08/06/2025","1:45 PM","75 min.","Adelaide","Free Flow","","Sauna..",14,17,3,51
"08/06/2025","2:15 PM","75 min.","Adelaide","Free Flow","","Sauna",11,17,6,57
"08/06/2025","2:45 PM","75 min.","Adelaide","Free Flow","","Sauna.",9,17,8,65
"08/06/2025","3:15 PM","75 min.","Adelaide","Free Flow","","Sauna..",12,17,5,70
"08/06/2025","3:45 PM","75 min.","Adelaide","Free Flow","","Sauna...",7,13,6,76
"08/06/2025","4:15 PM","75 min.","Adelaide","Free Flow","","Sauna....",6,15,9,85
"08/06/2025","5:30 PM","75 min.","Adelaide","Guided Up: Feel Good Now","","Sauna*",5,25,20,105
"08/06/2025","6:45 PM","75 min.","Adelaide","Guided Down: Sound Immersion","Stuart Campbell","Sauna*",5,26,21,126
"08/06/2025","8:00 PM","75 min.","Adelaide","Free Flow","","Sauna...",1,15,14,140
"08/06/2025","8:15 PM","75 min.","Adelaide","Free Flow","","Sauna....",1,8,7,147
"08/06/2025","8:30 PM","75 min.","Adelaide","Free Flow","","Sauna.....",0,13,13,160
"08/06/2025","8:45 PM","75 min.","Adelaide","Free Flow","","Sauna.",0,15,15,175
"08/06/2025","9:30 PM","75 min.","Adelaide","Free Flow","","Sauna..",0,15,15,190
"08/06/2025","9:45 PM","75 min.","Adelaide","Free Flow","","Sauna...",1,8,7,197
"08/06/2025","10:00 PM","75 min.","Adelaide","Free Flow","","Sauna....",3,13,10,207
"08/06/2025","10:15 PM","75 min.","Adelaide","Free Flow","","Sauna.....",10,15,5,212
"08/07/2025","7:00 AM","60 min.","Adelaide","Guided Down: Unwind - 60 min","","Sauna*",25,32,7,7
"08/07/2025","8:30 AM","75 min.","Adelaide","Free Flow","","Sauna...",12,17,5,12
"08/07/2025","9:00 AM","75 min.","Adelaide","Free Flow","","Sauna....",15,17,2,14
"08/07/2025","9:30 AM","75 min.","Adelaide","Free Flow","","Sauna",14,17,3,17
"08/07/2025","10:00 AM","75 min.","Adelaide","Free Flow","","Sauna..",11,17,6,23
"08/07/2025","10:15 AM","75 min.","Adelaide","Free Flow","","Sauna.",13,17,4,27
"08/07/2025","12:00 PM","60 min.","Adelaide","Guided All Around: Gratitude - 60 min","","Sauna*",14,32,18,45
"08/07/2025","1:45 PM","75 min.","Adelaide","Free Flow","","Sauna.....",9,15,6,51
"08/07/2025","2:15 PM","75 min.","Adelaide","Free Flow","","Sauna.",15,17,2,53
"08/07/2025","2:45 PM","75 min.","Adelaide","Free Flow","","Sauna...",14,17,3,56
"08/07/2025","3:15 PM","75 min.","Adelaide","Free Flow","","Sauna....",12,15,3,59
"08/07/2025","3:45 PM","75 min.","Adelaide","Free Flow","","Sauna.....",14,17,3,62
"08/07/2025","4:15 PM","75 min.","Adelaide","Free Flow","","Sauna.",14,17,3,65
"08/07/2025","4:45 PM","75 min.","Adelaide","Free Flow","","Sauna..",0,15,15,80
"08/07/2025","5:15 PM","75 min.","Adelaide","Free Flow","","Sauna...",0,17,17,97
"08/07/2025","5:45 PM","75 min.","Adelaide","Lively Free Flow","","Sauna....",0,13,13,110
"08/07/2025","6:15 PM","75 min.","Adelaide","Lively Free Flow","","Sauna.....",0,15,15,125
"08/07/2025","7:30 PM","75 min.","Adelaide","Guided All Around: Loving Kindness","","Sauna*",3,30,27,152
"08/07/2025","9:00 PM","120 min.","Adelaide","Social","","Sauna",1,26,25,177
"08/07/2025","9:30 PM","120 min.","Adelaide","Social","","Sauna..",5,25,20,197
"08/08/2025","7:00 AM","60 min.","Adelaide","Guided Up: Awakening - 60 min","","Sauna*",28,32,4,4
"08/08/2025","8:30 AM","75 min.","Adelaide","Free Flow","","Sauna",7,17,10,14
"08/08/2025","9:00 AM","75 min.","Adelaide","Free Flow","","Sauna.",15,17,2,16
"08/08/2025","9:30 AM","75 min.","Adelaide","Free Flow","","Sauna..",11,17,6,22
"08/08/2025","10:00 AM","75 min.","Adelaide","Free Flow","","Sauna...",16,17,1,23
"08/08/2025","10:15 AM","75 min.","Adelaide","Free Flow","","Sauna....",10,17,7,30
"08/08/2025","12:00 PM","60 min.","Adelaide","Guided Down: Deep Stretch - 60 min","","Sauna*",1,30,29,59
"08/08/2025","1:15 PM","75 min.","Adelaide","Free Flow","","Sauna.....",5,17,12,71
"08/08/2025","1:45 PM","75 min.","Adelaide","Free Flow","","Sauna..",15,17,2,73
"08/08/2025","2:15 PM","75 min.","Adelaide","Free Flow","","Sauna...",9,15,6,79
"08/08/2025","2:45 PM","75 min.","Adelaide","Free Flow","","Sauna....",15,17,2,81
"08/08/2025","3:15 PM","75 min.","Adelaide","Free Flow","","Sauna.....",7,17,10,91
"08/08/2025","3:45 PM","75 min.","Adelaide","Free Flow","","Sauna",8,15,7,98
"08/08/2025","4:15 PM","75 min.","Adelaide","Free Flow","","Sauna.",12,17,5,103
"08/08/2025","4:45 PM","75 min.","Adelaide","Free Flow","","Sauna..",1,17,16,119
"08/08/2025","5:15 PM","75 min.","Adelaide","Free Flow","","Sauna...",8,15,7,126
"08/08/2025","5:45 PM","75 min.","Adelaide","Lively Free Flow","","Sauna....",1,13,12,138
"08/08/2025","6:15 PM","75 min.","Adelaide","Lively Free Flow","","Sauna.....",1,15,14,152
"08/08/2025","7:30 PM","75 min.","Adelaide","Guided Down: Sound Immersion","","Sauna*",,,,152
"08/08/2025","8:45 PM","120 min.","Adelaide","Social","","Sauna",2,26,24,176
"08/08/2025","9:15 PM","120 min.","Adelaide","Social","","Sauna.",1,25,24,200
"08/09/2025","8:00 AM","75 min.","Adelaide","Guided Down: Unwind","","Sauna*",19,25,6,6
"08/09/2025","9:15 AM","75 min.","Adelaide","Guided Down: Sound Immersion","","Sauna*",9,26,17,23
"08/09/2025","10:30 AM","75 min.","Adelaide","Guided Down: Deep Stretch","","Sauna*",1,25,24,47
"08/09/2025","11:45 AM","75 min.","Adelaide","Guided Up: Awakening","","Sauna*",1,26,25,72
"08/09/2025","1:00 PM","75 min.","Adelaide","Lively Free Flow","","Sauna...",0,16,16,88
"08/09/2025","1:30 PM","75 min.","Adelaide","Lively Free Flow","","Sauna..",0,8,8,96
"08/09/2025","2:00 PM","75 min.","Adelaide","Lively Free Flow","","Sauna.",14,25,11,107
"08/09/2025","2:30 PM","75 min.","Adelaide","Lively Free Flow","","Sauna.....",15,16,1,108
"08/09/2025","3:00 PM","75 min.","Adelaide","Lively Free Flow","","Sauna",4,8,4,112
"08/09/2025","3:30 PM","75 min.","Adelaide","Lively Free Flow","","Sauna..",11,25,14,126
"08/09/2025","4:00 PM","75 min.","Adelaide","Lively Free Flow","","Sauna.",12,16,4,130
"08/09/2025","4:30 PM","75 min.","Adelaide","Lively Free Flow","","Sauna...",4,8,4,134
"08/09/2025","5:00 PM","75 min.","Adelaide","Lively Free Flow","","Sauna",18,25,7,141
"08/09/2025","5:30 PM","75 min.","Adelaide","Lively Free Flow","","Sauna.",9,16,7,148
"08/09/2025","6:00 PM","75 min.","Adelaide","Lively Free Flow","","Sauna...",3,8,5,153
"08/09/2025","6:30 PM","75 min.","Adelaide","Lively Free Flow","","Sauna.....",4,15,11,164
"08/09/2025","7:45 PM","75 min.","Adelaide","Guided Down: Sound Immersion","","Sauna*",18,32,14,178
"08/09/2025","9:00 PM","120 min.","Adelaide","Social","","Sauna",,,,178
"08/09/2025","9:30 PM","120 min.","Adelaide","Social","","Sauna..",14,25,11,189
"08/10/2025","7:00 AM","75 min.","Adelaide","Quieter Free Flow","","Sauna",14,17,3,3
"08/10/2025","7:30 AM","75 min.","Adelaide","Quieter Free Flow","","Sauna.",14,17,3,6
"08/10/2025","8:00 AM","75 min.","Adelaide","Quieter Free Flow","","Sauna..",14,17,3,9
"08/10/2025","8:30 AM","75 min.","Adelaide","Quieter Free Flow","","Sauna",2,17,15,24
"08/10/2025","10:15 AM","75 min.","Adelaide","Guided All Around: Journey Through the Elements","","Sauna*",1,26,25,49
"08/10/2025","11:30 AM","75 min.","Adelaide","Guided Down: Sound Immersion","","Sauna*",,,,49
"08/10/2025","12:45 PM","75 min.","Adelaide","Lively Free Flow","","Sauna....",11,21,10,59
"08/10/2025","1:00 PM","75 min.","Adelaide","Lively Free Flow","","Sauna.....",5,15,10,69
"08/10/2025","1:30 PM","75 min.","Adelaide","Lively Free Flow","","Sauna...",6,12,6,75
"08/10/2025","2:00 PM","75 min.","Adelaide","Lively Free Flow","","Sauna",14,21,7,82
"08/10/2025","2:30 PM","75 min.","Adelaide","Lively Free Flow","","Sauna.",9,15,6,88
"08/10/2025","3:00 PM","75 min.","Adelaide","Lively Free Flow","","Sauna...",8,12,4,92
"08/10/2025","3:30 PM","75 min.","Adelaide","Lively Free Flow","","Sauna..",10,21,11,103
"08/10/2025","4:00 PM","75 min.","Adelaide","Lively Free Flow","","Sauna.",12,20,8,111
"08/10/2025","4:30 PM","75 min.","Adelaide","Lively Free Flow","","Sauna",9,12,3,114
"08/10/2025","5:00 PM","75 min.","Adelaide","Lively Free Flow","","Sauna...",8,20,12,126
"08/10/2025","5:30 PM","75 min.","Adelaide","Lively Free Flow","","Sauna.",0,15,15,141
"08/10/2025","6:45 PM","75 min.","Adelaide","Guided Down: Untangle","","Sauna*",4,32,28,169
"08/10/2025","8:00 PM","75 min.","Adelaide","Free Flow","","Sauna...",1,15,14,183
"08/10/2025","8:15 PM","75 min.","Adelaide","Free Flow","","Sauna....",0,15,15,198
"08/10/2025","8:30 PM","75 min.","Adelaide","Free Flow","","Sauna.....",0,13,13,211
"08/10/2025","8:45 PM","75 min.","Adelaide","Free Flow","","Sauna.",0,8,8,219
"08/10/2025","10:00 PM","75 min.","Adelaide","Quieter Free Flow","","Sauna....",0,13,13,232
"08/10/2025","10:15 PM","75 min.","Adelaide","Quieter Free Flow","","Sauna.....",4,15,11,243
"07/28/2025","7:00 AM","75 min.","Adelaide","Quieter Free Flow","","Sauna",12,17,5,5
"07/28/2025","7:30 AM","75 min.","Adelaide","Quieter Free Flow","","Sauna.",14,17,3,8
"07/28/2025","8:00 AM","75 min.","Adelaide","Quieter Free Flow","","Sauna..",16,17,1,9
"07/28/2025","8:30 AM","75 min.","Adelaide","Quieter Free Flow","","Sauna",16,17,1,10
"07/28/2025","9:00 AM","75 min.","Adelaide","Quieter Free Flow","","Sauna.",16,17,1,11
"07/28/2025","9:30 AM","75 min.","Adelaide","Quieter Free Flow","","Sauna..",13,17,4,15
"07/28/2025","10:00 AM","75 min.","Adelaide","Quieter Free Flow","","Sauna",14,17,3,18
"07/28/2025","10:15 AM","75 min.","Adelaide","Quieter Free Flow","","Sauna....",10,17,7,25
"07/28/2025","12:00 PM","60 min.","Adelaide","Guided All Around: Acceptance - 60 min","","Sauna*",17,32,15,40
"07/28/2025","1:45 PM","75 min.","Adelaide","Free Flow","","Sauna",4,17,13,53
"07/28/2025","2:15 PM","75 min.","Adelaide","Free Flow","","Sauna...",12,17,5,58
"07/28/2025","2:45 PM","75 min.","Adelaide","Free Flow","","Sauna.",11,17,6,64
"07/28/2025","3:15 PM","75 min.","Adelaide","Free Flow","","Sauna..",11,17,6,70
"07/28/2025","3:45 PM","75 min.","Adelaide","Free Flow","","Sauna.....",13,17,4,74
"07/28/2025","4:15 PM","75 min.","Adelaide","Free Flow","","Sauna....",14,17,3,77
"07/28/2025","4:45 PM","75 min.","Adelaide","Free Flow","","Sauna...",2,17,15,92
"07/28/2025","5:15 PM","75 min.","Adelaide","Lively Free Flow","","Sauna..",0,17,17,109
"07/28/2025","6:30 PM","75 min.","Adelaide","Guided Down: Sound Immersion","","Sauna*",,,,109
"07/28/2025","7:45 PM","75 min.","Adelaide","Guided All Around: Reset","","Sauna*",,,,109
"07/28/2025","9:00 PM","75 min.","Adelaide","Guided All Around: Loving Kindness","","Sauna*",,,,109
"07/29/2025","7:00 AM","60 min.","Adelaide","Guided Up: Arctic Tundra - 60 min","","Sauna*",18,32,14,14
"07/29/2025","8:30 AM","75 min.","Adelaide","Quieter Free Flow","","Sauna...",12,17,5,19
"07/29/2025","9:00 AM","75 min.","Adelaide","Quieter Free Flow","","Sauna....",17,17,0,19
"07/29/2025","9:30 AM","75 min.","Adelaide","Quieter Free Flow","","Sauna",14,17,3,22
"07/29/2025","10:00 AM","75 min.","Adelaide","Quieter Free Flow","","Sauna.....",17,17,0,22
"07/29/2025","10:15 AM","75 min.","Adelaide","Quieter Free Flow","","Sauna.",15,17,2,24
"07/29/2025","12:00 PM","60 min.","Adelaide","Guided Down: Sound Immersion - 60 min","","Sauna*",15,25,10,34
"07/29/2025","4:30 PM","75 min.","Adelaide","Free Flow","","Sauna...",4,17,13,47
"07/29/2025","5:00 PM","75 min.","Adelaide","Free Flow","","Sauna....",1,13,12,59
"07/29/2025","5:30 PM","75 min.","Adelaide","Lively Free Flow","","Sauna.....",1,15,14,73
"07/29/2025","6:45 PM","75 min.","Adelaide","Guided Down: Sound Immersion","","Sauna*",14,32,18,91
"07/29/2025","8:00 PM","75 min.","Adelaide","Free Flow","","Sauna...",0,15,15,106
"07/29/2025","8:15 PM","75 min.","Adelaide","Free Flow","","Sauna....",0,8,8,114
"07/29/2025","8:30 PM","75 min.","Adelaide","Free Flow","","Sauna.....",0,13,13,127
"07/29/2025","8:45 PM","75 min.","Adelaide","Free Flow","","Sauna.",0,15,15,142
"07/29/2025","9:30 PM","75 min.","Adelaide","Free Flow","","Sauna..",0,15,15,157
"07/29/2025","9:45 PM","75 min.","Adelaide","Free Flow","","Sauna...",8,15,7,164
"07/29/2025","10:00 PM","75 min.","Adelaide","Free Flow","","Sauna....",9,13,4,168
"07/29/2025","10:15 PM","75 min.","Adelaide","Free Flow","","Sauna.....",7,15,8,176
"07/30/2025","7:00 AM","60 min.","Adelaide","Guided Down: Deep Stretch - 60 min","","Sauna*",22,30,8,8
"07/30/2025","8:30 AM","75 min.","Adelaide","Free Flow","","Sauna",11,17,6,14
"07/30/2025","9:00 AM","75 min.","Adelaide","Free Flow","","Sauna.",15,17,2,16
"07/30/2025","9:30 AM","75 min.","Adelaide","Free Flow","","Sauna..",14,17,3,19
"07/30/2025","10:00 AM","75 min.","Adelaide","Free Flow","","Sauna...",13,17,4,23
"07/30/2025","10:15 AM","75 min.","Adelaide","Free Flow","","Sauna....",11,17,6,29
"07/30/2025","12:00 PM","60 min.","Adelaide","Guided Down: Deep Stretch - 60 min","","Sauna*",20,32,12,41
"07/30/2025","2:45 PM","75 min.","Adelaide","Free Flow","","Sauna.",6,17,11,52
"07/30/2025","3:15 PM","75 min.","Adelaide","Free Flow","","Sauna..",11,17,6,58
"07/30/2025","3:45 PM","75 min.","Adelaide","Free Flow","","Sauna...",9,13,4,62
"07/30/2025","4:15 PM","75 min.","Adelaide","Free Flow","","Sauna....",0,15,15,77
"07/30/2025","5:30 PM","75 min.","Adelaide","Guided All Around: Release","","Sauna*",17,25,8,85
"07/30/2025","6:45 PM","75 min.","Adelaide","Guided Down: Sound Immersion","Stuart Campbell","Sauna*",1,26,25,110
"07/30/2025","8:00 PM","75 min.","Adelaide","Free Flow","","Sauna...",0,15,15,125
"07/30/2025","8:15 PM","75 min.","Adelaide","Free Flow","","Sauna....",0,8,8,133
"07/30/2025","8:30 PM","75 min.","Adelaide","Free Flow","","Sauna.....",0,13,13,146
"07/30/2025","8:45 PM","75 min.","Adelaide","Free Flow","","Sauna.",2,15,13,159
"07/30/2025","9:30 PM","75 min.","Adelaide","Free Flow","","Sauna..",2,15,13,172
"07/30/2025","9:45 PM","75 min.","Adelaide","Free Flow","","Sauna...",5,8,3,175
"07/30/2025","10:00 PM","75 min.","Adelaide","Free Flow","","Sauna....",13,13,0,175
"07/30/2025","10:15 PM","75 min.","Adelaide","Free Flow","","Sauna.....",15,15,0,175
"07/31/2025","7:00 AM","60 min.","Adelaide","Guided Down: Unwind - 60 min","","Sauna*",27,32,5,5
"07/31/2025","8:30 AM","75 min.","Adelaide","Free Flow","","Sauna...",6,17,11,16
"07/31/2025","9:00 AM","75 min.","Adelaide","Free Flow","","Sauna....",15,17,2,18
"07/31/2025","9:30 AM","75 min.","Adelaide","Free Flow","","Sauna",17,17,0,18
"07/31/2025","10:00 AM","75 min.","Adelaide","Free Flow","","Sauna..",15,17,2,20
"07/31/2025","10:15 AM","75 min.","Adelaide","Free Flow","","Sauna.",12,17,5,25
"07/31/2025","12:00 PM","60 min.","Adelaide","Guided Down: Rose, Thorn, Bud - 60 min","","Sauna*",20,32,12,37
"07/31/2025","1:45 PM","75 min.","Adelaide","Free Flow","","Sauna.....",0,15,15,52
"07/31/2025","2:15 PM","75 min.","Adelaide","Free Flow","","Sauna.",10,17,7,59
"07/31/2025","2:45 PM","75 min.","Adelaide","Free Flow","","Sauna...",14,17,3,62
"07/31/2025","3:15 PM","75 min.","Adelaide","Free Flow","","Sauna....",12,15,3,65
"07/31/2025","3:45 PM","75 min.","Adelaide","Free Flow","","Sauna.....",14,17,3,68
"07/31/2025","4:15 PM","75 min.","Adelaide","Free Flow","","Sauna.",13,17,4,72
"07/31/2025","4:45 PM","75 min.","Adelaide","Free Flow","","Sauna..",11,15,4,76
"07/31/2025","5:15 PM","75 min.","Adelaide","Free Flow","","Sauna...",12,17,5,81
"07/31/2025","5:45 PM","75 min.","Adelaide","Lively Free Flow","","Sauna....",0,13,13,94
"07/31/2025","6:15 PM","75 min.","Adelaide","Lively Free Flow","","Sauna.....",5,15,10,104
"07/31/2025","7:30 PM","75 min.","Adelaide","Guided All Around: Reset","","Sauna*",,,,104
"07/31/2025","8:45 PM","120 min.","Adelaide","Social","","Sauna",2,26,24,128
"07/31/2025","9:15 PM","120 min.","Adelaide","Social","","Sauna..",0,25,25,153
"08/01/2025","7:00 AM","60 min.","Adelaide","Guided All Around: Reset - 60 min","","Sauna*",9,32,23,23
"08/01/2025","8:30 AM","75 min.","Adelaide","Free Flow","","Sauna",1,17,16,39
"08/01/2025","9:00 AM","75 min.","Adelaide","Free Flow","","Sauna.",13,17,4,43
"08/01/2025","9:30 AM","75 min.","Adelaide","Free Flow","","Sauna..",9,17,8,51
"08/01/2025","10:00 AM","75 min.","Adelaide","Free Flow","","Sauna...",9,17,8,59
"08/01/2025","10:15 AM","75 min.","Adelaide","Free Flow","","Sauna....",8,17,9,68
"08/01/2025","12:00 PM","60 min.","Adelaide","Guided Down: Deep Stretch - 60 min","","Sauna*",17,32,15,83
"08/01/2025","1:15 PM","75 min.","Adelaide","Free Flow","","Sauna.....",2,17,15,98
"08/01/2025","1:45 PM","75 min.","Adelaide","Free Flow","","Sauna..",13,17,4,102
"08/01/2025","2:15 PM","75 min.","Adelaide","Free Flow","","Sauna...",15,15,0,102
"08/01/2025","2:45 PM","75 min.","Adelaide","Free Flow","","Sauna....",15,17,2,104
"08/01/2025","3:15 PM","75 min.","Adelaide","Free Flow","","Sauna.....",13,17,4,108
"08/01/2025","3:45 PM","75 min.","Adelaide","Free Flow","","Sauna",9,15,6,114
"08/01/2025","4:15 PM","75 min.","Adelaide","Free Flow","","Sauna.",14,17,3,117
"08/01/2025","4:45 PM","75 min.","Adelaide","Free Flow","","Sauna..",6,17,11,128
"08/01/2025","5:15 PM","75 min.","Adelaide","Free Flow","","Sauna...",2,15,13,141
"08/01/2025","5:45 PM","75 min.","Adelaide","Lively Free Flow","","Sauna....",3,13,10,151
"08/01/2025","6:15 PM","75 min.","Adelaide","Lively Free Flow","","Sauna.....",1,15,14,165
"08/01/2025","7:30 PM","75 min.","Adelaide","Guided Down: Pure Presence","","Sauna*",5,30,25,190
"08/01/2025","8:45 PM","120 min.","Adelaide","Social","","Sauna",2,26,24,214
"08/01/2025","9:15 PM","120 min.","Adelaide","Social","","Sauna.",15,25,10,224
"08/02/2025","8:00 AM","75 min.","Adelaide","Guided Down: Sound Immersion","","Sauna*",19,25,6,6
"08/02/2025","9:15 AM","75 min.","Adelaide","Guided Down: Pure Presence","","Sauna*",12,26,14,20
"08/02/2025","10:30 AM","75 min.","Adelaide","Guided Down: Deep Stretch","","Sauna*",1,25,24,44
"08/02/2025","11:45 AM","75 min.","Adelaide","Guided All Around: Release","","Sauna*",,,,44
"08/02/2025","1:00 PM","75 min.","Adelaide","Lively Free Flow","","Sauna...",4,16,12,56
"08/02/2025","1:30 PM","75 min.","Adelaide","Lively Free Flow","","Sauna..",4,8,4,60
"08/02/2025","2:00 PM","75 min.","Adelaide","Lively Free Flow","","Sauna.",18,25,7,67
"08/02/2025","2:30 PM","75 min.","Adelaide","Lively Free Flow","","Sauna.....",12,16,4,71
"08/02/2025","3:00 PM","75 min.","Adelaide","Lively Free Flow","","Sauna",3,8,5,76
"08/02/2025","3:30 PM","75 min.","Adelaide","Lively Free Flow","","Sauna..",20,25,5,81
"08/02/2025","4:00 PM","75 min.","Adelaide","Lively Free Flow","","Sauna.",4,16,12,93
"08/02/2025","4:30 PM","75 min.","Adelaide","Lively Free Flow","","Sauna...",8,8,0,93
"08/02/2025","5:00 PM","75 min.","Adelaide","Lively Free Flow","","Sauna",18,25,7,100
"08/02/2025","5:30 PM","75 min.","Adelaide","Lively Free Flow","","Sauna.",13,16,3,103
"08/02/2025","6:00 PM","75 min.","Adelaide","Lively Free Flow","","Sauna...",1,8,7,110
"08/02/2025","6:30 PM","75 min.","Adelaide","Lively Free Flow","","Sauna.....",5,15,10,120
"08/02/2025","7:45 PM","75 min.","Adelaide","Guided All Around: Loving Kindness","","Sauna*",18,32,14,134
"08/02/2025","9:00 PM","120 min.","Adelaide","Social","","Sauna",13,26,13,147
"08/02/2025","9:30 PM","120 min.","Adelaide","Social","","Sauna..",21,25,4,151
"08/03/2025","7:00 AM","75 min.","Adelaide","Quieter Free Flow","","Sauna",14,17,3,3
"08/03/2025","7:30 AM","75 min.","Adelaide","Quieter Free Flow","","Sauna.",15,17,2,5
"08/03/2025","8:00 AM","75 min.","Adelaide","Quieter Free Flow","","Sauna..",13,17,4,9
"08/03/2025","8:30 AM","75 min.","Adelaide","Quieter Free Flow","","Sauna",4,17,13,22
"08/03/2025","10:15 AM","75 min.","Adelaide","Guided Down: Self-Care Sweat","","Sauna*",7,26,19,41
"08/03/2025","11:30 AM","75 min.","Adelaide","Guided Down: Embodied","","Sauna*",9,25,16,57
"08/03/2025","12:45 PM","75 min.","Adelaide","Lively Free Flow","","Sauna....",13,21,8,65
"08/03/2025","1:00 PM","75 min.","Adelaide","Lively Free Flow","","Sauna.....",4,15,11,76
"08/03/2025","1:30 PM","75 min.","Adelaide","Lively Free Flow","","Sauna...",2,12,10,86
"08/03/2025","2:00 PM","75 min.","Adelaide","Lively Free Flow","","Sauna",13,21,8,94
"08/03/2025","2:30 PM","75 min.","Adelaide","Lively Free Flow","","Sauna.",6,15,9,103
"08/03/2025","3:00 PM","75 min.","Adelaide","Lively Free Flow","","Sauna...",5,12,7,110
"08/03/2025","3:30 PM","75 min.","Adelaide","Lively Free Flow","","Sauna..",19,21,2,112
"08/03/2025","4:00 PM","75 min.","Adelaide","Lively Free Flow","","Sauna.",14,15,1,113
"08/03/2025","4:30 PM","75 min.","Adelaide","Lively Free Flow","","Sauna",4,12,8,121
"08/03/2025","5:00 PM","75 min.","Adelaide","Lively Free Flow","","Sauna...",11,20,9,130
"08/03/2025","5:30 PM","75 min.","Adelaide","Lively Free Flow","","Sauna.",0,15,15,145
"08/03/2025","6:45 PM","75 min.","Adelaide","Guided Down: Untangle","","Sauna*",9,32,23,168
"08/03/2025","8:00 PM","75 min.","Adelaide","Free Flow","","Sauna...",0,15,15,183
"08/03/2025","8:15 PM","75 min.","Adelaide","Free Flow","","Sauna....",10,15,5,188
"08/03/2025","8:30 PM","75 min.","Adelaide","Free Flow","","Sauna.....",7,13,6,194
"08/03/2025","8:45 PM","75 min.","Adelaide","Free Flow","","Sauna.",3,8,5,199
"08/03/2025","10:00 PM","75 min.","Adelaide","Quieter Free Flow","","Sauna....",1,13,12,211
"08/03/2025","10:15 PM","75 min.","Adelaide","Quieter Free Flow","","Sauna.....",12,15,3,214
"07/21/2025","7:00 AM","75 min.","Adelaide","Quieter Free Flow","","Sauna",3,17,14,14
"07/21/2025","7:30 AM","75 min.","Adelaide","Quieter Free Flow","","Sauna.",17,17,0,14
"07/21/2025","8:00 AM","75 min.","Adelaide","Quieter Free Flow","","Sauna..",14,17,3,17
"07/21/2025","8:30 AM","75 min.","Adelaide","Quieter Free Flow","","Sauna",15,17,2,19
"07/21/2025","9:00 AM","75 min.","Adelaide","Quieter Free Flow","","Sauna.",15,17,2,21
"07/21/2025","9:30 AM","75 min.","Adelaide","Quieter Free Flow","","Sauna..",14,17,3,24
"07/21/2025","10:00 AM","75 min.","Adelaide","Quieter Free Flow","","Sauna",17,17,0,24
"07/21/2025","10:15 AM","75 min.","Adelaide","Quieter Free Flow","","Sauna....",11,17,6,30
"07/21/2025","12:00 PM","60 min.","Adelaide","Guided All Around: Acceptance - 60 min","","Sauna*",15,32,17,47
"07/21/2025","1:45 PM","75 min.","Adelaide","Free Flow","","Sauna",4,17,13,60
"07/21/2025","2:15 PM","75 min.","Adelaide","Free Flow","","Sauna...",14,17,3,63
"07/21/2025","2:45 PM","75 min.","Adelaide","Free Flow","","Sauna.",15,17,2,65
"07/21/2025","3:15 PM","75 min.","Adelaide","Free Flow","","Sauna..",10,17,7,72
"07/21/2025","3:45 PM","75 min.","Adelaide","Free Flow","","Sauna.....",14,17,3,75
"07/21/2025","4:15 PM","75 min.","Adelaide","Free Flow","","Sauna....",10,17,7,82
"07/21/2025","4:45 PM","75 min.","Adelaide","Free Flow","","Sauna...",11,17,6,88
"07/21/2025","5:15 PM","75 min.","Adelaide","Lively Free Flow","","Sauna..",0,17,17,105
"07/21/2025","6:30 PM","75 min.","Adelaide","Guided Down: Sound Immersion","","Sauna*",1,25,24,129
"07/21/2025","7:45 PM","75 min.","Adelaide","Guided Down: Rose, Thorn, Bud","","Sauna*",,,,129
"07/21/2025","9:00 PM","75 min.","Adelaide","Guided All Around: Gratitude","","Sauna*",2,25,23,152
"07/22/2025","7:00 AM","60 min.","Adelaide","Guided Up: Arctic Tundra - 60 min","","Sauna*",24,32,8,8
"07/22/2025","8:30 AM","75 min.","Adelaide","Quieter Free Flow","","Sauna...",11,17,6,14
"07/22/2025","9:00 AM","75 min.","Adelaide","Quieter Free Flow","","Sauna....",12,17,5,19
"07/22/2025","9:30 AM","75 min.","Adelaide","Quieter Free Flow","","Sauna",16,17,1,20
"07/22/2025","10:00 AM","75 min.","Adelaide","Quieter Free Flow","","Sauna.....",12,17,5,25
"07/22/2025","10:15 AM","75 min.","Adelaide","Quieter Free Flow","","Sauna.",12,17,5,30
"07/22/2025","12:00 PM","60 min.","Adelaide","Guided Down: Sound Immersion - 60 min","","Sauna*",10,25,15,45
"07/22/2025","1:30 PM","75 min.","Adelaide","Guided Down: Self-Care Sweat","","Sauna*",10,26,16,61
"07/22/2025","3:00 PM","75 min.","Adelaide","Free Flow","","Sauna.....",7,17,10,71
"07/22/2025","3:30 PM","75 min.","Adelaide","Free Flow","","Sauna.",15,17,2,73
"07/22/2025","4:00 PM","75 min.","Adelaide","Free Flow","","Sauna..",13,17,4,77
"07/22/2025","4:30 PM","75 min.","Adelaide","Free Flow","","Sauna...",8,17,9,86
"07/22/2025","5:00 PM","75 min.","Adelaide","Free Flow","","Sauna....",0,13,13,99
"07/22/2025","5:30 PM","75 min.","Adelaide","Lively Free Flow","","Sauna.....",0,15,15,114
"07/22/2025","6:45 PM","75 min.","Adelaide","Guided All Around: Hero's Journey","","Sauna*",1,32,31,145
"07/22/2025","8:00 PM","75 min.","Adelaide","Free Flow","","Sauna...",0,15,15,160
"07/22/2025","8:15 PM","75 min.","Adelaide","Free Flow","","Sauna....",0,8,8,168
"07/22/2025","8:30 PM","75 min.","Adelaide","Free Flow","","Sauna.....",0,13,13,181
"07/22/2025","8:45 PM","75 min.","Adelaide","Free Flow","","Sauna.",2,15,13,194
"07/22/2025","9:30 PM","75 min.","Adelaide","Free Flow","","Sauna..",3,15,12,206
"07/22/2025","9:45 PM","75 min.","Adelaide","Free Flow","","Sauna...",13,15,2,208
"07/22/2025","10:00 PM","75 min.","Adelaide","Free Flow","","Sauna....",12,13,1,209
"07/22/2025","10:15 PM","75 min.","Adelaide","Free Flow","","Sauna.....",10,15,5,214
"07/23/2025","7:00 AM","60 min.","Adelaide","Guided Down: Deep Stretch - 60 min","","Sauna*",21,30,9,9
"07/23/2025","8:30 AM","75 min.","Adelaide","Free Flow","","Sauna",12,17,5,14
"07/23/2025","9:00 AM","75 min.","Adelaide","Free Flow","","Sauna.",12,17,5,19
"07/23/2025","9:30 AM","75 min.","Adelaide","Free Flow","","Sauna..",12,17,5,24
"07/23/2025","10:00 AM","75 min.","Adelaide","Free Flow","","Sauna...",14,17,3,27
"07/23/2025","10:15 AM","75 min.","Adelaide","Free Flow","","Sauna....",13,17,4,31
"07/23/2025","12:00 PM","60 min.","Adelaide","Guided All Around: Release - 60 min","","Sauna*",18,32,14,45
"07/23/2025","1:15 PM","75 min.","Adelaide","Free Flow","","Sauna....",9,17,8,53
"07/23/2025","1:45 PM","75 min.","Adelaide","Free Flow","","Sauna..",11,17,6,59
"07/23/2025","2:15 PM","75 min.","Adelaide","Free Flow","","Sauna",11,17,6,65
"07/23/2025","2:45 PM","75 min.","Adelaide","Free Flow","","Sauna.",11,17,6,71
"07/23/2025","3:15 PM","75 min.","Adelaide","Free Flow","","Sauna..",12,17,5,76
"07/23/2025","3:45 PM","75 min.","Adelaide","Free Flow","","Sauna...",5,13,8,84
"07/23/2025","4:15 PM","75 min.","Adelaide","Free Flow","","Sauna....",6,15,9,93
"07/23/2025","5:30 PM","75 min.","Adelaide","Guided Up: Feel Good Now","","Sauna*",19,25,6,99
"07/23/2025","6:45 PM","75 min.","Adelaide","Guided Down: Sound Immersion","Stuart Campbell","Sauna*",,,,99
"07/23/2025","8:00 PM","75 min.","Adelaide","Free Flow","","Sauna...",1,15,14,113
"07/23/2025","8:15 PM","75 min.","Adelaide","Free Flow","","Sauna....",0,8,8,121
"07/23/2025","8:30 PM","75 min.","Adelaide","Free Flow","","Sauna.....",1,13,12,133
"07/23/2025","8:45 PM","75 min.","Adelaide","Free Flow","","Sauna.",0,15,15,148
"07/23/2025","9:30 PM","75 min.","Adelaide","Free Flow","","Sauna..",0,15,15,163
"07/23/2025","9:45 PM","75 min.","Adelaide","Free Flow","","Sauna...",5,8,3,166
"07/23/2025","10:00 PM","75 min.","Adelaide","Free Flow","","Sauna....",11,13,2,168
"07/23/2025","10:15 PM","75 min.","Adelaide","Free Flow","","Sauna.....",10,15,5,173
"07/24/2025","7:00 AM","60 min.","Adelaide","Guided Down: Unwind - 60 min","","Sauna*",30,32,2,2
"07/24/2025","8:30 AM","75 min.","Adelaide","Free Flow","","Sauna...",10,17,7,9
"07/24/2025","9:00 AM","75 min.","Adelaide","Free Flow","","Sauna....",6,17,11,20
"07/24/2025","9:30 AM","75 min.","Adelaide","Free Flow","","Sauna",13,17,4,24
"07/24/2025","10:00 AM","75 min.","Adelaide","Free Flow","","Sauna..",12,17,5,29
"07/24/2025","10:15 AM","75 min.","Adelaide","Free Flow","","Sauna.",11,17,6,35
"07/24/2025","12:00 PM","60 min.","Adelaide","Guided Down: Rose, Thorn, Bud - 60 min","","Sauna*",21,32,11,46
"07/24/2025","1:45 PM","75 min.","Adelaide","Free Flow","","Sauna.....",5,15,10,56
"07/24/2025","2:15 PM","75 min.","Adelaide","Free Flow","","Sauna.",8,17,9,65
"07/24/2025","2:45 PM","75 min.","Adelaide","Free Flow","","Sauna...",16,17,1,66
"07/24/2025","3:15 PM","75 min.","Adelaide","Free Flow","","Sauna....",13,15,2,68
"07/24/2025","3:45 PM","75 min.","Adelaide","Free Flow","","Sauna.....",15,17,2,70
"07/24/2025","4:15 PM","75 min.","Adelaide","Free Flow","","Sauna.",14,17,3,73
"07/24/2025","4:45 PM","75 min.","Adelaide","Free Flow","","Sauna..",3,15,12,85
"07/24/2025","5:15 PM","75 min.","Adelaide","Free Flow","","Sauna...",5,17,12,97
"07/24/2025","5:45 PM","75 min.","Adelaide","Lively Free Flow","","Sauna....",1,13,12,109
"07/24/2025","6:15 PM","75 min.","Adelaide","Lively Free Flow","","Sauna.....",5,15,10,119
"07/24/2025","7:30 PM","75 min.","Adelaide","Guided All Around: Loving Kindness","","Sauna*",3,30,27,146
"07/24/2025","8:45 PM","120 min.","Adelaide","Social","","Sauna",2,26,24,170
"07/24/2025","9:15 PM","120 min.","Adelaide","Social","","Sauna..",0,25,25,195
"07/25/2025","7:00 AM","60 min.","Adelaide","Guided Up: Awakening - 60 min","","Sauna*",23,32,9,9
"07/25/2025","8:30 AM","75 min.","Adelaide","Free Flow","","Sauna",10,17,7,16
"07/25/2025","9:00 AM","75 min.","Adelaide","Free Flow","","Sauna.",8,17,9,25
"07/25/2025","9:30 AM","75 min.","Adelaide","Free Flow","","Sauna..",12,17,5,30
"07/25/2025","10:00 AM","75 min.","Adelaide","Free Flow","","Sauna...",9,17,8,38
"07/25/2025","10:15 AM","75 min.","Adelaide","Free Flow","","Sauna....",7,17,10,48
"07/25/2025","12:00 PM","60 min.","Adelaide","Guided Down: Self-Care Sweat - 60 min","","Sauna*",18,32,14,62
"07/25/2025","1:15 PM","75 min.","Adelaide","Free Flow","","Sauna.....",4,17,13,75
"07/25/2025","1:45 PM","75 min.","Adelaide","Free Flow","","Sauna..",15,17,2,77
"07/25/2025","2:15 PM","75 min.","Adelaide","Free Flow","","Sauna...",13,15,2,79
"07/25/2025","2:45 PM","75 min.","Adelaide","Free Flow","","Sauna....",13,17,4,83
"07/25/2025","3:15 PM","75 min.","Adelaide","Free Flow","","Sauna.....",13,17,4,87
"07/25/2025","3:45 PM","75 min.","Adelaide","Free Flow","","Sauna",2,15,13,100
"07/25/2025","4:15 PM","75 min.","Adelaide","Free Flow","","Sauna.",10,17,7,107
"07/25/2025","4:45 PM","75 min.","Adelaide","Free Flow","","Sauna..",12,17,5,112
"07/25/2025","5:15 PM","75 min.","Adelaide","Free Flow","","Sauna...",5,15,10,122
"07/25/2025","5:45 PM","75 min.","Adelaide","Lively Free Flow","","Sauna....",1,13,12,134
"07/25/2025","6:15 PM","75 min.","Adelaide","Lively Free Flow","","Sauna.....",3,15,12,146
"07/25/2025","7:30 PM","75 min.","Adelaide","Guided Up: Self-Care Sweat","","Sauna*",,,,146
"07/25/2025","8:45 PM","120 min.","Adelaide","Social","","Sauna",1,26,25,171
"07/25/2025","9:15 PM","120 min.","Adelaide","Social","","Sauna.",0,25,25,196
"07/26/2025","8:00 AM","75 min.","Adelaide","Guided Down: Pure Presence","","Sauna*",16,25,9,9
"07/26/2025","9:15 AM","75 min.","Adelaide","Guided Down: Unwind","","Sauna*",9,26,17,26
"07/26/2025","10:30 AM","75 min.","Adelaide","Guided Down: Deep Stretch","","Sauna*",10,25,15,41
"07/26/2025","11:45 AM","75 min.","Adelaide","Guided Up: Awakening","","Sauna*",18,26,8,49
"07/26/2025","1:00 PM","75 min.","Adelaide","Lively Free Flow","","Sauna...",0,16,16,65
"07/26/2025","1:30 PM","75 min.","Adelaide","Lively Free Flow","","Sauna..",3,8,5,70
"07/26/2025","2:00 PM","75 min.","Adelaide","Lively Free Flow","","Sauna.",22,25,3,73
"07/26/2025","2:30 PM","75 min.","Adelaide","Lively Free Flow","","Sauna.....",0,16,16,89
"07/26/2025","3:00 PM","75 min.","Adelaide","Lively Free Flow","","Sauna",0,8,8,97
"07/26/2025","3:30 PM","75 min.","Adelaide","Lively Free Flow","","Sauna..",22,25,3,100
"07/26/2025","4:00 PM","75 min.","Adelaide","Lively Free Flow","","Sauna.",11,16,5,105
"07/26/2025","4:30 PM","75 min.","Adelaide","Lively Free Flow","","Sauna...",3,8,5,110
"07/26/2025","5:00 PM","75 min.","Adelaide","Lively Free Flow","","Sauna",22,25,3,113
"07/26/2025","5:30 PM","75 min.","Adelaide","Lively Free Flow","","Sauna.",7,16,9,122
"07/26/2025","6:00 PM","75 min.","Adelaide","Lively Free Flow","","Sauna...",0,8,8,130
"07/26/2025","6:30 PM","75 min.","Adelaide","Lively Free Flow","","Sauna.....",1,15,14,144
"07/26/2025","7:45 PM","75 min.","Adelaide","Guided Down: Sound Immersion","","Sauna*",21,32,11,155
"07/26/2025","9:00 PM","120 min.","Adelaide","Social","","Sauna",18,26,8,163
"07/26/2025","9:30 PM","120 min.","Adelaide","Social","","Sauna..",21,25,4,167
"07/27/2025","7:00 AM","75 min.","Adelaide","Quieter Free Flow","","Sauna",14,17,3,3
"07/27/2025","7:30 AM","75 min.","Adelaide","Quieter Free Flow","","Sauna.",10,17,7,10
"07/27/2025","8:00 AM","75 min.","Adelaide","Quieter Free Flow","","Sauna..",9,17,8,18
"07/27/2025","8:30 AM","75 min.","Adelaide","Quieter Free Flow","","Sauna",10,17,7,25
"07/27/2025","10:15 AM","75 min.","Adelaide","Guided Down: Rose, Thorn, Bud","","Sauna*",15,26,11,36
"07/27/2025","11:30 AM","75 min.","Adelaide","Guided Down: Sound Immersion","","Sauna*",,,,36
"07/27/2025","12:45 PM","75 min.","Adelaide","Lively Free Flow","","Sauna....",10,21,11,47
"07/27/2025","1:00 PM","75 min.","Adelaide","Lively Free Flow","","Sauna.....",8,15,7,54
"07/27/2025","1:30 PM","75 min.","Adelaide","Lively Free Flow","","Sauna...",8,12,4,58
"07/27/2025","2:00 PM","75 min.","Adelaide","Lively Free Flow","","Sauna",2,21,19,77
"07/27/2025","2:30 PM","75 min.","Adelaide","Lively Free Flow","","Sauna.",10,15,5,82
"07/27/2025","3:00 PM","75 min.","Adelaide","Lively Free Flow","","Sauna...",6,12,6,88
"07/27/2025","3:30 PM","75 min.","Adelaide","Lively Free Flow","","Sauna..",10,21,11,99
"07/27/2025","4:00 PM","75 min.","Adelaide","Lively Free Flow","","Sauna.",10,15,5,104
"07/27/2025","4:30 PM","75 min.","Adelaide","Lively Free Flow","","Sauna",8,12,4,108
"07/27/2025","5:00 PM","75 min.","Adelaide","Lively Free Flow","","Sauna...",7,20,13,121
"07/27/2025","5:30 PM","75 min.","Adelaide","Lively Free Flow","","Sauna.",4,15,11,132
"07/27/2025","6:45 PM","75 min.","Adelaide","Guided Down: Untangle","","Sauna*",2,32,30,162
"07/27/2025","8:00 PM","75 min.","Adelaide","Free Flow","","Sauna...",1,15,14,176
"07/27/2025","8:15 PM","75 min.","Adelaide","Free Flow","","Sauna....",1,15,14,190
"07/27/2025","8:30 PM","75 min.","Adelaide","Free Flow","","Sauna.....",7,13,6,196
"07/27/2025","8:45 PM","75 min.","Adelaide","Free Flow","","Sauna.",0,8,8,204
"07/27/2025","9:30 PM","75 min.","Adelaide","Free Flow","","Sauna..",9,15,6,210
"07/27/2025","9:45 PM","75 min.","Adelaide","Free Flow","","Sauna...",7,15,8,218
"07/27/2025","10:00 PM","75 min.","Adelaide","Free Flow","","Sauna....",9,13,4,222
"07/27/2025","10:15 PM","75 min.","Adelaide","Free Flow","","Sauna.....",4,8,4,226
"07/14/2025","7:00 AM","75 min.","Adelaide","Quieter Free Flow","","Sauna",8,17,9,9
"07/14/2025","7:30 AM","75 min.","Adelaide","Quieter Free Flow","","Sauna.",15,17,2,11
"07/14/2025","8:00 AM","75 min.","Adelaide","Quieter Free Flow","","Sauna..",15,17,2,13
"07/14/2025","8:30 AM","75 min.","Adelaide","Quieter Free Flow","","Sauna",17,17,0,13
"07/14/2025","9:00 AM","75 min.","Adelaide","Quieter Free Flow","","Sauna.",10,17,7,20
"07/14/2025","9:30 AM","75 min.","Adelaide","Quieter Free Flow","","Sauna..",16,17,1,21
"07/14/2025","10:00 AM","75 min.","Adelaide","Quieter Free Flow","","Sauna",17,17,0,21
"07/14/2025","10:15 AM","75 min.","Adelaide","Quieter Free Flow","","Sauna....",9,17,8,29
"07/14/2025","12:00 PM","60 min.","Adelaide","Guided Down: Deep Stretch - 60 min","","Sauna*",21,30,9,38
"07/14/2025","1:45 PM","75 min.","Adelaide","Free Flow","","Sauna",7,17,10,48
"07/14/2025","2:15 PM","75 min.","Adelaide","Free Flow","","Sauna...",14,17,3,51
"07/14/2025","2:45 PM","75 min.","Adelaide","Free Flow","","Sauna.",14,17,3,54
"07/14/2025","3:15 PM","75 min.","Adelaide","Free Flow","","Sauna..",9,17,8,62
"07/14/2025","3:45 PM","75 min.","Adelaide","Free Flow","","Sauna.....",16,17,1,63
"07/14/2025","4:15 PM","75 min.","Adelaide","Free Flow","","Sauna....",10,17,7,70
"07/14/2025","4:45 PM","75 min.","Adelaide","Free Flow","","Sauna...",1,17,16,86
"07/14/2025","5:15 PM","75 min.","Adelaide","Lively Free Flow","","Sauna..",0,17,17,103
"07/14/2025","6:30 PM","75 min.","Adelaide","Guided All Around: Acceptance","","Sauna*",2,25,23,126
"07/14/2025","7:45 PM","75 min.","Adelaide","Guided Down: Senses","","Sauna*",,,,126
"07/14/2025","9:00 PM","75 min.","Adelaide","Guided Down: Pure Presence","","Sauna*",2,25,23,149
"07/15/2025","7:00 AM","60 min.","Adelaide","Guided Up: Arctic Tundra - 60 min","","Sauna*",28,32,4,4
"07/15/2025","8:30 AM","75 min.","Adelaide","Quieter Free Flow","","Sauna...",11,17,6,10
"07/15/2025","9:00 AM","75 min.","Adelaide","Quieter Free Flow","","Sauna....",17,17,0,10
"07/15/2025","9:30 AM","75 min.","Adelaide","Quieter Free Flow","","Sauna",15,17,2,12
"07/15/2025","10:00 AM","75 min.","Adelaide","Quieter Free Flow","","Sauna.....",16,17,1,13
"07/15/2025","10:15 AM","75 min.","Adelaide","Quieter Free Flow","","Sauna.",12,17,5,18
"07/15/2025","12:00 PM","60 min.","Adelaide","Guided Down: Sound Immersion - 60 min","","Sauna*",17,25,8,26
"07/15/2025","1:30 PM","75 min.","Adelaide","Guided All Around: Reset","","Sauna*",9,26,17,43
"07/15/2025","3:00 PM","75 min.","Adelaide","Free Flow","","Sauna.....",7,17,10,53
"07/15/2025","3:30 PM","75 min.","Adelaide","Free Flow","","Sauna.",13,17,4,57
"07/15/2025","4:00 PM","75 min.","Adelaide","Free Flow","","Sauna..",13,17,4,61
"07/15/2025","4:30 PM","75 min.","Adelaide","Free Flow","","Sauna...",12,17,5,66
"07/15/2025","5:00 PM","75 min.","Adelaide","Free Flow","","Sauna....",5,13,8,74
"07/15/2025","5:30 PM","75 min.","Adelaide","Lively Free Flow","","Sauna.....",4,15,11,85
"07/15/2025","6:45 PM","75 min.","Adelaide","Guided Down: Untangle","","Sauna*",11,32,21,106
"07/15/2025","8:00 PM","75 min.","Adelaide","Free Flow","","Sauna...",1,15,14,120
"07/15/2025","8:15 PM","75 min.","Adelaide","Free Flow","","Sauna....",3,8,5,125
"07/15/2025","8:30 PM","75 min.","Adelaide","Free Flow","","Sauna.....",1,13,12,137
"07/15/2025","8:45 PM","75 min.","Adelaide","Free Flow","","Sauna.",0,15,15,152
"07/15/2025","9:30 PM","75 min.","Adelaide","Free Flow","","Sauna..",6,15,9,161
"07/15/2025","9:45 PM","75 min.","Adelaide","Free Flow","","Sauna...",12,15,3,164
"07/15/2025","10:00 PM","75 min.","Adelaide","Free Flow","","Sauna....",10,13,3,167
"07/15/2025","10:15 PM","75 min.","Adelaide","Free Flow","","Sauna.....",7,15,8,175
"07/16/2025","7:00 AM","60 min.","Adelaide","Guided Down: Deep Stretch - 60 min","","Sauna*",25,30,5,5
"07/16/2025","8:30 AM","75 min.","Adelaide","Free Flow","","Sauna",13,17,4,9
"07/16/2025","9:00 AM","75 min.","Adelaide","Free Flow","","Sauna.",16,17,1,10
"07/16/2025","9:30 AM","75 min.","Adelaide","Free Flow","","Sauna..",16,17,1,11
"07/16/2025","10:00 AM","75 min.","Adelaide","Free Flow","","Sauna...",17,17,0,11
"07/16/2025","10:15 AM","75 min.","Adelaide","Free Flow","","Sauna....",11,17,6,17
"07/16/2025","12:00 PM","60 min.","Adelaide","Guided All Around: Hardwiring Happiness - 60 min","","Sauna*",19,32,13,30
"07/16/2025","1:15 PM","75 min.","Adelaide","Free Flow","","Sauna....",13,17,4,34
"07/16/2025","1:45 PM","75 min.","Adelaide","Free Flow","","Sauna..",16,17,1,35
"07/16/2025","2:15 PM","75 min.","Adelaide","Free Flow","","Sauna",13,17,4,39
"07/16/2025","2:45 PM","75 min.","Adelaide","Free Flow","","Sauna.",16,17,1,40
"07/16/2025","3:15 PM","75 min.","Adelaide","Free Flow","","Sauna..",7,17,10,50
"07/16/2025","3:45 PM","75 min.","Adelaide","Free Flow","","Sauna...",8,13,5,55
"07/16/2025","4:15 PM","75 min.","Adelaide","Free Flow","","Sauna....",10,15,5,60
"07/16/2025","5:30 PM","75 min.","Adelaide","Guided All Around: Release","","Sauna*",7,25,18,78
"07/16/2025","6:45 PM","75 min.","Adelaide","Guided Down: Sound Immersion","Stuart Campbell","Sauna*",1,26,25,103
"07/16/2025","8:00 PM","75 min.","Adelaide","Free Flow","","Sauna...",0,15,15,118
"07/16/2025","8:15 PM","75 min.","Adelaide","Free Flow","","Sauna....",0,8,8,126
"07/16/2025","8:30 PM","75 min.","Adelaide","Free Flow","","Sauna.....",0,13,13,139
"07/16/2025","8:45 PM","75 min.","Adelaide","Free Flow","","Sauna.",0,15,15,154
"07/16/2025","9:30 PM","75 min.","Adelaide","Free Flow","","Sauna..",2,15,13,167
"07/16/2025","9:45 PM","75 min.","Adelaide","Free Flow","","Sauna...",5,8,3,170
"07/16/2025","10:00 PM","75 min.","Adelaide","Free Flow","","Sauna....",6,13,7,177
"07/16/2025","10:15 PM","75 min.","Adelaide","Free Flow","","Sauna.....",10,15,5,182
"07/17/2025","7:00 AM","60 min.","Adelaide","Guided Down: Unwind - 60 min","","Sauna*",28,32,4,4
"07/17/2025","8:30 AM","75 min.","Adelaide","Free Flow","","Sauna...",15,17,2,6
"07/17/2025","9:00 AM","75 min.","Adelaide","Free Flow","","Sauna....",12,17,5,11
"07/17/2025","9:30 AM","75 min.","Adelaide","Free Flow","","Sauna",14,17,3,14
"07/17/2025","10:00 AM","75 min.","Adelaide","Free Flow","","Sauna..",12,17,5,19
"07/17/2025","10:15 AM","75 min.","Adelaide","Free Flow","","Sauna.",9,17,8,27
"07/17/2025","12:00 PM","60 min.","Adelaide","Guided Down: Rose, Thorn, Bud - 60 min","","Sauna*",5,32,27,54
"07/17/2025","1:45 PM","75 min.","Adelaide","Free Flow","","Sauna.....",8,15,7,61
"07/17/2025","2:15 PM","75 min.","Adelaide","Free Flow","","Sauna.",10,17,7,68
"07/17/2025","2:45 PM","75 min.","Adelaide","Free Flow","","Sauna...",14,17,3,71
"07/17/2025","3:15 PM","75 min.","Adelaide","Free Flow","","Sauna....",12,15,3,74
"07/17/2025","3:45 PM","75 min.","Adelaide","Free Flow","","Sauna.....",15,17,2,76
"07/17/2025","4:15 PM","75 min.","Adelaide","Free Flow","","Sauna.",14,17,3,79
"07/17/2025","4:45 PM","75 min.","Adelaide","Free Flow","","Sauna..",10,15,5,84
"07/17/2025","5:15 PM","75 min.","Adelaide","Free Flow","","Sauna...",6,17,11,95
"07/17/2025","5:45 PM","75 min.","Adelaide","Lively Free Flow","","Sauna....",0,13,13,108
"07/17/2025","6:15 PM","75 min.","Adelaide","Lively Free Flow","","Sauna.....",2,15,13,121
"07/17/2025","7:30 PM","75 min.","Adelaide","Guided All Around: Reset","","Sauna*",3,30,27,148
"07/17/2025","8:45 PM","120 min.","Adelaide","Social","","Sauna",1,26,25,173
"07/17/2025","9:15 PM","120 min.","Adelaide","Social","","Sauna..",11,25,14,187
"07/18/2025","7:00 AM","60 min.","Adelaide","Guided Down: Embodied - 60 min","","Sauna*",27,32,5,5
"07/18/2025","8:30 AM","75 min.","Adelaide","Free Flow","","Sauna",11,17,6,11
"07/18/2025","9:00 AM","75 min.","Adelaide","Free Flow","","Sauna.",6,17,11,22
"07/18/2025","9:30 AM","75 min.","Adelaide","Free Flow","","Sauna..",15,17,2,24
"07/18/2025","10:00 AM","75 min.","Adelaide","Free Flow","","Sauna...",11,17,6,30
"07/18/2025","10:15 AM","75 min.","Adelaide","Free Flow","","Sauna....",10,17,7,37
"07/18/2025","12:00 PM","60 min.","Adelaide","Guided All Around: Release - 60 min","","Sauna*",17,32,15,52
"07/18/2025","1:15 PM","75 min.","Adelaide","Free Flow","","Sauna.....",7,17,10,62
"07/18/2025","1:45 PM","75 min.","Adelaide","Free Flow","","Sauna..",6,17,11,73
"07/18/2025","2:15 PM","75 min.","Adelaide","Free Flow","","Sauna...",10,15,5,78
"07/18/2025","2:45 PM","75 min.","Adelaide","Free Flow","","Sauna....",9,17,8,86
"07/18/2025","3:15 PM","75 min.","Adelaide","Free Flow","","Sauna.....",14,17,3,89
"07/18/2025","3:45 PM","75 min.","Adelaide","Free Flow","","Sauna",11,15,4,93
"07/18/2025","4:15 PM","75 min.","Adelaide","Free Flow","","Sauna.",11,17,6,99
"07/18/2025","4:45 PM","75 min.","Adelaide","Free Flow","","Sauna..",9,17,8,107
"07/18/2025","5:15 PM","75 min.","Adelaide","Free Flow","","Sauna...",1,15,14,121
"07/18/2025","5:45 PM","75 min.","Adelaide","Lively Free Flow","","Sauna....",0,13,13,134
"07/18/2025","6:15 PM","75 min.","Adelaide","Lively Free Flow","","Sauna.....",0,15,15,149
"07/18/2025","7:30 PM","75 min.","Adelaide","Guided Down: Pure Presence","","Sauna*",5,30,25,174
"07/18/2025","8:45 PM","120 min.","Adelaide","Social","","Sauna",,,,174
"07/18/2025","9:15 PM","120 min.","Adelaide","Social","","Sauna.",0,25,25,199
"07/19/2025","8:00 AM","75 min.","Adelaide","Guided Down: Rose, Thorn, Bud","","Sauna*",20,25,5,5
"07/19/2025","9:15 AM","75 min.","Adelaide","Guided All Around: Gratitude","","Sauna*",11,26,15,20
"07/19/2025","10:30 AM","75 min.","Adelaide","Guided Down: Unwind","","Sauna*",10,25,15,35
"07/19/2025","11:45 AM","75 min.","Adelaide","Guided All Around: Release","","Sauna*",11,26,15,50
"07/19/2025","1:00 PM","75 min.","Adelaide","Lively Free Flow","","Sauna...",0,16,16,66
"07/19/2025","1:30 PM","75 min.","Adelaide","Lively Free Flow","","Sauna..",1,8,7,73
"07/19/2025","2:00 PM","75 min.","Adelaide","Lively Free Flow","","Sauna.",0,25,25,98
"07/19/2025","2:30 PM","75 min.","Adelaide","Lively Free Flow","","Sauna.....",1,16,15,113
"07/19/2025","3:00 PM","75 min.","Adelaide","Lively Free Flow","","Sauna",0,8,8,121
"07/19/2025","3:30 PM","75 min.","Adelaide","Lively Free Flow","","Sauna..",19,25,6,127
"07/19/2025","4:00 PM","75 min.","Adelaide","Lively Free Flow","","Sauna.",13,16,3,130
"07/19/2025","4:30 PM","75 min.","Adelaide","Lively Free Flow","","Sauna...",0,8,8,138
"07/19/2025","5:00 PM","75 min.","Adelaide","Lively Free Flow","","Sauna",13,25,12,150
"07/19/2025","5:30 PM","75 min.","Adelaide","Lively Free Flow","","Sauna.",10,16,6,156
"07/19/2025","6:00 PM","75 min.","Adelaide","Lively Free Flow","","Sauna...",3,8,5,161
"07/19/2025","6:30 PM","75 min.","Adelaide","Lively Free Flow","","Sauna.....",5,15,10,171
"07/19/2025","7:45 PM","75 min.","Adelaide","Guided All Around: Loving Kindness","","Sauna*",22,32,10,181
"07/19/2025","9:00 PM","120 min.","Adelaide","Beat Drop: DJ Takeover","","Sauna",,,,181
"07/19/2025","9:30 PM","120 min.","Adelaide","Beat Drop: DJ Takeover","","Sauna..",4,25,21,202
"07/20/2025","7:00 AM","75 min.","Adelaide","Quieter Free Flow","","Sauna",12,17,5,5
"07/20/2025","7:30 AM","75 min.","Adelaide","Quieter Free Flow","","Sauna.",13,17,4,9
"07/20/2025","8:00 AM","75 min.","Adelaide","Quieter Free Flow","","Sauna..",14,17,3,12
"07/20/2025","8:30 AM","75 min.","Adelaide","Quieter Free Flow","","Sauna",0,17,17,29
"07/20/2025","10:15 AM","75 min.","Adelaide","Guided Up: Self-Care Sweat","","Sauna*",3,26,23,52
"07/20/2025","11:30 AM","75 min.","Adelaide","Guided Down: Sound Immersion","","Sauna*",2,25,23,75
"07/20/2025","12:45 PM","75 min.","Adelaide","Lively Free Flow","","Sauna....",7,21,14,89
"07/20/2025","1:00 PM","75 min.","Adelaide","Lively Free Flow","","Sauna.....",12,15,3,92
"07/20/2025","1:30 PM","75 min.","Adelaide","Lively Free Flow","","Sauna...",9,12,3,95
"07/20/2025","2:00 PM","75 min.","Adelaide","Lively Free Flow","","Sauna",15,21,6,101
"07/20/2025","2:30 PM","75 min.","Adelaide","Lively Free Flow","","Sauna.",8,15,7,108
"07/20/2025","3:00 PM","75 min.","Adelaide","Lively Free Flow","","Sauna...",1,12,11,119
"07/20/2025","3:30 PM","75 min.","Adelaide","Lively Free Flow","","Sauna..",4,21,17,136
"07/20/2025","4:00 PM","75 min.","Adelaide","Lively Free Flow","","Sauna.",5,15,10,146
"07/20/2025","4:30 PM","75 min.","Adelaide","Lively Free Flow","","Sauna",0,12,12,158
"07/20/2025","5:00 PM","75 min.","Adelaide","Lively Free Flow","","Sauna...",5,20,15,173
"07/20/2025","5:30 PM","75 min.","Adelaide","Lively Free Flow","","Sauna.",0,15,15,188
"07/20/2025","6:45 PM","75 min.","Adelaide","Guided Down: Untangle","","Sauna*",1,32,31,219
"07/20/2025","8:00 PM","75 min.","Adelaide","Free Flow","","Sauna...",1,15,14,233
"07/20/2025","8:15 PM","75 min.","Adelaide","Free Flow","","Sauna....",2,15,13,246
"07/20/2025","8:30 PM","75 min.","Adelaide","Free Flow","","Sauna.....",1,13,12,258
"07/20/2025","8:45 PM","75 min.","Adelaide","Free Flow","","Sauna.",0,8,8,266
"07/20/2025","9:30 PM","75 min.","Adelaide","Free Flow","","Sauna..",6,15,9,275
"07/20/2025","9:45 PM","75 min.","Adelaide","Free Flow","","Sauna...",14,15,1,276
"07/20/2025","10:00 PM","75 min.","Adelaide","Free Flow","","Sauna....",8,13,5,281
"07/20/2025","10:15 PM","75 min.","Adelaide","Free Flow","","Sauna.....",6,8,2,283
"07/07/2025","7:00 AM","75 min.","Adelaide","Quieter Free Flow","","Sauna",10,17,7,7
"07/07/2025","7:30 AM","75 min.","Adelaide","Quieter Free Flow","","Sauna.",15,17,2,9
"07/07/2025","8:00 AM","75 min.","Adelaide","Quieter Free Flow","","Sauna..",14,17,3,12
"07/07/2025","8:30 AM","75 min.","Adelaide","Quieter Free Flow","","Sauna",13,17,4,16
"07/07/2025","9:00 AM","75 min.","Adelaide","Quieter Free Flow","","Sauna.",14,17,3,19
"07/07/2025","9:30 AM","75 min.","Adelaide","Quieter Free Flow","","Sauna..",15,17,2,21
"07/07/2025","10:00 AM","75 min.","Adelaide","Quieter Free Flow","","Sauna",17,17,0,21
"07/07/2025","10:15 AM","75 min.","Adelaide","Quieter Free Flow","","Sauna....",10,17,7,28
"07/07/2025","12:00 PM","75 min.","Adelaide","Free Flow","","Sauna*",26,32,6,34
"07/07/2025","1:45 PM","75 min.","Adelaide","Free Flow","","Sauna",8,17,9,43
"07/07/2025","2:15 PM","75 min.","Adelaide","Free Flow","","Sauna...",15,17,2,45
"07/07/2025","2:45 PM","75 min.","Adelaide","Free Flow","","Sauna.",11,17,6,51
"07/07/2025","3:15 PM","75 min.","Adelaide","Free Flow","","Sauna..",14,17,3,54
"07/07/2025","3:45 PM","75 min.","Adelaide","Free Flow","","Sauna.....",11,17,6,60
"07/07/2025","4:15 PM","75 min.","Adelaide","Free Flow","","Sauna....",7,17,10,70
"07/07/2025","4:45 PM","75 min.","Adelaide","Free Flow","","Sauna...",0,17,17,87
"07/07/2025","5:15 PM","75 min.","Adelaide","Lively Free Flow","","Sauna..",1,17,16,103
"07/07/2025","6:30 PM","75 min.","Adelaide","Guided All Around: Inner Power","","Sauna*",3,25,22,125
"07/07/2025","7:45 PM","75 min.","Adelaide","Guided Down: Rose, Thorn, Bud","","Sauna*",2,26,24,149
"07/07/2025","9:00 PM","75 min.","Adelaide","Guided All Around: Loving Kindness","","Sauna*",6,25,19,168
"07/08/2025","7:00 AM","60 min.","Adelaide","Guided Up: Arctic Tundra - 60 min","","Sauna*",20,32,12,12
"07/08/2025","8:30 AM","75 min.","Adelaide","Quieter Free Flow","","Sauna...",11,17,6,18
"07/08/2025","9:00 AM","75 min.","Adelaide","Quieter Free Flow","","Sauna....",10,17,7,25
"07/08/2025","9:30 AM","75 min.","Adelaide","Quieter Free Flow","","Sauna",14,17,3,28
"07/08/2025","10:00 AM","75 min.","Adelaide","Quieter Free Flow","","Sauna.....",12,17,5,33
"07/08/2025","10:15 AM","75 min.","Adelaide","Quieter Free Flow","","Sauna.",15,17,2,35
"07/08/2025","12:00 PM","60 min.","Adelaide","Guided Down: Sound Immersion - 60 min","","Sauna*",14,25,11,46
"07/08/2025","1:30 PM","75 min.","Adelaide","Guided Down: Self-Care Sweat","","Sauna*",2,26,24,70
"07/08/2025","3:00 PM","75 min.","Adelaide","Free Flow","","Sauna.....",11,17,6,76
"07/08/2025","3:30 PM","75 min.","Adelaide","Free Flow","","Sauna.",9,17,8,84
"07/08/2025","4:00 PM","75 min.","Adelaide","Free Flow","","Sauna..",8,17,9,93
"07/08/2025","4:30 PM","75 min.","Adelaide","Free Flow","","Sauna...",12,17,5,98
"07/08/2025","5:00 PM","75 min.","Adelaide","Free Flow","","Sauna....",5,13,8,106
"07/08/2025","5:30 PM","75 min.","Adelaide","Lively Free Flow","","Sauna.....",0,15,15,121
"07/08/2025","6:45 PM","75 min.","Adelaide","Guided Down: Sound Immersion","","Sauna*",4,32,28,149
"07/08/2025","8:00 PM","75 min.","Adelaide","Free Flow","","Sauna...",0,15,15,164
"07/08/2025","8:15 PM","75 min.","Adelaide","Free Flow","","Sauna....",5,8,3,167
"07/08/2025","8:30 PM","75 min.","Adelaide","Free Flow","","Sauna.....",7,13,6,173
"07/08/2025","8:45 PM","75 min.","Adelaide","Free Flow","","Sauna.",5,15,10,183
"07/08/2025","9:30 PM","75 min.","Adelaide","Free Flow","","Sauna..",3,15,12,195
"07/08/2025","9:45 PM","75 min.","Adelaide","Free Flow","","Sauna...",10,15,5,200
"07/08/2025","10:00 PM","75 min.","Adelaide","Free Flow","","Sauna....",7,13,6,206
"07/08/2025","10:15 PM","75 min.","Adelaide","Free Flow","","Sauna.....",11,15,4,210
"07/09/2025","7:00 AM","60 min.","Adelaide","Guided Down: Deep Stretch - 60 min","","Sauna*",26,30,4,4
"07/09/2025","8:30 AM","75 min.","Adelaide","Free Flow","","Sauna",7,17,10,14
"07/09/2025","9:00 AM","75 min.","Adelaide","Free Flow","","Sauna.",12,17,5,19
"07/09/2025","9:30 AM","75 min.","Adelaide","Free Flow","","Sauna..",16,17,1,20
"07/09/2025","10:00 AM","75 min.","Adelaide","Free Flow","","Sauna...",14,17,3,23
"07/09/2025","10:15 AM","75 min.","Adelaide","Free Flow","","Sauna....",14,17,3,26
"07/09/2025","12:00 PM","60 min.","Adelaide","Guided Down: Self-Care Sweat - 60 min","","Sauna*",12,32,20,46
"07/09/2025","1:15 PM","75 min.","Adelaide","Free Flow","","Sauna....",7,17,10,56
"07/09/2025","1:45 PM","75 min.","Adelaide","Free Flow","","Sauna..",13,17,4,60
"07/09/2025","2:15 PM","75 min.","Adelaide","Free Flow","","Sauna",12,17,5,65
"07/09/2025","2:45 PM","75 min.","Adelaide","Free Flow","","Sauna.",14,17,3,68
"07/09/2025","3:15 PM","75 min.","Adelaide","Free Flow","","Sauna..",15,17,2,70
"07/09/2025","3:45 PM","75 min.","Adelaide","Free Flow","","Sauna...",10,13,3,73
"07/09/2025","4:15 PM","75 min.","Adelaide","Free Flow","","Sauna....",5,15,10,83
"07/09/2025","5:30 PM","75 min.","Adelaide","Guided Up: Feel Good Now","","Sauna*",12,25,13,96
"07/09/2025","6:45 PM","75 min.","Adelaide","Guided Down: Sound Immersion","Stuart Campbell","Sauna*",,,,96
"07/09/2025","8:00 PM","75 min.","Adelaide","Free Flow","","Sauna...",1,15,14,110
"07/09/2025","8:15 PM","75 min.","Adelaide","Free Flow","","Sauna....",0,8,8,118
"07/09/2025","8:30 PM","75 min.","Adelaide","Free Flow","","Sauna.....",1,13,12,130
"07/09/2025","8:45 PM","75 min.","Adelaide","Free Flow","","Sauna.",3,15,12,142
"07/09/2025","9:00 PM","75 min.","Adelaide","Free Flow","","Sauna..",5,21,16,158
"07/09/2025","9:45 PM","75 min.","Adelaide","Free Flow","","Sauna...",3,8,5,163
"07/09/2025","10:00 PM","75 min.","Adelaide","Free Flow","","Sauna....",6,13,7,170
"07/09/2025","10:15 PM","75 min.","Adelaide","Free Flow","","Sauna.....",8,15,7,177
"07/10/2025","7:00 AM","60 min.","Adelaide","Guided Down: Unwind - 60 min","","Sauna*",30,32,2,2
"07/10/2025","8:30 AM","75 min.","Adelaide","Free Flow","","Sauna...",11,17,6,8
"07/10/2025","9:00 AM","75 min.","Adelaide","Free Flow","","Sauna....",16,17,1,9
"07/10/2025","9:30 AM","75 min.","Adelaide","Free Flow","","Sauna",14,17,3,12
"07/10/2025","10:00 AM","75 min.","Adelaide","Free Flow","","Sauna..",13,17,4,16
"07/10/2025","10:15 AM","75 min.","Adelaide","Free Flow","","Sauna.",12,17,5,21
"07/10/2025","12:00 PM","60 min.","Adelaide","Guided Down: Unwind - 60 min","","Sauna*",20,32,12,33
"07/10/2025","1:45 PM","75 min.","Adelaide","Free Flow","","Sauna.....",5,15,10,43
"07/10/2025","2:15 PM","75 min.","Adelaide","Free Flow","","Sauna.",16,17,1,44
"07/10/2025","2:45 PM","75 min.","Adelaide","Free Flow","","Sauna...",14,17,3,47
"07/10/2025","3:15 PM","75 min.","Adelaide","Free Flow","","Sauna....",8,15,7,54
"07/10/2025","3:45 PM","75 min.","Adelaide","Free Flow","","Sauna.....",14,17,3,57
"07/10/2025","4:15 PM","75 min.","Adelaide","Free Flow","","Sauna.",5,17,12,69
"07/10/2025","4:45 PM","75 min.","Adelaide","Free Flow","","Sauna..",12,15,3,72
"07/10/2025","5:15 PM","75 min.","Adelaide","Free Flow","","Sauna...",8,17,9,81
"07/10/2025","5:45 PM","75 min.","Adelaide","Lively Free Flow","","Sauna....",0,13,13,94
"07/10/2025","6:15 PM","75 min.","Adelaide","Lively Free Flow","","Sauna.....",0,15,15,109
"07/10/2025","7:30 PM","90 min.","Adelaide","Guided All Around: Space for Women","","Sauna*",6,30,24,133
"07/10/2025","9:00 PM","120 min.","Adelaide","Social","","Sauna",2,26,24,157
"07/10/2025","9:15 PM","120 min.","Adelaide","Social","","Sauna..",7,25,18,175
"07/11/2025","7:00 AM","60 min.","Adelaide","Guided Down: Deep Stretch - 60 min","","Sauna*",24,30,6,6
"07/11/2025","8:30 AM","75 min.","Adelaide","Free Flow","","Sauna",6,17,11,17
"07/11/2025","9:00 AM","75 min.","Adelaide","Free Flow","","Sauna.",13,17,4,21
"07/11/2025","9:30 AM","75 min.","Adelaide","Free Flow","","Sauna..",10,17,7,28
"07/11/2025","10:00 AM","75 min.","Adelaide","Free Flow","","Sauna...",12,17,5,33
"07/11/2025","10:15 AM","75 min.","Adelaide","Free Flow","","Sauna....",14,17,3,36
"07/11/2025","12:00 PM","60 min.","Adelaide","Guided Down: Deep Stretch - 60 min","","Sauna*",11,32,21,57
"07/11/2025","1:15 PM","75 min.","Adelaide","Free Flow","","Sauna.....",5,17,12,69
"07/11/2025","1:45 PM","75 min.","Adelaide","Free Flow","","Sauna..",12,17,5,74
"07/11/2025","2:15 PM","75 min.","Adelaide","Free Flow","","Sauna...",6,15,9,83
"07/11/2025","2:45 PM","75 min.","Adelaide","Free Flow","","Sauna....",12,17,5,88
"07/11/2025","3:15 PM","75 min.","Adelaide","Free Flow","","Sauna.....",11,17,6,94
"07/11/2025","3:45 PM","75 min.","Adelaide","Free Flow","","Sauna",10,15,5,99
"07/11/2025","4:15 PM","75 min.","Adelaide","Free Flow","","Sauna.",4,17,13,112
"07/11/2025","4:45 PM","75 min.","Adelaide","Free Flow","","Sauna..",8,17,9,121
"07/11/2025","5:15 PM","75 min.","Adelaide","Free Flow","","Sauna...",0,15,15,136
"07/11/2025","5:45 PM","75 min.","Adelaide","Lively Free Flow","","Sauna....",0,13,13,149
"07/11/2025","6:15 PM","75 min.","Adelaide","Lively Free Flow","","Sauna.....",0,15,15,164
"07/11/2025","7:30 PM","75 min.","Adelaide","Guided All Around: Release","","Sauna*",1,30,29,193
"07/11/2025","8:45 PM","120 min.","Adelaide","Social","","Sauna",,,,193
"07/11/2025","9:15 PM","120 min.","Adelaide","Social","","Sauna.",9,25,16,209
"07/12/2025","8:00 AM","75 min.","Adelaide","Guided Down: Embodied","","Sauna*",12,25,13,13
"07/12/2025","9:15 AM","75 min.","Adelaide","Guided Down: Rose, Thorn, Bud","","Sauna*",18,26,8,21
"07/12/2025","10:30 AM","75 min.","Adelaide","Guided All Around: Loving Kindness","","Sauna*",1,25,24,45
"07/12/2025","11:45 AM","75 min.","Adelaide","Guided Up: Awakening","","Sauna*",4,26,22,67
"07/12/2025","1:00 PM","75 min.","Adelaide","Lively Free Flow","","Sauna...",0,16,16,83
"07/12/2025","1:30 PM","75 min.","Adelaide","Lively Free Flow","","Sauna..",0,8,8,91
"07/12/2025","2:00 PM","75 min.","Adelaide","Lively Free Flow","","Sauna.",12,25,13,104
"07/12/2025","2:30 PM","75 min.","Adelaide","Lively Free Flow","","Sauna.....",9,16,7,111
"07/12/2025","3:00 PM","75 min.","Adelaide","Lively Free Flow","","Sauna",2,8,6,117
"07/12/2025","3:30 PM","75 min.","Adelaide","Lively Free Flow","","Sauna..",19,25,6,123
"07/12/2025","4:00 PM","75 min.","Adelaide","Lively Free Flow","","Sauna.",15,16,1,124
"07/12/2025","4:30 PM","75 min.","Adelaide","Lively Free Flow","","Sauna...",2,8,6,130
"07/12/2025","5:00 PM","75 min.","Adelaide","Lively Free Flow","","Sauna",19,25,6,136
"07/12/2025","5:30 PM","75 min.","Adelaide","Lively Free Flow","","Sauna.",12,16,4,140
"07/12/2025","6:00 PM","75 min.","Adelaide","Lively Free Flow","","Sauna...",7,8,1,141
"07/12/2025","6:30 PM","75 min.","Adelaide","Lively Free Flow","","Sauna.....",11,15,4,145
"07/12/2025","7:45 PM","75 min.","Adelaide","Guided Down: Sound Immersion","","Sauna*",18,32,14,159
"07/12/2025","9:00 PM","120 min.","Adelaide","Social","","Sauna",11,26,15,174
"07/12/2025","9:30 PM","120 min.","Adelaide","Social","","Sauna..",17,25,8,182
"07/13/2025","7:00 AM","75 min.","Adelaide","Quieter Free Flow","","Sauna",9,17,8,8
"07/13/2025","7:30 AM","75 min.","Adelaide","Quieter Free Flow","","Sauna.",16,17,1,9
"07/13/2025","8:00 AM","75 min.","Adelaide","Quieter Free Flow","","Sauna..",8,17,9,18
"07/13/2025","8:30 AM","75 min.","Adelaide","Quieter Free Flow","","Sauna",5,17,12,30
"07/13/2025","10:15 AM","75 min.","Adelaide","Guided All Around: Loving Kindness","","Sauna*",3,26,23,53
"07/13/2025","11:30 AM","75 min.","Adelaide","Guided Down: Sound Immersion","","Sauna*",5,25,20,73
"07/13/2025","12:45 PM","75 min.","Adelaide","Lively Free Flow","","Sauna....",0,21,21,94
"07/13/2025","1:00 PM","75 min.","Adelaide","Lively Free Flow","","Sauna.....",8,15,7,101
"07/13/2025","1:30 PM","75 min.","Adelaide","Lively Free Flow","","Sauna...",6,12,6,107
"07/13/2025","2:00 PM","75 min.","Adelaide","Lively Free Flow","","Sauna",11,21,10,117
"07/13/2025","2:30 PM","75 min.","Adelaide","Lively Free Flow","","Sauna.",9,15,6,123
"07/13/2025","3:00 PM","75 min.","Adelaide","Lively Free Flow","","Sauna...",2,12,10,133
"07/13/2025","3:30 PM","75 min.","Adelaide","Lively Free Flow","","Sauna..",10,21,11,144
"07/13/2025","4:00 PM","75 min.","Adelaide","Lively Free Flow","","Sauna.",7,15,8,152
"07/13/2025","4:30 PM","75 min.","Adelaide","Lively Free Flow","","Sauna",8,12,4,156
"07/13/2025","5:00 PM","75 min.","Adelaide","Lively Free Flow","","Sauna...",17,20,3,159
"07/13/2025","5:30 PM","75 min.","Adelaide","Lively Free Flow","","Sauna.",2,15,13,172
"07/13/2025","6:45 PM","75 min.","Adelaide","Guided Down: Untangle","","Sauna*",,,,172
"07/13/2025","8:00 PM","75 min.","Adelaide","Free Flow","","Sauna...",1,15,14,186
"07/13/2025","8:15 PM","75 min.","Adelaide","Free Flow","","Sauna....",0,15,15,201
"07/13/2025","8:30 PM","75 min.","Adelaide","Free Flow","","Sauna.....",2,13,11,212
"07/13/2025","8:45 PM","75 min.","Adelaide","Free Flow","","Sauna.",5,8,3,215
"07/13/2025","9:30 PM","75 min.","Adelaide","Free Flow","","Sauna..",10,15,5,220
"07/13/2025","9:45 PM","75 min.","Adelaide","Free Flow","","Sauna...",7,15,8,228
"07/13/2025","10:00 PM","75 min.","Adelaide","Free Flow","","Sauna....",11,13,2,230
"07/13/2025","10:15 PM","75 min.","Adelaide","Free Flow","","Sauna.....",7,8,1,231
"06/30/2025","7:00 AM","75 min.","Adelaide","Free Flow","","Sauna",10,17,7,7
"06/30/2025","7:30 AM","75 min.","Adelaide","Free Flow","","Sauna.",16,17,1,8
"06/30/2025","8:00 AM","75 min.","Adelaide","Free Flow","","Sauna..",14,17,3,11
"06/30/2025","8:30 AM","75 min.","Adelaide","Free Flow","","Sauna",17,17,0,11
"06/30/2025","9:00 AM","75 min.","Adelaide","Free Flow","","Sauna.",14,17,3,14
"06/30/2025","9:30 AM","75 min.","Adelaide","Free Flow","","Sauna..",10,17,7,21
"06/30/2025","10:00 AM","75 min.","Adelaide","Free Flow","","Sauna",14,17,3,24
"06/30/2025","10:15 AM","75 min.","Adelaide","Free Flow","","Sauna....",5,17,12,36
"06/30/2025","12:00 PM","60 min.","Adelaide","Guided Down: Deep Stretch - 60 min","","Sauna*",5,30,25,61
"06/30/2025","1:45 PM","75 min.","Adelaide","Free Flow","","Sauna",0,17,17,78
"06/30/2025","2:15 PM","75 min.","Adelaide","Free Flow","","Sauna...",12,17,5,83
"06/30/2025","2:45 PM","75 min.","Adelaide","Free Flow","","Sauna.",16,17,1,84
"06/30/2025","3:15 PM","75 min.","Adelaide","Free Flow","","Sauna..",14,17,3,87
"06/30/2025","3:45 PM","75 min.","Adelaide","Free Flow","","Sauna.....",6,17,11,98
"06/30/2025","4:15 PM","75 min.","Adelaide","Free Flow","","Sauna....",3,17,14,112
"06/30/2025","4:45 PM","75 min.","Adelaide","Free Flow","","Sauna...",0,17,17,129
"06/30/2025","5:15 PM","75 min.","Adelaide","Lively Free Flow","","Sauna..",0,17,17,146
"06/30/2025","6:30 PM","75 min.","Adelaide","Guided All Around: Reset","","Sauna*",1,25,24,170
"06/30/2025","7:45 PM","75 min.","Adelaide","Guided Down: Senses","","Sauna*",,,,170
"06/30/2025","9:00 PM","75 min.","Adelaide","Guided Down: Sound Immersion","","Sauna*",6,25,19,189
"07/01/2025","7:00 AM","60 min.","Adelaide","Guided Up: Arctic Tundra - 60 min","","Sauna*",23,32,9,9
"07/01/2025","8:45 AM","75 min.","Adelaide","Free Flow","","Sauna...",5,17,12,21
"07/01/2025","9:15 AM","75 min.","Adelaide","Free Flow","","Sauna....",12,17,5,26
"07/01/2025","9:45 AM","75 min.","Adelaide","Free Flow","","Sauna",10,17,7,33
"07/01/2025","10:00 AM","75 min.","Adelaide","Quieter Free Flow","","Sauna.....",14,17,3,36
"07/01/2025","10:15 AM","75 min.","Adelaide","Free Flow","","Sauna.",3,17,14,50
"07/01/2025","10:45 AM","75 min.","Adelaide","Free Flow","","Sauna....",0,17,17,67
"07/01/2025","12:00 PM","60 min.","Adelaide","Guided Down: Sound Immersion - 60 min","","Sauna*",2,25,23,90
"07/01/2025","1:30 PM","75 min.","Adelaide","Guided All Around: Reset","","Sauna*",0,26,26,116
"07/01/2025","3:00 PM","75 min.","Adelaide","Lively Free Flow","","Sauna.....",1,17,16,132
"07/01/2025","3:30 PM","75 min.","Adelaide","Lively Free Flow","","Sauna.",11,17,6,138
"07/01/2025","4:00 PM","75 min.","Adelaide","Lively Free Flow","","Sauna..",5,17,12,150
"07/01/2025","4:30 PM","75 min.","Adelaide","Lively Free Flow","","Sauna...",12,17,5,155
"07/01/2025","5:00 PM","75 min.","Adelaide","Lively Free Flow","","Sauna....",14,17,3,158
"07/01/2025","5:30 PM","75 min.","Adelaide","Lively Free Flow","","Sauna.....",5,15,10,168
"07/01/2025","6:45 PM","75 min.","Adelaide","Guided Down: Untangle","","Sauna*",13,32,19,187
"07/01/2025","8:00 PM","75 min.","Adelaide","Free Flow","","Sauna...",0,15,15,202
"07/01/2025","8:15 PM","75 min.","Adelaide","Free Flow","","Sauna....",4,8,4,206
"07/01/2025","8:30 PM","75 min.","Adelaide","Free Flow","","Sauna.....",6,13,7,213
"07/01/2025","8:45 PM","75 min.","Adelaide","Free Flow","","Sauna.",9,15,6,219
"07/01/2025","9:30 PM","75 min.","Adelaide","Free Flow","","Sauna..",8,15,7,226
"07/01/2025","9:45 PM","75 min.","Adelaide","Free Flow","","Sauna...",13,15,2,228
"07/01/2025","10:00 PM","75 min.","Adelaide","Free Flow","","Sauna....",13,13,0,228
"07/01/2025","10:15 PM","75 min.","Adelaide","Free Flow","","Sauna.....",11,15,4,232
"07/02/2025","7:00 AM","60 min.","Adelaide","Guided Down: Deep Stretch - 60 min","","Sauna*",25,30,5,5
"07/02/2025","8:30 AM","75 min.","Adelaide","Free Flow","","Sauna",16,17,1,6
"07/02/2025","9:00 AM","75 min.","Adelaide","Free Flow","","Sauna.",15,17,2,8
"07/02/2025","9:30 AM","75 min.","Adelaide","Free Flow","","Sauna..",16,17,1,9
"07/02/2025","10:00 AM","75 min.","Adelaide","Free Flow","","Sauna...",12,17,5,14
"07/02/2025","10:15 AM","75 min.","Adelaide","Free Flow","","Sauna....",15,17,2,16
"07/02/2025","12:00 PM","60 min.","Adelaide","Guided Down: Deep Stretch - 60 min","","Sauna*",19,30,11,27
"07/02/2025","1:15 PM","75 min.","Adelaide","Free Flow","","Sauna....",5,17,12,39
"07/02/2025","1:45 PM","75 min.","Adelaide","Free Flow","","Sauna..",16,17,1,40
"07/02/2025","2:15 PM","75 min.","Adelaide","Free Flow","","Sauna",15,17,2,42
"07/02/2025","2:45 PM","75 min.","Adelaide","Free Flow","","Sauna.",16,17,1,43
"07/02/2025","3:15 PM","75 min.","Adelaide","Free Flow","","Sauna..",12,17,5,48
"07/02/2025","3:45 PM","75 min.","Adelaide","Free Flow","","Sauna...",7,13,6,54
"07/02/2025","4:15 PM","75 min.","Adelaide","Free Flow","","Sauna....",5,15,10,64
"07/02/2025","5:30 PM","75 min.","Adelaide","Guided All Around: Release","","Sauna*",12,25,13,77
"07/02/2025","6:45 PM","75 min.","Adelaide","Guided Down: Sound Immersion","Stuart Campbell","Sauna*",1,26,25,102
"07/02/2025","8:00 PM","75 min.","Adelaide","Free Flow","","Sauna...",0,15,15,117
"07/02/2025","8:15 PM","75 min.","Adelaide","Free Flow","","Sauna....",0,8,8,125
"07/02/2025","8:30 PM","75 min.","Adelaide","Free Flow","","Sauna.....",4,13,9,134
"07/02/2025","8:45 PM","75 min.","Adelaide","Free Flow","","Sauna.",9,15,6,140
"07/02/2025","9:30 PM","75 min.","Adelaide","Free Flow","","Sauna..",10,15,5,145
"07/02/2025","9:45 PM","75 min.","Adelaide","Free Flow","","Sauna...",7,8,1,146
"07/02/2025","10:00 PM","75 min.","Adelaide","Free Flow","","Sauna....",8,13,5,151
"07/02/2025","10:15 PM","75 min.","Adelaide","Free Flow","","Sauna.....",11,15,4,155
"07/03/2025","7:00 AM","75 min.","Adelaide","Free Flow","","Sauna.",8,10,2,2
"07/03/2025","7:30 AM","75 min.","Adelaide","Free Flow","","Sauna....",12,13,1,3
"07/03/2025","8:00 AM","75 min.","Adelaide","Free Flow","","Sauna.....",8,8,0,3
"07/03/2025","8:30 AM","75 min.","Adelaide","Free Flow","","Sauna...",12,17,5,8
"07/03/2025","9:00 AM","75 min.","Adelaide","Free Flow","","Sauna....",15,17,2,10
"07/03/2025","9:30 AM","75 min.","Adelaide","Free Flow","","Sauna",15,17,2,12
"07/03/2025","10:00 AM","75 min.","Adelaide","Free Flow","","Sauna..",12,17,5,17
"07/03/2025","10:15 AM","75 min.","Adelaide","Free Flow","","Sauna.",12,17,5,22
"07/03/2025","12:00 PM","60 min.","Adelaide","Guided Up: Self-Care Sweat - 60 min","","Sauna*",22,32,10,32
"07/03/2025","1:45 PM","75 min.","Adelaide","Free Flow","","Sauna.....",7,15,8,40
"07/03/2025","2:15 PM","75 min.","Adelaide","Free Flow","","Sauna.",14,17,3,43
"07/03/2025","2:45 PM","75 min.","Adelaide","Free Flow","","Sauna...",11,17,6,49
"07/03/2025","3:15 PM","75 min.","Adelaide","Free Flow","","Sauna....",14,15,1,50
"07/03/2025","3:45 PM","75 min.","Adelaide","Free Flow","","Sauna.....",13,17,4,54
"07/03/2025","4:15 PM","75 min.","Adelaide","Free Flow","","Sauna.",14,17,3,57
"07/03/2025","4:45 PM","75 min.","Adelaide","Free Flow","","Sauna..",8,15,7,64
"07/03/2025","5:15 PM","75 min.","Adelaide","Free Flow","","Sauna...",10,17,7,71
"07/03/2025","5:45 PM","75 min.","Adelaide","Lively Free Flow","","Sauna....",0,13,13,84
"07/03/2025","6:15 PM","75 min.","Adelaide","Lively Free Flow","","Sauna.....",1,15,14,98
"07/03/2025","7:30 PM","75 min.","Adelaide","Guided All Around: Loving Kindness","","Sauna*",,,,98
"07/03/2025","8:45 PM","120 min.","Adelaide","Social","","Sauna",9,26,17,115
"07/03/2025","9:15 PM","120 min.","Adelaide","Social","","Sauna..",8,25,17,132
"07/04/2025","7:00 AM","60 min.","Adelaide","Guided Down: Deep Stretch - 60 min","","Sauna*",27,32,5,5
"07/04/2025","8:30 AM","75 min.","Adelaide","Free Flow","","Sauna",8,17,9,14
"07/04/2025","9:00 AM","75 min.","Adelaide","Free Flow","","Sauna.",4,17,13,27
"07/04/2025","9:30 AM","75 min.","Adelaide","Free Flow","","Sauna..",6,17,11,38
"07/04/2025","10:00 AM","75 min.","Adelaide","Free Flow","","Sauna...",11,17,6,44
"07/04/2025","10:15 AM","75 min.","Adelaide","Free Flow","","Sauna....",5,17,12,56
"07/04/2025","12:00 PM","60 min.","Adelaide","Guided All Around: Hardwiring Happiness - 60 min","","Sauna*",17,32,15,71
"07/04/2025","1:15 PM","75 min.","Adelaide","Free Flow","","Sauna.....",8,17,9,80
"07/04/2025","1:45 PM","75 min.","Adelaide","Free Flow","","Sauna..",16,17,1,81
"07/04/2025","2:15 PM","75 min.","Adelaide","Free Flow","","Sauna...",9,15,6,87
"07/04/2025","2:45 PM","75 min.","Adelaide","Free Flow","","Sauna....",16,17,1,88
"07/04/2025","3:15 PM","75 min.","Adelaide","Free Flow","","Sauna.....",9,17,8,96
"07/04/2025","3:45 PM","75 min.","Adelaide","Free Flow","","Sauna",9,15,6,102
"07/04/2025","4:15 PM","75 min.","Adelaide","Free Flow","","Sauna.",4,17,13,115
"07/04/2025","4:45 PM","75 min.","Adelaide","Free Flow","","Sauna..",8,17,9,124
"07/04/2025","5:15 PM","75 min.","Adelaide","Free Flow","","Sauna...",9,15,6,130
"07/04/2025","5:45 PM","75 min.","Adelaide","Lively Free Flow","","Sauna....",1,13,12,142
"07/04/2025","6:15 PM","75 min.","Adelaide","Lively Free Flow","","Sauna.....",0,15,15,157
"07/04/2025","7:30 PM","75 min.","Adelaide","Guided Down: Pure Presence","","Sauna*",,,,157
"07/04/2025","8:45 PM","120 min.","Adelaide","Social","","Sauna",1,26,25,182
"07/04/2025","9:15 PM","120 min.","Adelaide","Social","","Sauna.",6,25,19,201
"07/05/2025","8:00 AM","75 min.","Adelaide","Guided Down: Rose, Thorn, Bud","","Sauna*",10,25,15,15
"07/05/2025","9:15 AM","75 min.","Adelaide","Guided Down: Pure Presence","","Sauna*",17,26,9,24
"07/05/2025","10:30 AM","75 min.","Adelaide","Guided Down: Deep Stretch","","Sauna*",6,25,19,43
"07/05/2025","11:45 AM","75 min.","Adelaide","Guided All Around: Release","","Sauna*",6,26,20,63
"07/05/2025","1:00 PM","75 min.","Adelaide","Lively Free Flow","","Sauna...",5,16,11,74
"07/05/2025","1:30 PM","75 min.","Adelaide","Lively Free Flow","","Sauna..",1,8,7,81
"07/05/2025","2:00 PM","75 min.","Adelaide","Lively Free Flow","","Sauna.",23,25,2,83
"07/05/2025","2:30 PM","75 min.","Adelaide","Lively Free Flow","","Sauna.....",8,16,8,91
"07/05/2025","3:00 PM","75 min.","Adelaide","Lively Free Flow","","Sauna",1,8,7,98
"07/05/2025","3:30 PM","75 min.","Adelaide","Lively Free Flow","","Sauna..",22,25,3,101
"07/05/2025","4:00 PM","75 min.","Adelaide","Lively Free Flow","","Sauna.",7,16,9,110
"07/05/2025","4:30 PM","75 min.","Adelaide","Lively Free Flow","","Sauna...",2,8,6,116
"07/05/2025","5:00 PM","75 min.","Adelaide","Lively Free Flow","","Sauna",21,25,4,120
"07/05/2025","5:30 PM","75 min.","Adelaide","Lively Free Flow","","Sauna.",13,16,3,123
"07/05/2025","6:00 PM","75 min.","Adelaide","Lively Free Flow","","Sauna...",3,8,5,128
"07/05/2025","6:30 PM","75 min.","Adelaide","Lively Free Flow","","Sauna.....",4,15,11,139
"07/05/2025","7:45 PM","75 min.","Adelaide","Guided All Around: Heart Opener","","Sauna*",18,32,14,153
"07/05/2025","9:00 PM","120 min.","Adelaide","Social","","Sauna",13,26,13,166
"07/05/2025","9:30 PM","120 min.","Adelaide","Social","","Sauna..",13,25,12,178
"07/06/2025","7:00 AM","75 min.","Adelaide","Quieter Free Flow","","Sauna",10,17,7,7
"07/06/2025","7:30 AM","75 min.","Adelaide","Quieter Free Flow","","Sauna.",10,17,7,14
"07/06/2025","8:00 AM","75 min.","Adelaide","Quieter Free Flow","","Sauna..",11,17,6,20
"07/06/2025","8:30 AM","75 min.","Adelaide","Quieter Free Flow","","Sauna",6,17,11,31
"07/06/2025","10:15 AM","75 min.","Adelaide","Guided Down: Embodied","","Sauna*",5,26,21,52
"07/06/2025","11:30 AM","75 min.","Adelaide","Guided Down: Sound Immersion","","Sauna*",,,,52
"07/06/2025","12:45 PM","75 min.","Adelaide","Lively Free Flow","","Sauna....",7,21,14,66
"07/06/2025","1:00 PM","75 min.","Adelaide","Lively Free Flow","","Sauna.....",13,15,2,68
"07/06/2025","1:30 PM","75 min.","Adelaide","Lively Free Flow","","Sauna...",3,12,9,77
"07/06/2025","2:00 PM","75 min.","Adelaide","Lively Free Flow","","Sauna",17,21,4,81
"07/06/2025","2:30 PM","75 min.","Adelaide","Lively Free Flow","","Sauna.",13,15,2,83
"07/06/2025","3:00 PM","75 min.","Adelaide","Lively Free Flow","","Sauna...",10,12,2,85
"07/06/2025","3:30 PM","75 min.","Adelaide","Lively Free Flow","","Sauna..",11,21,10,95
"07/06/2025","4:00 PM","75 min.","Adelaide","Lively Free Flow","","Sauna.",1,15,14,109
"07/06/2025","4:30 PM","75 min.","Adelaide","Lively Free Flow","","Sauna",7,12,5,114
"07/06/2025","5:00 PM","75 min.","Adelaide","Lively Free Flow","","Sauna...",11,20,9,123
"07/06/2025","5:30 PM","75 min.","Adelaide","Lively Free Flow","","Sauna.",3,15,12,135
"07/06/2025","6:45 PM","75 min.","Adelaide","Guided Down: Untangle","","Sauna*",1,32,31,166
"07/06/2025","8:00 PM","75 min.","Adelaide","Free Flow","","Sauna...",3,15,12,178
"07/06/2025","8:15 PM","75 min.","Adelaide","Free Flow","","Sauna....",12,15,3,181
"07/06/2025","8:30 PM","75 min.","Adelaide","Free Flow","","Sauna.....",6,13,7,188
"07/06/2025","8:45 PM","75 min.","Adelaide","Free Flow","","Sauna.",3,8,5,193
"07/06/2025","9:30 PM","75 min.","Adelaide","Free Flow","","Sauna..",12,15,3,196
"07/06/2025","9:45 PM","75 min.","Adelaide","Free Flow","","Sauna...",9,15,6,202
"07/06/2025","10:00 PM","75 min.","Adelaide","Free Flow","","Sauna....",12,13,1,203
"07/06/2025","10:15 PM","75 min.","Adelaide","Free Flow","","Sauna.....",3,8,5,208
"06/23/2025","7:00 AM","75 min.","Adelaide","Quieter Free Flow","","Sauna",7,17,10,10
"06/23/2025","7:30 AM","75 min.","Adelaide","Quieter Free Flow","","Sauna.",12,17,5,15
"06/23/2025","8:00 AM","75 min.","Adelaide","Quieter Free Flow","","Sauna..",16,17,1,16
"06/23/2025","8:30 AM","75 min.","Adelaide","Quieter Free Flow","","Sauna",15,17,2,18
"06/23/2025","9:00 AM","75 min.","Adelaide","Quieter Free Flow","","Sauna.",13,17,4,22
"06/23/2025","9:30 AM","75 min.","Adelaide","Quieter Free Flow","","Sauna..",16,17,1,23
"06/23/2025","10:00 AM","75 min.","Adelaide","Quieter Free Flow","","Sauna",16,17,1,24
"06/23/2025","10:15 AM","75 min.","Adelaide","Quieter Free Flow","","Sauna....",10,17,7,31
"06/23/2025","12:00 PM","60 min.","Adelaide","Guided All Around: A-Z Emotions - 60 min","","Sauna*",24,32,8,39
"06/23/2025","1:45 PM","75 min.","Adelaide","Free Flow","","Sauna",9,26,17,56
"06/23/2025","5:15 PM","75 min.","Adelaide","Lively Free Flow","","Sauna..",4,26,22,78
"06/23/2025","6:30 PM","75 min.","Adelaide","Guided All Around: Inner Power","","Sauna*",2,25,23,101
"06/23/2025","7:45 PM","75 min.","Adelaide","Guided All Around: Gratitude","","Sauna*",5,26,21,122
"06/23/2025","9:00 PM","75 min.","Adelaide","Guided Down: Sound Immersion","","Sauna*",,,,122
"06/24/2025","7:00 AM","60 min.","Adelaide","Guided Up: Arctic Tundra - 60 min","","Sauna*",23,32,9,9
"06/24/2025","8:30 AM","75 min.","Adelaide","Quieter Free Flow","","Sauna...",11,17,6,15
"06/24/2025","9:00 AM","75 min.","Adelaide","Quieter Free Flow","","Sauna....",13,17,4,19
"06/24/2025","9:30 AM","75 min.","Adelaide","Quieter Free Flow","","Sauna",14,17,3,22
"06/24/2025","10:00 AM","75 min.","Adelaide","Quieter Free Flow","","Sauna.....",17,17,0,22
"06/24/2025","10:15 AM","75 min.","Adelaide","Quieter Free Flow","","Sauna.",12,17,5,27
"06/24/2025","12:00 PM","60 min.","Adelaide","Guided Down: Sound Immersion - 60 min","","Sauna*",22,25,3,30
"06/24/2025","1:30 PM","75 min.","Adelaide","Guided Down: Self-Care Sweat","","Sauna*",19,26,7,37
"06/24/2025","3:00 PM","75 min.","Adelaide","Free Flow","","Sauna.....",1,17,16,53
"06/24/2025","3:30 PM","75 min.","Adelaide","Free Flow","","Sauna.",7,17,10,63
"06/24/2025","4:00 PM","75 min.","Adelaide","Free Flow","","Sauna..",14,17,3,66
"06/24/2025","4:30 PM","75 min.","Adelaide","Free Flow","","Sauna...",14,17,3,69
"06/24/2025","5:00 PM","75 min.","Adelaide","Free Flow","","Sauna....",4,13,9,78
"06/24/2025","5:30 PM","75 min.","Adelaide","Lively Free Flow","","Sauna.....",2,15,13,91
"06/24/2025","6:45 PM","75 min.","Adelaide","Guided Down: Sound Immersion","","Sauna*",6,32,26,117
"06/24/2025","8:00 PM","75 min.","Adelaide","Free Flow","","Sauna...",7,15,8,125
"06/24/2025","8:15 PM","75 min.","Adelaide","Free Flow","","Sauna....",3,8,5,130
"06/24/2025","8:30 PM","75 min.","Adelaide","Free Flow","","Sauna.....",6,13,7,137
"06/24/2025","8:45 PM","75 min.","Adelaide","Free Flow","","Sauna.",5,15,10,147
"06/24/2025","9:30 PM","75 min.","Adelaide","Free Flow","","Sauna..",8,15,7,154
"06/24/2025","9:45 PM","75 min.","Adelaide","Free Flow","","Sauna...",10,15,5,159
"06/24/2025","10:00 PM","75 min.","Adelaide","Free Flow","","Sauna....",7,13,6,165
"06/24/2025","10:15 PM","75 min.","Adelaide","Free Flow","","Sauna.....",12,15,3,168
"06/25/2025","7:00 AM","60 min.","Adelaide","Guided Down: Deep Stretch - 60 min","","Sauna*",21,30,9,9
"06/25/2025","8:30 AM","75 min.","Adelaide","Free Flow","","Sauna",16,17,1,10
"06/25/2025","9:00 AM","75 min.","Adelaide","Free Flow","","Sauna.",13,17,4,14
"06/25/2025","9:30 AM","75 min.","Adelaide","Free Flow","","Sauna..",16,17,1,15
"06/25/2025","10:00 AM","75 min.","Adelaide","Free Flow","","Sauna...",14,17,3,18
"06/25/2025","10:15 AM","75 min.","Adelaide","Free Flow","","Sauna....",13,17,4,22
"06/25/2025","12:00 PM","60 min.","Adelaide","Guided All Around: Hardwiring Happiness - 60 min","","Sauna*",19,32,13,35
"06/25/2025","1:15 PM","75 min.","Adelaide","Free Flow","","Sauna....",13,17,4,39
"06/25/2025","1:45 PM","75 min.","Adelaide","Free Flow","","Sauna..",13,17,4,43
"06/25/2025","2:15 PM","75 min.","Adelaide","Free Flow","","Sauna",13,17,4,47
"06/25/2025","2:45 PM","75 min.","Adelaide","Free Flow","","Sauna.",10,17,7,54
"06/25/2025","3:15 PM","75 min.","Adelaide","Free Flow","","Sauna..",12,17,5,59
"06/25/2025","3:45 PM","75 min.","Adelaide","Free Flow","","Sauna...",10,13,3,62
"06/25/2025","4:15 PM","75 min.","Adelaide","Free Flow","","Sauna....",1,15,14,76
"06/25/2025","5:30 PM","75 min.","Adelaide","Guided Up: Feel Good Now","","Sauna*",7,25,18,94
"06/25/2025","6:45 PM","75 min.","Adelaide","Guided Down: Sound Immersion","Stuart Campbell","Sauna*",1,26,25,119
"06/25/2025","8:00 PM","75 min.","Adelaide","Free Flow","","Sauna...",3,15,12,131
"06/25/2025","8:15 PM","75 min.","Adelaide","Free Flow","","Sauna....",0,8,8,139
"06/25/2025","8:30 PM","75 min.","Adelaide","Free Flow","","Sauna.....",2,13,11,150
"06/25/2025","8:45 PM","75 min.","Adelaide","Free Flow","","Sauna.",0,15,15,165
"06/25/2025","9:30 PM","75 min.","Adelaide","Free Flow","","Sauna..",3,15,12,177
"06/25/2025","9:45 PM","75 min.","Adelaide","Free Flow","","Sauna...",2,8,6,183
"06/25/2025","10:00 PM","75 min.","Adelaide","Free Flow","","Sauna....",6,13,7,190
"06/25/2025","10:15 PM","75 min.","Adelaide","Free Flow","","Sauna.....",10,15,5,195
"06/26/2025","7:00 AM","60 min.","Adelaide","Guided Down: Unwind - 60 min","","Sauna*",23,32,9,9
"06/26/2025","8:30 AM","75 min.","Adelaide","Free Flow","","Sauna...",8,17,9,18
"06/26/2025","9:00 AM","75 min.","Adelaide","Free Flow","","Sauna....",15,17,2,20
"06/26/2025","9:30 AM","75 min.","Adelaide","Free Flow","","Sauna",12,17,5,25
"06/26/2025","10:00 AM","75 min.","Adelaide","Free Flow","","Sauna..",14,17,3,28
"06/26/2025","10:15 AM","75 min.","Adelaide","Free Flow","","Sauna.",12,17,5,33
"06/26/2025","12:00 PM","60 min.","Adelaide","Guided All Around: Journey Through Elements-60 min","","Sauna*",21,32,11,44
"06/26/2025","1:45 PM","75 min.","Adelaide","Free Flow","","Sauna.....",2,15,13,57
"06/26/2025","2:15 PM","75 min.","Adelaide","Free Flow","","Sauna.",10,17,7,64
"06/26/2025","2:45 PM","75 min.","Adelaide","Free Flow","","Sauna...",11,17,6,70
"06/26/2025","3:15 PM","75 min.","Adelaide","Free Flow","","Sauna....",15,15,0,70
"06/26/2025","3:45 PM","75 min.","Adelaide","Free Flow","","Sauna.....",0,17,17,87
"06/26/2025","7:30 PM","75 min.","Adelaide","Guided All Around: Reset","","Sauna*",1,32,31,118
"06/26/2025","8:45 PM","120 min.","Adelaide","Social","","Sauna",2,26,24,142
"06/26/2025","9:15 PM","120 min.","Adelaide","Social","","Sauna..",12,25,13,155
"06/27/2025","7:00 AM","60 min.","Adelaide","Guided Down: Unwind - 60 min","","Sauna*",27,32,5,5
"06/27/2025","8:30 AM","75 min.","Adelaide","Free Flow","","Sauna",12,17,5,10
"06/27/2025","9:00 AM","75 min.","Adelaide","Free Flow","","Sauna.",13,17,4,14
"06/27/2025","9:30 AM","75 min.","Adelaide","Free Flow","","Sauna..",8,17,9,23
"06/27/2025","10:00 AM","75 min.","Adelaide","Free Flow","","Sauna...",12,17,5,28
"06/27/2025","10:15 AM","75 min.","Adelaide","Free Flow","","Sauna....",11,17,6,34
"06/27/2025","12:00 PM","60 min.","Adelaide","Guided Down: Deep Stretch - 60 min","","Sauna*",8,32,24,58
"06/27/2025","1:15 PM","75 min.","Adelaide","Free Flow","","Sauna.....",12,17,5,63
"06/27/2025","1:45 PM","75 min.","Adelaide","Free Flow","","Sauna..",9,17,8,71
"06/27/2025","2:15 PM","75 min.","Adelaide","Free Flow","","Sauna...",7,15,8,79
"06/27/2025","2:45 PM","75 min.","Adelaide","Free Flow","","Sauna....",10,17,7,86
"06/27/2025","3:15 PM","75 min.","Adelaide","Free Flow","","Sauna.....",13,17,4,90
"06/27/2025","3:45 PM","75 min.","Adelaide","Free Flow","","Sauna",10,15,5,95
"06/27/2025","4:15 PM","75 min.","Adelaide","Free Flow","","Sauna.",8,17,9,104
"06/27/2025","4:45 PM","75 min.","Adelaide","Free Flow","","Sauna..",6,17,11,115
"06/27/2025","5:15 PM","75 min.","Adelaide","Free Flow","","Sauna...",1,15,14,129
"06/27/2025","5:45 PM","75 min.","Adelaide","Lively Free Flow","","Sauna....",3,13,10,139
"06/27/2025","6:15 PM","75 min.","Adelaide","Lively Free Flow","","Sauna.....",0,15,15,154
"06/27/2025","7:30 PM","75 min.","Adelaide","Guided Down: Pure Presence","","Sauna*",1,32,31,185
"06/27/2025","8:45 PM","120 min.","Adelaide","🏳️‍🌈 Social: Pride Edition 🏳️‍🌈","","Sauna",12,26,14,199
"06/27/2025","9:15 PM","120 min.","Adelaide","🏳️‍🌈 Social: Pride Edition 🏳️‍🌈","","Sauna.",19,25,6,205
"06/28/2025","8:00 AM","75 min.","Adelaide","Guided Up: Feel Good Now","","Sauna*",19,25,6,6
"06/28/2025","9:15 AM","75 min.","Adelaide","Guided All Around: Reset","","Sauna*",18,26,8,14
"06/28/2025","10:30 AM","75 min.","Adelaide","Guided Down: Deep Stretch","","Sauna*",17,25,8,22
"06/28/2025","11:45 AM","75 min.","Adelaide","Guided All Around: Reflect","","Sauna*",9,26,17,39
"06/28/2025","1:00 PM","75 min.","Adelaide","Lively Free Flow","","Sauna...",3,16,13,52
"06/28/2025","1:30 PM","75 min.","Adelaide","Lively Free Flow","","Sauna..",0,8,8,60
"06/28/2025","2:00 PM","75 min.","Adelaide","Lively Free Flow","","Sauna.",8,25,17,77
"06/28/2025","2:30 PM","75 min.","Adelaide","Lively Free Flow","","Sauna.....",7,16,9,86
"06/28/2025","3:00 PM","75 min.","Adelaide","Lively Free Flow","","Sauna",0,8,8,94
"06/28/2025","3:30 PM","75 min.","Adelaide","Lively Free Flow","","Sauna..",20,25,5,99
"06/28/2025","4:00 PM","75 min.","Adelaide","Lively Free Flow","","Sauna.",6,16,10,109
"06/28/2025","4:30 PM","75 min.","Adelaide","Lively Free Flow","","Sauna...",2,8,6,115
"06/28/2025","5:00 PM","75 min.","Adelaide","Lively Free Flow","","Sauna",21,25,4,119
"06/28/2025","5:30 PM","75 min.","Adelaide","Lively Free Flow","","Sauna.",13,16,3,122
"06/28/2025","6:00 PM","75 min.","Adelaide","Lively Free Flow","","Sauna...",6,8,2,124
"06/28/2025","6:30 PM","75 min.","Adelaide","Lively Free Flow","","Sauna.....",5,15,10,134
"06/28/2025","7:45 PM","75 min.","Adelaide","Guided Down: Sound Immersion","","Sauna*",23,32,9,143
"06/28/2025","9:00 PM","120 min.","Adelaide","Social","","Sauna",15,26,11,154
"06/28/2025","9:30 PM","120 min.","Adelaide","Social","","Sauna..",20,25,5,159
"06/29/2025","7:00 AM","75 min.","Adelaide","Quieter Free Flow","","Sauna",9,17,8,8
"06/29/2025","7:30 AM","75 min.","Adelaide","Quieter Free Flow","","Sauna.",15,17,2,10
"06/29/2025","8:00 AM","75 min.","Adelaide","Quieter Free Flow","","Sauna..",16,17,1,11
"06/29/2025","8:30 AM","75 min.","Adelaide","Quieter Free Flow","","Sauna",4,17,13,24
"06/29/2025","10:15 AM","75 min.","Adelaide","Guided Down: Rose, Thorn, Bud","","Sauna*",15,26,11,35
"06/29/2025","11:30 AM","75 min.","Adelaide","Guided Down: Sound Immersion","","Sauna*",2,25,23,58
"06/29/2025","12:45 PM","75 min.","Adelaide","Lively Free Flow","","Sauna....",14,21,7,65
"06/29/2025","1:00 PM","75 min.","Adelaide","Lively Free Flow","","Sauna.....",11,15,4,69
"06/29/2025","1:30 PM","75 min.","Adelaide","Lively Free Flow","","Sauna...",1,12,11,80
"06/29/2025","2:00 PM","75 min.","Adelaide","Lively Free Flow","","Sauna",14,21,7,87
"06/29/2025","2:30 PM","75 min.","Adelaide","Lively Free Flow","","Sauna.",12,15,3,90
"06/29/2025","3:00 PM","75 min.","Adelaide","Lively Free Flow","","Sauna...",7,12,5,95
"06/29/2025","3:30 PM","75 min.","Adelaide","Lively Free Flow","","Sauna..",15,21,6,101
"06/29/2025","4:00 PM","75 min.","Adelaide","Lively Free Flow","","Sauna.",12,15,3,104
"06/29/2025","4:30 PM","75 min.","Adelaide","Lively Free Flow","","Sauna",7,12,5,109
"06/29/2025","5:00 PM","75 min.","Adelaide","Lively Free Flow","","Sauna...",18,20,2,111
"06/29/2025","5:30 PM","75 min.","Adelaide","Lively Free Flow","","Sauna.",6,15,9,120
"06/29/2025","6:45 PM","75 min.","Adelaide","Guided Down: Untangle","","Sauna*",2,32,30,150
"06/29/2025","8:00 PM","75 min.","Adelaide","Free Flow","","Sauna...",2,15,13,163
"06/29/2025","8:15 PM","75 min.","Adelaide","Free Flow","","Sauna....",9,15,6,169
"06/29/2025","8:30 PM","75 min.","Adelaide","Free Flow","","Sauna.....",8,13,5,174
"06/29/2025","8:45 PM","75 min.","Adelaide","Free Flow","","Sauna.",2,8,6,180
"06/29/2025","9:30 PM","75 min.","Adelaide","Free Flow","","Sauna..",10,15,5,185
"06/29/2025","9:45 PM","75 min.","Adelaide","Free Flow","","Sauna...",15,15,0,185
"06/29/2025","10:00 PM","75 min.","Adelaide","Free Flow","","Sauna....",12,13,1,186
"06/29/2025","10:15 PM","75 min.","Adelaide","Free Flow","","Sauna.....",7,8,1,187
"06/16/2025","7:00 AM","75 min.","Adelaide","Quieter Free Flow","","Sauna",10,17,7,7
"06/16/2025","7:30 AM","75 min.","Adelaide","Quieter Free Flow","","Sauna.",14,17,3,10
"06/16/2025","8:00 AM","75 min.","Adelaide","Quieter Free Flow","","Sauna..",15,17,2,12
"06/16/2025","8:30 AM","75 min.","Adelaide","Quieter Free Flow","","Sauna",15,17,2,14
"06/16/2025","9:00 AM","75 min.","Adelaide","Quieter Free Flow","","Sauna.",14,17,3,17
"06/16/2025","9:30 AM","75 min.","Adelaide","Quieter Free Flow","","Sauna..",15,17,2,19
"06/16/2025","10:00 AM","75 min.","Adelaide","Quieter Free Flow","","Sauna",13,17,4,23
"06/16/2025","10:15 AM","75 min.","Adelaide","Quieter Free Flow","","Sauna....",13,17,4,27
"06/16/2025","12:00 PM","75 min.","Adelaide","Free Flow","","Sauna*",16,25,9,36
"06/16/2025","1:45 PM","75 min.","Adelaide","Free Flow","","Sauna",4,17,13,49
"06/16/2025","2:15 PM","75 min.","Adelaide","Free Flow","","Sauna...",16,17,1,50
"06/16/2025","2:45 PM","75 min.","Adelaide","Free Flow","","Sauna.",9,17,8,58
"06/16/2025","3:15 PM","75 min.","Adelaide","Free Flow","","Sauna..",11,17,6,64
"06/16/2025","3:45 PM","75 min.","Adelaide","Free Flow","","Sauna.....",12,17,5,69
"06/16/2025","4:15 PM","75 min.","Adelaide","Free Flow","","Sauna....",10,17,7,76
"06/16/2025","4:45 PM","75 min.","Adelaide","Free Flow","","Sauna...",6,17,11,87
"06/16/2025","5:15 PM","75 min.","Adelaide","Lively Free Flow","","Sauna..",11,17,6,93
"06/16/2025","6:30 PM","75 min.","Adelaide","Guided All Around: Rose, Thorn, Bud","","Sauna*",,,,93
"06/16/2025","7:45 PM","75 min.","Adelaide","Guided Up: Self-Care Sweat","","Sauna*",1,26,25,118
"06/16/2025","9:00 PM","75 min.","Adelaide","Guided Down: Pure Presence","","Sauna*",3,25,22,140
"06/17/2025","7:00 AM","60 min.","Adelaide","Guided Up: Arctic Tundra - 60 min","","Sauna*",20,32,12,12
"06/17/2025","8:30 AM","75 min.","Adelaide","Quieter Free Flow","","Sauna...",12,17,5,17
"06/17/2025","9:00 AM","75 min.","Adelaide","Quieter Free Flow","","Sauna....",13,17,4,21
"06/17/2025","9:30 AM","75 min.","Adelaide","Quieter Free Flow","","Sauna",16,17,1,22
"06/17/2025","10:00 AM","75 min.","Adelaide","Quieter Free Flow","","Sauna.....",13,17,4,26
"06/17/2025","10:15 AM","75 min.","Adelaide","Quieter Free Flow","","Sauna.",14,17,3,29
"06/17/2025","12:00 PM","75 min.","Adelaide","Free Flow","","Sauna*",16,25,9,38
"06/17/2025","1:30 PM","75 min.","Adelaide","Guided All Around: Reset","","Sauna*",13,26,13,51
"06/17/2025","3:00 PM","75 min.","Adelaide","Free Flow","","Sauna.....",10,17,7,58
"06/17/2025","3:30 PM","75 min.","Adelaide","Free Flow","","Sauna.",14,17,3,61
"06/17/2025","4:00 PM","75 min.","Adelaide","Free Flow","","Sauna..",6,17,11,72
"06/17/2025","4:30 PM","75 min.","Adelaide","Free Flow","","Sauna...",13,17,4,76
"06/17/2025","5:00 PM","75 min.","Adelaide","Free Flow","","Sauna....",9,13,4,80
"06/17/2025","5:30 PM","75 min.","Adelaide","Lively Free Flow","","Sauna.....",3,15,12,92
"06/17/2025","6:45 PM","75 min.","Adelaide","Guided All Around: Hero's Journey","","Sauna*",,,,92
"06/17/2025","8:00 PM","75 min.","Adelaide","Free Flow","","Sauna...",0,15,15,107
"06/17/2025","8:15 PM","75 min.","Adelaide","Free Flow","","Sauna....",2,8,6,113
"06/17/2025","8:30 PM","75 min.","Adelaide","Free Flow","","Sauna.....",0,13,13,126
"06/17/2025","8:45 PM","75 min.","Adelaide","Free Flow","","Sauna.",4,15,11,137
"06/17/2025","9:30 PM","75 min.","Adelaide","Free Flow","","Sauna..",0,15,15,152
"06/17/2025","9:45 PM","75 min.","Adelaide","Free Flow","","Sauna...",1,15,14,166
"06/17/2025","10:00 PM","75 min.","Adelaide","Free Flow","","Sauna....",7,13,6,172
"06/17/2025","10:15 PM","75 min.","Adelaide","Free Flow","","Sauna.....",14,15,1,173
"06/18/2025","7:00 AM","60 min.","Adelaide","Guided Down: Deep Stretch - 60 min","","Sauna*",24,30,6,6
"06/18/2025","8:30 AM","75 min.","Adelaide","Free Flow","","Sauna",11,17,6,12
"06/18/2025","9:00 AM","75 min.","Adelaide","Free Flow","","Sauna.",15,17,2,14
"06/18/2025","9:30 AM","75 min.","Adelaide","Free Flow","","Sauna..",8,17,9,23
"06/18/2025","10:00 AM","75 min.","Adelaide","Free Flow","","Sauna...",16,17,1,24
"06/18/2025","10:15 AM","75 min.","Adelaide","Free Flow","","Sauna....",15,17,2,26
"06/18/2025","12:00 PM","60 min.","Adelaide","Guided Down: Unwind - 60 min","","Sauna*",20,32,12,38
"06/18/2025","1:15 PM","75 min.","Adelaide","Free Flow","","Sauna....",13,17,4,42
"06/18/2025","1:45 PM","75 min.","Adelaide","Free Flow","","Sauna..",11,17,6,48
"06/18/2025","2:15 PM","75 min.","Adelaide","Free Flow","","Sauna",3,17,14,62
"06/18/2025","2:45 PM","75 min.","Adelaide","Free Flow","","Sauna.",15,17,2,64
"06/18/2025","3:15 PM","75 min.","Adelaide","Free Flow","","Sauna..",11,17,6,70
"06/18/2025","3:45 PM","75 min.","Adelaide","Free Flow","","Sauna...",7,13,6,76
"06/18/2025","4:15 PM","75 min.","Adelaide","Free Flow","","Sauna....",1,15,14,90
"06/18/2025","5:30 PM","75 min.","Adelaide","Guided All Around: Release","","Sauna*",2,25,23,113
"06/18/2025","6:45 PM","75 min.","Adelaide","Guided Down: Sound Immersion","Stuart Campbell","Sauna*",,,,113
"06/18/2025","8:00 PM","75 min.","Adelaide","Free Flow","","Sauna...",0,15,15,128
"06/18/2025","8:15 PM","75 min.","Adelaide","Free Flow","","Sauna....",0,8,8,136
"06/18/2025","8:30 PM","75 min.","Adelaide","Free Flow","","Sauna.....",0,13,13,149
"06/18/2025","8:45 PM","75 min.","Adelaide","Free Flow","","Sauna.",0,15,15,164
"06/18/2025","9:30 PM","75 min.","Adelaide","Free Flow","","Sauna..",0,15,15,179
"06/18/2025","9:45 PM","75 min.","Adelaide","Free Flow","","Sauna...",1,8,7,186
"06/18/2025","10:00 PM","75 min.","Adelaide","Free Flow","","Sauna....",10,13,3,189
"06/18/2025","10:15 PM","75 min.","Adelaide","Free Flow","","Sauna.....",11,15,4,193
"06/19/2025","7:00 AM","60 min.","Adelaide","Guided Down: Unwind - 60 min","","Sauna*",26,32,6,6
"06/19/2025","8:30 AM","75 min.","Adelaide","Free Flow","","Sauna...",16,17,1,7
"06/19/2025","9:00 AM","75 min.","Adelaide","Free Flow","","Sauna....",15,17,2,9
"06/19/2025","9:30 AM","75 min.","Adelaide","Free Flow","","Sauna",14,17,3,12
"06/19/2025","10:00 AM","75 min.","Adelaide","Free Flow","","Sauna..",11,17,6,18
"06/19/2025","10:15 AM","75 min.","Adelaide","Free Flow","","Sauna.",13,17,4,22
"06/19/2025","12:00 PM","60 min.","Adelaide","Guided Down: Senses - 60 min","","Sauna*",24,32,8,30
"06/19/2025","1:45 PM","75 min.","Adelaide","Free Flow","","Sauna.....",9,15,6,36
"06/19/2025","2:15 PM","75 min.","Adelaide","Free Flow","","Sauna.",9,17,8,44
"06/19/2025","2:45 PM","75 min.","Adelaide","Free Flow","","Sauna...",11,17,6,50
"06/19/2025","3:15 PM","75 min.","Adelaide","Free Flow","","Sauna....",11,15,4,54
"06/19/2025","3:45 PM","75 min.","Adelaide","Free Flow","","Sauna.....",12,17,5,59
"06/19/2025","4:15 PM","75 min.","Adelaide","Free Flow","","Sauna.",8,17,9,68
"06/19/2025","4:45 PM","75 min.","Adelaide","Free Flow","","Sauna..",3,15,12,80
"06/19/2025","5:15 PM","75 min.","Adelaide","Free Flow","","Sauna...",0,17,17,97
"06/19/2025","5:45 PM","75 min.","Adelaide","Lively Free Flow","","Sauna....",0,13,13,110
"06/19/2025","6:15 PM","75 min.","Adelaide","Lively Free Flow","","Sauna.....",0,15,15,125
"06/19/2025","7:30 PM","75 min.","Adelaide","Guided All Around: Loving Kindness","","Sauna*",2,30,28,153
"06/19/2025","8:45 PM","120 min.","Adelaide","Social","","Sauna",1,26,25,178
"06/19/2025","9:15 PM","120 min.","Adelaide","Social","","Sauna..",0,25,25,203
"06/20/2025","7:00 AM","60 min.","Adelaide","Guided Down: Deep Stretch - 60 min","","Sauna*",19,30,11,11
"06/20/2025","8:30 AM","75 min.","Adelaide","Free Flow","","Sauna",3,17,14,25
"06/20/2025","9:00 AM","75 min.","Adelaide","Free Flow","","Sauna.",10,17,7,32
"06/20/2025","9:30 AM","75 min.","Adelaide","Free Flow","","Sauna..",11,17,6,38
"06/20/2025","10:00 AM","75 min.","Adelaide","Free Flow","","Sauna...",10,17,7,45
"06/20/2025","10:15 AM","75 min.","Adelaide","Free Flow","","Sauna....",12,17,5,50
"06/20/2025","12:00 PM","60 min.","Adelaide","Guided Down: Unwind - 60 min","","Sauna*",17,30,13,63
"06/20/2025","1:15 PM","75 min.","Adelaide","Free Flow","","Sauna.....",5,17,12,75
"06/20/2025","1:45 PM","75 min.","Adelaide","Free Flow","","Sauna..",11,17,6,81
"06/20/2025","2:15 PM","75 min.","Adelaide","Free Flow","","Sauna...",11,15,4,85
"06/20/2025","2:45 PM","75 min.","Adelaide","Free Flow","","Sauna....",14,17,3,88
"06/20/2025","3:15 PM","75 min.","Adelaide","Free Flow","","Sauna.....",3,17,14,102
"06/20/2025","3:45 PM","75 min.","Adelaide","Free Flow","","Sauna",12,15,3,105
"06/20/2025","4:15 PM","75 min.","Adelaide","Free Flow","","Sauna.",12,17,5,110
"06/20/2025","4:45 PM","75 min.","Adelaide","Free Flow","","Sauna..",6,17,11,121
"06/20/2025","5:15 PM","75 min.","Adelaide","Free Flow","","Sauna...",3,15,12,133
"06/20/2025","5:45 PM","75 min.","Adelaide","Lively Free Flow","","Sauna....",0,13,13,146
"06/20/2025","6:15 PM","75 min.","Adelaide","Lively Free Flow","","Sauna.....",0,15,15,161
"06/20/2025","7:30 PM","75 min.","Adelaide","Guided Down: Pure Presence","","Sauna*",1,30,29,190
"06/20/2025","8:45 PM","120 min.","Adelaide","Social","","Sauna",,,,190
"06/20/2025","9:15 PM","120 min.","Adelaide","Social","","Sauna.",1,25,24,214
"06/21/2025","8:00 AM","75 min.","Adelaide","Guided Down: Rose, Thorn, Bud","","Sauna*",17,25,8,8
"06/21/2025","9:15 AM","75 min.","Adelaide","Guided All Around: Loving Kindness","","Sauna*",11,26,15,23
"06/21/2025","10:30 AM","75 min.","Adelaide","Guided Down: Deep Stretch","","Sauna*",4,25,21,44
"06/21/2025","11:45 AM","75 min.","Adelaide","Guided Up: Feel Good Now","","Sauna*",7,26,19,63
"06/21/2025","1:00 PM","75 min.","Adelaide","Lively Free Flow","","Sauna...",5,16,11,74
"06/21/2025","1:30 PM","75 min.","Adelaide","Lively Free Flow","","Sauna..",3,8,5,79
"06/21/2025","2:00 PM","75 min.","Adelaide","Lively Free Flow","","Sauna.",18,25,7,86
"06/21/2025","2:30 PM","75 min.","Adelaide","Lively Free Flow","","Sauna.....",9,16,7,93
"06/21/2025","3:00 PM","75 min.","Adelaide","Lively Free Flow","","Sauna",3,8,5,98
"06/21/2025","3:30 PM","75 min.","Adelaide","Lively Free Flow","","Sauna..",21,25,4,102
"06/21/2025","4:00 PM","75 min.","Adelaide","Lively Free Flow","","Sauna.",9,16,7,109
"06/21/2025","4:30 PM","75 min.","Adelaide","Lively Free Flow","","Sauna...",3,8,5,114
"06/21/2025","5:00 PM","75 min.","Adelaide","Lively Free Flow","","Sauna",19,25,6,120
"06/21/2025","5:30 PM","75 min.","Adelaide","Lively Free Flow","","Sauna.",15,16,1,121
"06/21/2025","6:00 PM","75 min.","Adelaide","Lively Free Flow","","Sauna...",2,8,6,127
"06/21/2025","6:30 PM","75 min.","Adelaide","Lively Free Flow","","Sauna.....",0,15,15,142
"06/21/2025","7:45 PM","75 min.","Adelaide","Guided All Around: Loving Kindness","","Sauna*",22,32,10,152
"06/21/2025","9:00 PM","120 min.","Adelaide","Beat Drop: DJ Takeover","","Sauna",1,26,25,177
"06/21/2025","9:30 PM","120 min.","Adelaide","Beat Drop: DJ Takeover","","Sauna..",2,25,23,200
"06/22/2025","7:00 AM","75 min.","Adelaide","Quieter Free Flow","","Sauna",8,17,9,9
"06/22/2025","7:30 AM","75 min.","Adelaide","Quieter Free Flow","","Sauna.",10,17,7,16
"06/22/2025","8:00 AM","75 min.","Adelaide","Quieter Free Flow","","Sauna..",10,17,7,23
"06/22/2025","8:30 AM","75 min.","Adelaide","Quieter Free Flow","","Sauna",7,17,10,33
"06/22/2025","10:15 AM","75 min.","Adelaide","Guided All Around: Loving Kindness","","Sauna*",10,26,16,49
"06/22/2025","11:30 AM","75 min.","Adelaide","Guided Down: Sound Immersion","","Sauna*",12,25,13,62
"06/22/2025","12:45 PM","75 min.","Adelaide","Lively Free Flow","","Sauna....",3,21,18,80
"06/22/2025","1:00 PM","75 min.","Adelaide","Lively Free Flow","","Sauna.....",13,15,2,82
"06/22/2025","1:30 PM","75 min.","Adelaide","Lively Free Flow","","Sauna...",10,12,2,84
"06/22/2025","2:00 PM","75 min.","Adelaide","Lively Free Flow","","Sauna",14,21,7,91
"06/22/2025","2:30 PM","75 min.","Adelaide","Lively Free Flow","","Sauna.",9,15,6,97
"06/22/2025","3:00 PM","75 min.","Adelaide","Lively Free Flow","","Sauna...",6,12,6,103
"06/22/2025","3:30 PM","75 min.","Adelaide","Lively Free Flow","","Sauna..",6,21,15,118
"06/22/2025","4:00 PM","75 min.","Adelaide","Lively Free Flow","","Sauna.",14,15,1,119
"06/22/2025","4:30 PM","75 min.","Adelaide","Lively Free Flow","","Sauna",9,12,3,122
"06/22/2025","5:00 PM","75 min.","Adelaide","Lively Free Flow","","Sauna...",9,20,11,133
"06/22/2025","5:30 PM","75 min.","Adelaide","Lively Free Flow","","Sauna.",1,15,14,147
"06/22/2025","6:45 PM","75 min.","Adelaide","Guided Down: Untangle","","Sauna*",4,32,28,175
"06/22/2025","8:00 PM","75 min.","Adelaide","Free Flow","","Sauna...",6,15,9,184
"06/22/2025","8:15 PM","75 min.","Adelaide","Free Flow","","Sauna....",5,15,10,194
"06/22/2025","8:30 PM","75 min.","Adelaide","Free Flow","","Sauna.....",3,13,10,204
"06/22/2025","8:45 PM","75 min.","Adelaide","Free Flow","","Sauna.",2,8,6,210
"06/22/2025","9:30 PM","75 min.","Adelaide","Free Flow","","Sauna..",9,15,6,216
"06/22/2025","9:45 PM","75 min.","Adelaide","Free Flow","","Sauna...",13,15,2,218
"06/22/2025","10:00 PM","75 min.","Adelaide","Free Flow","","Sauna....",10,13,3,221
"06/22/2025","10:15 PM","75 min.","Adelaide","Free Flow","","Sauna.....",6,8,2,223
"06/09/2025","7:00 AM","75 min.","Adelaide","Quieter Free Flow","","Sauna",14,17,3,3
"06/09/2025","7:30 AM","75 min.","Adelaide","Quieter Free Flow","","Sauna.",9,17,8,11
"06/09/2025","8:00 AM","75 min.","Adelaide","Quieter Free Flow","","Sauna..",14,17,3,14
"06/09/2025","8:30 AM","75 min.","Adelaide","Quieter Free Flow","","Sauna",16,17,1,15
"06/09/2025","9:00 AM","75 min.","Adelaide","Quieter Free Flow","","Sauna.",14,17,3,18
"06/09/2025","9:30 AM","75 min.","Adelaide","Quieter Free Flow","","Sauna..",16,17,1,19
"06/09/2025","10:00 AM","75 min.","Adelaide","Quieter Free Flow","","Sauna",16,17,1,20
"06/09/2025","10:15 AM","75 min.","Adelaide","Quieter Free Flow","","Sauna....",6,17,11,31
"06/09/2025","12:00 PM","60 min.","Adelaide","Guided All Around: Reset - 60 min","","Sauna*",17,32,15,46
"06/09/2025","1:45 PM","75 min.","Adelaide","Free Flow","","Sauna",1,17,16,62
"06/09/2025","2:15 PM","75 min.","Adelaide","Free Flow","","Sauna...",10,17,7,69
"06/09/2025","2:45 PM","75 min.","Adelaide","Free Flow","","Sauna.",14,17,3,72
"06/09/2025","3:15 PM","75 min.","Adelaide","Free Flow","","Sauna..",14,17,3,75
"06/09/2025","3:45 PM","75 min.","Adelaide","Free Flow","","Sauna.....",11,17,6,81
"06/09/2025","4:15 PM","75 min.","Adelaide","Free Flow","","Sauna....",7,17,10,91
"06/09/2025","4:45 PM","75 min.","Adelaide","Free Flow","","Sauna...",8,17,9,100
"06/09/2025","5:15 PM","75 min.","Adelaide","Lively Free Flow","","Sauna..",3,17,14,114
"06/09/2025","6:30 PM","75 min.","Adelaide","Guided All Around: Inner Power","","Sauna*",1,25,24,138
"06/09/2025","7:45 PM","75 min.","Adelaide","Guided All Around: Journey Through the Elements","","Sauna*",10,26,16,154
"06/09/2025","9:00 PM","75 min.","Adelaide","Guided All Around: Gratitude","","Sauna*",4,25,21,175
"06/10/2025","7:00 AM","60 min.","Adelaide","Guided Up: Arctic Tundra - 60 min","","Sauna*",23,32,9,9
"06/10/2025","8:30 AM","75 min.","Adelaide","Quieter Free Flow","","Sauna...",10,17,7,16
"06/10/2025","9:00 AM","75 min.","Adelaide","Quieter Free Flow","","Sauna....",13,17,4,20
"06/10/2025","9:30 AM","75 min.","Adelaide","Quieter Free Flow","","Sauna",13,17,4,24
"06/10/2025","10:00 AM","75 min.","Adelaide","Quieter Free Flow","","Sauna.....",16,17,1,25
"06/10/2025","10:15 AM","75 min.","Adelaide","Quieter Free Flow","","Sauna.",10,17,7,32
"06/10/2025","12:00 PM","60 min.","Adelaide","Guided All Around: Rose, Thorn, Bud - 60 min","","Sauna*",7,25,18,50
"06/10/2025","1:30 PM","75 min.","Adelaide","Guided Down: Self-Care Sweat","","Sauna*",19,26,7,57
"06/10/2025","3:00 PM","75 min.","Adelaide","Free Flow","","Sauna.....",0,17,17,74
"06/10/2025","3:30 PM","75 min.","Adelaide","Free Flow","","Sauna.",12,17,5,79
"06/10/2025","4:00 PM","75 min.","Adelaide","Free Flow","","Sauna..",15,17,2,81
"06/10/2025","4:30 PM","75 min.","Adelaide","Free Flow","","Sauna...",14,17,3,84
"06/10/2025","5:00 PM","75 min.","Adelaide","Free Flow","","Sauna....",9,13,4,88
"06/10/2025","5:30 PM","75 min.","Adelaide","Lively Free Flow","","Sauna.....",6,15,9,97
"06/10/2025","6:45 PM","75 min.","Adelaide","Guided Down: Untangle","","Sauna*",,,,97
"06/10/2025","8:00 PM","75 min.","Adelaide","Free Flow","","Sauna...",0,15,15,112
"06/10/2025","8:15 PM","75 min.","Adelaide","Free Flow","","Sauna....",0,8,8,120
"06/10/2025","8:30 PM","75 min.","Adelaide","Free Flow","","Sauna.....",0,13,13,133
"06/10/2025","8:45 PM","75 min.","Adelaide","Free Flow","","Sauna.",0,15,15,148
"06/10/2025","9:30 PM","75 min.","Adelaide","Free Flow","","Sauna..",0,15,15,163
"06/10/2025","9:45 PM","75 min.","Adelaide","Free Flow","","Sauna...",5,15,10,173
"06/10/2025","10:00 PM","75 min.","Adelaide","Free Flow","","Sauna....",9,13,4,177
"06/10/2025","10:15 PM","75 min.","Adelaide","Free Flow","","Sauna.....",10,15,5,182
"06/11/2025","7:00 AM","60 min.","Adelaide","Guided Down: Deep Stretch - 60 min","","Sauna*",25,30,5,5
"06/11/2025","8:30 AM","75 min.","Adelaide","Free Flow","","Sauna",10,17,7,12
"06/11/2025","9:00 AM","75 min.","Adelaide","Free Flow","","Sauna.",16,17,1,13
"06/11/2025","9:30 AM","75 min.","Adelaide","Free Flow","","Sauna..",14,17,3,16
"06/11/2025","10:00 AM","75 min.","Adelaide","Free Flow","","Sauna...",15,17,2,18
"06/11/2025","10:15 AM","75 min.","Adelaide","Free Flow","","Sauna....",13,17,4,22
"06/11/2025","12:00 PM","60 min.","Adelaide","Guided Down: Self-Care Sweat - 60 min","","Sauna*",23,32,9,31
"06/11/2025","1:15 PM","75 min.","Adelaide","Free Flow","","Sauna....",10,17,7,38
"06/11/2025","1:45 PM","75 min.","Adelaide","Free Flow","","Sauna..",12,17,5,43
"06/11/2025","2:15 PM","75 min.","Adelaide","Free Flow","","Sauna",11,17,6,49
"06/11/2025","2:45 PM","75 min.","Adelaide","Free Flow","","Sauna.",17,17,0,49
"06/11/2025","3:15 PM","75 min.","Adelaide","Free Flow","","Sauna..",14,17,3,52
"06/11/2025","3:45 PM","75 min.","Adelaide","Free Flow","","Sauna...",9,13,4,56
"06/11/2025","4:15 PM","75 min.","Adelaide","Free Flow","","Sauna....",10,15,5,61
"06/11/2025","5:30 PM","75 min.","Adelaide","Guided Up: Feel Good Now","","Sauna*",1,25,24,85
"06/11/2025","6:45 PM","75 min.","Adelaide","Guided Down: Sound Immersion","Stuart Campbell","Sauna*",3,26,23,108
"06/11/2025","8:00 PM","75 min.","Adelaide","Free Flow","","Sauna...",1,15,14,122
"06/11/2025","8:15 PM","75 min.","Adelaide","Free Flow","","Sauna....",0,8,8,130
"06/11/2025","8:30 PM","75 min.","Adelaide","Free Flow","","Sauna.....",1,13,12,142
"06/11/2025","8:45 PM","75 min.","Adelaide","Free Flow","","Sauna.",1,15,14,156
"06/11/2025","9:30 PM","75 min.","Adelaide","Free Flow","","Sauna..",0,15,15,171
"06/11/2025","9:45 PM","75 min.","Adelaide","Free Flow","","Sauna...",0,8,8,179
"06/11/2025","10:00 PM","75 min.","Adelaide","Free Flow","","Sauna....",11,13,2,181
"06/11/2025","10:15 PM","75 min.","Adelaide","Free Flow","","Sauna.....",10,15,5,186
"06/12/2025","7:00 AM","60 min.","Adelaide","Guided Down: Unwind - 60 min","","Sauna*",24,32,8,8
"06/12/2025","8:30 AM","75 min.","Adelaide","Free Flow","","Sauna...",10,17,7,15
"06/12/2025","9:00 AM","75 min.","Adelaide","Free Flow","","Sauna....",12,17,5,20
"06/12/2025","9:30 AM","75 min.","Adelaide","Free Flow","","Sauna",12,17,5,25
"06/12/2025","10:00 AM","75 min.","Adelaide","Free Flow","","Sauna..",11,17,6,31
"06/12/2025","10:15 AM","75 min.","Adelaide","Free Flow","","Sauna.",13,17,4,35
"06/12/2025","12:00 PM","60 min.","Adelaide","Guided All Around: Gratitude - 60 min","","Sauna*",24,32,8,43
"06/12/2025","1:45 PM","75 min.","Adelaide","Free Flow","","Sauna.....",6,15,9,52
"06/12/2025","2:15 PM","75 min.","Adelaide","Free Flow","","Sauna.",16,17,1,53
"06/12/2025","2:45 PM","75 min.","Adelaide","Free Flow","","Sauna...",15,17,2,55
"06/12/2025","3:15 PM","75 min.","Adelaide","Free Flow","","Sauna....",15,15,0,55
"06/12/2025","3:45 PM","75 min.","Adelaide","Free Flow","","Sauna.....",15,17,2,57
"06/12/2025","4:15 PM","75 min.","Adelaide","Free Flow","","Sauna.",11,17,6,63
"06/12/2025","4:45 PM","75 min.","Adelaide","Free Flow","","Sauna..",9,15,6,69
"06/12/2025","5:15 PM","75 min.","Adelaide","Free Flow","","Sauna...",3,17,14,83
"06/12/2025","5:45 PM","75 min.","Adelaide","Lively Free Flow","","Sauna....",1,13,12,95
"06/12/2025","6:15 PM","75 min.","Adelaide","Lively Free Flow","","Sauna.....",0,15,15,110
"06/12/2025","7:30 PM","90 min.","Adelaide","Guided All Around: Space for Women","","Sauna*",12,32,20,130
"06/12/2025","9:00 PM","120 min.","Adelaide","Social","","Sauna",1,26,25,155
"06/12/2025","9:30 PM","120 min.","Adelaide","Social","","Sauna..",5,25,20,175
"06/13/2025","7:00 AM","60 min.","Adelaide","Guided Up: Awakening - 60 min","","Sauna*",22,32,10,10
"06/13/2025","8:30 AM","75 min.","Adelaide","Free Flow","","Sauna",11,17,6,16
"06/13/2025","9:00 AM","75 min.","Adelaide","Free Flow","","Sauna.",11,17,6,22
"06/13/2025","9:30 AM","75 min.","Adelaide","Free Flow","","Sauna..",11,17,6,28
"06/13/2025","10:00 AM","75 min.","Adelaide","Free Flow","","Sauna...",12,17,5,33
"06/13/2025","10:15 AM","75 min.","Adelaide","Free Flow","","Sauna....",13,17,4,37
"06/13/2025","12:00 PM","60 min.","Adelaide","Guided All Around: Release - 60 min","","Sauna*",16,32,16,53
"06/13/2025","1:15 PM","75 min.","Adelaide","Free Flow","","Sauna.....",0,17,17,70
"06/13/2025","1:45 PM","75 min.","Adelaide","Free Flow","","Sauna..",5,17,12,82
"06/13/2025","2:15 PM","75 min.","Adelaide","Free Flow","","Sauna...",10,15,5,87
"06/13/2025","2:45 PM","75 min.","Adelaide","Free Flow","","Sauna....",13,17,4,91
"06/13/2025","3:15 PM","75 min.","Adelaide","Free Flow","","Sauna.....",6,17,11,102
"06/13/2025","3:45 PM","75 min.","Adelaide","Free Flow","","Sauna",8,15,7,109
"06/13/2025","4:15 PM","75 min.","Adelaide","Free Flow","","Sauna.",1,17,16,125
"06/13/2025","4:45 PM","75 min.","Adelaide","Free Flow","","Sauna..",8,17,9,134
"06/13/2025","5:15 PM","75 min.","Adelaide","Free Flow","","Sauna...",2,15,13,147
"06/13/2025","5:45 PM","75 min.","Adelaide","Lively Free Flow","","Sauna....",8,13,5,152
"06/13/2025","6:15 PM","75 min.","Adelaide","Lively Free Flow","","Sauna.....",4,15,11,163
"06/13/2025","7:30 PM","75 min.","Adelaide","Guided Down: Pure Presence","","Sauna*",2,32,30,193
"06/13/2025","8:45 PM","120 min.","Adelaide","Social","","Sauna",,,,193
"06/13/2025","9:15 PM","120 min.","Adelaide","Social","","Sauna.",1,25,24,217
"06/14/2025","8:00 AM","75 min.","Adelaide","Guided Up: Feel Good Now","","Sauna*",13,25,12,12
"06/14/2025","9:15 AM","75 min.","Adelaide","Guided All Around: Reflect","","Sauna*",20,26,6,18
"06/14/2025","10:30 AM","75 min.","Adelaide","Guided Down: Deep Stretch","","Sauna*",10,25,15,33
"06/14/2025","11:45 AM","75 min.","Adelaide","Guided Down: Unwind","","Sauna*",5,26,21,54
"06/14/2025","1:00 PM","75 min.","Adelaide","Lively Free Flow","","Sauna...",3,16,13,67
"06/14/2025","1:30 PM","75 min.","Adelaide","Lively Free Flow","","Sauna..",4,8,4,71
"06/14/2025","2:00 PM","75 min.","Adelaide","Lively Free Flow","","Sauna.",15,25,10,81
"06/14/2025","2:30 PM","75 min.","Adelaide","Lively Free Flow","","Sauna.....",14,16,2,83
"06/14/2025","3:00 PM","75 min.","Adelaide","Lively Free Flow","","Sauna",3,8,5,88
"06/14/2025","3:30 PM","75 min.","Adelaide","Lively Free Flow","","Sauna..",13,25,12,100
"06/14/2025","4:00 PM","75 min.","Adelaide","Lively Free Flow","","Sauna.",10,16,6,106
"06/14/2025","4:30 PM","75 min.","Adelaide","Lively Free Flow","","Sauna...",4,8,4,110
"06/14/2025","5:00 PM","75 min.","Adelaide","Lively Free Flow","","Sauna",21,25,4,114
"06/14/2025","5:30 PM","75 min.","Adelaide","Lively Free Flow","","Sauna.",8,16,8,122
"06/14/2025","6:00 PM","75 min.","Adelaide","Lively Free Flow","","Sauna...",2,8,6,128
"06/14/2025","6:30 PM","75 min.","Adelaide","Lively Free Flow","","Sauna.....",8,15,7,135
"06/14/2025","7:45 PM","75 min.","Adelaide","Guided Down: Sound Immersion","","Sauna*",25,32,7,142
"06/14/2025","9:00 PM","120 min.","Adelaide","Social","","Sauna",12,26,14,156
"06/14/2025","9:30 PM","120 min.","Adelaide","Social","","Sauna..",16,25,9,165
"06/15/2025","7:00 AM","75 min.","Adelaide","Quieter Free Flow","","Sauna",14,17,3,3
"06/15/2025","7:30 AM","75 min.","Adelaide","Quieter Free Flow","","Sauna.",14,17,3,6
"06/15/2025","8:00 AM","75 min.","Adelaide","Quieter Free Flow","","Sauna..",12,17,5,11
"06/15/2025","8:30 AM","75 min.","Adelaide","Quieter Free Flow","","Sauna",2,17,15,26
"06/15/2025","10:15 AM","75 min.","Adelaide","Guided Down: Self-Care Sweat","","Sauna*",,,,26
"06/15/2025","11:30 AM","75 min.","Adelaide","Guided Down: Sound Immersion","","Sauna*",6,25,19,45
"06/15/2025","12:45 PM","75 min.","Adelaide","Lively Free Flow","","Sauna....",11,21,10,55
"06/15/2025","1:00 PM","75 min.","Adelaide","Lively Free Flow","","Sauna.....",2,15,13,68
"06/15/2025","1:30 PM","75 min.","Adelaide","Lively Free Flow","","Sauna...",5,12,7,75
"06/15/2025","2:00 PM","75 min.","Adelaide","Lively Free Flow","","Sauna",18,21,3,78
"06/15/2025","2:30 PM","75 min.","Adelaide","Lively Free Flow","","Sauna.",5,15,10,88
"06/15/2025","3:00 PM","75 min.","Adelaide","Lively Free Flow","","Sauna...",8,12,4,92
"06/15/2025","3:30 PM","75 min.","Adelaide","Lively Free Flow","","Sauna..",12,21,9,101
"06/15/2025","4:00 PM","75 min.","Adelaide","Lively Free Flow","","Sauna.",12,15,3,104
"06/15/2025","4:30 PM","75 min.","Adelaide","Lively Free Flow","","Sauna",0,12,12,116
"06/15/2025","5:00 PM","75 min.","Adelaide","Lively Free Flow","","Sauna...",9,20,11,127
"06/15/2025","5:30 PM","75 min.","Adelaide","Lively Free Flow","","Sauna.",1,15,14,141
"06/15/2025","6:45 PM","75 min.","Adelaide","Guided Down: Untangle","","Sauna*",1,32,31,172
"06/15/2025","8:00 PM","75 min.","Adelaide","Free Flow","","Sauna...",1,15,14,186
"06/15/2025","8:15 PM","75 min.","Adelaide","Free Flow","","Sauna....",4,15,11,197
"06/15/2025","8:30 PM","75 min.","Adelaide","Free Flow","","Sauna.....",4,13,9,206
"06/15/2025","8:45 PM","75 min.","Adelaide","Free Flow","","Sauna.",1,8,7,213
"06/15/2025","9:30 PM","75 min.","Adelaide","Free Flow","","Sauna..",0,15,15,228
"06/15/2025","9:45 PM","75 min.","Adelaide","Free Flow","","Sauna...",0,15,15,243
"06/15/2025","10:00 PM","75 min.","Adelaide","Free Flow","","Sauna....",4,13,9,252
"06/15/2025","10:15 PM","75 min.","Adelaide","Free Flow","","Sauna.....",2,8,6,258
"06/02/2025","7:00 AM","75 min.","Adelaide","Quieter Free Flow","","Sauna",4,17,13,13
"06/02/2025","7:30 AM","75 min.","Adelaide","Quieter Free Flow","","Sauna.",12,17,5,18
"06/02/2025","8:00 AM","75 min.","Adelaide","Quieter Free Flow","","Sauna..",12,17,5,23
"06/02/2025","8:30 AM","75 min.","Adelaide","Quieter Free Flow","","Sauna",13,17,4,27
"06/02/2025","9:00 AM","75 min.","Adelaide","Quieter Free Flow","","Sauna.",14,17,3,30
"06/02/2025","9:30 AM","75 min.","Adelaide","Quieter Free Flow","","Sauna..",14,17,3,33
"06/02/2025","10:00 AM","75 min.","Adelaide","Quieter Free Flow","","Sauna",13,17,4,37
"06/02/2025","10:15 AM","75 min.","Adelaide","Quieter Free Flow","","Sauna....",10,17,7,44
"06/02/2025","12:00 PM","60 min.","Adelaide","Guided Up: Feel Good Now - 60 min","","Sauna*",23,32,9,53
"06/02/2025","1:45 PM","75 min.","Adelaide","Free Flow","","Sauna",9,17,8,61
"06/02/2025","2:15 PM","75 min.","Adelaide","Free Flow","","Sauna...",16,17,1,62
"06/02/2025","2:45 PM","75 min.","Adelaide","Free Flow","","Sauna.",14,17,3,65
"06/02/2025","3:15 PM","75 min.","Adelaide","Free Flow","","Sauna..",14,17,3,68
"06/02/2025","3:45 PM","75 min.","Adelaide","Free Flow","","Sauna.....",13,17,4,72
"06/02/2025","4:15 PM","75 min.","Adelaide","Free Flow","","Sauna....",10,17,7,79
"06/02/2025","4:45 PM","75 min.","Adelaide","Free Flow","","Sauna...",2,17,15,94
"06/02/2025","5:15 PM","75 min.","Adelaide","Lively Free Flow","","Sauna..",1,17,16,110
"06/02/2025","6:30 PM","75 min.","Adelaide","Guided All Around: Acceptance","","Sauna*",1,25,24,134
"06/02/2025","7:45 PM","75 min.","Adelaide","Guided Down: Senses","","Sauna*",,,,134
"06/02/2025","9:00 PM","75 min.","Adelaide","Guided All Around: Loving Kindness","","Sauna*",4,25,21,155
"06/03/2025","7:00 AM","60 min.","Adelaide","Guided Up: Arctic Tundra - 60 min","","Sauna*",19,32,13,13
"06/03/2025","8:30 AM","75 min.","Adelaide","Quieter Free Flow","","Sauna...",7,17,10,23
"06/03/2025","9:00 AM","75 min.","Adelaide","Quieter Free Flow","","Sauna....",15,17,2,25
"06/03/2025","9:30 AM","75 min.","Adelaide","Quieter Free Flow","","Sauna",11,17,6,31
"06/03/2025","10:00 AM","75 min.","Adelaide","Quieter Free Flow","","Sauna.....",16,17,1,32
"06/03/2025","10:15 AM","75 min.","Adelaide","Quieter Free Flow","","Sauna.",8,17,9,41
"06/03/2025","12:00 PM","60 min.","Adelaide","Guided Down: Sound Immersion - 60 min","","Sauna*",22,25,3,44
"06/03/2025","1:30 PM","75 min.","Adelaide","Guided All Around: Reset","","Sauna*",15,26,11,55
"06/03/2025","3:00 PM","75 min.","Adelaide","Free Flow","","Sauna.....",10,17,7,62
"06/03/2025","3:30 PM","75 min.","Adelaide","Free Flow","","Sauna.",10,17,7,69
"06/03/2025","4:00 PM","75 min.","Adelaide","Free Flow","","Sauna..",14,17,3,72
"06/03/2025","4:30 PM","75 min.","Adelaide","Free Flow","","Sauna...",11,17,6,78
"06/03/2025","5:00 PM","75 min.","Adelaide","Free Flow","","Sauna....",9,13,4,82
"06/03/2025","5:30 PM","75 min.","Adelaide","Lively Free Flow","","Sauna.....",1,15,14,96
"06/03/2025","6:45 PM","75 min.","Adelaide","Guided Down: Sound Immersion","","Sauna*",,,,96
"06/03/2025","8:00 PM","75 min.","Adelaide","Free Flow","","Sauna...",1,15,14,110
"06/03/2025","8:15 PM","75 min.","Adelaide","Free Flow","","Sauna....",2,8,6,116
"06/03/2025","8:30 PM","75 min.","Adelaide","Free Flow","","Sauna.....",1,13,12,128
"06/03/2025","8:45 PM","75 min.","Adelaide","Free Flow","","Sauna.",5,15,10,138
"06/03/2025","9:30 PM","75 min.","Adelaide","Free Flow","","Sauna..",1,15,14,152
"06/03/2025","9:45 PM","75 min.","Adelaide","Free Flow","","Sauna...",2,8,6,158
"06/03/2025","10:00 PM","75 min.","Adelaide","Free Flow","","Sauna....",10,13,3,161
"06/03/2025","10:15 PM","75 min.","Adelaide","Free Flow","","Sauna.....",10,15,5,166
"06/04/2025","7:00 AM","60 min.","Adelaide","Guided Down: Deep Stretch - 60 min","","Sauna*",23,30,7,7
"06/04/2025","8:30 AM","75 min.","Adelaide","Free Flow","","Sauna",14,17,3,10
"06/04/2025","9:00 AM","75 min.","Adelaide","Free Flow","","Sauna.",13,17,4,14
"06/04/2025","9:30 AM","75 min.","Adelaide","Free Flow","","Sauna..",13,17,4,18
"06/04/2025","10:00 AM","75 min.","Adelaide","Free Flow","","Sauna...",10,17,7,25
"06/04/2025","10:15 AM","75 min.","Adelaide","Free Flow","","Sauna....",7,17,10,35
"06/04/2025","12:00 PM","60 min.","Adelaide","Guided Down: Deep Stretch - 60 min","","Sauna*",14,30,16,51
"06/04/2025","1:15 PM","75 min.","Adelaide","Free Flow","","Sauna....",3,17,14,65
"06/04/2025","1:45 PM","75 min.","Adelaide","Free Flow","","Sauna..",12,17,5,70
"06/04/2025","2:15 PM","75 min.","Adelaide","Free Flow","","Sauna",12,17,5,75
"06/04/2025","2:45 PM","75 min.","Adelaide","Free Flow","","Sauna.",13,17,4,79
"06/04/2025","3:15 PM","75 min.","Adelaide","Free Flow","","Sauna..",12,17,5,84
"06/04/2025","3:45 PM","75 min.","Adelaide","Free Flow","","Sauna...",13,13,0,84
"06/04/2025","4:15 PM","75 min.","Adelaide","Free Flow","","Sauna....",2,15,13,97
"06/04/2025","5:30 PM","75 min.","Adelaide","Guided All Around: Release","","Sauna*",,,,97
"06/04/2025","6:45 PM","75 min.","Adelaide","Guided Down: Sound Immersion","Stuart Campbell","Sauna*",2,26,24,121
"06/04/2025","8:00 PM","75 min.","Adelaide","Free Flow","","Sauna...",2,15,13,134
"06/04/2025","8:15 PM","75 min.","Adelaide","Free Flow","","Sauna....",0,8,8,142
"06/04/2025","8:30 PM","75 min.","Adelaide","Free Flow","","Sauna.....",7,13,6,148
"06/04/2025","8:45 PM","75 min.","Adelaide","Free Flow","","Sauna.",8,15,7,155
"06/04/2025","9:30 PM","75 min.","Adelaide","Free Flow","","Sauna..",5,15,10,165
"06/04/2025","9:45 PM","75 min.","Adelaide","Free Flow","","Sauna...",4,8,4,169
"06/04/2025","10:00 PM","75 min.","Adelaide","Free Flow","","Sauna....",12,13,1,170
"06/04/2025","10:15 PM","75 min.","Adelaide","Free Flow","","Sauna.....",11,15,4,174
"06/05/2025","7:00 AM","60 min.","Adelaide","Guided Down: Unwind - 60 min","","Sauna*",24,32,8,8
"06/05/2025","8:30 AM","75 min.","Adelaide","Free Flow","","Sauna...",11,17,6,14
"06/05/2025","9:00 AM","75 min.","Adelaide","Free Flow","","Sauna....",12,17,5,19
"06/05/2025","9:30 AM","75 min.","Adelaide","Free Flow","","Sauna",14,17,3,22
"06/05/2025","10:00 AM","75 min.","Adelaide","Free Flow","","Sauna..",11,17,6,28
"06/05/2025","10:15 AM","75 min.","Adelaide","Free Flow","","Sauna.",11,17,6,34
"06/05/2025","12:00 PM","60 min.","Adelaide","Guided Up: Self-Care Sweat - 60 min","","Sauna*",24,32,8,42
"06/05/2025","1:45 PM","75 min.","Adelaide","Free Flow","","Sauna.....",13,15,2,44
"06/05/2025","2:15 PM","75 min.","Adelaide","Free Flow","","Sauna.",9,17,8,52
"06/05/2025","2:45 PM","75 min.","Adelaide","Free Flow","","Sauna...",10,17,7,59
"06/05/2025","3:15 PM","75 min.","Adelaide","Free Flow","","Sauna....",8,15,7,66
"06/05/2025","3:45 PM","75 min.","Adelaide","Free Flow","","Sauna.....",14,17,3,69
"06/05/2025","4:15 PM","75 min.","Adelaide","Free Flow","","Sauna.",11,17,6,75
"06/05/2025","4:45 PM","75 min.","Adelaide","Free Flow","","Sauna..",5,15,10,85
"06/05/2025","5:15 PM","75 min.","Adelaide","Free Flow","","Sauna...",0,17,17,102
"06/05/2025","5:45 PM","75 min.","Adelaide","Lively Free Flow","","Sauna....",0,13,13,115
"06/05/2025","6:15 PM","75 min.","Adelaide","Lively Free Flow","","Sauna.....",0,15,15,130
"06/05/2025","7:30 PM","75 min.","Adelaide","Guided All Around: Loving Kindness","","Sauna*",2,30,28,158
"06/05/2025","8:45 PM","120 min.","Adelaide","Social","","Sauna",,,,158
"06/05/2025","9:15 PM","120 min.","Adelaide","Social","","Sauna..",5,25,20,178
"06/06/2025","7:00 AM","60 min.","Adelaide","Guided All Around: Reset - 60 min","","Sauna*",26,32,6,6
"06/06/2025","8:30 AM","75 min.","Adelaide","Free Flow","","Sauna",12,17,5,11
"06/06/2025","9:00 AM","75 min.","Adelaide","Free Flow","","Sauna.",14,17,3,14
"06/06/2025","9:30 AM","75 min.","Adelaide","Free Flow","","Sauna..",9,17,8,22
"06/06/2025","10:00 AM","75 min.","Adelaide","Free Flow","","Sauna...",12,17,5,27
"06/06/2025","10:15 AM","75 min.","Adelaide","Free Flow","","Sauna....",4,17,13,40
"06/06/2025","12:00 PM","60 min.","Adelaide","Guided All Around: Hardwiring Happiness - 60 min","","Sauna*",10,32,22,62
"06/06/2025","1:15 PM","75 min.","Adelaide","Free Flow","","Sauna.....",8,17,9,71
"06/06/2025","1:45 PM","75 min.","Adelaide","Free Flow","","Sauna..",13,17,4,75
"06/06/2025","2:15 PM","75 min.","Adelaide","Free Flow","","Sauna...",11,15,4,79
"06/06/2025","2:45 PM","75 min.","Adelaide","Free Flow","","Sauna....",10,17,7,86
"06/06/2025","3:15 PM","75 min.","Adelaide","Free Flow","","Sauna.....",14,17,3,89
"06/06/2025","3:45 PM","75 min.","Adelaide","Free Flow","","Sauna",5,15,10,99
"06/06/2025","4:15 PM","75 min.","Adelaide","Free Flow","","Sauna.",3,17,14,113
"06/06/2025","4:45 PM","75 min.","Adelaide","Free Flow","","Sauna..",1,17,16,129
"06/06/2025","5:15 PM","75 min.","Adelaide","Free Flow","","Sauna...",1,15,14,143
"06/06/2025","5:45 PM","75 min.","Adelaide","Lively Free Flow","","Sauna....",0,13,13,156
"06/06/2025","6:15 PM","75 min.","Adelaide","Lively Free Flow","","Sauna.....",0,15,15,171
"06/06/2025","7:30 PM","75 min.","Adelaide","Guided Down: Unwind","","Sauna*",2,30,28,199
"06/06/2025","8:45 PM","120 min.","Adelaide","Social","","Sauna",,,,199
"06/06/2025","9:15 PM","120 min.","Adelaide","Social","","Sauna.",0,25,25,224
"06/07/2025","8:00 AM","75 min.","Adelaide","Guided Down: Rose, Thorn, Bud","","Sauna*",6,25,19,19
"06/07/2025","9:15 AM","75 min.","Adelaide","Guided All Around: Gratitude","","Sauna*",1,26,25,44
"06/07/2025","10:30 AM","75 min.","Adelaide","Guided Down: Deep Stretch","","Sauna*",1,25,24,68
"06/07/2025","11:45 AM","75 min.","Adelaide","Guided All Around: Release","","Sauna*",15,26,11,79
"06/07/2025","1:00 PM","75 min.","Adelaide","Lively Free Flow","","Sauna...",3,16,13,92
"06/07/2025","1:30 PM","75 min.","Adelaide","Lively Free Flow","","Sauna..",5,8,3,95
"06/07/2025","2:00 PM","75 min.","Adelaide","Lively Free Flow","","Sauna.",20,25,5,100
"06/07/2025","2:30 PM","75 min.","Adelaide","Lively Free Flow","","Sauna.....",9,16,7,107
"06/07/2025","3:00 PM","75 min.","Adelaide","Lively Free Flow","","Sauna",5,8,3,110
"06/07/2025","3:30 PM","75 min.","Adelaide","Lively Free Flow","","Sauna..",15,25,10,120
"06/07/2025","4:00 PM","75 min.","Adelaide","Lively Free Flow","","Sauna.",9,16,7,127
"06/07/2025","4:30 PM","75 min.","Adelaide","Lively Free Flow","","Sauna...",1,8,7,134
"06/07/2025","5:00 PM","75 min.","Adelaide","Lively Free Flow","","Sauna",19,25,6,140
"06/07/2025","5:30 PM","75 min.","Adelaide","Lively Free Flow","","Sauna.",14,16,2,142
"06/07/2025","6:00 PM","75 min.","Adelaide","Lively Free Flow","","Sauna...",6,8,2,144
"06/07/2025","6:30 PM","75 min.","Adelaide","Lively Free Flow","","Sauna.....",8,15,7,151
"06/07/2025","7:45 PM","75 min.","Adelaide","Guided All Around: Loving Kindness","","Sauna*",23,32,9,160
"06/07/2025","9:00 PM","120 min.","Adelaide","Social","","Sauna",9,26,17,177
"06/07/2025","9:30 PM","120 min.","Adelaide","Social","","Sauna..",21,25,4,181
"06/08/2025","7:00 AM","75 min.","Adelaide","Quieter Free Flow","","Sauna",13,17,4,4
"06/08/2025","7:30 AM","75 min.","Adelaide","Quieter Free Flow","","Sauna.",7,17,10,14
"06/08/2025","8:00 AM","75 min.","Adelaide","Quieter Free Flow","","Sauna..",14,17,3,17
"06/08/2025","8:30 AM","75 min.","Adelaide","Quieter Free Flow","","Sauna",1,17,16,33
"06/08/2025","10:15 AM","75 min.","Adelaide","Guided All Around: Hardwiring Happiness","","Sauna*",7,26,19,52
"06/08/2025","11:30 AM","75 min.","Adelaide","Guided Down: Sound Immersion","","Sauna*",1,25,24,76
"06/08/2025","12:45 PM","75 min.","Adelaide","Lively Free Flow","","Sauna....",10,21,11,87
"06/08/2025","1:00 PM","75 min.","Adelaide","Lively Free Flow","","Sauna.....",7,15,8,95
"06/08/2025","1:30 PM","75 min.","Adelaide","Lively Free Flow","","Sauna...",4,12,8,103
"06/08/2025","2:00 PM","75 min.","Adelaide","Lively Free Flow","","Sauna",16,21,5,108
"06/08/2025","2:30 PM","75 min.","Adelaide","Lively Free Flow","","Sauna.",11,15,4,112
"06/08/2025","3:00 PM","75 min.","Adelaide","Lively Free Flow","","Sauna...",3,12,9,121
"06/08/2025","3:30 PM","75 min.","Adelaide","Lively Free Flow","","Sauna..",9,21,12,133
"06/08/2025","4:00 PM","75 min.","Adelaide","Lively Free Flow","","Sauna.",1,15,14,147
"06/08/2025","4:30 PM","75 min.","Adelaide","Lively Free Flow","","Sauna",4,12,8,155
"06/08/2025","5:00 PM","75 min.","Adelaide","Lively Free Flow","","Sauna...",5,20,15,170
"06/08/2025","5:30 PM","75 min.","Adelaide","Lively Free Flow","","Sauna.",2,15,13,183
"06/08/2025","6:45 PM","75 min.","Adelaide","Guided Down: Untangle","","Sauna*",1,32,31,214
"06/08/2025","8:00 PM","75 min.","Adelaide","Free Flow","","Sauna...",2,15,13,227
"06/08/2025","8:15 PM","75 min.","Adelaide","Free Flow","","Sauna....",1,15,14,241
"06/08/2025","8:30 PM","75 min.","Adelaide","Free Flow","","Sauna.....",6,13,7,248
"06/08/2025","8:45 PM","75 min.","Adelaide","Free Flow","","Sauna.",1,8,7,255
"06/08/2025","9:30 PM","75 min.","Adelaide","Free Flow","","Sauna..",0,15,15,270
"06/08/2025","9:45 PM","75 min.","Adelaide","Free Flow","","Sauna...",9,15,6,276
"06/08/2025","10:00 PM","75 min.","Adelaide","Free Flow","","Sauna....",7,13,6,282
"06/08/2025","10:15 PM","75 min.","Adelaide","Free Flow","","Sauna.....",3,8,5,287
"05/26/2025","7:00 AM","75 min.","Adelaide","Quieter Free Flow","","Sauna",7,17,10,10
"05/26/2025","7:30 AM","75 min.","Adelaide","Quieter Free Flow","","Sauna.",10,17,7,17
"05/26/2025","8:00 AM","75 min.","Adelaide","Quieter Free Flow","","Sauna..",16,17,1,18
"05/26/2025","8:30 AM","75 min.","Adelaide","Quieter Free Flow","","Sauna",10,17,7,25
"05/26/2025","9:00 AM","75 min.","Adelaide","Quieter Free Flow","","Sauna.",11,17,6,31
"05/26/2025","9:30 AM","75 min.","Adelaide","Quieter Free Flow","","Sauna..",13,17,4,35
"05/26/2025","10:00 AM","75 min.","Adelaide","Quieter Free Flow","","Sauna",11,17,6,41
"05/26/2025","10:15 AM","75 min.","Adelaide","Quieter Free Flow","","Sauna....",6,17,11,52
"05/26/2025","12:00 PM","75 min.","Adelaide","Guided All Around: Journey Through the Elements","","Sauna",14,32,18,70
"05/26/2025","1:45 PM","75 min.","Adelaide","Free Flow","","Sauna....",17,17,0,70
"05/26/2025","2:15 PM","75 min.","Adelaide","Free Flow","","Sauna",11,17,6,76
"05/26/2025","2:45 PM","75 min.","Adelaide","Free Flow","","Sauna...",10,17,7,83
"05/26/2025","3:15 PM","75 min.","Adelaide","Free Flow","","Sauna.",10,17,7,90
"05/26/2025","3:45 PM","75 min.","Adelaide","Free Flow","","Sauna..",11,17,6,96
"05/26/2025","4:15 PM","75 min.","Adelaide","Free Flow","","Sauna...",13,17,4,100
"05/26/2025","4:45 PM","75 min.","Adelaide","Free Flow","","Sauna....",13,17,4,104
"05/26/2025","5:15 PM","75 min.","Adelaide","Free Flow","","Sauna..",2,17,15,119
"05/26/2025","6:30 PM","75 min.","Adelaide","Guided All Around: Inner Power","","Sauna",1,25,24,143
"05/26/2025","7:45 PM","75 min.","Adelaide","Guided All Around: Gratitude","","Sauna",1,26,25,168
"05/26/2025","9:00 PM","75 min.","Adelaide","Guided All Around: Reset","","Sauna",6,25,19,187
"05/27/2025","7:00 AM","75 min.","Adelaide","Arctic Tundra with Optional Morning Run","","Sauna",17,32,15,15
"05/27/2025","8:30 AM","75 min.","Adelaide","Quieter Free Flow","","Sauna...",13,17,4,19
"05/27/2025","9:00 AM","75 min.","Adelaide","Quieter Free Flow","","Sauna....",15,17,2,21
"05/27/2025","9:30 AM","75 min.","Adelaide","Quieter Free Flow","","Sauna",15,17,2,23
"05/27/2025","10:00 AM","75 min.","Adelaide","Quieter Free Flow","","Sauna.",15,17,2,25
"05/27/2025","10:15 AM","75 min.","Adelaide","Quieter Free Flow","","Sauna....",4,17,13,38
"05/27/2025","12:00 PM","75 min.","Adelaide","Guided Down: Unwind","","Sauna",25,32,7,45
"05/27/2025","1:45 PM","75 min.","Adelaide","Guided Down: Self-Care Sweat","","Sauna",16,32,16,61
"05/27/2025","3:30 PM","75 min.","Adelaide","Free Flow","","Sauna..",22,26,4,65
"05/27/2025","3:45 PM","75 min.","Adelaide","Free Flow","","Sauna.",18,25,7,72
"05/27/2025","5:30 PM","75 min.","Adelaide","Guided Up: Feel Good Now","","Sauna",15,32,17,89
"05/27/2025","7:15 PM","75 min.","Adelaide","Guided All Around: Hero's Journey","","Sauna",1,32,31,120
"05/27/2025","9:00 PM","75 min.","Adelaide","Free Flow","","Sauna..",0,25,25,145
"05/27/2025","9:30 PM","75 min.","Adelaide","Free Flow","","Sauna.",1,25,24,169
"05/27/2025","10:30 PM","75 min.","Adelaide","Free Flow","","Sauna",13,25,12,181
"05/28/2025","7:00 AM","75 min.","Adelaide","Guided Down: Sound Immersion","","Sauna",15,30,15,15
"05/28/2025","8:30 AM","75 min.","Adelaide","Free Flow","","Sauna",13,17,4,19
"05/28/2025","9:00 AM","75 min.","Adelaide","Free Flow","","Sauna.",13,17,4,23
"05/28/2025","9:30 AM","75 min.","Adelaide","Free Flow","","Sauna..",12,17,5,28
"05/28/2025","10:00 AM","75 min.","Adelaide","Free Flow","","Sauna...",15,17,2,30
"05/28/2025","10:15 AM","75 min.","Adelaide","Free Flow","","Sauna....",12,17,5,35
"05/28/2025","12:00 PM","75 min.","Adelaide","Guided All Around: Hardwiring Happiness","","Sauna",16,32,16,51
"05/28/2025","2:00 PM","75 min.","Adelaide","Free Flow","","Sauna....",12,17,5,56
"05/28/2025","2:30 PM","75 min.","Adelaide","Free Flow","","Sauna..",8,17,9,65
"05/28/2025","3:00 PM","75 min.","Adelaide","Free Flow","","Sauna",10,17,7,72
"05/28/2025","3:30 PM","75 min.","Adelaide","Free Flow","","Sauna.",0,17,17,89
"05/28/2025","4:00 PM","75 min.","Adelaide","Free Flow","","Sauna..",5,17,12,101
"05/28/2025","4:30 PM","75 min.","Adelaide","Free Flow","","Sauna...",12,17,5,106
"05/28/2025","5:00 PM","75 min.","Adelaide","Free Flow","","Sauna....",0,17,17,123
"05/28/2025","5:30 PM","75 min.","Adelaide","Lively Free Flow","","Sauna",0,17,17,140
"05/28/2025","7:15 PM","75 min.","Adelaide","Guided Down: Sound Immersion","Stuart Campbell","Sauna",,,,140
"05/28/2025","9:00 PM","75 min.","Adelaide","Free Flow","","Sauna",0,25,25,165
"05/28/2025","9:30 PM","75 min.","Adelaide","Free Flow","","Sauna...",2,25,23,188
"05/28/2025","10:30 PM","75 min.","Adelaide","Free Flow","","Sauna",21,25,4,192
"05/29/2025","9:30 AM","75 min.","Adelaide","Free Flow","","Sauna",11,17,6,6
"05/29/2025","10:00 AM","75 min.","Adelaide","Free Flow","","Sauna.",13,17,4,10
"05/29/2025","10:15 AM","75 min.","Adelaide","Free Flow","","Sauna..",13,17,4,14
"05/29/2025","12:00 PM","75 min.","Adelaide","Guided All Around: Journey Through the Elements","","Sauna",21,32,11,25
"05/29/2025","2:00 PM","75 min.","Adelaide","Free Flow","","Sauna...",7,17,10,35
"05/29/2025","2:30 PM","75 min.","Adelaide","Free Flow","","Sauna....",12,17,5,40
"05/29/2025","3:00 PM","75 min.","Adelaide","Free Flow","","Sauna",12,17,5,45
"05/29/2025","3:30 PM","75 min.","Adelaide","Free Flow","","Sauna.",7,17,10,55
"05/29/2025","4:00 PM","75 min.","Adelaide","Free Flow","","Sauna..",14,17,3,58
"05/29/2025","4:30 PM","75 min.","Adelaide","Free Flow","","Sauna...",8,17,9,67
"05/29/2025","5:00 PM","75 min.","Adelaide","Free Flow","","Sauna....",7,17,10,77
"05/29/2025","5:30 PM","75 min.","Adelaide","Lively Free Flow","","Sauna",1,17,16,93
"05/29/2025","7:15 PM","75 min.","Adelaide","Guided All Around: Reset","","Sauna",,,,93
"05/29/2025","9:00 PM","120 min.","Adelaide","Social","","Sauna",1,26,25,118
"05/29/2025","9:30 PM","120 min.","Adelaide","Social","","Sauna..",2,25,23,141
"05/30/2025","7:00 AM","75 min.","Adelaide","Guided Up: Awakening","","Sauna",22,32,10,10
"05/30/2025","8:30 AM","75 min.","Adelaide","Free Flow","","Sauna",10,17,7,17
"05/30/2025","9:00 AM","75 min.","Adelaide","Free Flow","","Sauna.",12,17,5,22
"05/30/2025","9:30 AM","75 min.","Adelaide","Free Flow","","Sauna..",10,17,7,29
"05/30/2025","10:00 AM","75 min.","Adelaide","Free Flow","","Sauna...",14,17,3,32
"05/30/2025","10:15 AM","75 min.","Adelaide","Free Flow","","Sauna....",3,15,12,44
"05/30/2025","12:00 PM","75 min.","Adelaide","Guided Down: Deep Stretch","","Sauna",10,30,20,64
"05/30/2025","2:00 PM","75 min.","Adelaide","Free Flow","","Sauna....",1,17,16,80
"05/30/2025","2:30 PM","75 min.","Adelaide","Free Flow","","Sauna...",10,17,7,87
"05/30/2025","3:00 PM","75 min.","Adelaide","Free Flow","","Sauna",3,15,12,99
"05/30/2025","3:30 PM","75 min.","Adelaide","Free Flow","","Sauna.",6,17,11,110
"05/30/2025","4:00 PM","75 min.","Adelaide","Free Flow","","Sauna..",2,17,15,125
"05/30/2025","4:30 PM","75 min.","Adelaide","Free Flow","","Sauna",6,15,9,134
"05/30/2025","5:00 PM","75 min.","Adelaide","Free Flow","","Sauna.",0,17,17,151
"05/30/2025","5:30 PM","75 min.","Adelaide","Free Flow","","Sauna..",0,17,17,168
"05/30/2025","7:15 PM","75 min.","Adelaide","Guided All Around: Release","","Sauna",1,32,31,199
"05/30/2025","9:00 PM","120 min.","Adelaide","Social","","Sauna",1,26,25,224
"05/30/2025","9:30 PM","120 min.","Adelaide","Social","","Sauna.",5,25,20,244
"05/31/2025","8:00 AM","75 min.","Adelaide","Guided Down: Rose, Thorn, Bud","","Sauna",21,32,11,11
"05/31/2025","9:45 AM","75 min.","Adelaide","Guided Down: Deep Stretch","","Sauna",12,30,18,29
"05/31/2025","11:30 AM","75 min.","Adelaide","Guided All Around: Gratitude","","Sauna",1,32,31,60
"05/31/2025","1:15 PM","75 min.","Adelaide","Guided All Around: Journey Through the Elements","","Sauna",1,32,31,91
"05/31/2025","3:00 PM","75 min.","Adelaide","Lively Free Flow","","Sauna",0,21,21,112
"05/31/2025","3:30 PM","75 min.","Adelaide","Lively Free Flow","","Sauna..",5,18,13,125
"05/31/2025","4:00 PM","75 min.","Adelaide","Lively Free Flow","","Sauna.",8,10,2,127
"05/31/2025","4:30 PM","75 min.","Adelaide","Lively Free Flow","","Sauna...",17,21,4,131
"05/31/2025","5:00 PM","75 min.","Adelaide","Lively Free Flow","","Sauna",10,18,8,139
"05/31/2025","5:30 PM","75 min.","Adelaide","Lively Free Flow","","Sauna.",0,10,10,149
"05/31/2025","6:00 PM","75 min.","Adelaide","Lively Free Flow","","Sauna...",0,21,21,170
"05/31/2025","7:45 PM","75 min.","Adelaide","Guided Down: Sound Immersion","","Sauna",6,32,26,196
"05/31/2025","9:30 PM","120 min.","Adelaide","Social","","Sauna",,,,196
"05/31/2025","9:45 PM","120 min.","Adelaide","Social","","Sauna..",18,26,8,204
"06/01/2025","7:00 AM","75 min.","Adelaide","Quieter Free Flow","","Sauna",11,17,6,6
"06/01/2025","7:30 AM","75 min.","Adelaide","Quieter Free Flow","","Sauna.",7,17,10,16
"06/01/2025","8:00 AM","75 min.","Adelaide","Quieter Free Flow","","Sauna..",13,17,4,20
"06/01/2025","8:30 AM","75 min.","Adelaide","Quieter Free Flow","","Sauna",4,17,13,33
"06/01/2025","10:15 AM","75 min.","Adelaide","Guided Down: Rose, Thorn, Bud","","Sauna*",8,26,18,51
"06/01/2025","11:30 AM","75 min.","Adelaide","Guided Down: Sound Immersion","","Sauna*",4,25,21,72
"06/01/2025","12:45 PM","75 min.","Adelaide","Lively Free Flow","","Sauna....",3,21,18,90
"06/01/2025","1:00 PM","75 min.","Adelaide","Lively Free Flow","","Sauna.....",7,15,8,98
"06/01/2025","1:30 PM","75 min.","Adelaide","Lively Free Flow","","Sauna...",3,12,9,107
"06/01/2025","2:00 PM","75 min.","Adelaide","Lively Free Flow","","Sauna",12,20,8,115
"06/01/2025","2:30 PM","75 min.","Adelaide","Lively Free Flow","","Sauna.",6,15,9,124
"06/01/2025","3:00 PM","75 min.","Adelaide","Lively Free Flow","","Sauna...",1,12,11,135
"06/01/2025","3:30 PM","75 min.","Adelaide","Lively Free Flow","","Sauna..",11,21,10,145
"06/01/2025","4:00 PM","75 min.","Adelaide","Lively Free Flow","","Sauna.",1,15,14,159
"06/01/2025","4:30 PM","75 min.","Adelaide","Lively Free Flow","","Sauna",0,12,12,171
"06/01/2025","5:00 PM","75 min.","Adelaide","Lively Free Flow","","Sauna...",2,20,18,189
"06/01/2025","5:30 PM","75 min.","Adelaide","Lively Free Flow","","Sauna.",1,15,14,203
"06/01/2025","6:45 PM","75 min.","Adelaide","Guided Down: Untangle","","Sauna*",2,32,30,233
"06/01/2025","8:00 PM","75 min.","Adelaide","Free Flow","","Sauna...",0,15,15,248
"06/01/2025","8:15 PM","75 min.","Adelaide","Free Flow","","Sauna....",0,15,15,263
"06/01/2025","8:30 PM","75 min.","Adelaide","Free Flow","","Sauna.....",1,13,12,275
"06/01/2025","8:45 PM","75 min.","Adelaide","Free Flow","","Sauna.",1,8,7,282
"06/01/2025","9:30 PM","75 min.","Adelaide","Free Flow","","Sauna..",0,15,15,297
"06/01/2025","9:45 PM","75 min.","Adelaide","Free Flow","","Sauna...",6,15,9,306
"06/01/2025","10:00 PM","75 min.","Adelaide","Free Flow","","Sauna....",12,13,1,307
"06/01/2025","10:15 PM","75 min.","Adelaide","Free Flow","","Sauna.....",2,8,6,313
"05/19/2025","7:00 AM","75 min.","Adelaide","Free Flow","","Sauna",14,17,3,3
"05/19/2025","7:30 AM","75 min.","Adelaide","Free Flow","","Sauna.",14,17,3,6
"05/19/2025","8:00 AM","75 min.","Adelaide","Free Flow","","Sauna..",11,17,6,12
"05/19/2025","8:30 AM","75 min.","Adelaide","Free Flow","","Sauna",8,17,9,21
"05/19/2025","9:00 AM","75 min.","Adelaide","Free Flow","","Sauna.",1,17,16,37
"05/19/2025","9:30 AM","75 min.","Adelaide","Free Flow","","Sauna..",,,,37
"05/19/2025","10:00 AM","75 min.","Adelaide","Free Flow","","Sauna",0,17,17,54
"05/19/2025","10:15 AM","75 min.","Adelaide","Free Flow","","Sauna....",,,,54
"05/19/2025","12:00 PM","75 min.","Adelaide","Guided Up: Awakening","","Sauna",3,32,29,83
"05/19/2025","5:30 PM","75 min.","Adelaide","Guided Up: Feel Good Now","","Sauna",3,32,29,112
"05/19/2025","7:15 PM","75 min.","Adelaide","Guided All Around: Acceptance","","Sauna",3,32,29,141
"05/19/2025","9:00 PM","75 min.","Adelaide","Guided All Around: Gratitude","","Sauna",7,32,25,166
"05/20/2025","7:00 AM","75 min.","Adelaide","Founder's Arctic Tundra","","Sauna",2,32,30,30
"05/20/2025","8:30 AM","75 min.","Adelaide","Quieter Free Flow","","Sauna...",13,17,4,34
"05/20/2025","9:00 AM","75 min.","Adelaide","Quieter Free Flow","","Sauna....",13,17,4,38
"05/20/2025","9:30 AM","75 min.","Adelaide","Quieter Free Flow","","Sauna",15,17,2,40
"05/20/2025","10:00 AM","75 min.","Adelaide","Quieter Free Flow","","Sauna.",17,17,0,40
"05/20/2025","10:15 AM","75 min.","Adelaide","Quieter Free Flow","","Sauna....",14,17,3,43
"05/20/2025","12:00 PM","75 min.","Adelaide","Guided Down: Sound Immersion","","Sauna",25,32,7,50
"05/20/2025","1:45 PM","75 min.","Adelaide","Free Flow","","Sauna",14,21,7,57
"05/20/2025","2:00 PM","75 min.","Adelaide","Free Flow","","Sauna.",11,15,4,61
"05/20/2025","2:30 PM","75 min.","Adelaide","Free Flow","","Sauna...",12,13,1,62
"05/20/2025","3:00 PM","75 min.","Adelaide","Free Flow","","Sauna....",7,8,1,63
"05/20/2025","3:30 PM","75 min.","Adelaide","Free Flow","","Sauna..",13,26,13,76
"05/20/2025","3:45 PM","75 min.","Adelaide","Free Flow","","Sauna.",13,25,12,88
"05/20/2025","5:30 PM","75 min.","Adelaide","Guided All Around: Release","","Sauna",6,32,26,114
"05/20/2025","7:15 PM","75 min.","Adelaide","Guided Down: Untangle","","Sauna",3,32,29,143
"05/20/2025","9:00 PM","75 min.","Adelaide","Free Flow","","Sauna..",0,25,25,168
"05/20/2025","9:30 PM","75 min.","Adelaide","Free Flow","","Sauna.",,,,168
"05/20/2025","10:30 PM","75 min.","Adelaide","Free Flow","","Sauna",20,25,5,173
"05/21/2025","7:00 AM","75 min.","Adelaide","Guided Down: Sound Immersion","","Sauna",11,30,19,19
"05/21/2025","8:30 AM","75 min.","Adelaide","Free Flow","","Sauna",12,17,5,24
"05/21/2025","9:00 AM","75 min.","Adelaide","Free Flow","","Sauna.",13,17,4,28
"05/21/2025","9:30 AM","75 min.","Adelaide","Free Flow","","Sauna..",15,17,2,30
"05/21/2025","10:00 AM","75 min.","Adelaide","Free Flow","","Sauna...",17,17,0,30
"05/21/2025","10:15 AM","75 min.","Adelaide","Free Flow","","Sauna....",14,17,3,33
"05/21/2025","12:00 PM","75 min.","Adelaide","Guided All Around: Release","","Sauna",13,32,19,52
"05/21/2025","2:00 PM","75 min.","Adelaide","Free Flow","","Sauna....",4,17,13,65
"05/21/2025","2:30 PM","75 min.","Adelaide","Free Flow","","Sauna..",13,17,4,69
"05/21/2025","3:00 PM","75 min.","Adelaide","Free Flow","","Sauna",8,17,9,78
"05/21/2025","3:30 PM","75 min.","Adelaide","Free Flow","","Sauna.",13,17,4,82
"05/21/2025","4:00 PM","75 min.","Adelaide","Free Flow","","Sauna..",11,17,6,88
"05/21/2025","4:30 PM","75 min.","Adelaide","Free Flow","","Sauna...",10,17,7,95
"05/21/2025","5:00 PM","75 min.","Adelaide","Free Flow","","Sauna....",0,17,17,112
"05/21/2025","5:30 PM","75 min.","Adelaide","Lively Free Flow","","Sauna",0,17,17,129
"05/21/2025","7:15 PM","75 min.","Adelaide","Guided Down: Sound Immersion","Stuart Campbell","Sauna",1,32,31,160
"05/21/2025","9:00 PM","75 min.","Adelaide","Free Flow","","Sauna",1,25,24,184
"05/21/2025","9:30 PM","75 min.","Adelaide","Free Flow","","Sauna...",1,25,24,208
"05/21/2025","10:30 PM","75 min.","Adelaide","Free Flow","","Sauna",24,25,1,209
"05/22/2025","7:00 AM","75 min.","Adelaide","Guided All Around: Heart Opener","","Sauna",23,32,9,9
"05/22/2025","8:45 AM","75 min.","Adelaide","Free Flow","","Sauna...",13,17,4,13
"05/22/2025","9:15 AM","75 min.","Adelaide","Free Flow","","Sauna....",13,17,4,17
"05/22/2025","9:45 AM","75 min.","Adelaide","Free Flow","","Sauna",14,17,3,20
"05/22/2025","10:15 AM","75 min.","Adelaide","Free Flow","","Sauna..",15,17,2,22
"05/22/2025","10:45 AM","75 min.","Adelaide","Free Flow","","Sauna.",1,17,16,38
"05/22/2025","12:00 PM","75 min.","Adelaide","Guided Down: Senses","","Sauna",18,32,14,52
"05/22/2025","1:45 PM","75 min.","Adelaide","Free Flow","","Sauna...",3,17,14,66
"05/22/2025","2:15 PM","75 min.","Adelaide","Free Flow","","Sauna....",11,17,6,72
"05/22/2025","2:45 PM","75 min.","Adelaide","Free Flow","","Sauna",14,17,3,75
"05/22/2025","3:15 PM","75 min.","Adelaide","Free Flow","","Sauna.",12,17,5,80
"05/22/2025","3:45 PM","75 min.","Adelaide","Free Flow","","Sauna..",5,17,12,92
"05/22/2025","4:15 PM","75 min.","Adelaide","Free Flow","","Sauna...",3,17,14,106
"05/22/2025","4:45 PM","75 min.","Adelaide","Free Flow","","Sauna....",0,17,17,123
"05/22/2025","5:15 PM","75 min.","Adelaide","Lively Free Flow","","Sauna",1,17,16,139
"05/22/2025","5:45 PM","75 min.","Adelaide","Free Flow","","Sauna.",0,17,17,156
"05/22/2025","6:15 PM","75 min.","Adelaide","Free Flow","","Sauna..",0,15,15,171
"05/22/2025","7:30 PM","75 min.","Adelaide","Guided All Around: Reset","","Sauna",2,32,30,201
"05/22/2025","8:45 PM","120 min.","Adelaide","Social","","Sauna",1,26,25,226
"05/22/2025","9:15 PM","120 min.","Adelaide","Social","","Sauna..",0,25,25,251
"05/23/2025","7:00 AM","75 min.","Adelaide","Guided All Around: Reset","","Sauna",19,32,13,13
"05/23/2025","8:30 AM","75 min.","Adelaide","Free Flow","","Sauna",3,17,14,27
"05/23/2025","9:00 AM","75 min.","Adelaide","Free Flow","","Sauna.",14,17,3,30
"05/23/2025","9:30 AM","75 min.","Adelaide","Free Flow","","Sauna..",10,17,7,37
"05/23/2025","10:00 AM","75 min.","Adelaide","Free Flow","","Sauna...",10,17,7,44
"05/23/2025","10:15 AM","75 min.","Adelaide","Free Flow","","Sauna....",4,15,11,55
"05/23/2025","12:00 PM","75 min.","Adelaide","Guided Down: Self-Care Sweat","","Sauna",13,32,19,74
"05/23/2025","2:00 PM","75 min.","Adelaide","Free Flow","","Sauna....",4,17,13,87
"05/23/2025","2:30 PM","75 min.","Adelaide","Free Flow","","Sauna...",10,17,7,94
"05/23/2025","3:00 PM","75 min.","Adelaide","Free Flow","","Sauna",1,15,14,108
"05/23/2025","3:30 PM","75 min.","Adelaide","Free Flow","","Sauna.",8,17,9,117
"05/23/2025","4:00 PM","75 min.","Adelaide","Free Flow","","Sauna..",0,17,17,134
"05/23/2025","4:30 PM","75 min.","Adelaide","Free Flow","","Sauna",1,15,14,148
"05/23/2025","5:00 PM","75 min.","Adelaide","Free Flow","","Sauna.",1,17,16,164
"05/23/2025","5:30 PM","75 min.","Adelaide","Free Flow","","Sauna..",0,17,17,181
"05/23/2025","7:15 PM","75 min.","Adelaide","Guided Up: Awakening","","Sauna",7,32,25,206
"05/23/2025","9:00 PM","120 min.","Adelaide","Social","","Sauna",,,,206
"05/23/2025","9:30 PM","120 min.","Adelaide","Social","","Sauna.",0,25,25,231
"05/24/2025","8:00 AM","75 min.","Adelaide","Guided Up: Feel Good Now","","Sauna",16,25,9,9
"05/24/2025","9:15 AM","75 min.","Adelaide","Guided All Around: Release","","Sauna",8,26,18,27
"05/24/2025","10:30 AM","75 min.","Adelaide","Guided Down: Pure Presence","","Sauna.",1,25,24,51
"05/24/2025","11:45 AM","75 min.","Adelaide","Guided All Around: Reset","","Sauna",1,26,25,76
"05/24/2025","1:00 PM","75 min.","Adelaide","Lively Free Flow","","Sauna..",1,25,24,100
"05/24/2025","1:30 PM","75 min.","Adelaide","Lively Free Flow","","Sauna.",0,16,16,116
"05/24/2025","2:00 PM","75 min.","Adelaide","Lively Free Flow","","Sauna...",0,8,8,124
"05/24/2025","2:30 PM","75 min.","Adelaide","Lively Free Flow","","Sauna.....",0,25,25,149
"05/24/2025","3:00 PM","75 min.","Adelaide","Lively Free Flow","","Sauna",5,16,11,160
"05/24/2025","3:30 PM","75 min.","Adelaide","Lively Free Flow","","Sauna..",0,8,8,168
"05/24/2025","4:00 PM","75 min.","Adelaide","Lively Free Flow","","Sauna.",5,25,20,188
"05/24/2025","4:30 PM","75 min.","Adelaide","Lively Free Flow","","Sauna...",9,16,7,195
"05/24/2025","5:00 PM","75 min.","Adelaide","Lively Free Flow","","Sauna",1,8,7,202
"05/24/2025","5:30 PM","75 min.","Adelaide","Lively Free Flow","","Sauna.",17,25,8,210
"05/24/2025","6:00 PM","75 min.","Adelaide","Lively Free Flow","","Sauna...",1,16,15,225
"05/24/2025","6:30 PM","75 min.","Adelaide","Lively Free Flow","","Sauna.....",0,8,8,233
"05/24/2025","7:45 PM","75 min.","Adelaide","Guided All Around: Loving Kindness","","Sauna",2,32,30,263
"05/24/2025","9:00 PM","120 min.","Adelaide","Beat Drop: DJ Takeover","","Sauna",,,,263
"05/24/2025","9:30 PM","120 min.","Adelaide","Beat Drop: DJ Takeover","","Sauna..",0,26,26,289
"05/25/2025","7:00 AM","75 min.","Adelaide","Quieter Free Flow","","Sauna",19,30,11,11
"05/25/2025","8:30 AM","75 min.","Adelaide","Free Flow","","Sauna",14,30,16,27
"05/25/2025","10:15 AM","75 min.","Adelaide","Guided Down: Pure Presence","","Sauna",4,32,28,55
"05/25/2025","12:00 PM","75 min.","Adelaide","Guided Down: Sound Immersion","","Sauna",1,32,31,86
"05/25/2025","2:00 PM","75 min.","Adelaide","Lively Free Flow","","Sauna",0,21,21,107
"05/25/2025","2:30 PM","75 min.","Adelaide","Lively Free Flow","","Sauna.",0,15,15,122
"05/25/2025","3:00 PM","75 min.","Adelaide","Lively Free Flow","","Sauna...",0,12,12,134
"05/25/2025","3:30 PM","75 min.","Adelaide","Lively Free Flow","","Sauna..",9,20,11,145
"05/25/2025","4:00 PM","75 min.","Adelaide","Lively Free Flow","","Sauna.",8,15,7,152
"05/25/2025","4:30 PM","75 min.","Adelaide","Lively Free Flow","","Sauna",1,12,11,163
"05/25/2025","5:00 PM","75 min.","Adelaide","Lively Free Flow","","Sauna...",3,21,18,181
"05/25/2025","5:30 PM","75 min.","Adelaide","Lively Free Flow","","Sauna.",0,15,15,196
"05/25/2025","7:15 PM","75 min.","Adelaide","Guided Down: Untangle","","Sauna",2,32,30,226
"05/25/2025","9:00 PM","75 min.","Adelaide","Free Flow","","Sauna",0,25,25,251
"05/25/2025","9:30 PM","75 min.","Adelaide","Free Flow","","Sauna.",6,25,19,270
"05/25/2025","10:30 PM","75 min.","Adelaide","Free Flow","","Sauna",19,25,6,276
"05/12/2025","7:00 AM","75 min.","Adelaide","Quieter Free Flow","","Sauna",9,17,8,8
"05/12/2025","7:30 AM","75 min.","Adelaide","Quieter Free Flow","","Sauna.",10,17,7,15
"05/12/2025","8:00 AM","75 min.","Adelaide","Quieter Free Flow","","Sauna..",15,17,2,17
"05/12/2025","8:30 AM","75 min.","Adelaide","Quieter Free Flow","","Sauna",15,17,2,19
"05/12/2025","9:00 AM","75 min.","Adelaide","Quieter Free Flow","","Sauna.",13,17,4,23
"05/12/2025","9:30 AM","75 min.","Adelaide","Quieter Free Flow","","Sauna..",15,17,2,25
"05/12/2025","10:00 AM","75 min.","Adelaide","Quieter Free Flow","","Sauna",15,17,2,27
"05/12/2025","10:15 AM","75 min.","Adelaide","Quieter Free Flow","","Sauna....",10,17,7,34
"05/12/2025","12:00 PM","75 min.","Adelaide","Guided All Around: Reset","","Sauna",22,32,10,44
"05/12/2025","2:00 PM","75 min.","Adelaide","Free Flow","","Sauna",3,17,14,58
"05/12/2025","2:30 PM","75 min.","Adelaide","Free Flow","","Sauna...",11,17,6,64
"05/12/2025","3:00 PM","75 min.","Adelaide","Free Flow","","Sauna.",16,17,1,65
"05/12/2025","3:30 PM","75 min.","Adelaide","Free Flow","","Sauna..",0,17,17,82
"05/12/2025","5:30 PM","75 min.","Adelaide","Guided All Around: Journey Through the Elements","","Sauna",6,32,26,108
"05/12/2025","7:15 PM","75 min.","Adelaide","Guided All Around: Inner Power","","Sauna",3,32,29,137
"05/12/2025","9:00 PM","75 min.","Adelaide","Guided All Around: Loving Kindness","","Sauna",12,32,20,157
"05/13/2025","7:00 AM","75 min.","Adelaide","Guided Up: Arctic Tundra","","Sauna",15,32,17,17
"05/13/2025","8:30 AM","75 min.","Adelaide","Quieter Free Flow","","Sauna...",12,17,5,22
"05/13/2025","9:00 AM","75 min.","Adelaide","Quieter Free Flow","","Sauna....",13,17,4,26
"05/13/2025","9:30 AM","75 min.","Adelaide","Quieter Free Flow","","Sauna",16,17,1,27
"05/13/2025","10:00 AM","75 min.","Adelaide","Quieter Free Flow","","Sauna.",12,17,5,32
"05/13/2025","10:15 AM","75 min.","Adelaide","Quieter Free Flow","","Sauna....",13,17,4,36
"05/13/2025","12:00 PM","75 min.","Adelaide","Guided Down: Unwind","","Sauna",27,32,5,41
"05/13/2025","1:45 PM","75 min.","Adelaide","Guided Down: Self-Care Sweat","","Sauna",11,32,21,62
"05/13/2025","3:30 PM","75 min.","Adelaide","Free Flow","","Sauna..",12,26,14,76
"05/13/2025","3:45 PM","75 min.","Adelaide","Free Flow","","Sauna.",6,25,19,95
"05/13/2025","5:30 PM","75 min.","Adelaide","Guided Up: Feel Good Now","","Sauna",15,32,17,112
"05/13/2025","7:15 PM","75 min.","Adelaide","Guided Down: Sound Immersion","","Sauna",,,,112
"05/13/2025","9:00 PM","75 min.","Adelaide","Free Flow","","Sauna..",0,25,25,137
"05/13/2025","9:30 PM","75 min.","Adelaide","Free Flow","","Sauna.",3,25,22,159
"05/13/2025","10:30 PM","75 min.","Adelaide","Free Flow","","Sauna",19,25,6,165
"05/14/2025","7:00 AM","75 min.","Adelaide","Guided Down: Sound Immersion","","Sauna",23,30,7,7
"05/14/2025","8:30 AM","75 min.","Adelaide","Free Flow","","Sauna",11,17,6,13
"05/14/2025","9:00 AM","75 min.","Adelaide","Free Flow","","Sauna.",11,17,6,19
"05/14/2025","9:30 AM","75 min.","Adelaide","Free Flow","","Sauna..",15,17,2,21
"05/14/2025","10:00 AM","75 min.","Adelaide","Free Flow","","Sauna...",15,17,2,23
"05/14/2025","10:15 AM","75 min.","Adelaide","Free Flow","","Sauna....",8,17,9,32
"05/14/2025","12:00 PM","75 min.","Adelaide","Guided Down: Self-Care Sweat","","Sauna",14,32,18,50
"05/14/2025","3:30 PM","75 min.","Adelaide","Free Flow","","Sauna.",4,17,13,63
"05/14/2025","4:00 PM","75 min.","Adelaide","Free Flow","","Sauna..",10,17,7,70
"05/14/2025","4:30 PM","75 min.","Adelaide","Free Flow","","Sauna...",1,17,16,86
"05/14/2025","5:00 PM","75 min.","Adelaide","Free Flow","","Sauna....",0,17,17,103
"05/14/2025","5:30 PM","75 min.","Adelaide","Lively Free Flow","","Sauna",0,17,17,120
"05/14/2025","7:15 PM","75 min.","Adelaide","Guided Down: Sound Immersion","Stuart Campbell","Sauna",1,32,31,151
"05/14/2025","9:00 PM","75 min.","Adelaide","Free Flow","","Sauna",3,25,22,173
"05/14/2025","9:30 PM","75 min.","Adelaide","Free Flow","","Sauna...",16,25,9,182
"05/14/2025","10:30 PM","75 min.","Adelaide","Free Flow","","Sauna",18,25,7,189
"05/15/2025","7:00 AM","75 min.","Adelaide","Guided All Around: Heart Opener","","Sauna",20,32,12,12
"05/15/2025","12:00 PM","75 min.","Adelaide","Guided All Around: Hardwiring Happiness","","Sauna",21,32,11,23
"05/15/2025","2:00 PM","75 min.","Adelaide","Free Flow","","Sauna...",7,17,10,33
"05/15/2025","2:30 PM","75 min.","Adelaide","Free Flow","","Sauna....",7,17,10,43
"05/15/2025","3:00 PM","75 min.","Adelaide","Free Flow","","Sauna",11,17,6,49
"05/15/2025","3:30 PM","75 min.","Adelaide","Free Flow","","Sauna.",6,17,11,60
"05/15/2025","4:00 PM","75 min.","Adelaide","Free Flow","","Sauna..",10,17,7,67
"05/15/2025","4:30 PM","75 min.","Adelaide","Free Flow","","Sauna...",8,17,9,76
"05/15/2025","5:00 PM","75 min.","Adelaide","Free Flow","","Sauna....",1,17,16,92
"05/15/2025","5:30 PM","75 min.","Adelaide","Lively Free Flow","","Sauna",0,17,17,109
"05/15/2025","7:15 PM","75 min.","Adelaide","Guided Up: Self-Care Sweat","","Sauna",1,32,31,140
"05/15/2025","9:00 PM","120 min.","Adelaide","Social","","Sauna",,,,140
"05/15/2025","9:30 PM","120 min.","Adelaide","Social","","Sauna..",2,25,23,163
"05/16/2025","7:00 AM","75 min.","Adelaide","Guided Up: Awakening","","Sauna",24,32,8,8
"05/16/2025","8:30 AM","75 min.","Adelaide","Free Flow","","Sauna",7,17,10,18
"05/16/2025","9:00 AM","75 min.","Adelaide","Free Flow","","Sauna.",11,17,6,24
"05/16/2025","9:30 AM","75 min.","Adelaide","Free Flow","","Sauna..",2,17,15,39
"05/16/2025","10:00 AM","75 min.","Adelaide","Free Flow","","Sauna...",10,17,7,46
"05/16/2025","10:15 AM","75 min.","Adelaide","Free Flow","","Sauna....",6,15,9,55
"05/16/2025","12:00 PM","75 min.","Adelaide","Guided Down: Rose, Thorn, Bud","","Sauna",24,32,8,63
"05/16/2025","2:00 PM","75 min.","Adelaide","Free Flow","","Sauna....",8,17,9,72
"05/16/2025","2:30 PM","75 min.","Adelaide","Free Flow","","Sauna...",7,17,10,82
"05/16/2025","3:00 PM","75 min.","Adelaide","Free Flow","","Sauna",4,15,11,93
"05/16/2025","3:30 PM","75 min.","Adelaide","Free Flow","","Sauna.",14,17,3,96
"05/16/2025","4:00 PM","75 min.","Adelaide","Free Flow","","Sauna..",0,17,17,113
"05/16/2025","4:30 PM","75 min.","Adelaide","Free Flow","","Sauna",3,15,12,125
"05/16/2025","5:00 PM","75 min.","Adelaide","Free Flow","","Sauna.",0,17,17,142
"05/16/2025","5:30 PM","75 min.","Adelaide","Free Flow","","Sauna..",1,17,16,158
"05/16/2025","7:15 PM","75 min.","Adelaide","Guided All Around: Release","","Sauna",6,32,26,184
"05/16/2025","9:00 PM","120 min.","Adelaide","Social","","Sauna",,,,184
"05/16/2025","9:30 PM","120 min.","Adelaide","Social","","Sauna.",3,25,22,206
"05/17/2025","8:00 AM","75 min.","Adelaide","Guided Down: Rose, Thorn, Bud","","Sauna",29,32,3,3
"05/17/2025","9:45 AM","75 min.","Adelaide","Guided Down: Deep Stretch","","Sauna",17,30,13,16
"05/17/2025","11:30 AM","75 min.","Adelaide","Guided All Around: Reflect","","Sauna",3,32,29,45
"05/17/2025","1:15 PM","75 min.","Adelaide","Guided All Around: Journey Through the Elements","","Sauna",3,32,29,74
"05/17/2025","3:00 PM","75 min.","Adelaide","Lively Free Flow","","Sauna",0,21,21,95
"05/17/2025","3:30 PM","75 min.","Adelaide","Lively Free Flow","","Sauna..",3,18,15,110
"05/17/2025","4:00 PM","75 min.","Adelaide","Lively Free Flow","","Sauna.",2,10,8,118
"05/17/2025","4:30 PM","75 min.","Adelaide","Lively Free Flow","","Sauna...",1,21,20,138
"05/17/2025","5:00 PM","75 min.","Adelaide","Lively Free Flow","","Sauna",5,18,13,151
"05/17/2025","5:30 PM","75 min.","Adelaide","Lively Free Flow","","Sauna.",1,10,9,160
"05/17/2025","6:00 PM","75 min.","Adelaide","Lively Free Flow","","Sauna...",6,21,15,175
"05/17/2025","7:45 PM","75 min.","Adelaide","Guided Down: Sound Immersion","","Sauna",5,32,27,202
"05/17/2025","9:30 PM","120 min.","Adelaide","Social","","Sauna",9,25,16,218
"05/17/2025","9:45 PM","120 min.","Adelaide","Social","","Sauna..",19,26,7,225
"05/18/2025","7:00 AM","75 min.","Adelaide","Quieter Free Flow","","Sauna",17,30,13,13
"05/18/2025","8:30 AM","75 min.","Adelaide","Free Flow","","Sauna",2,30,28,41
"05/18/2025","10:15 AM","75 min.","Adelaide","Guided Down: Rose, Thorn, Bud","","Sauna",2,32,30,71
"05/18/2025","12:00 PM","75 min.","Adelaide","Guided Down: Sound Immersion","","Sauna",1,32,31,102
"05/18/2025","2:00 PM","75 min.","Adelaide","Lively Free Flow","","Sauna",1,21,20,122
"05/18/2025","2:30 PM","75 min.","Adelaide","Lively Free Flow","","Sauna.",2,15,13,135
"05/18/2025","3:00 PM","75 min.","Adelaide","Lively Free Flow","","Sauna...",0,12,12,147
"05/18/2025","3:30 PM","75 min.","Adelaide","Lively Free Flow","","Sauna..",3,20,17,164
"05/18/2025","4:00 PM","75 min.","Adelaide","Lively Free Flow","","Sauna.",0,15,15,179
"05/18/2025","4:30 PM","75 min.","Adelaide","Lively Free Flow","","Sauna",0,12,12,191
"05/18/2025","5:00 PM","75 min.","Adelaide","Lively Free Flow","","Sauna...",7,21,14,205
"05/18/2025","5:30 PM","75 min.","Adelaide","Lively Free Flow","","Sauna.",0,15,15,220
"05/18/2025","7:15 PM","75 min.","Adelaide","Guided Down: Untangle","","Sauna",4,32,28,248
"05/18/2025","9:00 PM","75 min.","Adelaide","Free Flow","","Sauna",9,25,16,264
"05/18/2025","9:30 PM","75 min.","Adelaide","Free Flow","","Sauna.",14,25,11,275
"05/18/2025","10:30 PM","75 min.","Adelaide","Free Flow","","Sauna",14,25,11,286
"05/05/2025","7:00 AM","75 min.","Adelaide","Quieter Free Flow","","Sauna",3,17,14,14
"05/05/2025","7:30 AM","75 min.","Adelaide","Quieter Free Flow","","Sauna.",11,17,6,20
"05/05/2025","8:00 AM","75 min.","Adelaide","Quieter Free Flow","","Sauna..",15,17,2,22
"05/05/2025","8:30 AM","75 min.","Adelaide","Quieter Free Flow","","Sauna",12,17,5,27
"05/05/2025","9:00 AM","75 min.","Adelaide","Quieter Free Flow","","Sauna.",16,17,1,28
"05/05/2025","9:30 AM","75 min.","Adelaide","Quieter Free Flow","","Sauna..",12,17,5,33
"05/05/2025","10:00 AM","75 min.","Adelaide","Quieter Free Flow","","Sauna",10,17,7,40
"05/05/2025","10:15 AM","75 min.","Adelaide","Quieter Free Flow","","Sauna....",8,17,9,49
"05/05/2025","12:00 PM","75 min.","Adelaide","Guided All Around: Journey Through the Elements","","Sauna",19,32,13,62
"05/05/2025","2:00 PM","75 min.","Adelaide","Free Flow","","Sauna",2,17,15,77
"05/05/2025","2:30 PM","75 min.","Adelaide","Free Flow","","Sauna...",10,17,7,84
"05/05/2025","3:00 PM","75 min.","Adelaide","Free Flow","","Sauna.",3,17,14,98
"05/05/2025","3:30 PM","75 min.","Adelaide","Free Flow","","Sauna..",2,17,15,113
"05/05/2025","5:30 PM","75 min.","Adelaide","Guided Down: Senses","","Sauna",15,32,17,130
"05/05/2025","7:15 PM","75 min.","Adelaide","Guided Up: Feel Good Now","","Sauna",7,32,25,155
"05/05/2025","9:00 PM","75 min.","Adelaide","Guided Down: Pure Presence","","Sauna",3,32,29,184
"05/06/2025","7:00 AM","75 min.","Adelaide","Guided Up: Arctic Tundra","","Sauna",21,32,11,11
"05/06/2025","8:30 AM","75 min.","Adelaide","Quieter Free Flow","","Sauna...",11,17,6,17
"05/06/2025","9:00 AM","75 min.","Adelaide","Quieter Free Flow","","Sauna....",14,17,3,20
"05/06/2025","9:30 AM","75 min.","Adelaide","Quieter Free Flow","","Sauna",15,17,2,22
"05/06/2025","10:00 AM","75 min.","Adelaide","Quieter Free Flow","","Sauna.",16,17,1,23
"05/06/2025","10:15 AM","75 min.","Adelaide","Quieter Free Flow","","Sauna....",5,17,12,35
"05/06/2025","1:45 PM","75 min.","Adelaide","Guided All Around: Reset","","Sauna",14,32,18,53
"05/06/2025","3:30 PM","75 min.","Adelaide","Free Flow","","Sauna..",14,26,12,65
"05/06/2025","3:45 PM","75 min.","Adelaide","Free Flow","","Sauna.",8,25,17,82
"05/06/2025","5:30 PM","75 min.","Adelaide","Guided All Around: Release","","Sauna",13,32,19,101
"05/06/2025","7:15 PM","75 min.","Adelaide","Guided All Around: Hero's Journey","","Sauna",,,,101
"05/06/2025","9:00 PM","75 min.","Adelaide","Free Flow","","Sauna..",0,25,25,126
"05/06/2025","9:15 PM","75 min.","Adelaide","Free Flow","","Sauna.",,,,126
"05/06/2025","10:15 PM","75 min.","Adelaide","Free Flow","","Sauna....",9,20,11,137
"05/06/2025","10:30 PM","75 min.","Adelaide","Free Flow","","Sauna",20,20,0,137
"05/07/2025","7:00 AM","75 min.","Adelaide","Guided Down: Sound Immersion","","Sauna",19,30,11,11
"05/07/2025","8:30 AM","75 min.","Adelaide","Free Flow","","Sauna",15,17,2,13
"05/07/2025","9:00 AM","75 min.","Adelaide","Free Flow","","Sauna.",15,17,2,15
"05/07/2025","9:30 AM","75 min.","Adelaide","Free Flow","","Sauna..",16,17,1,16
"05/07/2025","10:00 AM","75 min.","Adelaide","Free Flow","","Sauna...",14,17,3,19
"05/07/2025","10:15 AM","75 min.","Adelaide","Free Flow","","Sauna....",13,17,4,23
"05/07/2025","12:00 PM","75 min.","Adelaide","Guided Down: Deep Stretch","","Sauna",16,30,14,37
"05/07/2025","2:00 PM","75 min.","Adelaide","Free Flow","","Sauna....",12,17,5,42
"05/07/2025","2:30 PM","75 min.","Adelaide","Free Flow","","Sauna..",14,17,3,45
"05/07/2025","3:00 PM","75 min.","Adelaide","Free Flow","","Sauna",15,17,2,47
"05/07/2025","3:30 PM","75 min.","Adelaide","Free Flow","","Sauna.",10,17,7,54
"05/07/2025","4:00 PM","75 min.","Adelaide","Free Flow","","Sauna..",9,17,8,62
"05/07/2025","4:30 PM","75 min.","Adelaide","Free Flow","","Sauna...",8,17,9,71
"05/07/2025","5:00 PM","75 min.","Adelaide","Free Flow","","Sauna....",9,17,8,79
"05/07/2025","5:30 PM","75 min.","Adelaide","Lively Free Flow","","Sauna",4,17,13,92
"05/07/2025","7:15 PM","75 min.","Adelaide","Guided All Around: Reset","","Sauna",7,32,25,117
"05/07/2025","9:00 PM","75 min.","Adelaide","Free Flow","","Sauna",4,25,21,138
"05/07/2025","9:15 PM","75 min.","Adelaide","Free Flow","","Sauna..",4,20,16,154
"05/07/2025","10:15 PM","75 min.","Adelaide","Free Flow","","Sauna....",18,20,2,156
"05/07/2025","10:30 PM","75 min.","Adelaide","Free Flow","","Sauna",19,20,1,157
"05/08/2025","7:00 AM","75 min.","Adelaide","Guided All Around: Heart Opener","","Sauna",27,32,5,5
"05/08/2025","8:30 AM","75 min.","Adelaide","Free Flow","","Sauna...",10,17,7,12
"05/08/2025","9:00 AM","75 min.","Adelaide","Free Flow","","Sauna....",17,17,0,12
"05/08/2025","9:30 AM","75 min.","Adelaide","Free Flow","","Sauna",9,17,8,20
"05/08/2025","10:00 AM","75 min.","Adelaide","Free Flow","","Sauna.",16,17,1,21
"05/08/2025","10:15 AM","75 min.","Adelaide","Free Flow","","Sauna..",12,17,5,26
"05/08/2025","12:00 PM","75 min.","Adelaide","Guided Up: Self-Care Sweat","","Sauna",19,32,13,39
"05/08/2025","2:00 PM","75 min.","Adelaide","Free Flow","","Sauna...",9,17,8,47
"05/08/2025","2:30 PM","75 min.","Adelaide","Free Flow","","Sauna....",14,17,3,50
"05/08/2025","3:00 PM","75 min.","Adelaide","Free Flow","","Sauna",7,17,10,60
"05/08/2025","3:30 PM","75 min.","Adelaide","Free Flow","","Sauna.",11,17,6,66
"05/08/2025","4:00 PM","75 min.","Adelaide","Free Flow","","Sauna..",8,17,9,75
"05/08/2025","4:30 PM","75 min.","Adelaide","Free Flow","","Sauna...",0,17,17,92
"05/08/2025","5:00 PM","75 min.","Adelaide","Free Flow","","Sauna....",0,17,17,109
"05/08/2025","5:30 PM","75 min.","Adelaide","Lively Free Flow","","Sauna",0,17,17,126
"05/08/2025","7:15 PM","75 min.","Adelaide","Guided All Around: Loving Kindness","","Sauna",,,,126
"05/08/2025","9:00 PM","120 min.","Adelaide","Social","","Sauna",3,26,23,149
"05/08/2025","9:30 PM","120 min.","Adelaide","Social","","Sauna..",0,25,25,174
"05/09/2025","7:00 AM","75 min.","Adelaide","Guided All Around: Reset","","Sauna",26,32,6,6
"05/09/2025","8:30 AM","75 min.","Adelaide","Free Flow","","Sauna",8,17,9,15
"05/09/2025","9:00 AM","75 min.","Adelaide","Free Flow","","Sauna.",11,17,6,21
"05/09/2025","9:30 AM","75 min.","Adelaide","Free Flow","","Sauna..",10,17,7,28
"05/09/2025","10:00 AM","75 min.","Adelaide","Free Flow","","Sauna...",16,17,1,29
"05/09/2025","10:15 AM","75 min.","Adelaide","Free Flow","","Sauna....",0,15,15,44
"05/09/2025","12:00 PM","75 min.","Adelaide","Guided All Around: Release","","Sauna",22,32,10,54
"05/09/2025","2:00 PM","75 min.","Adelaide","Free Flow","","Sauna....",0,17,17,71
"05/09/2025","2:30 PM","75 min.","Adelaide","Free Flow","","Sauna...",8,17,9,80
"05/09/2025","3:00 PM","75 min.","Adelaide","Free Flow","","Sauna",9,15,6,86
"05/09/2025","3:30 PM","75 min.","Adelaide","Free Flow","","Sauna.",14,17,3,89
"05/09/2025","4:00 PM","75 min.","Adelaide","Free Flow","","Sauna..",2,17,15,104
"05/09/2025","4:30 PM","75 min.","Adelaide","Free Flow","","Sauna",0,15,15,119
"05/09/2025","5:00 PM","75 min.","Adelaide","Free Flow","","Sauna.",1,17,16,135
"05/09/2025","5:30 PM","75 min.","Adelaide","Free Flow","","Sauna..",1,17,16,151
"05/09/2025","7:15 PM","75 min.","Adelaide","Guided Up: Awakening","","Sauna",1,32,31,182
"05/09/2025","9:00 PM","120 min.","Adelaide","Social","","Sauna",,,,182
"05/09/2025","9:30 PM","120 min.","Adelaide","Social","","Sauna.",8,25,17,199
"05/10/2025","8:00 AM","75 min.","Adelaide","Guided Down: Pure Presence","","Sauna",14,32,18,18
"05/10/2025","9:45 AM","75 min.","Adelaide","Guided All Around: Heart Opener","","Sauna",14,32,18,36
"05/10/2025","11:30 AM","75 min.","Adelaide","Guided All Around: Gratitude","","Sauna",9,32,23,59
"05/10/2025","1:15 PM","75 min.","Adelaide","Guided Down: Unwind","","Sauna",7,32,25,84
"05/10/2025","3:00 PM","75 min.","Adelaide","Lively Free Flow","","Sauna",12,21,9,93
"05/10/2025","3:30 PM","75 min.","Adelaide","Lively Free Flow","","Sauna..",7,18,11,104
"05/10/2025","4:00 PM","75 min.","Adelaide","Lively Free Flow","","Sauna.",3,10,7,111
"05/10/2025","4:30 PM","75 min.","Adelaide","Lively Free Flow","","Sauna...",8,21,13,124
"05/10/2025","5:00 PM","75 min.","Adelaide","Lively Free Flow","","Sauna",8,18,10,134
"05/10/2025","5:30 PM","75 min.","Adelaide","Lively Free Flow","","Sauna.",4,10,6,140
"05/10/2025","6:00 PM","75 min.","Adelaide","Lively Free Flow","","Sauna...",3,21,18,158
"05/10/2025","7:45 PM","75 min.","Adelaide","Guided All Around: Loving Kindness","","Sauna",14,32,18,176
"05/10/2025","9:30 PM","120 min.","Adelaide","Social","","Sauna",9,25,16,192
"05/10/2025","9:45 PM","120 min.","Adelaide","Social","","Sauna..",26,26,0,192
"05/11/2025","7:00 AM","75 min.","Adelaide","Quieter Free Flow","","Sauna",22,30,8,8
"05/11/2025","8:30 AM","75 min.","Adelaide","Free Flow","","Sauna",14,30,16,24
"05/11/2025","10:15 AM","75 min.","Adelaide","Guided Down: Pure Presence","","Sauna",6,32,26,50
"05/11/2025","12:00 PM","75 min.","Adelaide","Guided Down: Sound Immersion","","Sauna",3,32,29,79
"05/11/2025","2:00 PM","75 min.","Adelaide","Lively Free Flow","","Sauna",0,21,21,100
"05/11/2025","2:30 PM","75 min.","Adelaide","Lively Free Flow","","Sauna.",0,15,15,115
"05/11/2025","3:00 PM","75 min.","Adelaide","Lively Free Flow","","Sauna...",7,12,5,120
"05/11/2025","3:30 PM","75 min.","Adelaide","Lively Free Flow","","Sauna..",12,20,8,128
"05/11/2025","4:00 PM","75 min.","Adelaide","Lively Free Flow","","Sauna.",1,15,14,142
"05/11/2025","4:30 PM","75 min.","Adelaide","Lively Free Flow","","Sauna",9,12,3,145
"05/11/2025","5:00 PM","75 min.","Adelaide","Lively Free Flow","","Sauna...",11,21,10,155
"05/11/2025","5:30 PM","75 min.","Adelaide","Lively Free Flow","","Sauna.",9,15,6,161
"05/11/2025","7:15 PM","75 min.","Adelaide","Guided Down: Untangle","","Sauna",,,,161
"05/11/2025","9:00 PM","75 min.","Adelaide","Free Flow","","Sauna",2,25,23,184
"05/11/2025","9:30 PM","75 min.","Adelaide","Free Flow","","Sauna.",20,25,5,189
"05/11/2025","10:30 PM","75 min.","Adelaide","Free Flow","","Sauna",21,25,4,193
"04/28/2025","7:00 AM","75 min.","Adelaide","Quieter Free Flow","","Sauna",7,17,10,10
"04/28/2025","7:30 AM","75 min.","Adelaide","Quieter Free Flow","","Sauna.",8,17,9,19
"04/28/2025","8:00 AM","75 min.","Adelaide","Quieter Free Flow","","Sauna..",16,17,1,20
"04/28/2025","8:30 AM","75 min.","Adelaide","Quieter Free Flow","","Sauna",17,17,0,20
"04/28/2025","9:00 AM","75 min.","Adelaide","Quieter Free Flow","","Sauna.",12,17,5,25
"04/28/2025","9:30 AM","75 min.","Adelaide","Quieter Free Flow","","Sauna..",16,17,1,26
"04/28/2025","10:00 AM","75 min.","Adelaide","Quieter Free Flow","","Sauna",13,17,4,30
"04/28/2025","10:15 AM","75 min.","Adelaide","Quieter Free Flow","","Sauna....",13,17,4,34
"04/28/2025","12:00 PM","75 min.","Adelaide","Free Flow","","Sauna",24,32,8,42
"04/28/2025","2:00 PM","75 min.","Adelaide","Free Flow","","Sauna",9,17,8,50
"04/28/2025","2:30 PM","75 min.","Adelaide","Free Flow","","Sauna...",12,17,5,55
"04/28/2025","3:00 PM","75 min.","Adelaide","Free Flow","","Sauna.",16,17,1,56
"04/28/2025","3:30 PM","75 min.","Adelaide","Free Flow","","Sauna..",1,17,16,72
"04/28/2025","5:30 PM","75 min.","Adelaide","Guided All Around: Gratitude","","Sauna",18,32,14,86
"04/28/2025","7:15 PM","75 min.","Adelaide","Guided All Around: Inner Power","","Sauna",1,32,31,117
"04/28/2025","9:00 PM","75 min.","Adelaide","Guided All Around: Loving Kindness","","Sauna",16,32,16,133
"04/29/2025","7:00 AM","75 min.","Adelaide","Guided Up: Arctic Tundra","","Sauna",25,32,7,7
"04/29/2025","8:30 AM","75 min.","Adelaide","Quieter Free Flow","","Sauna...",11,17,6,13
"04/29/2025","9:00 AM","75 min.","Adelaide","Quieter Free Flow","","Sauna....",13,17,4,17
"04/29/2025","9:30 AM","75 min.","Adelaide","Quieter Free Flow","","Sauna",13,17,4,21
"04/29/2025","10:00 AM","75 min.","Adelaide","Quieter Free Flow","","Sauna.",11,17,6,27
"04/29/2025","10:15 AM","75 min.","Adelaide","Quieter Free Flow","","Sauna....",13,17,4,31
"04/29/2025","12:00 PM","75 min.","Adelaide","Guided Down: Unwind","","Sauna",22,32,10,41
"04/29/2025","1:45 PM","75 min.","Adelaide","Guided Down: Self-Care Sweat","","Sauna",24,32,8,49
"04/29/2025","3:30 PM","75 min.","Adelaide","Free Flow","","Sauna..",18,26,8,57
"04/29/2025","3:45 PM","75 min.","Adelaide","Free Flow","","Sauna.",13,25,12,69
"04/29/2025","5:30 PM","75 min.","Adelaide","Guided Up: Feel Good Now","","Sauna",17,32,15,84
"04/29/2025","7:15 PM","75 min.","Adelaide","Guided Down: Untangle","","Sauna",1,32,31,115
"04/29/2025","9:00 PM","75 min.","Adelaide","Free Flow","","Sauna..",0,25,25,140
"04/29/2025","9:15 PM","75 min.","Adelaide","Free Flow","","Sauna.",,,,140
"04/29/2025","10:15 PM","75 min.","Adelaide","Free Flow","","Sauna....",4,20,16,156
"04/29/2025","10:30 PM","75 min.","Adelaide","Free Flow","","Sauna",18,20,2,158
"04/30/2025","7:00 AM","75 min.","Adelaide","Guided Down: Sound Immersion","","Sauna",22,30,8,8
"04/30/2025","8:30 AM","75 min.","Adelaide","Free Flow","","Sauna",12,17,5,13
"04/30/2025","9:00 AM","75 min.","Adelaide","Free Flow","","Sauna.",13,17,4,17
"04/30/2025","9:30 AM","75 min.","Adelaide","Free Flow","","Sauna..",12,17,5,22
"04/30/2025","10:00 AM","75 min.","Adelaide","Free Flow","","Sauna...",8,17,9,31
"04/30/2025","10:15 AM","75 min.","Adelaide","Free Flow","","Sauna....",6,17,11,42
"04/30/2025","12:00 PM","75 min.","Adelaide","Guided All Around: Release","","Sauna",26,32,6,48
"04/30/2025","2:00 PM","75 min.","Adelaide","Free Flow","","Sauna....",8,17,9,57
"04/30/2025","2:30 PM","75 min.","Adelaide","Free Flow","","Sauna..",12,17,5,62
"04/30/2025","3:00 PM","75 min.","Adelaide","Free Flow","","Sauna",7,17,10,72
"04/30/2025","3:30 PM","75 min.","Adelaide","Free Flow","","Sauna.",14,17,3,75
"04/30/2025","4:00 PM","75 min.","Adelaide","Free Flow","","Sauna..",9,17,8,83
"04/30/2025","4:30 PM","75 min.","Adelaide","Free Flow","","Sauna...",10,17,7,90
"04/30/2025","5:00 PM","75 min.","Adelaide","Free Flow","","Sauna....",6,17,11,101
"04/30/2025","5:30 PM","75 min.","Adelaide","Lively Free Flow","","Sauna",0,17,17,118
"04/30/2025","7:15 PM","75 min.","Adelaide","Guided Up: Awakening","","Sauna",,,,118
"04/30/2025","9:00 PM","75 min.","Adelaide","Othership BIPOC Night - Unwind","","Sauna",24,32,8,126
"05/01/2025","7:00 AM","75 min.","Adelaide","Guided All Around: Heart Opener","","Sauna",28,32,4,4
"05/01/2025","8:30 AM","75 min.","Adelaide","Free Flow","","Sauna...",11,17,6,10
"05/01/2025","9:00 AM","75 min.","Adelaide","Free Flow","","Sauna....",12,17,5,15
"05/01/2025","9:30 AM","75 min.","Adelaide","Free Flow","","Sauna",14,17,3,18
"05/01/2025","10:00 AM","75 min.","Adelaide","Free Flow","","Sauna.",12,17,5,23
"05/01/2025","10:15 AM","75 min.","Adelaide","Free Flow","","Sauna..",15,17,2,25
"05/01/2025","12:00 PM","75 min.","Adelaide","Guided All Around: Gratitude","","Sauna",14,32,18,43
"05/01/2025","2:00 PM","75 min.","Adelaide","Free Flow","","Sauna...",9,17,8,51
"05/01/2025","2:30 PM","75 min.","Adelaide","Free Flow","","Sauna....",11,17,6,57
"05/01/2025","3:00 PM","75 min.","Adelaide","Free Flow","","Sauna",14,17,3,60
"05/01/2025","3:30 PM","75 min.","Adelaide","Free Flow","","Sauna.",12,17,5,65
"05/01/2025","4:00 PM","75 min.","Adelaide","Free Flow","","Sauna..",10,17,7,72
"05/01/2025","4:30 PM","75 min.","Adelaide","Free Flow","","Sauna...",9,17,8,80
"05/01/2025","5:00 PM","75 min.","Adelaide","Free Flow","","Sauna....",5,17,12,92
"05/01/2025","5:30 PM","75 min.","Adelaide","Lively Free Flow","","Sauna",5,17,12,104
"05/01/2025","7:15 PM","75 min.","Adelaide","Guided All Around: Reset","","Sauna",3,32,29,133
"05/01/2025","9:00 PM","120 min.","Adelaide","Social","","Sauna",,,,133
"05/01/2025","9:30 PM","120 min.","Adelaide","Social","","Sauna..",11,25,14,147
"05/02/2025","7:00 AM","75 min.","Adelaide","Guided Up: Awakening","","Sauna",18,32,14,14
"05/02/2025","8:30 AM","75 min.","Adelaide","Free Flow","","Sauna",5,17,12,26
"05/02/2025","9:00 AM","75 min.","Adelaide","Free Flow","","Sauna.",11,17,6,32
"05/02/2025","9:30 AM","75 min.","Adelaide","Free Flow","","Sauna..",14,17,3,35
"05/02/2025","10:00 AM","75 min.","Adelaide","Free Flow","","Sauna...",8,17,9,44
"05/02/2025","10:15 AM","75 min.","Adelaide","Free Flow","","Sauna....",9,15,6,50
"05/02/2025","12:00 PM","75 min.","Adelaide","Guided Down: Self-Care Sweat","","Sauna",,,,50
"05/02/2025","2:00 PM","75 min.","Adelaide","Free Flow","","Sauna....",11,17,6,56
"05/02/2025","2:30 PM","75 min.","Adelaide","Free Flow","","Sauna...",12,17,5,61
"05/02/2025","3:00 PM","75 min.","Adelaide","Free Flow","","Sauna",9,15,6,67
"05/02/2025","3:30 PM","75 min.","Adelaide","Free Flow","","Sauna.",4,17,13,80
"05/02/2025","4:00 PM","75 min.","Adelaide","Free Flow","","Sauna..",0,17,17,97
"05/02/2025","4:30 PM","75 min.","Adelaide","Free Flow","","Sauna",1,15,14,111
"05/02/2025","5:00 PM","75 min.","Adelaide","Free Flow","","Sauna.",0,17,17,128
"05/02/2025","5:30 PM","75 min.","Adelaide","Free Flow","","Sauna..",0,17,17,145
"05/02/2025","7:15 PM","75 min.","Adelaide","Guided All Around: Release","","Sauna",5,32,27,172
"05/02/2025","9:00 PM","120 min.","Adelaide","Social","","Sauna",1,26,25,197
"05/02/2025","9:30 PM","120 min.","Adelaide","Social","","Sauna.",6,25,19,216
"05/03/2025","8:00 AM","75 min.","Adelaide","Guided Down: Self-Care Sweat","","Sauna",21,32,11,11
"05/03/2025","9:45 AM","75 min.","Adelaide","Guided Up: Feel Good Now","","Sauna",1,32,31,42
"05/03/2025","11:30 AM","75 min.","Adelaide","Guided Down: Deep Stretch","","Sauna",2,30,28,70
"05/03/2025","1:15 PM","75 min.","Adelaide","Guided Down: Rose, Thorn, Bud","","Sauna",9,32,23,93
"05/03/2025","3:00 PM","75 min.","Adelaide","Lively Free Flow","","Sauna",0,21,21,114
"05/03/2025","3:30 PM","75 min.","Adelaide","Lively Free Flow","","Sauna..",0,18,18,132
"05/03/2025","4:00 PM","75 min.","Adelaide","Lively Free Flow","","Sauna.",0,10,10,142
"05/03/2025","4:30 PM","75 min.","Adelaide","Lively Free Flow","","Sauna...",7,21,14,156
"05/03/2025","5:00 PM","75 min.","Adelaide","Lively Free Flow","","Sauna",5,18,13,169
"05/03/2025","5:30 PM","75 min.","Adelaide","Lively Free Flow","","Sauna.",0,10,10,179
"05/03/2025","6:00 PM","75 min.","Adelaide","Lively Free Flow","","Sauna...",0,21,21,200
"05/03/2025","7:45 PM","75 min.","Adelaide","Guided Down: Pure Presence","","Sauna",6,32,26,226
"05/03/2025","9:30 PM","120 min.","Adelaide","Social","","Sauna",,,,226
"05/03/2025","9:45 PM","120 min.","Adelaide","Social","","Sauna..",5,26,21,247
"05/04/2025","7:00 AM","75 min.","Adelaide","Quieter Free Flow","","Sauna",15,30,15,15
"05/04/2025","8:30 AM","75 min.","Adelaide","Free Flow","","Sauna",6,30,24,39
"05/04/2025","10:15 AM","75 min.","Adelaide","Guided Down: Rose, Thorn, Bud","","Sauna",17,32,15,54
"05/04/2025","12:00 PM","75 min.","Adelaide","Guided Down: Sound Immersion","","Sauna",2,32,30,84
"05/04/2025","2:00 PM","75 min.","Adelaide","Lively Free Flow","","Sauna",0,21,21,105
"05/04/2025","2:30 PM","75 min.","Adelaide","Lively Free Flow","","Sauna.",2,15,13,118
"05/04/2025","3:00 PM","75 min.","Adelaide","Lively Free Flow","","Sauna...",0,12,12,130
"05/04/2025","3:30 PM","75 min.","Adelaide","Lively Free Flow","","Sauna..",0,20,20,150
"05/04/2025","4:00 PM","75 min.","Adelaide","Lively Free Flow","","Sauna.",0,15,15,165
"05/04/2025","4:30 PM","75 min.","Adelaide","Lively Free Flow","","Sauna",0,12,12,177
"05/04/2025","5:00 PM","75 min.","Adelaide","Lively Free Flow","","Sauna...",1,21,20,197
"05/04/2025","5:30 PM","75 min.","Adelaide","Lively Free Flow","","Sauna.",0,15,15,212
"05/04/2025","7:15 PM","75 min.","Adelaide","Guided Down: Untangle","","Sauna",2,32,30,242
"05/04/2025","9:00 PM","75 min.","Adelaide","Free Flow","","Sauna",1,25,24,266
"05/04/2025","9:15 PM","75 min.","Adelaide","Free Flow","","Sauna.",0,20,20,286
"05/04/2025","10:15 PM","75 min.","Adelaide","Free Flow","","Sauna..",14,20,6,292
"05/04/2025","10:30 PM","75 min.","Adelaide","Free Flow","","Sauna",13,20,7,299
"04/21/2025","7:00 AM","75 min.","Adelaide","Free Flow","","Sauna",6,17,11,11
"04/21/2025","7:30 AM","75 min.","Adelaide","Free Flow","","Sauna.",6,17,11,22
"04/21/2025","8:00 AM","75 min.","Adelaide","Free Flow","","Sauna..",15,17,2,24
"04/21/2025","8:30 AM","75 min.","Adelaide","Free Flow","","Sauna",12,17,5,29
"04/21/2025","9:00 AM","75 min.","Adelaide","Free Flow","","Sauna.",13,17,4,33
"04/21/2025","9:30 AM","75 min.","Adelaide","Free Flow","","Sauna..",11,17,6,39
"04/21/2025","10:00 AM","75 min.","Adelaide","Free Flow","","Sauna",12,17,5,44
"04/21/2025","10:15 AM","75 min.","Adelaide","Free Flow","","Sauna....",4,17,13,57
"04/21/2025","12:00 PM","75 min.","Adelaide","Guided All Around: Reset","","Sauna",6,32,26,83
"04/21/2025","2:00 PM","75 min.","Adelaide","Lively Free Flow","","Sauna",3,17,14,97
"04/21/2025","2:30 PM","75 min.","Adelaide","Lively Free Flow","","Sauna...",4,17,13,110
"04/21/2025","3:00 PM","75 min.","Adelaide","Lively Free Flow","","Sauna.",8,17,9,119
"04/21/2025","3:30 PM","75 min.","Adelaide","Lively Free Flow","","Sauna..",0,17,17,136
"04/21/2025","5:30 PM","75 min.","Adelaide","Guided Up: Self-Care Sweat","","Sauna",1,32,31,167
"04/21/2025","7:15 PM","75 min.","Adelaide","Guided All Around: Acceptance","","Sauna",3,32,29,196
"04/21/2025","9:00 PM","75 min.","Adelaide","Guided Down: Pure Presence","","Sauna",10,32,22,218
"04/22/2025","7:00 AM","75 min.","Adelaide","Arctic Tundra with Optional Morning Run","","Sauna",21,32,11,11
"04/22/2025","8:30 AM","75 min.","Adelaide","Quieter Free Flow","","Sauna...",8,17,9,20
"04/22/2025","9:00 AM","75 min.","Adelaide","Quieter Free Flow","","Sauna....",14,17,3,23
"04/22/2025","9:30 AM","75 min.","Adelaide","Quieter Free Flow","","Sauna",11,17,6,29
"04/22/2025","10:00 AM","75 min.","Adelaide","Quieter Free Flow","","Sauna.",11,17,6,35
"04/22/2025","10:15 AM","75 min.","Adelaide","Quieter Free Flow","","Sauna....",9,17,8,43
"04/22/2025","12:00 PM","75 min.","Adelaide","Guided Down: Sound Immersion","","Sauna",13,32,19,62
"04/22/2025","1:45 PM","75 min.","Adelaide","Guided All Around: Reset","","Sauna",16,32,16,78
"04/22/2025","3:30 PM","75 min.","Adelaide","Free Flow","","Sauna..",0,15,15,93
"04/22/2025","4:00 PM","75 min.","Adelaide","Free Flow","","Sauna.",2,15,13,106
"04/22/2025","4:15 PM","75 min.","Adelaide","Free Flow","","Sauna",11,21,10,116
"04/22/2025","5:30 PM","75 min.","Adelaide","Guided All Around: Release","","Sauna",11,32,21,137
"04/22/2025","6:45 PM","75 min.","Adelaide","Guided Down: Sound Immersion","","Sauna",2,32,30,167
"04/22/2025","8:00 PM","75 min.","Adelaide","Free Flow","","Sauna..",0,15,15,182
"04/22/2025","8:15 PM","75 min.","Adelaide","Free Flow","","Sauna....",1,15,14,196
"04/22/2025","8:30 PM","75 min.","Adelaide","Free Flow","","Sauna.",5,13,8,204
"04/22/2025","8:45 PM","75 min.","Adelaide","Free Flow","","Sauna...",2,8,6,210
"04/22/2025","9:30 PM","75 min.","Adelaide","Free Flow","","Sauna",2,15,13,223
"04/22/2025","9:45 PM","75 min.","Adelaide","Free Flow","","Sauna..",10,15,5,228
"04/22/2025","10:00 PM","75 min.","Adelaide","Free Flow","","Sauna.",7,13,6,234
"04/22/2025","10:15 PM","75 min.","Adelaide","Free Flow","","Sauna....",2,8,6,240
"04/23/2025","7:00 AM","75 min.","Adelaide","Guided Down: Sound Immersion","","Sauna",24,30,6,6
"04/23/2025","8:30 AM","75 min.","Adelaide","Free Flow","","Sauna",13,17,4,10
"04/23/2025","9:00 AM","75 min.","Adelaide","Free Flow","","Sauna.",15,17,2,12
"04/23/2025","9:30 AM","75 min.","Adelaide","Free Flow","","Sauna..",14,17,3,15
"04/23/2025","10:00 AM","75 min.","Adelaide","Free Flow","","Sauna...",10,17,7,22
"04/23/2025","10:15 AM","75 min.","Adelaide","Free Flow","","Sauna....",6,17,11,33
"04/23/2025","12:00 PM","75 min.","Adelaide","Members Only: Self-Case Sweat","","Sauna",24,32,8,41
"04/23/2025","2:00 PM","75 min.","Adelaide","Free Flow","","Sauna....",8,17,9,50
"04/23/2025","2:30 PM","75 min.","Adelaide","Free Flow","","Sauna..",12,17,5,55
"04/23/2025","3:00 PM","75 min.","Adelaide","Free Flow","","Sauna",12,17,5,60
"04/23/2025","3:30 PM","75 min.","Adelaide","Free Flow","","Sauna.",5,17,12,72
"04/23/2025","4:00 PM","75 min.","Adelaide","Free Flow","","Sauna..",11,17,6,78
"04/23/2025","4:30 PM","75 min.","Adelaide","Free Flow","","Sauna...",3,17,14,92
"04/23/2025","5:00 PM","75 min.","Adelaide","Free Flow","","Sauna....",4,17,13,105
"04/23/2025","5:30 PM","75 min.","Adelaide","Lively Free Flow","","Sauna",1,17,16,121
"04/23/2025","7:15 PM","75 min.","Adelaide","Guided Down: Pure Presence","","Sauna",,,,121
"04/23/2025","9:00 PM","75 min.","Adelaide","Free Flow","","Sauna",1,25,24,145
"04/23/2025","9:15 PM","75 min.","Adelaide","Free Flow","","Sauna..",9,18,9,154
"04/23/2025","10:15 PM","75 min.","Adelaide","Free Flow","","Sauna...",20,25,5,159
"04/23/2025","10:30 PM","75 min.","Adelaide","Free Flow","","Sauna",13,20,7,166
"04/24/2025","7:00 AM","75 min.","Adelaide","Guided All Around: Heart Opener","","Sauna",16,32,16,16
"04/24/2025","10:15 AM","75 min.","Adelaide","Free Flow","","Sauna..",8,17,9,25
"04/24/2025","12:00 PM","75 min.","Adelaide","Guided All Around: Journey Through the Elements","","Sauna",23,32,9,34
"04/24/2025","2:00 PM","75 min.","Adelaide","Free Flow","","Sauna...",4,17,13,47
"04/24/2025","2:30 PM","75 min.","Adelaide","Free Flow","","Sauna....",15,17,2,49
"04/24/2025","3:00 PM","75 min.","Adelaide","Free Flow","","Sauna",14,17,3,52
"04/24/2025","3:30 PM","75 min.","Adelaide","Free Flow","","Sauna.",14,17,3,55
"04/24/2025","4:00 PM","75 min.","Adelaide","Free Flow","","Sauna..",9,17,8,63
"04/24/2025","4:30 PM","75 min.","Adelaide","Free Flow","","Sauna...",1,17,16,79
"04/24/2025","5:00 PM","75 min.","Adelaide","Free Flow","","Sauna....",1,17,16,95
"04/24/2025","5:30 PM","75 min.","Adelaide","Lively Free Flow","","Sauna",0,17,17,112
"04/24/2025","7:15 PM","90 min.","Adelaide","Guided All Around: Space for Women","","Sauna",3,32,29,141
"04/24/2025","9:15 PM","120 min.","Adelaide","Social","","Sauna",,,,141
"04/24/2025","9:45 PM","120 min.","Adelaide","Social","","Sauna..",4,25,21,162
"04/25/2025","7:00 AM","75 min.","Adelaide","Guided Down: Unwind","","Sauna",15,32,17,17
"04/25/2025","8:30 AM","75 min.","Adelaide","Free Flow","","Sauna",11,17,6,23
"04/25/2025","9:00 AM","75 min.","Adelaide","Free Flow","","Sauna.",4,17,13,36
"04/25/2025","9:30 AM","75 min.","Adelaide","Free Flow","","Sauna..",8,17,9,45
"04/25/2025","10:00 AM","75 min.","Adelaide","Free Flow","","Sauna...",4,17,13,58
"04/25/2025","10:15 AM","75 min.","Adelaide","Free Flow","","Sauna....",0,15,15,73
"04/25/2025","12:00 PM","75 min.","Adelaide","Guided All Around: Release","","Sauna",13,32,19,92
"04/25/2025","2:00 PM","75 min.","Adelaide","Free Flow","","Sauna....",4,17,13,105
"04/25/2025","2:30 PM","75 min.","Adelaide","Free Flow","","Sauna...",6,17,11,116
"04/25/2025","3:00 PM","75 min.","Adelaide","Free Flow","","Sauna",8,15,7,123
"04/25/2025","3:30 PM","75 min.","Adelaide","Free Flow","","Sauna.",7,17,10,133
"04/25/2025","4:00 PM","75 min.","Adelaide","Free Flow","","Sauna..",3,17,14,147
"04/25/2025","4:30 PM","75 min.","Adelaide","Free Flow","","Sauna",0,15,15,162
"04/25/2025","5:00 PM","75 min.","Adelaide","Free Flow","","Sauna.",0,17,17,179
"04/25/2025","5:30 PM","75 min.","Adelaide","Free Flow","","Sauna..",0,17,17,196
"04/25/2025","7:15 PM","75 min.","Adelaide","Guided Up: Awakening","","Sauna",,,,196
"04/25/2025","9:00 PM","120 min.","Adelaide","Social","","Sauna",1,26,25,221
"04/25/2025","9:30 PM","120 min.","Adelaide","Social","","Sauna.",6,25,19,240
"04/26/2025","8:00 AM","75 min.","Adelaide","Guided Down: Rose, Thorn, Bud","","Sauna",25,32,7,7
"04/26/2025","9:45 AM","75 min.","Adelaide","Guided All Around: Gratitude","","Sauna",1,32,31,38
"04/26/2025","11:30 AM","75 min.","Adelaide","Guided All Around: Reflect","","Sauna",4,32,28,66
"04/26/2025","1:15 PM","75 min.","Adelaide","Guided Down: Unwind","","Sauna",1,32,31,97
"04/26/2025","3:00 PM","75 min.","Adelaide","Lively Free Flow","","Sauna",1,21,20,117
"04/26/2025","3:30 PM","75 min.","Adelaide","Lively Free Flow","","Sauna..",0,18,18,135
"04/26/2025","4:00 PM","75 min.","Adelaide","Lively Free Flow","","Sauna.",0,10,10,145
"04/26/2025","4:30 PM","75 min.","Adelaide","Lively Free Flow","","Sauna...",10,21,11,156
"04/26/2025","5:00 PM","75 min.","Adelaide","Lively Free Flow","","Sauna",2,18,16,172
"04/26/2025","5:30 PM","75 min.","Adelaide","Lively Free Flow","","Sauna.",5,10,5,177
"04/26/2025","6:00 PM","75 min.","Adelaide","Lively Free Flow","","Sauna...",4,21,17,194
"04/26/2025","7:45 PM","75 min.","Adelaide","Guided All Around: Loving Kindness","","Sauna",2,32,30,224
"04/26/2025","9:30 PM","120 min.","Adelaide","Beat Drop: DJ Takeover","","Sauna",,,,224
"04/26/2025","9:45 PM","120 min.","Adelaide","Beat Drop: DJ Takeover","","Sauna..",2,26,24,248
"04/27/2025","7:00 AM","75 min.","Adelaide","Quieter Free Flow","","Sauna",20,30,10,10
"04/27/2025","8:30 AM","75 min.","Adelaide","Free Flow","","Sauna",1,30,29,39
"04/27/2025","10:15 AM","75 min.","Adelaide","Guided Down: Pure Presence","","Sauna",3,32,29,68
"04/27/2025","12:00 PM","75 min.","Adelaide","Guided Down: Sound Immersion","","Sauna",2,32,30,98
"04/27/2025","2:00 PM","75 min.","Adelaide","Lively Free Flow","","Sauna",4,21,17,115
"04/27/2025","2:30 PM","75 min.","Adelaide","Lively Free Flow","","Sauna.",0,15,15,130
"04/27/2025","3:00 PM","75 min.","Adelaide","Lively Free Flow","","Sauna...",1,12,11,141
"04/27/2025","3:30 PM","75 min.","Adelaide","Lively Free Flow","","Sauna..",4,20,16,157
"04/27/2025","4:00 PM","75 min.","Adelaide","Lively Free Flow","","Sauna.",9,15,6,163
"04/27/2025","4:30 PM","75 min.","Adelaide","Lively Free Flow","","Sauna",1,12,11,174
"04/27/2025","5:00 PM","75 min.","Adelaide","Lively Free Flow","","Sauna...",0,21,21,195
"04/27/2025","5:30 PM","75 min.","Adelaide","Lively Free Flow","","Sauna.",2,15,13,208
"04/27/2025","7:15 PM","75 min.","Adelaide","Guided Down: Untangle","","Sauna",1,32,31,239
"04/27/2025","9:00 PM","75 min.","Adelaide","Free Flow","","Sauna",0,25,25,264
"04/27/2025","9:15 PM","75 min.","Adelaide","Free Flow","","Sauna.",0,20,20,284
"04/27/2025","10:15 PM","75 min.","Adelaide","Free Flow","","Sauna..",11,20,9,293
"04/27/2025","10:30 PM","75 min.","Adelaide","Free Flow","","Sauna",14,20,6,299
"04/14/2025","7:00 AM","75 min.","Adelaide","Quieter Free Flow","","Sauna",8,17,9,9
"04/14/2025","7:30 AM","75 min.","Adelaide","Quieter Free Flow","","Sauna.",12,17,5,14
"04/14/2025","8:00 AM","75 min.","Adelaide","Quieter Free Flow","","Sauna..",16,17,1,15
"04/14/2025","8:30 AM","75 min.","Adelaide","Quieter Free Flow","","Sauna",15,17,2,17
"04/14/2025","9:00 AM","75 min.","Adelaide","Quieter Free Flow","","Sauna.",14,17,3,20
"04/14/2025","9:30 AM","75 min.","Adelaide","Quieter Free Flow","","Sauna..",12,17,5,25
"04/14/2025","10:00 AM","75 min.","Adelaide","Quieter Free Flow","","Sauna",10,17,7,32
"04/14/2025","10:15 AM","75 min.","Adelaide","Quieter Free Flow","","Sauna....",12,17,5,37
"04/14/2025","12:00 PM","75 min.","Adelaide","Guided All Around: Journey Through the Elements","","Sauna",18,32,14,51
"04/14/2025","2:00 PM","75 min.","Adelaide","Free Flow","","Sauna",5,17,12,63
"04/14/2025","2:30 PM","75 min.","Adelaide","Free Flow","","Sauna...",12,17,5,68
"04/14/2025","3:00 PM","75 min.","Adelaide","Free Flow","","Sauna.",13,17,4,72
"04/14/2025","3:30 PM","75 min.","Adelaide","Free Flow","","Sauna..",7,17,10,82
"04/14/2025","5:30 PM","75 min.","Adelaide","Guided All Around: Gratitude","","Sauna",8,32,24,106
"04/14/2025","7:15 PM","75 min.","Adelaide","Guided Up: Feel Good Now","","Sauna",1,32,31,137
"04/15/2025","7:00 AM","75 min.","Adelaide","Guided Up: Arctic Tundra","","Sauna",20,32,12,12
"04/15/2025","8:30 AM","75 min.","Adelaide","Quieter Free Flow","","Sauna...",14,17,3,15
"04/15/2025","9:00 AM","75 min.","Adelaide","Quieter Free Flow","","Sauna....",11,17,6,21
"04/15/2025","9:30 AM","75 min.","Adelaide","Quieter Free Flow","","Sauna",13,17,4,25
"04/15/2025","10:00 AM","75 min.","Adelaide","Quieter Free Flow","","Sauna.",14,17,3,28
"04/15/2025","10:15 AM","75 min.","Adelaide","Quieter Free Flow","","Sauna....",10,17,7,35
"04/15/2025","12:00 PM","75 min.","Adelaide","Free Flow","","Sauna",25,32,7,42
"04/15/2025","1:45 PM","75 min.","Adelaide","Guided Down: Self-Care Sweat","","Sauna",8,32,24,66
"04/15/2025","3:30 PM","75 min.","Adelaide","Free Flow","","Sauna..",8,26,18,84
"04/15/2025","3:45 PM","75 min.","Adelaide","Free Flow","","Sauna.",17,25,8,92
"04/15/2025","5:30 PM","75 min.","Adelaide","Guided Up: Feel Good Now","","Sauna",20,32,12,104
"04/15/2025","7:15 PM","75 min.","Adelaide","Guided All Around: Hero's Journey","","Sauna",,,,104
"04/15/2025","9:00 PM","75 min.","Adelaide","Free Flow","","Sauna..",2,25,23,127
"04/15/2025","9:15 PM","75 min.","Adelaide","Free Flow","","Sauna.",1,20,19,146
"04/15/2025","10:15 PM","75 min.","Adelaide","Free Flow","","Sauna....",7,20,13,159
"04/15/2025","10:30 PM","75 min.","Adelaide","Free Flow","","Sauna",14,20,6,165
"04/16/2025","7:00 AM","75 min.","Adelaide","Guided Down: Deep Stretch","","Sauna",26,30,4,4
"04/16/2025","8:30 AM","75 min.","Adelaide","Free Flow","","Sauna",13,17,4,8
"04/16/2025","9:00 AM","75 min.","Adelaide","Free Flow","","Sauna.",13,17,4,12
"04/16/2025","9:30 AM","75 min.","Adelaide","Free Flow","","Sauna..",14,17,3,15
"04/16/2025","10:00 AM","75 min.","Adelaide","Free Flow","","Sauna...",9,17,8,23
"04/16/2025","10:15 AM","75 min.","Adelaide","Free Flow","","Sauna....",14,17,3,26
"04/16/2025","12:00 PM","75 min.","Adelaide","Guided Down: Deep Stretch","","Sauna",16,30,14,40
"04/16/2025","2:00 PM","75 min.","Adelaide","Free Flow","","Sauna....",7,17,10,50
"04/16/2025","2:30 PM","75 min.","Adelaide","Free Flow","","Sauna..",13,17,4,54
"04/16/2025","3:00 PM","75 min.","Adelaide","Free Flow","","Sauna",10,17,7,61
"04/16/2025","3:30 PM","75 min.","Adelaide","Free Flow","","Sauna.",12,17,5,66
"04/16/2025","4:00 PM","75 min.","Adelaide","Free Flow","","Sauna..",12,17,5,71
"04/16/2025","4:30 PM","75 min.","Adelaide","Free Flow","","Sauna...",1,17,16,87
"04/16/2025","5:00 PM","75 min.","Adelaide","Free Flow","","Sauna....",1,17,16,103
"04/16/2025","5:30 PM","75 min.","Adelaide","Lively Free Flow","","Sauna",0,17,17,120
"04/16/2025","9:00 PM","75 min.","Adelaide","Free Flow","","Sauna",1,25,24,144
"04/16/2025","9:15 PM","75 min.","Adelaide","Free Flow","","Sauna..",1,25,24,168
"04/16/2025","10:15 PM","75 min.","Adelaide","Free Flow","","Sauna....",6,20,14,182
"04/16/2025","10:30 PM","75 min.","Adelaide","Free Flow","","Sauna",17,20,3,185
"04/17/2025","7:00 AM","75 min.","Adelaide","Guided All Around: Heart Opener","","Sauna",23,32,9,9
"04/17/2025","8:30 AM","75 min.","Adelaide","Free Flow","","Sauna...",7,17,10,19
"04/17/2025","9:00 AM","75 min.","Adelaide","Free Flow","","Sauna....",12,17,5,24
"04/17/2025","9:30 AM","75 min.","Adelaide","Free Flow","","Sauna",15,17,2,26
"04/17/2025","10:00 AM","75 min.","Adelaide","Free Flow","","Sauna.",16,17,1,27
"04/17/2025","10:15 AM","75 min.","Adelaide","Free Flow","","Sauna..",11,17,6,33
"04/17/2025","12:00 PM","75 min.","Adelaide","Guided Up: Self-Care Sweat","","Sauna",23,32,9,42
"04/17/2025","2:00 PM","75 min.","Adelaide","Free Flow","","Sauna...",5,17,12,54
"04/17/2025","2:30 PM","75 min.","Adelaide","Free Flow","","Sauna....",12,17,5,59
"04/17/2025","3:00 PM","75 min.","Adelaide","Free Flow","","Sauna",11,17,6,65
"04/17/2025","3:30 PM","75 min.","Adelaide","Free Flow","","Sauna.",10,17,7,72
"04/17/2025","4:00 PM","75 min.","Adelaide","Free Flow","","Sauna..",10,17,7,79
"04/17/2025","4:30 PM","75 min.","Adelaide","Free Flow","","Sauna...",9,17,8,87
"04/17/2025","5:00 PM","75 min.","Adelaide","Free Flow","","Sauna....",4,17,13,100
"04/17/2025","5:30 PM","75 min.","Adelaide","Lively Free Flow","","Sauna",0,17,17,117
"04/17/2025","7:15 PM","75 min.","Adelaide","Guided All Around: Reset","","Sauna",,,,117
"04/17/2025","9:00 PM","120 min.","Adelaide","Social","","Sauna",,,,117
"04/17/2025","9:30 PM","120 min.","Adelaide","Social","","Sauna..",3,25,22,139
"04/18/2025","7:00 AM","75 min.","Adelaide","Guided Down: Unwind","","Sauna",14,32,18,18
"04/18/2025","8:30 AM","75 min.","Adelaide","Free Flow","","Sauna",1,17,16,34
"04/18/2025","9:00 AM","75 min.","Adelaide","Free Flow","","Sauna.",2,17,15,49
"04/18/2025","9:30 AM","75 min.","Adelaide","Free Flow","","Sauna..",0,17,17,66
"04/18/2025","10:00 AM","75 min.","Adelaide","Free Flow","","Sauna...",1,17,16,82
"04/18/2025","10:15 AM","75 min.","Adelaide","Free Flow","","Sauna....",1,15,14,96
"04/18/2025","12:00 PM","75 min.","Adelaide","Guided Down: Deep Stretch","","Sauna",,,,96
"04/18/2025","2:00 PM","75 min.","Adelaide","Lively Free Flow","","Sauna....",0,17,17,113
"04/18/2025","2:30 PM","75 min.","Adelaide","Lively Free Flow","","Sauna...",1,17,16,129
"04/18/2025","3:00 PM","75 min.","Adelaide","Lively Free Flow","","Sauna",0,15,15,144
"04/18/2025","3:30 PM","75 min.","Adelaide","Lively Free Flow","","Sauna.",0,17,17,161
"04/18/2025","4:00 PM","75 min.","Adelaide","Lively Free Flow","","Sauna..",1,17,16,177
"04/18/2025","4:30 PM","75 min.","Adelaide","Lively Free Flow","","Sauna",0,15,15,192
"04/18/2025","5:00 PM","75 min.","Adelaide","Lively Free Flow","","Sauna.",0,17,17,209
"04/18/2025","5:30 PM","75 min.","Adelaide","Lively Free Flow","","Sauna..",1,17,16,225
"04/18/2025","7:15 PM","75 min.","Adelaide","Guided All Around: Release","","Sauna",1,32,31,256
"04/18/2025","9:00 PM","120 min.","Adelaide","Social","","Sauna",,,,256
"04/18/2025","9:30 PM","120 min.","Adelaide","Social","","Sauna.",13,25,12,268
"04/19/2025","8:00 AM","75 min.","Adelaide","Guided Down: Self-Care Sweat","","Sauna",14,32,18,18
"04/19/2025","9:45 AM","75 min.","Adelaide","Guided Up: Feel Good Now","","Sauna",17,32,15,33
"04/19/2025","11:30 AM","75 min.","Adelaide","Guided All Around: Reflect","","Sauna",3,32,29,62
"04/19/2025","1:15 PM","75 min.","Adelaide","Guided All Around: Journey Through the Elements","","Sauna",2,32,30,92
"04/19/2025","3:00 PM","75 min.","Adelaide","Lively Free Flow","","Sauna",0,21,21,113
"04/19/2025","3:30 PM","75 min.","Adelaide","Lively Free Flow","","Sauna..",9,18,9,122
"04/19/2025","4:00 PM","75 min.","Adelaide","Lively Free Flow","","Sauna.",0,10,10,132
"04/19/2025","4:30 PM","75 min.","Adelaide","Lively Free Flow","","Sauna...",12,21,9,141
"04/19/2025","5:00 PM","75 min.","Adelaide","Lively Free Flow","","Sauna",12,18,6,147
"04/19/2025","5:30 PM","75 min.","Adelaide","Lively Free Flow","","Sauna.",5,10,5,152
"04/19/2025","6:00 PM","75 min.","Adelaide","Lively Free Flow","","Sauna...",1,21,20,172
"04/19/2025","7:45 PM","75 min.","Adelaide","Guided Down: Sound Immersion","","Sauna",11,32,21,193
"04/19/2025","9:30 PM","120 min.","Adelaide","Social","","Sauna",11,25,14,207
"04/19/2025","9:45 PM","120 min.","Adelaide","Social","","Sauna..",20,26,6,213
"04/20/2025","7:00 AM","75 min.","Adelaide","Quieter Free Flow","","Sauna",17,30,13,13
"04/20/2025","8:30 AM","75 min.","Adelaide","Free Flow","","Sauna",4,30,26,39
"04/20/2025","10:15 AM","75 min.","Adelaide","Guided Down: Rose, Thorn, Bud","","Sauna",17,32,15,54
"04/20/2025","12:00 PM","75 min.","Adelaide","Guided Down: Sound Immersion","","Sauna",,,,54
"04/20/2025","2:00 PM","75 min.","Adelaide","Lively Free Flow","","Sauna",1,21,20,74
"04/20/2025","2:30 PM","75 min.","Adelaide","Lively Free Flow","","Sauna.",1,15,14,88
"04/20/2025","3:00 PM","75 min.","Adelaide","Lively Free Flow","","Sauna...",1,12,11,99
"04/20/2025","3:30 PM","75 min.","Adelaide","Lively Free Flow","","Sauna..",11,20,9,108
"04/20/2025","4:00 PM","75 min.","Adelaide","Lively Free Flow","","Sauna.",6,15,9,117
"04/20/2025","4:30 PM","75 min.","Adelaide","Lively Free Flow","","Sauna",5,12,7,124
"04/20/2025","5:00 PM","75 min.","Adelaide","Lively Free Flow","","Sauna...",15,21,6,130
"04/20/2025","5:30 PM","75 min.","Adelaide","Lively Free Flow","","Sauna.",7,15,8,138
"04/20/2025","7:15 PM","75 min.","Adelaide","Guided Down: Untangle","","Sauna",3,32,29,167
"04/20/2025","9:00 PM","75 min.","Adelaide","Free Flow","","Sauna",5,20,15,182
"04/20/2025","9:15 PM","75 min.","Adelaide","Free Flow","","Sauna.",10,16,6,188
"04/20/2025","10:15 PM","75 min.","Adelaide","Free Flow","","Sauna..",12,25,13,201
"04/20/2025","10:30 PM","75 min.","Adelaide","Free Flow","","Sauna",17,20,3,204
"04/07/2025","7:00 AM","75 min.","Adelaide","Quieter Free Flow","","Sauna",6,17,11,11
"04/07/2025","7:30 AM","75 min.","Adelaide","Quieter Free Flow","","Sauna.",9,17,8,19
"04/07/2025","8:00 AM","75 min.","Adelaide","Quieter Free Flow","","Sauna..",14,17,3,22
"04/07/2025","8:30 AM","75 min.","Adelaide","Quieter Free Flow","","Sauna",13,17,4,26
"04/07/2025","9:00 AM","75 min.","Adelaide","Quieter Free Flow","","Sauna.",14,17,3,29
"04/07/2025","9:30 AM","75 min.","Adelaide","Quieter Free Flow","","Sauna..",13,17,4,33
"04/07/2025","10:00 AM","75 min.","Adelaide","Quieter Free Flow","","Sauna",17,17,0,33
"04/07/2025","10:15 AM","75 min.","Adelaide","Quieter Free Flow","","Sauna....",8,17,9,42
"04/07/2025","12:00 PM","75 min.","Adelaide","Guided Up: Awakening","","Sauna",28,32,4,46
"04/07/2025","2:00 PM","75 min.","Adelaide","Free Flow","","Sauna",9,17,8,54
"04/07/2025","2:30 PM","75 min.","Adelaide","Free Flow","","Sauna...",13,17,4,58
"04/07/2025","3:00 PM","75 min.","Adelaide","Free Flow","","Sauna.",14,17,3,61
"04/07/2025","3:30 PM","75 min.","Adelaide","Free Flow","","Sauna..",8,17,9,70
"04/07/2025","5:30 PM","75 min.","Adelaide","Guided Down: Senses","","Sauna",15,32,17,87
"04/07/2025","7:15 PM","75 min.","Adelaide","Guided All Around: Acceptance","","Sauna",,,,87
"04/07/2025","9:00 PM","75 min.","Adelaide","Guided Down: Pure Presence","","Sauna",13,32,19,106
"04/08/2025","7:00 AM","75 min.","Adelaide","Guided Up: Arctic Tundra","","Sauna",18,32,14,14
"04/08/2025","8:30 AM","75 min.","Adelaide","Quieter Free Flow","","Sauna...",13,17,4,18
"04/08/2025","9:00 AM","75 min.","Adelaide","Quieter Free Flow","","Sauna....",15,17,2,20
"04/08/2025","9:30 AM","75 min.","Adelaide","Quieter Free Flow","","Sauna",16,17,1,21
"04/08/2025","10:00 AM","75 min.","Adelaide","Quieter Free Flow","","Sauna.",14,17,3,24
"04/08/2025","10:15 AM","75 min.","Adelaide","Quieter Free Flow","","Sauna....",12,17,5,29
"04/08/2025","12:00 PM","75 min.","Adelaide","Guided Down: Sound Immersion","","Sauna",6,32,26,55
"04/08/2025","1:45 PM","75 min.","Adelaide","Guided All Around: Reset","","Sauna",16,32,16,71
"04/08/2025","3:30 PM","75 min.","Adelaide","Free Flow","","Sauna..",7,26,19,90
"04/08/2025","3:45 PM","75 min.","Adelaide","Free Flow","","Sauna.",12,25,13,103
"04/08/2025","5:30 PM","75 min.","Adelaide","Guided All Around: Release","","Sauna",7,32,25,128
"04/08/2025","7:15 PM","75 min.","Adelaide","Guided Down: Untangle","","Sauna",1,32,31,159
"04/08/2025","9:00 PM","75 min.","Adelaide","Free Flow","","Sauna..",0,25,25,184
"04/08/2025","9:15 PM","75 min.","Adelaide","Free Flow","","Sauna.",,,,184
"04/08/2025","10:15 PM","75 min.","Adelaide","Free Flow","","Sauna....",4,20,16,200
"04/08/2025","10:30 PM","75 min.","Adelaide","Free Flow","","Sauna",15,20,5,205
"04/09/2025","7:00 AM","75 min.","Adelaide","Guided Down: Pure Presence","","Sauna",28,32,4,4
"04/09/2025","8:30 AM","75 min.","Adelaide","Free Flow","","Sauna",9,17,8,12
"04/09/2025","9:00 AM","75 min.","Adelaide","Free Flow","","Sauna.",10,17,7,19
"04/09/2025","9:30 AM","75 min.","Adelaide","Free Flow","","Sauna..",11,17,6,25
"04/09/2025","10:00 AM","75 min.","Adelaide","Free Flow","","Sauna...",16,17,1,26
"04/09/2025","10:15 AM","75 min.","Adelaide","Free Flow","","Sauna....",5,17,12,38
"04/09/2025","12:00 PM","75 min.","Adelaide","Guided Down: Self-Care Sweat","","Sauna",22,32,10,48
"04/09/2025","2:00 PM","75 min.","Adelaide","Free Flow","","Sauna....",5,17,12,60
"04/09/2025","2:30 PM","75 min.","Adelaide","Free Flow","","Sauna..",11,17,6,66
"04/09/2025","3:00 PM","75 min.","Adelaide","Free Flow","","Sauna",12,17,5,71
"04/09/2025","3:30 PM","75 min.","Adelaide","Free Flow","","Sauna.",10,17,7,78
"04/09/2025","4:00 PM","75 min.","Adelaide","Free Flow","","Sauna..",6,17,11,89
"04/09/2025","4:30 PM","75 min.","Adelaide","Free Flow","","Sauna...",6,17,11,100
"04/09/2025","5:00 PM","75 min.","Adelaide","Free Flow","","Sauna....",0,17,17,117
"04/09/2025","5:30 PM","75 min.","Adelaide","Lively Free Flow","","Sauna",1,17,16,133
"04/09/2025","7:15 PM","75 min.","Adelaide","Guided Down: Pure Presence","","Sauna",,,,133
"04/09/2025","9:00 PM","75 min.","Adelaide","Free Flow","","Sauna",0,25,25,158
"04/09/2025","9:15 PM","75 min.","Adelaide","Free Flow","","Sauna..",4,25,21,179
"04/09/2025","10:15 PM","75 min.","Adelaide","Free Flow","","Sauna....",9,20,11,190
"04/09/2025","10:30 PM","75 min.","Adelaide","Free Flow","","Sauna",11,20,9,199
"04/10/2025","7:00 AM","75 min.","Adelaide","Guided All Around: Heart Opener","","Sauna",27,32,5,5
"04/10/2025","8:30 AM","75 min.","Adelaide","Free Flow","","Sauna...",11,17,6,11
"04/10/2025","9:00 AM","75 min.","Adelaide","Free Flow","","Sauna....",11,17,6,17
"04/10/2025","9:30 AM","75 min.","Adelaide","Free Flow","","Sauna",12,17,5,22
"04/10/2025","10:00 AM","75 min.","Adelaide","Free Flow","","Sauna.",14,17,3,25
"04/10/2025","10:15 AM","75 min.","Adelaide","Free Flow","","Sauna..",11,17,6,31
"04/10/2025","12:00 PM","75 min.","Adelaide","Guided Down: Senses","","Sauna",25,32,7,38
"04/10/2025","2:00 PM","75 min.","Adelaide","Free Flow","","Sauna...",6,17,11,49
"04/10/2025","2:30 PM","75 min.","Adelaide","Free Flow","","Sauna....",11,17,6,55
"04/10/2025","3:00 PM","75 min.","Adelaide","Free Flow","","Sauna",15,17,2,57
"04/10/2025","3:30 PM","75 min.","Adelaide","Free Flow","","Sauna.",7,17,10,67
"04/10/2025","4:00 PM","75 min.","Adelaide","Free Flow","","Sauna..",11,17,6,73
"04/10/2025","4:30 PM","75 min.","Adelaide","Free Flow","","Sauna...",0,17,17,90
"04/10/2025","5:00 PM","75 min.","Adelaide","Free Flow","","Sauna....",0,17,17,107
"04/10/2025","5:30 PM","75 min.","Adelaide","Lively Free Flow","","Sauna",2,17,15,122
"04/10/2025","7:15 PM","75 min.","Adelaide","Guided All Around: Reflect","","Sauna",4,32,28,150
"04/10/2025","9:00 PM","120 min.","Adelaide","Social","","Sauna",,,,150
"04/10/2025","9:30 PM","120 min.","Adelaide","Social","","Sauna..",5,25,20,170
"04/11/2025","7:00 AM","75 min.","Adelaide","Guided Down: Sound Immersion","","Sauna",25,32,7,7
"04/11/2025","8:30 AM","75 min.","Adelaide","Free Flow","","Sauna",8,17,9,16
"04/11/2025","9:00 AM","75 min.","Adelaide","Free Flow","","Sauna.",14,17,3,19
"04/11/2025","9:30 AM","75 min.","Adelaide","Free Flow","","Sauna..",13,17,4,23
"04/11/2025","10:00 AM","75 min.","Adelaide","Free Flow","","Sauna...",4,17,13,36
"04/11/2025","10:15 AM","75 min.","Adelaide","Free Flow","","Sauna....",4,15,11,47
"04/11/2025","12:00 PM","75 min.","Adelaide","Guided All Around: Release","","Sauna",,,,47
"04/11/2025","2:00 PM","75 min.","Adelaide","Free Flow","","Sauna....",2,17,15,62
"04/11/2025","2:30 PM","75 min.","Adelaide","Free Flow","","Sauna...",7,17,10,72
"04/11/2025","3:00 PM","75 min.","Adelaide","Free Flow","","Sauna",4,15,11,83
"04/11/2025","3:30 PM","75 min.","Adelaide","Free Flow","","Sauna.",8,17,9,92
"04/11/2025","4:00 PM","75 min.","Adelaide","Free Flow","","Sauna..",0,17,17,109
"04/11/2025","4:30 PM","75 min.","Adelaide","Free Flow","","Sauna",0,15,15,124
"04/11/2025","5:00 PM","75 min.","Adelaide","Free Flow","","Sauna.",0,17,17,141
"04/11/2025","5:30 PM","75 min.","Adelaide","Free Flow","","Sauna..",0,17,17,158
"04/11/2025","7:15 PM","75 min.","Adelaide","Guided Up: Feel Good Now","","Sauna",,,,158
"04/11/2025","9:00 PM","120 min.","Adelaide","Social","","Sauna",,,,158
"04/11/2025","9:30 PM","120 min.","Adelaide","Social","","Sauna.",0,25,25,183
"04/12/2025","8:00 AM","75 min.","Adelaide","Guided All Around: Hardwiring Happiness","","Sauna",21,32,11,11
"04/12/2025","9:45 AM","75 min.","Adelaide","Guided Down: Pure Presence","","Sauna",3,32,29,40
"04/12/2025","11:30 AM","75 min.","Adelaide","Guided Down: Rose, Thorn, Bud","","Sauna",4,32,28,68
"04/12/2025","1:15 PM","75 min.","Adelaide","Guided All Around: Loving Kindness","","Sauna",,,,68
"04/12/2025","3:00 PM","75 min.","Adelaide","Lively Free Flow","","Sauna",0,25,25,93
"04/12/2025","3:30 PM","75 min.","Adelaide","Lively Free Flow","","Sauna..",0,17,17,110
"04/12/2025","4:00 PM","75 min.","Adelaide","Lively Free Flow","","Sauna.",0,10,10,120
"04/12/2025","4:30 PM","75 min.","Adelaide","Lively Free Flow","","Sauna...",3,25,22,142
"04/12/2025","5:00 PM","75 min.","Adelaide","Lively Free Flow","","Sauna",2,17,15,157
"04/12/2025","5:30 PM","75 min.","Adelaide","Lively Free Flow","","Sauna.",0,10,10,167
"04/12/2025","6:00 PM","75 min.","Adelaide","Lively Free Flow","","Sauna...",1,25,24,191
"04/12/2025","7:45 PM","75 min.","Adelaide","Guided All Around: Loving Kindness","","Sauna",13,32,19,210
"04/12/2025","9:30 PM","120 min.","Adelaide","Social","","Sauna",1,25,24,234
"04/12/2025","9:45 PM","120 min.","Adelaide","Social","","Sauna..",8,26,18,252
"04/13/2025","7:00 AM","75 min.","Adelaide","Quieter Free Flow","","Sauna",13,30,17,17
"04/13/2025","8:30 AM","75 min.","Adelaide","Free Flow","","Sauna",1,30,29,46
"04/13/2025","10:15 AM","75 min.","Adelaide","Guided Down: Pure Presence","","Sauna",3,32,29,75
"04/13/2025","12:00 PM","75 min.","Adelaide","Guided Down: Sound Immersion","","Sauna",2,32,30,105
"04/13/2025","2:00 PM","75 min.","Adelaide","Lively Free Flow","","Sauna",1,21,20,125
"04/13/2025","2:30 PM","75 min.","Adelaide","Lively Free Flow","","Sauna.",0,15,15,140
"04/13/2025","3:00 PM","75 min.","Adelaide","Lively Free Flow","","Sauna...",3,12,9,149
"04/13/2025","3:30 PM","75 min.","Adelaide","Lively Free Flow","","Sauna..",6,20,14,163
"04/13/2025","4:00 PM","75 min.","Adelaide","Lively Free Flow","","Sauna.",5,15,10,173
"04/13/2025","4:30 PM","75 min.","Adelaide","Lively Free Flow","","Sauna",0,12,12,185
"04/13/2025","5:00 PM","75 min.","Adelaide","Lively Free Flow","","Sauna...",0,21,21,206
"04/13/2025","5:30 PM","75 min.","Adelaide","Lively Free Flow","","Sauna.",1,15,14,220
"04/13/2025","7:15 PM","75 min.","Adelaide","Guided Down: Untangle","","Sauna",3,32,29,249
"04/13/2025","9:00 PM","75 min.","Adelaide","Free Flow","","Sauna",4,25,21,270
"04/13/2025","9:15 PM","75 min.","Adelaide","Free Flow","","Sauna.",14,20,6,276
"04/13/2025","10:15 PM","75 min.","Adelaide","Free Flow","","Sauna..",2,20,18,294
"04/13/2025","10:30 PM","75 min.","Adelaide","Free Flow","","Sauna",19,20,1,295
"03/31/2025","7:00 AM","75 min.","Adelaide","Quieter Free Flow","","Sauna",12,17,5,5
"03/31/2025","7:30 AM","75 min.","Adelaide","Quieter Free Flow","","Sauna.",8,17,9,14
"03/31/2025","8:00 AM","75 min.","Adelaide","Quieter Free Flow","","Sauna..",12,17,5,19
"03/31/2025","8:30 AM","75 min.","Adelaide","Quieter Free Flow","","Sauna",16,17,1,20
"03/31/2025","9:00 AM","75 min.","Adelaide","Quieter Free Flow","","Sauna.",13,17,4,24
"03/31/2025","9:30 AM","75 min.","Adelaide","Quieter Free Flow","","Sauna..",8,17,9,33
"03/31/2025","10:00 AM","75 min.","Adelaide","Quieter Free Flow","","Sauna",11,17,6,39
"03/31/2025","10:15 AM","75 min.","Adelaide","Quieter Free Flow","","Sauna....",11,17,6,45
"03/31/2025","12:00 PM","75 min.","Adelaide","Guided All Around: Reset","","Sauna",21,32,11,56
"03/31/2025","2:00 PM","75 min.","Adelaide","Free Flow","","Sauna",7,17,10,66
"03/31/2025","2:30 PM","75 min.","Adelaide","Free Flow","","Sauna...",10,17,7,73
"03/31/2025","3:00 PM","75 min.","Adelaide","Free Flow","","Sauna.",8,17,9,82
"03/31/2025","3:30 PM","75 min.","Adelaide","Free Flow","","Sauna..",0,17,17,99
"03/31/2025","5:30 PM","75 min.","Adelaide","Guided All Around: Gratitude","","Sauna",,,,99
"03/31/2025","7:15 PM","75 min.","Adelaide","Guided All Around: Inner Power","","Sauna",,,,99
"03/31/2025","9:00 PM","75 min.","Adelaide","Guided All Around: Loving Kindness","","Sauna",3,32,29,128
"04/01/2025","7:00 AM","75 min.","Adelaide","Guided Up: Arctic Tundra","","Sauna",26,32,6,6
"04/01/2025","8:30 AM","75 min.","Adelaide","Quieter Free Flow","","Sauna...",15,17,2,8
"04/01/2025","9:00 AM","75 min.","Adelaide","Quieter Free Flow","","Sauna....",12,17,5,13
"04/01/2025","9:30 AM","75 min.","Adelaide","Quieter Free Flow","","Sauna",14,17,3,16
"04/01/2025","10:00 AM","75 min.","Adelaide","Quieter Free Flow","","Sauna.",14,17,3,19
"04/01/2025","10:15 AM","75 min.","Adelaide","Quieter Free Flow","","Sauna....",6,17,11,30
"04/01/2025","12:00 PM","75 min.","Adelaide","Guided All Around: Reset","","Sauna",23,32,9,39
"04/01/2025","1:45 PM","75 min.","Adelaide","Guided Down: Self-Care Sweat","","Sauna",14,32,18,57
"04/01/2025","3:30 PM","75 min.","Adelaide","Free Flow","","Sauna..",22,26,4,61
"04/01/2025","3:45 PM","75 min.","Adelaide","Free Flow","","Sauna.",13,25,12,73
"04/01/2025","5:30 PM","75 min.","Adelaide","Guided Up: Feel Good Now","","Sauna",19,32,13,86
"04/01/2025","7:15 PM","75 min.","Adelaide","Guided Down: Sound Immersion","","Sauna",,,,86
"04/01/2025","9:00 PM","75 min.","Adelaide","Free Flow","","Sauna..",0,25,25,111
"04/01/2025","9:15 PM","75 min.","Adelaide","Free Flow","","Sauna.",,,,111
"04/01/2025","10:15 PM","75 min.","Adelaide","Free Flow","","Sauna....",3,20,17,128
"04/01/2025","10:30 PM","75 min.","Adelaide","Free Flow","","Sauna",12,20,8,136
"04/02/2025","7:00 AM","75 min.","Adelaide","Guided Down: Unwind","","Sauna",17,32,15,15
"04/02/2025","8:30 AM","75 min.","Adelaide","Free Flow","","Sauna",12,17,5,20
"04/02/2025","9:00 AM","75 min.","Adelaide","Free Flow","","Sauna.",14,17,3,23
"04/02/2025","9:30 AM","75 min.","Adelaide","Free Flow","","Sauna..",14,17,3,26
"04/02/2025","10:00 AM","75 min.","Adelaide","Free Flow","","Sauna...",14,17,3,29
"04/02/2025","10:15 AM","75 min.","Adelaide","Free Flow","","Sauna....",12,17,5,34
"04/02/2025","12:00 PM","75 min.","Adelaide","Guided All Around: Loving Kindness","","Sauna",24,32,8,42
"04/02/2025","2:00 PM","75 min.","Adelaide","Free Flow","","Sauna....",9,17,8,50
"04/02/2025","2:30 PM","75 min.","Adelaide","Free Flow","","Sauna..",14,17,3,53
"04/02/2025","3:00 PM","75 min.","Adelaide","Free Flow","","Sauna",15,17,2,55
"04/02/2025","3:30 PM","75 min.","Adelaide","Free Flow","","Sauna.",12,17,5,60
"04/02/2025","4:00 PM","75 min.","Adelaide","Free Flow","","Sauna..",5,17,12,72
"04/02/2025","4:30 PM","75 min.","Adelaide","Free Flow","","Sauna...",10,17,7,79
"04/02/2025","5:00 PM","75 min.","Adelaide","Free Flow","","Sauna....",4,17,13,92
"04/02/2025","5:30 PM","75 min.","Adelaide","Lively Free Flow","","Sauna",1,17,16,108
"04/02/2025","7:15 PM","75 min.","Adelaide","Guided Down: Pure Presence","","Sauna",1,32,31,139
"04/02/2025","9:00 PM","75 min.","Adelaide","Free Flow","","Sauna",2,25,23,162
"04/02/2025","9:15 PM","75 min.","Adelaide","Free Flow","","Sauna..",3,25,22,184
"04/02/2025","10:15 PM","75 min.","Adelaide","Free Flow","","Sauna....",13,20,7,191
"04/02/2025","10:30 PM","75 min.","Adelaide","Free Flow","","Sauna",18,20,2,193
"04/03/2025","7:00 AM","75 min.","Adelaide","Guided All Around: Heart Opener","","Sauna",25,32,7,7
"04/03/2025","8:30 AM","75 min.","Adelaide","Free Flow","","Sauna...",11,17,6,13
"04/03/2025","9:00 AM","75 min.","Adelaide","Free Flow","","Sauna....",13,17,4,17
"04/03/2025","9:30 AM","75 min.","Adelaide","Free Flow","","Sauna",16,17,1,18
"04/03/2025","10:00 AM","75 min.","Adelaide","Free Flow","","Sauna.",2,17,15,33
"04/03/2025","10:15 AM","75 min.","Adelaide","Free Flow","","Sauna..",0,17,17,50
"04/03/2025","12:00 PM","75 min.","Adelaide","Guided All Around: Gratitude","","Sauna",10,32,22,72
"04/03/2025","2:00 PM","75 min.","Adelaide","Free Flow","","Sauna...",14,17,3,75
"04/03/2025","2:30 PM","75 min.","Adelaide","Free Flow","","Sauna....",11,17,6,81
"04/03/2025","3:00 PM","75 min.","Adelaide","Free Flow","","Sauna",13,17,4,85
"04/03/2025","3:30 PM","75 min.","Adelaide","Free Flow","","Sauna.",8,17,9,94
"04/03/2025","4:00 PM","75 min.","Adelaide","Free Flow","","Sauna..",2,17,15,109
"04/03/2025","4:30 PM","75 min.","Adelaide","Free Flow","","Sauna...",12,17,5,114
"04/03/2025","5:00 PM","75 min.","Adelaide","Free Flow","","Sauna....",0,17,17,131
"04/03/2025","5:30 PM","75 min.","Adelaide","Lively Free Flow","","Sauna",1,17,16,147
"04/03/2025","7:15 PM","75 min.","Adelaide","Guided Up: Self-Care Sweat","","Sauna",1,32,31,178
"04/03/2025","9:00 PM","120 min.","Adelaide","Social","","Sauna",2,26,24,202
"04/03/2025","9:30 PM","120 min.","Adelaide","Social","","Sauna..",2,25,23,225
"04/04/2025","7:00 AM","75 min.","Adelaide","Guided Down: Deep Stretch","","Sauna",24,30,6,6
"04/04/2025","8:30 AM","75 min.","Adelaide","Free Flow","","Sauna",10,17,7,13
"04/04/2025","9:00 AM","75 min.","Adelaide","Free Flow","","Sauna.",8,17,9,22
"04/04/2025","9:30 AM","75 min.","Adelaide","Free Flow","","Sauna..",12,17,5,27
"04/04/2025","10:00 AM","75 min.","Adelaide","Free Flow","","Sauna...",15,17,2,29
"04/04/2025","10:15 AM","75 min.","Adelaide","Free Flow","","Sauna....",3,15,12,41
"04/04/2025","12:00 PM","75 min.","Adelaide","Guided All Around: A-Z Emotions","","Sauna",17,32,15,56
"04/04/2025","2:00 PM","75 min.","Adelaide","Free Flow","","Sauna....",0,17,17,73
"04/04/2025","2:30 PM","75 min.","Adelaide","Free Flow","","Sauna...",9,17,8,81
"04/04/2025","3:00 PM","75 min.","Adelaide","Free Flow","","Sauna",4,15,11,92
"04/04/2025","3:30 PM","75 min.","Adelaide","Free Flow","","Sauna.",1,17,16,108
"04/04/2025","4:00 PM","75 min.","Adelaide","Free Flow","","Sauna..",0,17,17,125
"04/04/2025","4:30 PM","75 min.","Adelaide","Free Flow","","Sauna",0,15,15,140
"04/04/2025","5:00 PM","75 min.","Adelaide","Free Flow","","Sauna.",2,17,15,155
"04/04/2025","5:30 PM","75 min.","Adelaide","Free Flow","","Sauna..",2,17,15,170
"04/04/2025","7:15 PM","75 min.","Adelaide","Guided All Around: Release","","Sauna",1,32,31,201
"04/04/2025","9:00 PM","120 min.","Adelaide","Social","","Sauna",1,26,25,226
"04/04/2025","9:30 PM","120 min.","Adelaide","Social","","Sauna.",0,25,25,251
"04/05/2025","8:00 AM","75 min.","Adelaide","Guided Down: Rose, Thorn, Bud","","Sauna",26,32,6,6
"04/05/2025","9:45 AM","75 min.","Adelaide","Guided Up: Feel Good Now","","Sauna",5,32,27,33
"04/05/2025","11:30 AM","75 min.","Adelaide","Guided All Around: Reflect","","Sauna",2,32,30,63
"04/05/2025","1:15 PM","75 min.","Adelaide","Guided All Around: Journey Through the Elements","","Sauna",3,32,29,92
"04/05/2025","3:00 PM","75 min.","Adelaide","Lively Free Flow","","Sauna",2,25,23,115
"04/05/2025","3:30 PM","75 min.","Adelaide","Lively Free Flow","","Sauna..",2,17,15,130
"04/05/2025","4:00 PM","75 min.","Adelaide","Lively Free Flow","","Sauna.",0,10,10,140
"04/05/2025","4:30 PM","75 min.","Adelaide","Lively Free Flow","","Sauna...",0,25,25,165
"04/05/2025","5:00 PM","75 min.","Adelaide","Lively Free Flow","","Sauna",0,17,17,182
"04/05/2025","5:30 PM","75 min.","Adelaide","Lively Free Flow","","Sauna.",0,10,10,192
"04/05/2025","6:00 PM","75 min.","Adelaide","Lively Free Flow","","Sauna...",0,25,25,217
"04/05/2025","7:45 PM","75 min.","Adelaide","Guided Down: Sound Immersion","","Sauna",11,32,21,238
"04/05/2025","9:30 PM","120 min.","Adelaide","Social","","Sauna",3,25,22,260
"04/05/2025","9:45 PM","120 min.","Adelaide","Social","","Sauna..",1,26,25,285
"04/06/2025","7:00 AM","75 min.","Adelaide","Quieter Free Flow","","Sauna",8,30,22,22
"04/06/2025","8:30 AM","75 min.","Adelaide","Free Flow","","Sauna",10,30,20,42
"04/06/2025","10:15 AM","75 min.","Adelaide","Guided Down: Rose, Thorn, Bud","","Sauna",0,32,32,74
"04/06/2025","12:00 PM","75 min.","Adelaide","Guided Down: Sound Immersion","","Sauna",,,,74
"04/06/2025","2:00 PM","75 min.","Adelaide","Lively Free Flow","","Sauna",0,21,21,95
"04/06/2025","2:30 PM","75 min.","Adelaide","Lively Free Flow","","Sauna.",0,15,15,110
"04/06/2025","3:00 PM","75 min.","Adelaide","Lively Free Flow","","Sauna...",1,12,11,121
"04/06/2025","3:30 PM","75 min.","Adelaide","Lively Free Flow","","Sauna..",1,20,19,140
"04/06/2025","4:00 PM","75 min.","Adelaide","Lively Free Flow","","Sauna.",1,15,14,154
"04/06/2025","4:30 PM","75 min.","Adelaide","Lively Free Flow","","Sauna",0,12,12,166
"04/06/2025","5:00 PM","75 min.","Adelaide","Lively Free Flow","","Sauna...",0,21,21,187
"04/06/2025","5:30 PM","75 min.","Adelaide","Lively Free Flow","","Sauna.",0,15,15,202
"04/06/2025","7:15 PM","75 min.","Adelaide","Guided Down: Untangle","","Sauna",,,,202
"04/06/2025","9:00 PM","75 min.","Adelaide","Free Flow","","Sauna",8,25,17,219
"04/06/2025","9:15 PM","75 min.","Adelaide","Free Flow","","Sauna.",13,20,7,226
"04/06/2025","10:15 PM","75 min.","Adelaide","Free Flow","","Sauna..",10,20,10,236
"04/06/2025","10:30 PM","75 min.","Adelaide","Free Flow","","Sauna",10,20,10,246
"03/24/2025","7:00 AM","75 min.","Adelaide","Quieter Free Flow","","Sauna",10,17,7,7
"03/24/2025","7:30 AM","75 min.","Adelaide","Quieter Free Flow","","Sauna.",13,17,4,11
"03/24/2025","8:00 AM","75 min.","Adelaide","Quieter Free Flow","","Sauna..",16,17,1,12
"03/24/2025","8:30 AM","75 min.","Adelaide","Quieter Free Flow","","Sauna",16,17,1,13
"03/24/2025","9:00 AM","75 min.","Adelaide","Quieter Free Flow","","Sauna.",14,17,3,16
"03/24/2025","9:30 AM","75 min.","Adelaide","Quieter Free Flow","","Sauna..",13,17,4,20
"03/24/2025","10:00 AM","75 min.","Adelaide","Quieter Free Flow","","Sauna",15,17,2,22
"03/24/2025","10:15 AM","75 min.","Adelaide","Quieter Free Flow","","Sauna....",11,17,6,28
"03/24/2025","12:00 PM","75 min.","Adelaide","Guided All Around: Journey Through the Elements","","Sauna",23,32,9,37
"03/24/2025","2:00 PM","75 min.","Adelaide","Free Flow","","Sauna",11,17,6,43
"03/24/2025","2:30 PM","75 min.","Adelaide","Free Flow","","Sauna...",12,17,5,48
"03/24/2025","3:00 PM","75 min.","Adelaide","Free Flow","","Sauna.",8,17,9,57
"03/24/2025","3:30 PM","75 min.","Adelaide","Free Flow","","Sauna..",0,17,17,74
"03/24/2025","5:30 PM","75 min.","Adelaide","Guided Up: Self-Care Sweat","","Sauna",,,,74
"03/24/2025","7:15 PM","75 min.","Adelaide","Guided All Around: Acceptance","","Sauna",2,32,30,104
"03/24/2025","9:00 PM","75 min.","Adelaide","Guided Down: Pure Presence","","Sauna",9,32,23,127
"03/25/2025","7:00 AM","75 min.","Adelaide","Guided Up: Arctic Tundra","","Sauna",2,32,30,30
"03/25/2025","8:30 AM","75 min.","Adelaide","Quieter Free Flow","","Sauna...",10,17,7,37
"03/25/2025","9:00 AM","75 min.","Adelaide","Quieter Free Flow","","Sauna....",12,17,5,42
"03/25/2025","9:30 AM","75 min.","Adelaide","Quieter Free Flow","","Sauna",15,17,2,44
"03/25/2025","10:00 AM","75 min.","Adelaide","Quieter Free Flow","","Sauna.",11,17,6,50
"03/25/2025","10:15 AM","75 min.","Adelaide","Quieter Free Flow","","Sauna....",9,17,8,58
"03/25/2025","12:00 PM","75 min.","Adelaide","Guided Down: Sound Immersion","","Sauna",20,32,12,70
"03/25/2025","1:45 PM","75 min.","Adelaide","Free Flow","","Sauna",19,26,7,77
"03/25/2025","2:30 PM","75 min.","Adelaide","Free Flow","","Sauna.",10,17,7,84
"03/25/2025","3:00 PM","75 min.","Adelaide","Free Flow","","Sauna",15,17,2,86
"03/25/2025","3:30 PM","75 min.","Adelaide","Free Flow","","Sauna..",19,26,7,93
"03/25/2025","3:45 PM","75 min.","Adelaide","Free Flow","","Sauna.",16,25,9,102
"03/25/2025","5:30 PM","75 min.","Adelaide","Guided Down: Sound Immersion","","Sauna",20,32,12,114
"03/25/2025","7:15 PM","75 min.","Adelaide","Guided All Around: Hero's Journey","","Sauna",3,32,29,143
"03/25/2025","9:00 PM","75 min.","Adelaide","Free Flow","","Sauna..",1,25,24,167
"03/25/2025","9:15 PM","75 min.","Adelaide","Free Flow","","Sauna.",0,20,20,187
"03/25/2025","10:15 PM","75 min.","Adelaide","Free Flow","","Sauna...",8,20,12,199
"03/25/2025","10:30 PM","75 min.","Adelaide","Free Flow","","Sauna",10,20,10,209
"03/26/2025","7:00 AM","75 min.","Adelaide","Guided Down: Deep Stretch","","Sauna",17,30,13,13
"03/26/2025","8:30 AM","75 min.","Adelaide","Free Flow","","Sauna",5,17,12,25
"03/26/2025","9:00 AM","75 min.","Adelaide","Free Flow","","Sauna....",15,17,2,27
"03/26/2025","9:30 AM","75 min.","Adelaide","Free Flow","","Sauna..",14,17,3,30
"03/26/2025","10:00 AM","75 min.","Adelaide","Free Flow","","Sauna...",7,17,10,40
"03/26/2025","10:15 AM","75 min.","Adelaide","Free Flow","","Sauna....",12,17,5,45
"03/26/2025","12:00 PM","75 min.","Adelaide","Free Flow","","Sauna",23,32,9,54
"03/26/2025","2:00 PM","75 min.","Adelaide","Free Flow","","Sauna....",10,17,7,61
"03/26/2025","2:30 PM","75 min.","Adelaide","Free Flow","","Sauna..",14,17,3,64
"03/26/2025","3:00 PM","75 min.","Adelaide","Free Flow","","Sauna",13,17,4,68
"03/26/2025","3:30 PM","75 min.","Adelaide","Free Flow","","Sauna.",4,17,13,81
"03/26/2025","4:00 PM","75 min.","Adelaide","Free Flow","","Sauna..",15,17,2,83
"03/26/2025","4:30 PM","75 min.","Adelaide","Free Flow","","Sauna...",1,17,16,99
"03/26/2025","5:00 PM","75 min.","Adelaide","Free Flow","","Sauna....",2,17,15,114
"03/26/2025","5:30 PM","75 min.","Adelaide","Lively Free Flow","","Sauna",0,17,17,131
"03/26/2025","7:15 PM","75 min.","Adelaide","Guided Down: Pure Presence","","Sauna",,,,131
"03/26/2025","9:00 PM","75 min.","Adelaide","Othership BIPOC Night - Embodied","","Sauna",12,32,20,151
"03/27/2025","7:00 AM","75 min.","Adelaide","Guided All Around: Heart Opener","","Sauna",19,32,13,13
"03/27/2025","8:30 AM","75 min.","Adelaide","Free Flow","","Sauna...",10,17,7,20
"03/27/2025","9:00 AM","75 min.","Adelaide","Free Flow","","Sauna....",14,17,3,23
"03/27/2025","9:30 AM","75 min.","Adelaide","Free Flow","","Sauna",14,17,3,26
"03/27/2025","10:00 AM","75 min.","Adelaide","Free Flow","","Sauna.",16,17,1,27
"03/27/2025","10:15 AM","75 min.","Adelaide","Free Flow","","Sauna..",13,17,4,31
"03/27/2025","12:00 PM","75 min.","Adelaide","Guided Up: Self-Care Sweat","","Sauna",19,32,13,44
"03/27/2025","2:00 PM","75 min.","Adelaide","Free Flow","","Sauna...",8,17,9,53
"03/27/2025","2:30 PM","75 min.","Adelaide","Free Flow","","Sauna....",13,17,4,57
"03/27/2025","3:00 PM","75 min.","Adelaide","Free Flow","","Sauna",15,17,2,59
"03/27/2025","3:30 PM","75 min.","Adelaide","Free Flow","","Sauna.",14,17,3,62
"03/27/2025","4:00 PM","75 min.","Adelaide","Free Flow","","Sauna..",13,17,4,66
"03/27/2025","4:30 PM","75 min.","Adelaide","Free Flow","","Sauna...",4,17,13,79
"03/27/2025","5:00 PM","75 min.","Adelaide","Free Flow","","Sauna....",2,17,15,94
"03/27/2025","5:30 PM","75 min.","Adelaide","Lively Free Flow","","Sauna",0,17,17,111
"03/27/2025","7:15 PM","75 min.","Adelaide","Guided All Around: Loving Kindness","","Sauna",1,32,31,142
"03/27/2025","9:00 PM","120 min.","Adelaide","Social","","Sauna",,,,142
"03/27/2025","9:30 PM","120 min.","Adelaide","Social","","Sauna..",0,25,25,167
"03/28/2025","7:00 AM","75 min.","Adelaide","Guided All Around: Reset","","Sauna",21,32,11,11
"03/28/2025","8:30 AM","75 min.","Adelaide","Free Flow","","Sauna",9,17,8,19
"03/28/2025","9:00 AM","75 min.","Adelaide","Free Flow","","Sauna.",15,17,2,21
"03/28/2025","9:30 AM","75 min.","Adelaide","Free Flow","","Sauna..",12,17,5,26
"03/28/2025","10:00 AM","75 min.","Adelaide","Free Flow","","Sauna...",7,17,10,36
"03/28/2025","10:15 AM","75 min.","Adelaide","Free Flow","","Sauna....",6,15,9,45
"03/28/2025","12:00 PM","75 min.","Adelaide","Guided Down: Rose, Thorn, Bud","","Sauna",9,32,23,68
"03/28/2025","2:00 PM","75 min.","Adelaide","Free Flow","","Sauna....",1,17,16,84
"03/28/2025","2:30 PM","75 min.","Adelaide","Free Flow","","Sauna...",1,17,16,100
"03/28/2025","3:00 PM","75 min.","Adelaide","Free Flow","","Sauna",3,15,12,112
"03/28/2025","3:30 PM","75 min.","Adelaide","Free Flow","","Sauna.",11,17,6,118
"03/28/2025","4:00 PM","75 min.","Adelaide","Free Flow","","Sauna..",5,17,12,130
"03/28/2025","4:30 PM","75 min.","Adelaide","Free Flow","","Sauna",0,15,15,145
"03/28/2025","5:00 PM","75 min.","Adelaide","Free Flow","","Sauna.",0,17,17,162
"03/28/2025","5:30 PM","75 min.","Adelaide","Free Flow","","Sauna..",0,17,17,179
"03/28/2025","7:15 PM","75 min.","Adelaide","Guided Up: Awakening","","Sauna",1,32,31,210
"03/28/2025","9:00 PM","120 min.","Adelaide","Social","","Sauna",1,26,25,235
"03/28/2025","9:30 PM","120 min.","Adelaide","Social","","Sauna.",1,25,24,259
"03/29/2025","8:00 AM","75 min.","Adelaide","Guided Up: Feel Good Now","","Sauna",9,32,23,23
"03/29/2025","9:45 AM","75 min.","Adelaide","Guided All Around: Loving Kindness","","Sauna",12,32,20,43
"03/29/2025","11:30 AM","75 min.","Adelaide","Guided Down: Pure Presence","","Sauna",,,,43
"03/29/2025","1:15 PM","75 min.","Adelaide","Guided Down: Rose, Thorn, Bud","","Sauna",1,32,31,74
"03/29/2025","3:00 PM","75 min.","Adelaide","Lively Free Flow","","Sauna",1,22,21,95
"03/29/2025","3:30 PM","75 min.","Adelaide","Lively Free Flow","","Sauna..",0,17,17,112
"03/29/2025","4:00 PM","75 min.","Adelaide","Lively Free Flow","","Sauna.",0,10,10,122
"03/29/2025","4:30 PM","75 min.","Adelaide","Lively Free Flow","","Sauna...",0,25,25,147
"03/29/2025","5:00 PM","75 min.","Adelaide","Lively Free Flow","","Sauna",4,17,13,160
"03/29/2025","5:30 PM","75 min.","Adelaide","Lively Free Flow","","Sauna.",0,10,10,170
"03/29/2025","6:00 PM","75 min.","Adelaide","Lively Free Flow","","Sauna...",0,25,25,195
"03/29/2025","7:45 PM","75 min.","Adelaide","Guided All Around: Loving Kindness","","Sauna",12,32,20,215
"03/29/2025","9:30 PM","120 min.","Adelaide","Beat Drop: DJ Takeover","","Sauna",3,25,22,237
"03/29/2025","9:45 PM","120 min.","Adelaide","Beat Drop: DJ Takeover","","Sauna..",1,26,25,262
"03/30/2025","7:00 AM","75 min.","Adelaide","Quieter Free Flow","","Sauna",8,30,22,22
"03/30/2025","8:30 AM","75 min.","Adelaide","Free Flow","","Sauna",6,30,24,46
"03/30/2025","10:15 AM","75 min.","Adelaide","Guided Down: Pure Presence","","Sauna",0,32,32,78
"03/30/2025","12:00 PM","75 min.","Adelaide","Guided Down: Sound Immersion","","Sauna",4,32,28,106
"03/30/2025","2:00 PM","75 min.","Adelaide","Lively Free Flow","","Sauna",2,21,19,125
"03/30/2025","2:30 PM","75 min.","Adelaide","Lively Free Flow","","Sauna.",0,15,15,140
"03/30/2025","3:00 PM","75 min.","Adelaide","Lively Free Flow","","Sauna...",0,12,12,152
"03/30/2025","3:30 PM","75 min.","Adelaide","Lively Free Flow","","Sauna..",0,20,20,172
"03/30/2025","4:00 PM","75 min.","Adelaide","Lively Free Flow","","Sauna.",1,15,14,186
"03/30/2025","4:30 PM","75 min.","Adelaide","Lively Free Flow","","Sauna",0,12,12,198
"03/30/2025","5:00 PM","75 min.","Adelaide","Lively Free Flow","","Sauna...",1,21,20,218
"03/30/2025","5:30 PM","75 min.","Adelaide","Lively Free Flow","","Sauna.",1,15,14,232
"03/30/2025","7:15 PM","75 min.","Adelaide","Guided Down: Untangle","","Sauna",4,32,28,260
"03/30/2025","9:00 PM","75 min.","Adelaide","Free Flow","","Sauna",0,25,25,285
"03/30/2025","9:15 PM","75 min.","Adelaide","Free Flow","","Sauna.",0,20,20,305
"03/30/2025","10:15 PM","75 min.","Adelaide","Free Flow","","Sauna..",8,20,12,317
"03/30/2025","10:30 PM","75 min.","Adelaide","Free Flow","","Sauna",15,20,5,322
"03/17/2025","7:00 AM","75 min.","Adelaide","Quieter Free Flow","","Sauna",6,17,11,11
"03/17/2025","7:30 AM","75 min.","Adelaide","Quieter Free Flow","","Sauna.",12,17,5,16
"03/17/2025","8:00 AM","75 min.","Adelaide","Quieter Free Flow","","Sauna..",12,17,5,21
"03/17/2025","8:30 AM","75 min.","Adelaide","Quieter Free Flow","","Sauna",12,17,5,26
"03/17/2025","9:00 AM","75 min.","Adelaide","Quieter Free Flow","","Sauna.",15,17,2,28
"03/17/2025","9:30 AM","75 min.","Adelaide","Quieter Free Flow","","Sauna..",14,17,3,31
"03/17/2025","10:00 AM","75 min.","Adelaide","Quieter Free Flow","","Sauna",12,17,5,36
"03/17/2025","10:15 AM","75 min.","Adelaide","Quieter Free Flow","","Sauna....",2,17,15,51
"03/17/2025","12:00 PM","75 min.","Adelaide","Guided All Around: Reset","","Sauna",23,32,9,60
"03/17/2025","2:00 PM","75 min.","Adelaide","Free Flow","","Sauna",3,17,14,74
"03/17/2025","2:30 PM","75 min.","Adelaide","Free Flow","","Sauna...",14,17,3,77
"03/17/2025","3:00 PM","75 min.","Adelaide","Free Flow","","Sauna.",11,17,6,83
"03/17/2025","3:30 PM","75 min.","Adelaide","Free Flow","","Sauna..",11,17,6,89
"03/17/2025","5:30 PM","75 min.","Adelaide","Guided All Around: Journey Through the Elements","","Sauna",17,32,15,104
"03/17/2025","7:15 PM","75 min.","Adelaide","Guided All Around: Heart Opener","","Sauna",,,,104
"03/17/2025","9:00 PM","75 min.","Adelaide","Guided Down: Pure Presence","","Sauna",1,32,31,135
"03/18/2025","7:00 AM","75 min.","Adelaide","Guided Up: Arctic Tundra","","Sauna",26,32,6,6
"03/18/2025","8:30 AM","75 min.","Adelaide","Quieter Free Flow","","Sauna...",8,17,9,15
"03/18/2025","9:00 AM","75 min.","Adelaide","Quieter Free Flow","","Sauna....",15,17,2,17
"03/18/2025","9:30 AM","75 min.","Adelaide","Quieter Free Flow","","Sauna",11,17,6,23
"03/18/2025","10:00 AM","75 min.","Adelaide","Quieter Free Flow","","Sauna.",15,17,2,25
"03/18/2025","10:15 AM","75 min.","Adelaide","Quieter Free Flow","","Sauna....",3,17,14,39
"03/18/2025","12:00 PM","75 min.","Adelaide","Free Flow","","Sauna",23,32,9,48
"03/18/2025","1:45 PM","75 min.","Adelaide","Guided Down: Self-Care Sweat","","Sauna",14,32,18,66
"03/18/2025","3:30 PM","75 min.","Adelaide","Free Flow","","Sauna..",15,26,11,77
"03/18/2025","3:45 PM","75 min.","Adelaide","Free Flow","","Sauna.",12,25,13,90
"03/18/2025","5:30 PM","75 min.","Adelaide","Guided Up: Feel Good Now","","Sauna",21,32,11,101
"03/18/2025","7:15 PM","75 min.","Adelaide","Guided Down: Untangle","","Sauna",8,32,24,125
"03/18/2025","9:00 PM","75 min.","Adelaide","Free Flow","","Sauna..",0,25,25,150
"03/18/2025","9:15 PM","75 min.","Adelaide","Free Flow","","Sauna.",1,20,19,169
"03/18/2025","10:15 PM","75 min.","Adelaide","Free Flow","","Sauna...",9,20,11,180
"03/18/2025","10:30 PM","75 min.","Adelaide","Free Flow","","Sauna",14,20,6,186
"03/19/2025","7:00 AM","75 min.","Adelaide","Guided Down: Deep Stretch","","Sauna",23,30,7,7
"03/19/2025","8:30 AM","75 min.","Adelaide","Free Flow","","Sauna",9,17,8,15
"03/19/2025","9:00 AM","75 min.","Adelaide","Free Flow","","Sauna.",12,17,5,20
"03/19/2025","9:30 AM","75 min.","Adelaide","Free Flow","","Sauna..",14,17,3,23
"03/19/2025","10:00 AM","75 min.","Adelaide","Free Flow","","Sauna...",13,17,4,27
"03/19/2025","10:15 AM","75 min.","Adelaide","Free Flow","","Sauna....",10,17,7,34
"03/19/2025","12:00 PM","75 min.","Adelaide","Guided Down: Deep Stretch","","Sauna",22,30,8,42
"03/19/2025","2:00 PM","75 min.","Adelaide","Free Flow","","Sauna....",5,17,12,54
"03/19/2025","2:30 PM","75 min.","Adelaide","Free Flow","","Sauna..",17,17,0,54
"03/19/2025","3:00 PM","75 min.","Adelaide","Free Flow","","Sauna",9,17,8,62
"03/19/2025","3:30 PM","75 min.","Adelaide","Free Flow","","Sauna.",7,17,10,72
"03/19/2025","4:00 PM","75 min.","Adelaide","Free Flow","","Sauna..",10,17,7,79
"03/19/2025","4:30 PM","75 min.","Adelaide","Free Flow","","Sauna...",3,17,14,93
"03/19/2025","5:00 PM","75 min.","Adelaide","Free Flow","","Sauna....",13,17,4,97
"03/19/2025","5:30 PM","75 min.","Adelaide","Lively Free Flow","","Sauna",0,17,17,114
"03/19/2025","7:15 PM","75 min.","Adelaide","Guided Down: Pure Presence","","Sauna",3,32,29,143
"03/19/2025","9:00 PM","75 min.","Adelaide","Free Flow","","Sauna",1,25,24,167
"03/19/2025","9:15 PM","75 min.","Adelaide","Free Flow","","Sauna..",0,20,20,187
"03/19/2025","10:15 PM","75 min.","Adelaide","Free Flow","","Sauna...",8,20,12,199
"03/19/2025","10:30 PM","75 min.","Adelaide","Free Flow","","Sauna",19,20,1,200
"03/20/2025","7:00 AM","75 min.","Adelaide","Guided Down: Rose, Thorn, Bud","","Sauna",23,32,9,9
"03/20/2025","8:30 AM","75 min.","Adelaide","Free Flow","","Sauna...",11,17,6,15
"03/20/2025","9:00 AM","75 min.","Adelaide","Free Flow","","Sauna....",16,17,1,16
"03/20/2025","9:30 AM","75 min.","Adelaide","Free Flow","","Sauna",13,17,4,20
"03/20/2025","10:00 AM","75 min.","Adelaide","Free Flow","","Sauna.",13,17,4,24
"03/20/2025","10:15 AM","75 min.","Adelaide","Free Flow","","Sauna..",14,17,3,27
"03/20/2025","12:00 PM","75 min.","Adelaide","Guided Down: Senses","","Sauna",26,32,6,33
"03/20/2025","2:00 PM","75 min.","Adelaide","Free Flow","","Sauna...",8,17,9,42
"03/20/2025","2:30 PM","75 min.","Adelaide","Free Flow","","Sauna....",13,17,4,46
"03/20/2025","3:00 PM","75 min.","Adelaide","Free Flow","","Sauna",13,17,4,50
"03/20/2025","3:30 PM","75 min.","Adelaide","Free Flow","","Sauna.",15,17,2,52
"03/20/2025","4:00 PM","75 min.","Adelaide","Free Flow","","Sauna..",12,17,5,57
"03/20/2025","4:30 PM","75 min.","Adelaide","Free Flow","","Sauna...",8,17,9,66
"03/20/2025","5:00 PM","75 min.","Adelaide","Free Flow","","Sauna....",2,17,15,81
"03/20/2025","5:30 PM","75 min.","Adelaide","Lively Free Flow","","Sauna",0,17,17,98
"03/20/2025","7:15 PM","90 min.","Adelaide","Guided All Around: Space for Women","","Sauna",11,32,21,119
"03/20/2025","9:15 PM","120 min.","Adelaide","Social","","Sauna",,,,119
"03/20/2025","9:45 PM","120 min.","Adelaide","Social","","Sauna..",2,25,23,142
"03/21/2025","7:00 AM","75 min.","Adelaide","Guided Down: Deep Stretch","","Sauna",24,30,6,6
"03/21/2025","8:30 AM","75 min.","Adelaide","Free Flow","","Sauna",8,17,9,15
"03/21/2025","9:00 AM","75 min.","Adelaide","Free Flow","","Sauna.",8,17,9,24
"03/21/2025","9:30 AM","75 min.","Adelaide","Free Flow","","Sauna..",14,17,3,27
"03/21/2025","10:00 AM","75 min.","Adelaide","Free Flow","","Sauna...",16,17,1,28
"03/21/2025","10:15 AM","75 min.","Adelaide","Free Flow","","Sauna....",9,15,6,34
"03/21/2025","12:00 PM","75 min.","Adelaide","Guided Down: Deep Stretch","","Sauna",9,30,21,55
"03/21/2025","2:00 PM","75 min.","Adelaide","Free Flow","","Sauna....",3,17,14,69
"03/21/2025","2:30 PM","75 min.","Adelaide","Free Flow","","Sauna...",8,17,9,78
"03/21/2025","3:00 PM","75 min.","Adelaide","Free Flow","","Sauna",7,15,8,86
"03/21/2025","3:30 PM","75 min.","Adelaide","Free Flow","","Sauna.",9,17,8,94
"03/21/2025","4:00 PM","75 min.","Adelaide","Free Flow","","Sauna..",0,17,17,111
"03/21/2025","4:30 PM","75 min.","Adelaide","Free Flow","","Sauna",3,15,12,123
"03/21/2025","5:00 PM","75 min.","Adelaide","Free Flow","","Sauna.",0,17,17,140
"03/21/2025","5:30 PM","75 min.","Adelaide","Free Flow","","Sauna..",0,17,17,157
"03/21/2025","7:15 PM","75 min.","Adelaide","Guided All Around: Release","","Sauna",,,,157
"03/21/2025","9:00 PM","120 min.","Adelaide","Social","","Sauna",1,26,25,182
"03/21/2025","9:30 PM","120 min.","Adelaide","Social","","Sauna.",8,25,17,199
"03/22/2025","8:00 AM","75 min.","Adelaide","Guided All Around: Acceptance","","Sauna",20,32,12,12
"03/22/2025","9:45 AM","75 min.","Adelaide","Guided Up: Feel Good Now","","Sauna",5,32,27,39
"03/22/2025","11:30 AM","75 min.","Adelaide","Guided Down: Deep Stretch","","Sauna",,,,39
"03/22/2025","1:15 PM","75 min.","Adelaide","Guided All Around: Journey Through the Elements","","Sauna",1,32,31,70
"03/22/2025","3:00 PM","75 min.","Adelaide","Lively Free Flow","","Sauna",0,25,25,95
"03/22/2025","3:30 PM","75 min.","Adelaide","Lively Free Flow","","Sauna..",0,16,16,111
"03/22/2025","4:00 PM","75 min.","Adelaide","Lively Free Flow","","Sauna.",0,8,8,119
"03/22/2025","4:30 PM","75 min.","Adelaide","Lively Free Flow","","Sauna...",0,25,25,144
"03/22/2025","5:00 PM","75 min.","Adelaide","Lively Free Flow","","Sauna",0,16,16,160
"03/22/2025","5:30 PM","75 min.","Adelaide","Lively Free Flow","","Sauna.",0,8,8,168
"03/22/2025","6:00 PM","75 min.","Adelaide","Lively Free Flow","","Sauna...",0,25,25,193
"03/22/2025","7:45 PM","75 min.","Adelaide","Guided Down: Sound Immersion","","Sauna",,,,193
"03/22/2025","9:30 PM","120 min.","Adelaide","Social","","Sauna",6,25,19,212
"03/22/2025","9:45 PM","120 min.","Adelaide","Social","","Sauna..",13,26,13,225
"03/23/2025","7:00 AM","75 min.","Adelaide","Quieter Free Flow","","Sauna",15,30,15,15
"03/23/2025","8:30 AM","75 min.","Adelaide","Free Flow","","Sauna",2,30,28,43
"03/23/2025","10:15 AM","75 min.","Adelaide","Guided Down: Rose, Thorn, Bud","","Sauna",17,32,15,58
"03/23/2025","12:00 PM","75 min.","Adelaide","Guided Down: Sound Immersion","","Sauna",2,32,30,88
"03/23/2025","2:00 PM","75 min.","Adelaide","Lively Free Flow","","Sauna",1,25,24,112
"03/23/2025","2:30 PM","75 min.","Adelaide","Lively Free Flow","","Sauna.",0,12,12,124
"03/23/2025","3:00 PM","75 min.","Adelaide","Lively Free Flow","","Sauna...",0,10,10,134
"03/23/2025","3:30 PM","75 min.","Adelaide","Lively Free Flow","","Sauna..",2,25,23,157
"03/23/2025","4:00 PM","75 min.","Adelaide","Lively Free Flow","","Sauna.",0,12,12,169
"03/23/2025","4:30 PM","75 min.","Adelaide","Lively Free Flow","","Sauna",0,10,10,179
"03/23/2025","5:00 PM","75 min.","Adelaide","Lively Free Flow","","Sauna...",0,25,25,204
"03/23/2025","5:30 PM","75 min.","Adelaide","Lively Free Flow","","Sauna.",1,12,11,215
"03/23/2025","7:15 PM","75 min.","Adelaide","Guided Down: Untangle","","Sauna",,,,215
"03/23/2025","9:00 PM","75 min.","Adelaide","Free Flow","","Sauna",0,25,25,240
"03/23/2025","9:15 PM","75 min.","Adelaide","Free Flow","","Sauna.",6,20,14,254
"03/23/2025","10:15 PM","75 min.","Adelaide","Free Flow","","Sauna...",13,20,7,261
"03/23/2025","10:30 PM","75 min.","Adelaide","Free Flow","","Sauna",17,20,3,264
"03/10/2025","7:00 AM","75 min.","Adelaide","Quieter Free Flow","","Sauna",12,17,5,5
"03/10/2025","7:30 AM","75 min.","Adelaide","Quieter Free Flow","","Sauna.",9,17,8,13
"03/10/2025","8:00 AM","75 min.","Adelaide","Quieter Free Flow","","Sauna..",14,17,3,16
"03/10/2025","8:30 AM","75 min.","Adelaide","Quieter Free Flow","","Sauna",14,17,3,19
"03/10/2025","9:00 AM","75 min.","Adelaide","Quieter Free Flow","","Sauna.",10,17,7,26
"03/10/2025","9:30 AM","75 min.","Adelaide","Quieter Free Flow","","Sauna..",14,17,3,29
"03/10/2025","10:00 AM","75 min.","Adelaide","Quieter Free Flow","","Sauna",13,17,4,33
"03/10/2025","10:15 AM","75 min.","Adelaide","Quieter Free Flow","","Sauna....",10,17,7,40
"03/10/2025","12:00 PM","75 min.","Adelaide","Guided All Around: Journey Through the Elements","","Sauna",21,32,11,51
"03/10/2025","2:00 PM","75 min.","Adelaide","Free Flow","","Sauna",3,17,14,65
"03/10/2025","2:30 PM","75 min.","Adelaide","Free Flow","","Sauna...",12,17,5,70
"03/10/2025","3:00 PM","75 min.","Adelaide","Free Flow","","Sauna.",2,17,15,85
"03/10/2025","3:30 PM","75 min.","Adelaide","Free Flow","","Sauna..",10,17,7,92
"03/10/2025","5:30 PM","75 min.","Adelaide","Guided Down: Senses","","Sauna",9,32,23,115
"03/10/2025","7:15 PM","75 min.","Adelaide","Guided All Around: Acceptance","","Sauna",,,,115
"03/11/2025","7:00 AM","75 min.","Adelaide","Guided Up: Arctic Tundra","","Sauna",16,32,16,16
"03/11/2025","8:30 AM","75 min.","Adelaide","Quieter Free Flow","","Sauna...",8,17,9,25
"03/11/2025","9:00 AM","75 min.","Adelaide","Quieter Free Flow","","Sauna....",14,17,3,28
"03/11/2025","9:30 AM","75 min.","Adelaide","Quieter Free Flow","","Sauna",13,17,4,32
"03/11/2025","10:00 AM","75 min.","Adelaide","Quieter Free Flow","","Sauna.",15,17,2,34
"03/11/2025","10:15 AM","75 min.","Adelaide","Quieter Free Flow","","Sauna....",10,17,7,41
"03/11/2025","12:00 PM","75 min.","Adelaide","Guided Down: Sound Immersion","","Sauna",21,32,11,52
"03/11/2025","1:45 PM","75 min.","Adelaide","Guided All Around: Reset","","Sauna",16,32,16,68
"03/11/2025","5:30 PM","75 min.","Adelaide","Guided All Around: Release","","Sauna",1,34,33,101
"03/11/2025","7:15 PM","75 min.","Adelaide","Guided Up: Feel Good Now","","Sauna",1,32,31,132
"03/11/2025","9:00 PM","75 min.","Adelaide","Free Flow","","Sauna..",0,25,25,157
"03/11/2025","9:15 PM","75 min.","Adelaide","Free Flow","","Sauna.",1,20,19,176
"03/11/2025","10:15 PM","75 min.","Adelaide","Free Flow","","Sauna..",7,20,13,189
"03/11/2025","10:30 PM","75 min.","Adelaide","Free Flow","","Sauna",11,20,9,198
"03/12/2025","7:00 AM","75 min.","Adelaide","Guided Down: Deep Stretch","","Sauna",26,30,4,4
"03/12/2025","8:30 AM","75 min.","Adelaide","Free Flow","","Sauna",10,17,7,11
"03/12/2025","9:00 AM","75 min.","Adelaide","Free Flow","","Sauna.",14,17,3,14
"03/12/2025","9:30 AM","75 min.","Adelaide","Free Flow","","Sauna..",13,17,4,18
"03/12/2025","10:00 AM","75 min.","Adelaide","Free Flow","","Sauna...",10,17,7,25
"03/12/2025","10:15 AM","75 min.","Adelaide","Free Flow","","Sauna....",8,17,9,34
"03/12/2025","12:00 PM","75 min.","Adelaide","Guided Down: Pure Presence","","Sauna",22,32,10,44
"03/12/2025","2:00 PM","75 min.","Adelaide","Free Flow","","Sauna....",9,17,8,52
"03/12/2025","2:30 PM","75 min.","Adelaide","Free Flow","","Sauna..",12,17,5,57
"03/12/2025","3:00 PM","75 min.","Adelaide","Free Flow","","Sauna",12,17,5,62
"03/12/2025","3:30 PM","75 min.","Adelaide","Free Flow","","Sauna.",3,17,14,76
"03/12/2025","7:15 PM","75 min.","Adelaide","Guided Down: Pure Presence","","Sauna",,,,76
"03/12/2025","9:00 PM","75 min.","Adelaide","Free Flow","","Sauna",0,25,25,101
"03/12/2025","9:30 PM","75 min.","Adelaide","Free Flow","","Sauna..",0,25,25,126
"03/12/2025","10:30 PM","75 min.","Adelaide","Free Flow","","Sauna",12,20,8,134
"03/13/2025","7:00 AM","75 min.","Adelaide","Guided All Around: Heart Opener","","Sauna",26,32,6,6
"03/13/2025","8:30 AM","75 min.","Adelaide","Free Flow","","Sauna...",7,17,10,16
"03/13/2025","9:00 AM","75 min.","Adelaide","Free Flow","","Sauna....",14,17,3,19
"03/13/2025","9:30 AM","75 min.","Adelaide","Free Flow","","Sauna",13,17,4,23
"03/13/2025","10:00 AM","75 min.","Adelaide","Free Flow","","Sauna.",14,17,3,26
"03/13/2025","10:15 AM","75 min.","Adelaide","Free Flow","","Sauna..",14,17,3,29
"03/13/2025","12:00 PM","75 min.","Adelaide","Guided All Around: Journey Through the Elements","","Sauna",21,32,11,40
"03/13/2025","2:00 PM","75 min.","Adelaide","Free Flow","","Sauna...",5,17,12,52
"03/13/2025","2:30 PM","75 min.","Adelaide","Free Flow","","Sauna....",5,17,12,64
"03/13/2025","3:00 PM","75 min.","Adelaide","Free Flow","","Sauna",7,17,10,74
"03/13/2025","3:30 PM","75 min.","Adelaide","Free Flow","","Sauna.",9,17,8,82
"03/13/2025","4:00 PM","75 min.","Adelaide","Free Flow","","Sauna..",10,17,7,89
"03/13/2025","4:30 PM","75 min.","Adelaide","Free Flow","","Sauna...",2,17,15,104
"03/13/2025","5:00 PM","75 min.","Adelaide","Free Flow","","Sauna....",2,17,15,119
"03/13/2025","5:30 PM","75 min.","Adelaide","Lively Free Flow","","Sauna",1,17,16,135
"03/13/2025","7:15 PM","75 min.","Adelaide","Guided All Around: Loving Kindness","","Sauna",1,32,31,166
"03/13/2025","9:00 PM","120 min.","Adelaide","Social","","Sauna",,,,166
"03/13/2025","9:30 PM","120 min.","Adelaide","Social","","Sauna..",2,25,23,189
"03/14/2025","7:00 AM","75 min.","Adelaide","Guided Down: Unwind","","Sauna",24,32,8,8
"03/14/2025","8:30 AM","75 min.","Adelaide","Free Flow","","Sauna",5,17,12,20
"03/14/2025","9:00 AM","75 min.","Adelaide","Free Flow","","Sauna.",15,17,2,22
"03/14/2025","9:30 AM","75 min.","Adelaide","Free Flow","","Sauna..",4,17,13,35
"03/14/2025","10:00 AM","75 min.","Adelaide","Free Flow","","Sauna...",2,17,15,50
"03/14/2025","10:15 AM","75 min.","Adelaide","Free Flow","","Sauna....",0,15,15,65
"03/14/2025","12:00 PM","75 min.","Adelaide","Guided All Around: Release","","Sauna",8,32,24,89
"03/14/2025","2:00 PM","75 min.","Adelaide","Free Flow","","Sauna....",1,17,16,105
"03/14/2025","2:30 PM","75 min.","Adelaide","Free Flow","","Sauna...",8,17,9,114
"03/14/2025","3:00 PM","75 min.","Adelaide","Free Flow","","Sauna",11,15,4,118
"03/14/2025","3:30 PM","75 min.","Adelaide","Free Flow","","Sauna.",10,17,7,125
"03/14/2025","4:00 PM","75 min.","Adelaide","Free Flow","","Sauna..",6,17,11,136
"03/14/2025","4:30 PM","75 min.","Adelaide","Free Flow","","Sauna",2,15,13,149
"03/14/2025","5:00 PM","75 min.","Adelaide","Free Flow","","Sauna.",0,17,17,166
"03/14/2025","5:30 PM","75 min.","Adelaide","Free Flow","","Sauna..",2,17,15,181
"03/14/2025","7:15 PM","75 min.","Adelaide","Guided Up: Awakening","","Sauna",,,,181
"03/14/2025","9:00 PM","120 min.","Adelaide","Social","","Sauna",,,,181
"03/14/2025","9:30 PM","120 min.","Adelaide","Social","","Sauna.",0,25,25,206
"03/15/2025","8:00 AM","75 min.","Adelaide","Guided Down: Deep Stretch","","Sauna",13,30,17,17
"03/15/2025","9:45 AM","75 min.","Adelaide","Guided Down: Rose, Thorn, Bud","","Sauna",13,32,19,36
"03/15/2025","11:30 AM","75 min.","Adelaide","Guided All Around: Reflect","","Sauna",2,32,30,66
"03/15/2025","1:15 PM","75 min.","Adelaide","Guided All Around: Journey Through the Elements","","Sauna",5,32,27,93
"03/15/2025","3:00 PM","75 min.","Adelaide","Lively Free Flow","","Sauna",0,25,25,118
"03/15/2025","3:30 PM","75 min.","Adelaide","Lively Free Flow","","Sauna..",1,16,15,133
"03/15/2025","4:00 PM","75 min.","Adelaide","Lively Free Flow","","Sauna.",0,10,10,143
"03/15/2025","4:30 PM","75 min.","Adelaide","Lively Free Flow","","Sauna...",0,25,25,168
"03/15/2025","5:00 PM","75 min.","Adelaide","Lively Free Flow","","Sauna",0,16,16,184
"03/15/2025","5:30 PM","75 min.","Adelaide","Lively Free Flow","","Sauna.",0,10,10,194
"03/15/2025","6:00 PM","75 min.","Adelaide","Lively Free Flow","","Sauna...",1,25,24,218
"03/15/2025","7:45 PM","75 min.","Adelaide","Guided All Around: Loving Kindness","","Sauna",1,32,31,249
"03/15/2025","9:30 PM","120 min.","Adelaide","Social","","Sauna",9,25,16,265
"03/15/2025","9:45 PM","120 min.","Adelaide","Social","","Sauna..",17,26,9,274
"03/16/2025","7:00 AM","75 min.","Adelaide","Quieter Free Flow","","Sauna",16,30,14,14
"03/16/2025","8:30 AM","75 min.","Adelaide","Free Flow","","Sauna",16,30,14,28
"03/16/2025","10:15 AM","75 min.","Adelaide","Guided Down: Pure Presence","","Sauna",1,32,31,59
"03/16/2025","12:00 PM","75 min.","Adelaide","Guided Down: Sound Immersion","","Sauna",2,32,30,89
"03/16/2025","2:00 PM","75 min.","Adelaide","Lively Free Flow","","Sauna",0,25,25,114
"03/16/2025","2:30 PM","75 min.","Adelaide","Lively Free Flow","","Sauna.",0,12,12,126
"03/16/2025","3:00 PM","75 min.","Adelaide","Lively Free Flow","","Sauna...",0,10,10,136
"03/16/2025","3:30 PM","75 min.","Adelaide","Lively Free Flow","","Sauna..",7,25,18,154
"03/16/2025","4:00 PM","75 min.","Adelaide","Lively Free Flow","","Sauna.",0,12,12,166
"03/16/2025","4:30 PM","75 min.","Adelaide","Lively Free Flow","","Sauna",0,10,10,176
"03/16/2025","5:00 PM","75 min.","Adelaide","Lively Free Flow","","Sauna...",1,25,24,200
"03/16/2025","5:30 PM","75 min.","Adelaide","Lively Free Flow","","Sauna.",1,12,11,211
"03/16/2025","7:15 PM","75 min.","Adelaide","Guided Down: Untangle","","Sauna",,,,211
"03/16/2025","9:00 PM","75 min.","Adelaide","Free Flow","","Sauna",0,25,25,236
"03/16/2025","9:15 PM","75 min.","Adelaide","Free Flow","","Sauna.",0,20,20,256
"03/16/2025","10:15 PM","75 min.","Adelaide","Free Flow","","Sauna...",13,20,7,263
"03/16/2025","10:30 PM","75 min.","Adelaide","Free Flow","","Sauna",8,20,12,275
"03/03/2025","7:00 AM","75 min.","Adelaide","Quieter Free Flow","","Sauna",11,17,6,6
"03/03/2025","7:30 AM","75 min.","Adelaide","Quieter Free Flow","","Sauna.",8,17,9,15
"03/03/2025","8:00 AM","75 min.","Adelaide","Quieter Free Flow","","Sauna..",15,17,2,17
"03/03/2025","8:30 AM","75 min.","Adelaide","Quieter Free Flow","","Sauna",15,17,2,19
"03/03/2025","9:00 AM","75 min.","Adelaide","Quieter Free Flow","","Sauna.",12,17,5,24
"03/03/2025","9:30 AM","75 min.","Adelaide","Quieter Free Flow","","Sauna..",14,17,3,27
"03/03/2025","10:00 AM","75 min.","Adelaide","Quieter Free Flow","","Sauna",11,17,6,33
"03/03/2025","10:15 AM","75 min.","Adelaide","Quieter Free Flow","","Sauna....",11,17,6,39
"03/03/2025","12:00 PM","75 min.","Adelaide","Guided All Around: Reset","","Sauna",18,32,14,53
"03/03/2025","2:00 PM","75 min.","Adelaide","Free Flow","","Sauna",13,17,4,57
"03/03/2025","2:30 PM","75 min.","Adelaide","Free Flow","","Sauna...",13,17,4,61
"03/03/2025","3:00 PM","75 min.","Adelaide","Free Flow","","Sauna.",7,17,10,71
"03/03/2025","3:30 PM","75 min.","Adelaide","Free Flow","","Sauna..",0,17,17,88
"03/03/2025","5:30 PM","75 min.","Adelaide","Guided Down: Deep Stretch","","Sauna",12,31,19,107
"03/03/2025","7:15 PM","75 min.","Adelaide","Guided Down: Self-Care Sweat","","Sauna",1,32,31,138
"03/03/2025","9:00 PM","75 min.","Adelaide","Guided All Around: Loving Kindness","","Sauna",13,32,19,157
"03/04/2025","7:00 AM","75 min.","Adelaide","Guided Up: Arctic Tundra","","Sauna",19,32,13,13
"03/04/2025","8:30 AM","75 min.","Adelaide","Quieter Free Flow","","Sauna...",13,17,4,17
"03/04/2025","9:00 AM","75 min.","Adelaide","Quieter Free Flow","","Sauna....",14,17,3,20
"03/04/2025","9:30 AM","75 min.","Adelaide","Quieter Free Flow","","Sauna",8,17,9,29
"03/04/2025","10:00 AM","75 min.","Adelaide","Quieter Free Flow","","Sauna.",10,17,7,36
"03/04/2025","10:15 AM","75 min.","Adelaide","Quieter Free Flow","","Sauna....",10,17,7,43
"03/04/2025","12:00 PM","75 min.","Adelaide","Free Flow","","Sauna",29,32,3,46
"03/04/2025","1:45 PM","75 min.","Adelaide","Guided Down: Self-Care Sweat","","Sauna",22,32,10,56
"03/04/2025","3:30 PM","75 min.","Adelaide","Free Flow","","Sauna..",17,26,9,65
"03/04/2025","3:45 PM","75 min.","Adelaide","Free Flow","","Sauna.",11,25,14,79
"03/04/2025","5:30 PM","75 min.","Adelaide","Guided Up: Feel Good Now","","Sauna",14,32,18,97
"03/04/2025","7:15 PM","75 min.","Adelaide","Guided All Around: Hero's Journey","","Sauna",,,,97
"03/04/2025","9:00 PM","75 min.","Adelaide","Free Flow","","Sauna..",0,26,26,123
"03/04/2025","9:30 PM","75 min.","Adelaide","Free Flow","","Sauna.",1,25,24,147
"03/04/2025","10:30 PM","75 min.","Adelaide","Free Flow","","Sauna",16,25,9,156
"03/05/2025","7:00 AM","75 min.","Adelaide","Guided Down: Deep Stretch","","Sauna",24,30,6,6
"03/05/2025","8:30 AM","75 min.","Adelaide","Free Flow","","Sauna",14,17,3,9
"03/05/2025","9:00 AM","75 min.","Adelaide","Free Flow","","Sauna.",14,17,3,12
"03/05/2025","9:30 AM","75 min.","Adelaide","Free Flow","","Sauna..",13,17,4,16
"03/05/2025","10:00 AM","75 min.","Adelaide","Free Flow","","Sauna...",13,17,4,20
"03/05/2025","10:15 AM","75 min.","Adelaide","Free Flow","","Sauna....",12,17,5,25
"03/05/2025","12:00 PM","75 min.","Adelaide","Guided All Around: Release","","Sauna",20,32,12,37
"03/05/2025","2:00 PM","75 min.","Adelaide","Free Flow","","Sauna....",12,17,5,42
"03/05/2025","2:30 PM","75 min.","Adelaide","Free Flow","","Sauna..",10,17,7,49
"03/05/2025","3:00 PM","75 min.","Adelaide","Free Flow","","Sauna",15,17,2,51
"03/05/2025","3:30 PM","75 min.","Adelaide","Free Flow","","Sauna.",14,17,3,54
"03/05/2025","4:00 PM","75 min.","Adelaide","Free Flow","","Sauna..",8,17,9,63
"03/05/2025","4:30 PM","75 min.","Adelaide","Free Flow","","Sauna...",6,17,11,74
"03/05/2025","5:00 PM","75 min.","Adelaide","Free Flow","","Sauna....",2,17,15,89
"03/05/2025","5:30 PM","75 min.","Adelaide","Lively Free Flow","","Sauna",1,17,16,105
"03/05/2025","7:15 PM","75 min.","Adelaide","Guided Down: Pure Presence","","Sauna",,,,105
"03/05/2025","9:00 PM","75 min.","Adelaide","Free Flow","","Sauna",0,26,26,131
"03/05/2025","9:30 PM","75 min.","Adelaide","Free Flow","","Sauna..",7,25,18,149
"03/05/2025","10:30 PM","75 min.","Adelaide","Free Flow","","Sauna",17,25,8,157
"03/06/2025","7:00 AM","75 min.","Adelaide","Guided All Around: Heart Opener","","Sauna",23,32,9,9
"03/06/2025","8:30 AM","75 min.","Adelaide","Free Flow","","Sauna...",15,17,2,11
"03/06/2025","9:00 AM","75 min.","Adelaide","Free Flow","","Sauna....",3,17,14,25
"03/06/2025","9:30 AM","75 min.","Adelaide","Free Flow","","Sauna",14,17,3,28
"03/06/2025","10:00 AM","75 min.","Adelaide","Free Flow","","Sauna.",13,17,4,32
"03/06/2025","10:15 AM","75 min.","Adelaide","Free Flow","","Sauna..",13,17,4,36
"03/06/2025","12:00 PM","75 min.","Adelaide","Guided Down: Unwind","","Sauna",23,32,9,45
"03/06/2025","2:00 PM","75 min.","Adelaide","Free Flow","","Sauna...",11,17,6,51
"03/06/2025","2:30 PM","75 min.","Adelaide","Free Flow","","Sauna....",14,17,3,54
"03/06/2025","3:00 PM","75 min.","Adelaide","Free Flow","","Sauna",13,17,4,58
"03/06/2025","3:30 PM","75 min.","Adelaide","Free Flow","","Sauna.",11,17,6,64
"03/06/2025","4:00 PM","75 min.","Adelaide","Free Flow","","Sauna..",11,17,6,70
"03/06/2025","4:30 PM","75 min.","Adelaide","Free Flow","","Sauna...",11,17,6,76
"03/06/2025","5:00 PM","75 min.","Adelaide","Free Flow","","Sauna....",4,17,13,89
"03/06/2025","5:30 PM","75 min.","Adelaide","Lively Free Flow","","Sauna",0,17,17,106
"03/06/2025","7:15 PM","75 min.","Adelaide","Guided All Around: Reset","","Sauna",,,,106
"03/06/2025","9:00 PM","120 min.","Adelaide","Social","","Sauna",1,26,25,131
"03/06/2025","9:30 PM","120 min.","Adelaide","Social","","Sauna..",9,25,16,147
"03/07/2025","7:00 AM","75 min.","Adelaide","Guided Up: Awakening","","Sauna",26,32,6,6
"03/07/2025","8:30 AM","75 min.","Adelaide","Free Flow","","Sauna",8,17,9,15
"03/07/2025","9:00 AM","75 min.","Adelaide","Free Flow","","Sauna.",12,17,5,20
"03/07/2025","9:30 AM","75 min.","Adelaide","Free Flow","","Sauna..",15,17,2,22
"03/07/2025","10:00 AM","75 min.","Adelaide","Free Flow","","Sauna...",9,17,8,30
"03/07/2025","10:15 AM","75 min.","Adelaide","Free Flow","","Sauna....",8,15,7,37
"03/07/2025","12:00 PM","75 min.","Adelaide","Guided Down: Self-Care Sweat","","Sauna",16,32,16,53
"03/07/2025","2:00 PM","75 min.","Adelaide","Free Flow","","Sauna....",6,17,11,64
"03/07/2025","2:30 PM","75 min.","Adelaide","Free Flow","","Sauna...",7,17,10,74
"03/07/2025","3:00 PM","75 min.","Adelaide","Free Flow","","Sauna",10,15,5,79
"03/07/2025","3:30 PM","75 min.","Adelaide","Free Flow","","Sauna.",3,17,14,93
"03/07/2025","4:00 PM","75 min.","Adelaide","Free Flow","","Sauna..",3,17,14,107
"03/07/2025","4:30 PM","75 min.","Adelaide","Free Flow","","Sauna",1,15,14,121
"03/07/2025","5:00 PM","75 min.","Adelaide","Free Flow","","Sauna.",1,17,16,137
"03/07/2025","5:30 PM","75 min.","Adelaide","Free Flow","","Sauna..",1,17,16,153
"03/07/2025","7:15 PM","75 min.","Adelaide","Guided All Around: Release","","Sauna",,,,153
"03/07/2025","9:00 PM","120 min.","Adelaide","Social","","Sauna",,,,153
"03/07/2025","9:30 PM","120 min.","Adelaide","Social","","Sauna.",4,25,21,174
"03/08/2025","8:00 AM","75 min.","Adelaide","Guided Down: Self-Care Sweat","","Sauna",11,32,21,21
"03/08/2025","9:45 AM","75 min.","Adelaide","Guided Down: Rose, Thorn, Bud","","Sauna",11,32,21,42
"03/08/2025","11:30 AM","75 min.","Adelaide","Guided Down: Deep Stretch","","Sauna",1,30,29,71
"03/08/2025","1:15 PM","75 min.","Adelaide","Guided All Around: Journey Through the Elements","","Sauna",2,32,30,101
"03/08/2025","3:00 PM","75 min.","Adelaide","Lively Free Flow","","Sauna",0,25,25,126
"03/08/2025","3:30 PM","75 min.","Adelaide","Lively Free Flow","","Sauna..",1,16,15,141
"03/08/2025","4:00 PM","75 min.","Adelaide","Lively Free Flow","","Sauna.",0,10,10,151
"03/08/2025","4:30 PM","75 min.","Adelaide","Lively Free Flow","","Sauna...",1,25,24,175
"03/08/2025","5:00 PM","75 min.","Adelaide","Lively Free Flow","","Sauna",0,16,16,191
"03/08/2025","5:30 PM","75 min.","Adelaide","Lively Free Flow","","Sauna.",0,10,10,201
"03/08/2025","6:00 PM","75 min.","Adelaide","Lively Free Flow","","Sauna...",0,25,25,226
"03/08/2025","7:45 PM","75 min.","Adelaide","Guided Down: Sound Immersion","","Sauna",2,32,30,256
"03/08/2025","9:30 PM","120 min.","Adelaide","Social","","Sauna",1,25,24,280
"03/08/2025","9:45 PM","120 min.","Adelaide","Social","","Sauna..",1,26,25,305
"03/09/2025","7:00 AM","75 min.","Adelaide","Quieter Free Flow","","Sauna",22,30,8,8
"03/09/2025","8:30 AM","75 min.","Adelaide","Free Flow","","Sauna",7,30,23,31
"03/09/2025","10:15 AM","75 min.","Adelaide","Guided Down: Rose, Thorn, Bud","","Sauna",6,32,26,57
"03/09/2025","12:00 PM","75 min.","Adelaide","Guided Down: Sound Immersion","","Sauna",4,32,28,85
"03/09/2025","2:00 PM","75 min.","Adelaide","Lively Free Flow","","Sauna",3,25,22,107
"03/09/2025","2:30 PM","75 min.","Adelaide","Lively Free Flow","","Sauna.",0,12,12,119
"03/09/2025","3:00 PM","75 min.","Adelaide","Lively Free Flow","","Sauna...",0,10,10,129
"03/09/2025","3:30 PM","75 min.","Adelaide","Lively Free Flow","","Sauna..",0,25,25,154
"03/09/2025","4:00 PM","75 min.","Adelaide","Lively Free Flow","","Sauna.",0,12,12,166
"03/09/2025","4:30 PM","75 min.","Adelaide","Lively Free Flow","","Sauna",0,10,10,176
"03/09/2025","5:00 PM","75 min.","Adelaide","Lively Free Flow","","Sauna...",2,25,23,199
"03/09/2025","5:30 PM","75 min.","Adelaide","Lively Free Flow","","Sauna.",1,12,11,210
"03/09/2025","7:15 PM","75 min.","Adelaide","Guided Down: Untangle","","Sauna",1,32,31,241
"03/09/2025","9:00 PM","75 min.","Adelaide","Free Flow","","Sauna",13,25,12,253
"03/09/2025","9:15 PM","75 min.","Adelaide","Free Flow","","Sauna.",10,20,10,263
"03/09/2025","10:15 PM","75 min.","Adelaide","Free Flow","","Sauna..",12,20,8,271
"03/09/2025","10:30 PM","75 min.","Adelaide","Free Flow","","Sauna",7,20,13,284
"02/24/2025","7:00 AM","75 min.","Adelaide","Quieter Free Flow","","Sauna",13,17,4,4
"02/24/2025","7:30 AM","75 min.","Adelaide","Quieter Free Flow","","Sauna.",12,17,5,9
"02/24/2025","8:00 AM","75 min.","Adelaide","Quieter Free Flow","","Sauna..",11,17,6,15
"02/24/2025","8:30 AM","75 min.","Adelaide","Quieter Free Flow","","Sauna",15,17,2,17
"02/24/2025","9:00 AM","75 min.","Adelaide","Quieter Free Flow","","Sauna.",11,17,6,23
"02/24/2025","9:30 AM","75 min.","Adelaide","Quieter Free Flow","","Sauna..",14,17,3,26
"02/24/2025","10:00 AM","75 min.","Adelaide","Quieter Free Flow","","Sauna",13,17,4,30
"02/24/2025","10:15 AM","75 min.","Adelaide","Quieter Free Flow","","Sauna....",6,17,11,41
"02/24/2025","12:00 PM","75 min.","Adelaide","Guided All Around: Journey Through the Elements","","Sauna",20,36,16,57
"02/24/2025","2:00 PM","75 min.","Adelaide","Free Flow","","Sauna",5,17,12,69
"02/24/2025","2:30 PM","75 min.","Adelaide","Free Flow","","Sauna...",15,17,2,71
"02/24/2025","3:00 PM","75 min.","Adelaide","Free Flow","","Sauna.",8,17,9,80
"02/24/2025","3:30 PM","75 min.","Adelaide","Free Flow","","Sauna..",4,17,13,93
"02/24/2025","5:30 PM","75 min.","Adelaide","Guided All Around: Journey Through the Elements","","Sauna",10,36,26,119
"02/24/2025","7:15 PM","75 min.","Adelaide","Guided All Around: Loving Kindness","","Sauna",,,,119
"02/24/2025","9:00 PM","75 min.","Adelaide","Guided Down: Pure Presence","","Sauna",3,36,33,152
"02/25/2025","7:00 AM","75 min.","Adelaide","Guided Up: Arctic Tundra","","Sauna",25,32,7,7
"02/25/2025","8:30 AM","75 min.","Adelaide","Quieter Free Flow","","Sauna...",12,17,5,12
"02/25/2025","9:00 AM","75 min.","Adelaide","Quieter Free Flow","","Sauna....",14,17,3,15
"02/25/2025","9:30 AM","75 min.","Adelaide","Quieter Free Flow","","Sauna",12,17,5,20
"02/25/2025","10:00 AM","75 min.","Adelaide","Quieter Free Flow","","Sauna.",12,17,5,25
"02/25/2025","10:15 AM","75 min.","Adelaide","Quieter Free Flow","","Sauna....",13,17,4,29
"02/25/2025","12:00 PM","75 min.","Adelaide","Guided Down: Sound Immersion","","Sauna",25,36,11,40
"02/25/2025","1:45 PM","75 min.","Adelaide","Guided All Around: Reset","","Sauna",26,36,10,50
"02/25/2025","3:30 PM","75 min.","Adelaide","Free Flow","","Sauna..",12,26,14,64
"02/25/2025","3:45 PM","75 min.","Adelaide","Free Flow","","Sauna.",18,25,7,71
"02/25/2025","5:30 PM","75 min.","Adelaide","Guided All Around: Release","","Sauna",19,36,17,88
"02/25/2025","7:15 PM","75 min.","Adelaide","Guided Down: Untangle","","Sauna",,,,88
"02/25/2025","9:00 PM","75 min.","Adelaide","Free Flow","","Sauna..",0,26,26,114
"02/25/2025","9:30 PM","75 min.","Adelaide","Free Flow","","Sauna.",,,,114
"02/25/2025","10:30 PM","75 min.","Adelaide","Free Flow","","Sauna",0,25,25,139
"02/26/2025","7:00 AM","75 min.","Adelaide","Guided Down: Deep Stretch","","Sauna",24,31,7,7
"02/26/2025","8:30 AM","75 min.","Adelaide","Free Flow","","Sauna",9,17,8,15
"02/26/2025","9:00 AM","75 min.","Adelaide","Free Flow","","Sauna.",13,17,4,19
"02/26/2025","9:30 AM","75 min.","Adelaide","Free Flow","","Sauna..",11,17,6,25
"02/26/2025","10:00 AM","75 min.","Adelaide","Free Flow","","Sauna...",14,17,3,28
"02/26/2025","10:15 AM","75 min.","Adelaide","Free Flow","","Sauna....",9,17,8,36
"02/26/2025","12:00 PM","75 min.","Adelaide","Guided Down: Deep Stretch","","Sauna",12,32,20,56
"02/26/2025","2:00 PM","75 min.","Adelaide","Free Flow","","Sauna....",2,17,15,71
"02/26/2025","2:30 PM","75 min.","Adelaide","Free Flow","","Sauna..",8,17,9,80
"02/26/2025","3:00 PM","75 min.","Adelaide","Free Flow","","Sauna",12,17,5,85
"02/26/2025","3:30 PM","75 min.","Adelaide","Free Flow","","Sauna.",13,17,4,89
"02/26/2025","4:00 PM","75 min.","Adelaide","Free Flow","","Sauna..",9,17,8,97
"02/26/2025","4:30 PM","75 min.","Adelaide","Free Flow","","Sauna...",6,17,11,108
"02/26/2025","5:00 PM","75 min.","Adelaide","Free Flow","","Sauna....",1,17,16,124
"02/26/2025","5:30 PM","75 min.","Adelaide","Lively Free Flow","","Sauna",1,17,16,140
"02/26/2025","7:15 PM","75 min.","Adelaide","Guided All Around: Heart Opener","","Sauna",,,,140
"02/26/2025","9:00 PM","75 min.","Adelaide","Othership BIPOC Night Deep Stretch","","Private",8,32,24,164
"02/27/2025","7:00 AM","75 min.","Adelaide","Guided Down: Senses","","Sauna",30,36,6,6
"02/27/2025","8:30 AM","75 min.","Adelaide","Free Flow","","Sauna...",6,17,11,17
"02/27/2025","9:00 AM","75 min.","Adelaide","Free Flow","","Sauna....",16,17,1,18
"02/27/2025","9:30 AM","75 min.","Adelaide","Free Flow","","Sauna",6,17,11,29
"02/27/2025","10:00 AM","75 min.","Adelaide","Free Flow","","Sauna.",13,17,4,33
"02/27/2025","10:15 AM","75 min.","Adelaide","Free Flow","","Sauna..",9,17,8,41
"02/27/2025","12:00 PM","75 min.","Adelaide","Guided All Around: Journey Through the Elements","","Sauna",24,36,12,53
"02/27/2025","3:30 PM","75 min.","Adelaide","Free Flow","","Sauna.",1,17,16,69
"02/27/2025","4:00 PM","75 min.","Adelaide","Free Flow","","Sauna..",7,17,10,79
"02/27/2025","4:30 PM","75 min.","Adelaide","Free Flow","","Sauna...",3,17,14,93
"02/27/2025","5:00 PM","75 min.","Adelaide","Free Flow","","Sauna....",0,17,17,110
"02/27/2025","5:30 PM","75 min.","Adelaide","Lively Free Flow","","Sauna",0,17,17,127
"02/27/2025","7:15 PM","75 min.","Adelaide","Guided All Around: Loving Kindness","","Sauna",2,36,34,161
"02/27/2025","9:00 PM","120 min.","Adelaide","Social","","Sauna",,,,161
"02/27/2025","9:30 PM","120 min.","Adelaide","Social","","Sauna..",0,25,25,186
"02/28/2025","7:00 AM","75 min.","Adelaide","Guided All Around: Reset","","Sauna",28,36,8,8
"02/28/2025","8:30 AM","75 min.","Adelaide","Free Flow","","Sauna",6,17,11,19
"02/28/2025","9:00 AM","75 min.","Adelaide","Free Flow","","Sauna.",11,17,6,25
"02/28/2025","9:30 AM","75 min.","Adelaide","Free Flow","","Sauna..",9,17,8,33
"02/28/2025","10:00 AM","75 min.","Adelaide","Free Flow","","Sauna...",8,17,9,42
"02/28/2025","10:15 AM","75 min.","Adelaide","Free Flow","","Sauna....",6,15,9,51
"02/28/2025","12:00 PM","75 min.","Adelaide","Guided Down: Self-Care Sweat","","Sauna",13,34,21,72
"02/28/2025","2:00 PM","75 min.","Adelaide","Free Flow","","Sauna....",4,17,13,85
"02/28/2025","2:30 PM","75 min.","Adelaide","Free Flow","","Sauna...",7,17,10,95
"02/28/2025","3:00 PM","75 min.","Adelaide","Free Flow","","Sauna",9,15,6,101
"02/28/2025","3:30 PM","75 min.","Adelaide","Free Flow","","Sauna.",8,17,9,110
"02/28/2025","4:00 PM","75 min.","Adelaide","Free Flow","","Sauna..",11,17,6,116
"02/28/2025","4:30 PM","75 min.","Adelaide","Free Flow","","Sauna",4,15,11,127
"02/28/2025","5:00 PM","75 min.","Adelaide","Free Flow","","Sauna.",1,17,16,143
"02/28/2025","5:30 PM","75 min.","Adelaide","Free Flow","","Sauna..",0,17,17,160
"02/28/2025","7:15 PM","75 min.","Adelaide","Guided Up: Awakening","","Sauna",4,36,32,192
"02/28/2025","9:00 PM","120 min.","Adelaide","Social","","Sauna",1,26,25,217
"02/28/2025","9:30 PM","120 min.","Adelaide","Social","","Sauna.",4,25,21,238
"03/01/2025","8:00 AM","75 min.","Adelaide","Guided Up: Feel Good Now","","Sauna",19,36,17,17
"03/01/2025","9:45 AM","75 min.","Adelaide","Guided All Around: Reset","","Sauna",14,36,22,39
"03/01/2025","11:30 AM","75 min.","Adelaide","Guided Down: Pure Presence","","Sauna",5,36,31,70
"03/01/2025","1:15 PM","75 min.","Adelaide","Guided Down: Rose, Thorn, Bud","","Sauna",,,,70
"03/01/2025","3:00 PM","75 min.","Adelaide","Lively Free Flow","","Sauna",1,25,24,94
"03/01/2025","3:30 PM","75 min.","Adelaide","Lively Free Flow","","Sauna..",3,16,13,107
"03/01/2025","4:00 PM","75 min.","Adelaide","Lively Free Flow","","Sauna.",2,10,8,115
"03/01/2025","4:30 PM","75 min.","Adelaide","Lively Free Flow","","Sauna...",4,25,21,136
"03/01/2025","5:00 PM","75 min.","Adelaide","Lively Free Flow","","Sauna",6,16,10,146
"03/01/2025","5:30 PM","75 min.","Adelaide","Lively Free Flow","","Sauna.",0,10,10,156
"03/01/2025","6:00 PM","75 min.","Adelaide","Lively Free Flow","","Sauna...",0,25,25,181
"03/01/2025","7:45 PM","75 min.","Adelaide","Guided All Around: Loving Kindness","","Sauna",2,36,34,215
"03/01/2025","9:30 PM","120 min.","Adelaide","Beat Drop: DJ Takeover","","Sauna",,,,215
"03/01/2025","9:45 PM","120 min.","Adelaide","Beat Drop: DJ Takeover","","Sauna..",2,26,24,239
"03/02/2025","7:00 AM","75 min.","Adelaide","Quieter Free Flow","","Sauna",13,30,17,17
"03/02/2025","8:30 AM","75 min.","Adelaide","Free Flow","","Sauna",3,30,27,44
"03/02/2025","10:15 AM","75 min.","Adelaide","Guided Down: Self-Care Sweat","","Sauna",1,34,33,77
"03/02/2025","12:00 PM","75 min.","Adelaide","Guided Down: Sound Immersion","","Sauna",,,,77
"03/02/2025","2:00 PM","75 min.","Adelaide","Lively Free Flow","","Sauna",1,25,24,101
"03/02/2025","2:30 PM","75 min.","Adelaide","Lively Free Flow","","Sauna.",0,12,12,113
"03/02/2025","3:00 PM","75 min.","Adelaide","Lively Free Flow","","Sauna...",0,10,10,123
"03/02/2025","3:30 PM","75 min.","Adelaide","Lively Free Flow","","Sauna..",1,25,24,147
"03/02/2025","4:00 PM","75 min.","Adelaide","Lively Free Flow","","Sauna.",0,12,12,159
"03/02/2025","4:30 PM","75 min.","Adelaide","Lively Free Flow","","Sauna",0,10,10,169
"03/02/2025","5:00 PM","75 min.","Adelaide","Lively Free Flow","","Sauna...",0,25,25,194
"03/02/2025","5:30 PM","75 min.","Adelaide","Lively Free Flow","","Sauna.",0,12,12,206
"03/02/2025","7:15 PM","75 min.","Adelaide","Guided Down: Untangle","","Sauna",,,,206
"03/02/2025","9:00 PM","75 min.","Adelaide","Free Flow","","Sauna",4,26,22,228
"03/02/2025","9:30 PM","75 min.","Adelaide","Free Flow","","Sauna.",19,25,6,234
"03/02/2025","10:30 PM","75 min.","Adelaide","Free Flow","","Sauna",15,25,10,244
"02/17/2025","7:00 AM","75 min.","Adelaide","Free Flow","","Sauna",14,17,3,3
"02/17/2025","7:30 AM","75 min.","Adelaide","Free Flow","","Sauna.",12,17,5,8
"02/17/2025","8:00 AM","75 min.","Adelaide","Free Flow","","Sauna..",4,17,13,21
"02/17/2025","8:30 AM","75 min.","Adelaide","Free Flow","","Sauna",13,17,4,25
"02/17/2025","9:00 AM","75 min.","Adelaide","Free Flow","","Sauna.",6,17,11,36
"02/17/2025","9:30 AM","75 min.","Adelaide","Free Flow","","Sauna..",1,17,16,52
"02/17/2025","10:00 AM","75 min.","Adelaide","Free Flow","","Sauna",0,17,17,69
"02/17/2025","10:15 AM","75 min.","Adelaide","Free Flow","","Sauna....",1,17,16,85
"02/17/2025","12:00 PM","75 min.","Adelaide","Guided All Around: Reset","","Sauna",2,36,34,119
"02/17/2025","2:00 PM","75 min.","Adelaide","Lively Free Flow","","Sauna",1,17,16,135
"02/17/2025","2:30 PM","75 min.","Adelaide","Lively Free Flow","","Sauna...",0,17,17,152
"02/17/2025","3:00 PM","75 min.","Adelaide","Lively Free Flow","","Sauna.",1,17,16,168
"02/17/2025","3:30 PM","75 min.","Adelaide","Lively Free Flow","","Sauna..",0,17,17,185
"02/17/2025","5:30 PM","75 min.","Adelaide","Guided Up: Self-Care Sweat","","Sauna",5,34,29,214
"02/17/2025","7:15 PM","75 min.","Adelaide","Guided All Around: Inner Power","","Sauna",1,36,35,249
"02/17/2025","9:00 PM","75 min.","Adelaide","Guided All Around: Loving Kindness","","Sauna",30,36,6,255
"02/18/2025","7:00 AM","75 min.","Adelaide","Guided Up: Arctic Tundra","","Sauna",26,36,10,10
"02/18/2025","8:30 AM","75 min.","Adelaide","Quieter Free Flow","","Sauna...",11,17,6,16
"02/18/2025","9:00 AM","75 min.","Adelaide","Quieter Free Flow","","Sauna....",14,17,3,19
"02/18/2025","9:30 AM","75 min.","Adelaide","Quieter Free Flow","","Sauna",15,17,2,21
"02/18/2025","10:00 AM","75 min.","Adelaide","Quieter Free Flow","","Sauna.",14,17,3,24
"02/18/2025","10:15 AM","75 min.","Adelaide","Quieter Free Flow","","Sauna....",8,17,9,33
"02/18/2025","12:00 PM","75 min.","Adelaide","Guided Down: Unwind","","Sauna",27,34,7,40
"02/18/2025","1:45 PM","75 min.","Adelaide","Guided Down: Self-Care Sweat","","Sauna",13,32,19,59
"02/18/2025","3:30 PM","75 min.","Adelaide","Free Flow","","Sauna..",9,26,17,76
"02/18/2025","3:45 PM","75 min.","Adelaide","Free Flow","","Sauna.",22,25,3,79
"02/18/2025","5:30 PM","75 min.","Adelaide","Guided Up: Feel Good Now","","Sauna",17,36,19,98
"02/18/2025","7:15 PM","75 min.","Adelaide","Guided Down: Sound Immersion","","Sauna",,,,98
"02/18/2025","9:00 PM","75 min.","Adelaide","Free Flow","","Sauna..",12,26,14,112
"02/18/2025","9:30 PM","75 min.","Adelaide","Free Flow","","Sauna.",1,25,24,136
"02/18/2025","10:30 PM","75 min.","Adelaide","Free Flow","","Sauna",19,25,6,142
"02/19/2025","7:00 AM","75 min.","Adelaide","Guided Down: Deep Stretch","","Sauna",26,31,5,5
"02/19/2025","8:30 AM","75 min.","Adelaide","Free Flow","","Sauna",14,17,3,8
"02/19/2025","9:00 AM","75 min.","Adelaide","Free Flow","","Sauna.",16,17,1,9
"02/19/2025","9:30 AM","75 min.","Adelaide","Free Flow","","Sauna..",14,17,3,12
"02/19/2025","10:00 AM","75 min.","Adelaide","Free Flow","","Sauna...",14,17,3,15
"02/19/2025","10:15 AM","75 min.","Adelaide","Free Flow","","Sauna....",14,17,3,18
"02/19/2025","12:00 PM","75 min.","Adelaide","Guided Down: Self-Care Sweat","","Sauna",23,34,11,29
"02/19/2025","2:00 PM","75 min.","Adelaide","Free Flow","","Sauna....",3,17,14,43
"02/19/2025","2:30 PM","75 min.","Adelaide","Free Flow","","Sauna..",11,17,6,49
"02/19/2025","3:00 PM","75 min.","Adelaide","Free Flow","","Sauna",9,17,8,57
"02/19/2025","3:30 PM","75 min.","Adelaide","Free Flow","","Sauna.",15,17,2,59
"02/19/2025","4:00 PM","75 min.","Adelaide","Free Flow","","Sauna..",13,17,4,63
"02/19/2025","4:30 PM","75 min.","Adelaide","Free Flow","","Sauna...",4,17,13,76
"02/19/2025","5:00 PM","75 min.","Adelaide","Free Flow","","Sauna....",4,17,13,89
"02/19/2025","5:30 PM","75 min.","Adelaide","Lively Free Flow","","Sauna",3,17,14,103
"02/19/2025","7:15 PM","75 min.","Adelaide","Guided All Around: Reset","","Sauna",12,36,24,127
"02/19/2025","9:00 PM","75 min.","Adelaide","Free Flow","","Sauna",13,26,13,140
"02/19/2025","9:30 PM","75 min.","Adelaide","Free Flow","","Sauna..",6,25,19,159
"02/19/2025","10:30 PM","75 min.","Adelaide","Free Flow","","Sauna",18,25,7,166
"02/20/2025","7:00 AM","75 min.","Adelaide","Guided Down: Rose, Thorn, Bud","","Sauna",25,36,11,11
"02/20/2025","8:30 AM","75 min.","Adelaide","Free Flow","","Sauna...",13,17,4,15
"02/20/2025","9:00 AM","75 min.","Adelaide","Free Flow","","Sauna....",16,17,1,16
"02/20/2025","9:30 AM","75 min.","Adelaide","Free Flow","","Sauna",16,17,1,17
"02/20/2025","10:00 AM","75 min.","Adelaide","Free Flow","","Sauna.",13,17,4,21
"02/20/2025","10:15 AM","75 min.","Adelaide","Free Flow","","Sauna..",15,17,2,23
"02/20/2025","12:00 PM","75 min.","Adelaide","Guided Up: Self-Care Sweat","","Sauna",14,36,22,45
"02/20/2025","2:00 PM","75 min.","Adelaide","Free Flow","","Sauna...",1,17,16,61
"02/20/2025","2:30 PM","75 min.","Adelaide","Free Flow","","Sauna....",11,17,6,67
"02/20/2025","3:00 PM","75 min.","Adelaide","Free Flow","","Sauna",14,17,3,70
"02/20/2025","3:30 PM","75 min.","Adelaide","Free Flow","","Sauna.",12,17,5,75
"02/20/2025","4:00 PM","75 min.","Adelaide","Free Flow","","Sauna..",5,17,12,87
"02/20/2025","4:30 PM","75 min.","Adelaide","Free Flow","","Sauna...",4,17,13,100
"02/20/2025","5:00 PM","75 min.","Adelaide","Free Flow","","Sauna....",1,17,16,116
"02/20/2025","5:30 PM","75 min.","Adelaide","Lively Free Flow","","Sauna",0,17,17,133
"02/20/2025","7:15 PM","90 min.","Adelaide","Guided All Around: Space for Women","","Sauna",7,36,29,162
"02/20/2025","9:15 PM","120 min.","Adelaide","Social","","Sauna",9,26,17,179
"02/20/2025","9:30 PM","120 min.","Adelaide","Social","","Sauna..",15,25,10,189
"02/21/2025","7:00 AM","75 min.","Adelaide","Guided Up: Awakening","","Sauna",35,36,1,1
"02/21/2025","8:30 AM","75 min.","Adelaide","Free Flow","","Sauna",11,17,6,7
"02/21/2025","9:00 AM","75 min.","Adelaide","Free Flow","","Sauna.",12,17,5,12
"02/21/2025","9:30 AM","75 min.","Adelaide","Free Flow","","Sauna..",12,17,5,17
"02/21/2025","10:00 AM","75 min.","Adelaide","Free Flow","","Sauna...",14,17,3,20
"02/21/2025","10:15 AM","75 min.","Adelaide","Free Flow","","Sauna....",9,15,6,26
"02/21/2025","12:00 PM","75 min.","Adelaide","Guided All Around: Release","","Sauna",25,36,11,37
"02/21/2025","2:00 PM","75 min.","Adelaide","Free Flow","","Sauna....",3,17,14,51
"02/21/2025","2:30 PM","75 min.","Adelaide","Free Flow","","Sauna...",4,17,13,64
"02/21/2025","3:00 PM","75 min.","Adelaide","Free Flow","","Sauna",7,15,8,72
"02/21/2025","3:30 PM","75 min.","Adelaide","Free Flow","","Sauna.",9,17,8,80
"02/21/2025","4:00 PM","75 min.","Adelaide","Free Flow","","Sauna..",15,17,2,82
"02/21/2025","4:30 PM","75 min.","Adelaide","Free Flow","","Sauna",0,15,15,97
"02/21/2025","5:00 PM","75 min.","Adelaide","Free Flow","","Sauna.",2,17,15,112
"02/21/2025","5:30 PM","75 min.","Adelaide","Free Flow","","Sauna..",0,17,17,129
"02/21/2025","7:15 PM","75 min.","Adelaide","Guided All Around: Release","","Sauna",3,36,33,162
"02/21/2025","9:00 PM","120 min.","Adelaide","Social","","Sauna",2,26,24,186
"02/21/2025","9:30 PM","120 min.","Adelaide","Social","","Sauna.",1,25,24,210
"02/22/2025","8:00 AM","75 min.","Adelaide","Guided All Around: Hardwiring Happiness","","Sauna",18,36,18,18
"02/22/2025","9:45 AM","75 min.","Adelaide","Guided Down: Senses","","Sauna",17,36,19,37
"02/22/2025","11:30 AM","75 min.","Adelaide","Guided Down: Deep Stretch","","Sauna",,,,37
"02/22/2025","1:15 PM","75 min.","Adelaide","Guided All Around: Loving Kindness","","Sauna",2,36,34,71
"02/22/2025","3:00 PM","75 min.","Adelaide","Lively Free Flow","","Sauna",4,25,21,92
"02/22/2025","3:30 PM","75 min.","Adelaide","Lively Free Flow","","Sauna..",3,16,13,105
"02/22/2025","4:00 PM","75 min.","Adelaide","Lively Free Flow","","Sauna.",0,10,10,115
"02/22/2025","4:30 PM","75 min.","Adelaide","Lively Free Flow","","Sauna...",7,25,18,133
"02/22/2025","5:00 PM","75 min.","Adelaide","Lively Free Flow","","Sauna",3,16,13,146
"02/22/2025","5:30 PM","75 min.","Adelaide","Lively Free Flow","","Sauna.",0,10,10,156
"02/22/2025","6:00 PM","75 min.","Adelaide","Lively Free Flow","","Sauna...",3,25,22,178
"02/22/2025","7:45 PM","75 min.","Adelaide","Guided Down: Sound Immersion","","Sauna",,,,178
"02/22/2025","9:30 PM","120 min.","Adelaide","Social","","Sauna",2,25,23,201
"02/22/2025","9:45 PM","120 min.","Adelaide","Social","","Sauna..",3,26,23,224
"02/23/2025","7:00 AM","75 min.","Adelaide","Quieter Free Flow","","Sauna",15,30,15,15
"02/23/2025","8:30 AM","75 min.","Adelaide","Free Flow","","Sauna",1,30,29,44
"02/23/2025","10:15 AM","75 min.","Adelaide","Guided Down: Rose, Thorn, Bud","","Sauna",11,36,25,69
"02/23/2025","12:00 PM","75 min.","Adelaide","Guided Down: Sound Immersion","","Sauna",5,36,31,100
"02/23/2025","2:00 PM","75 min.","Adelaide","Lively Free Flow","","Sauna",0,25,25,125
"02/23/2025","2:30 PM","75 min.","Adelaide","Lively Free Flow","","Sauna.",0,12,12,137
"02/23/2025","3:00 PM","75 min.","Adelaide","Lively Free Flow","","Sauna...",0,10,10,147
"02/23/2025","3:30 PM","75 min.","Adelaide","Lively Free Flow","","Sauna..",7,25,18,165
"02/23/2025","4:00 PM","75 min.","Adelaide","Lively Free Flow","","Sauna.",2,12,10,175
"02/23/2025","4:30 PM","75 min.","Adelaide","Lively Free Flow","","Sauna",1,10,9,184
"02/23/2025","5:00 PM","75 min.","Adelaide","Lively Free Flow","","Sauna...",1,25,24,208
"02/23/2025","5:30 PM","75 min.","Adelaide","Lively Free Flow","","Sauna.",0,12,12,220
"02/23/2025","7:15 PM","75 min.","Adelaide","Guided Down: Untangle","","Sauna",1,34,33,253
"02/23/2025","9:00 PM","75 min.","Adelaide","Free Flow","","Sauna",12,26,14,267
"02/23/2025","9:30 PM","75 min.","Adelaide","Free Flow","","Sauna.",15,25,10,277
"02/23/2025","10:30 PM","75 min.","Adelaide","Free Flow","","Sauna",19,25,6,283
"02/10/2025","7:00 AM","75 min.","Adelaide","Quieter Free Flow","","Sauna",6,17,11,11
"02/10/2025","7:30 AM","75 min.","Adelaide","Quieter Free Flow","","Sauna.",12,17,5,16
"02/10/2025","8:00 AM","75 min.","Adelaide","Quieter Free Flow","","Sauna..",14,17,3,19
"02/10/2025","8:30 AM","75 min.","Adelaide","Quieter Free Flow","","Sauna",10,17,7,26
"02/10/2025","9:00 AM","75 min.","Adelaide","Quieter Free Flow","","Sauna.",15,17,2,28
"02/10/2025","9:30 AM","75 min.","Adelaide","Quieter Free Flow","","Sauna..",14,17,3,31
"02/10/2025","10:00 AM","75 min.","Adelaide","Quieter Free Flow","","Sauna",16,17,1,32
"02/10/2025","10:15 AM","75 min.","Adelaide","Quieter Free Flow","","Sauna....",13,17,4,36
"02/10/2025","12:00 PM","75 min.","Adelaide","Guided All Around: Journey Through the Elements","","Sauna",25,36,11,47
"02/10/2025","2:00 PM","75 min.","Adelaide","Free Flow","","Sauna",10,17,7,54
"02/10/2025","2:30 PM","75 min.","Adelaide","Free Flow","","Sauna...",13,17,4,58
"02/10/2025","3:00 PM","75 min.","Adelaide","Free Flow","","Sauna.",12,17,5,63
"02/10/2025","3:30 PM","75 min.","Adelaide","Free Flow","","Sauna..",3,17,14,77
"02/10/2025","5:30 PM","75 min.","Adelaide","Guided Down: Senses","","Sauna",6,36,30,107
"02/10/2025","7:15 PM","75 min.","Adelaide","Guided All Around: Acceptance","","Sauna",3,36,33,140
"02/10/2025","9:00 PM","75 min.","Adelaide","Guided Down: Pure Presence","","Sauna",12,36,24,164
"02/11/2025","7:00 AM","75 min.","Adelaide","Guided Up: Arctic Tundra","","Sauna",13,32,19,19
"02/11/2025","8:30 AM","75 min.","Adelaide","Quieter Free Flow","","Sauna...",10,17,7,26
"02/11/2025","9:00 AM","75 min.","Adelaide","Quieter Free Flow","","Sauna....",14,17,3,29
"02/11/2025","9:30 AM","75 min.","Adelaide","Quieter Free Flow","","Sauna",13,17,4,33
"02/11/2025","10:00 AM","75 min.","Adelaide","Quieter Free Flow","","Sauna.",16,17,1,34
"02/11/2025","10:15 AM","75 min.","Adelaide","Quieter Free Flow","","Sauna....",13,17,4,38
"02/11/2025","12:00 PM","75 min.","Adelaide","Guided Down: Unwind","","Sauna",27,34,7,45
"02/11/2025","1:45 PM","75 min.","Adelaide","Guided Down: Rose, Thorn, Bud","","Sauna",24,36,12,57
"02/11/2025","3:30 PM","75 min.","Adelaide","Free Flow","","Sauna..",13,26,13,70
"02/11/2025","3:45 PM","75 min.","Adelaide","Free Flow","","Sauna.",12,25,13,83
"02/11/2025","5:30 PM","75 min.","Adelaide","Guided All Around: Release","","Sauna",20,36,16,99
"02/11/2025","7:15 PM","75 min.","Adelaide","Guided All Around: Hero's Journey","","Sauna",,,,99
"02/11/2025","9:00 PM","75 min.","Adelaide","Free Flow","","Sauna..",1,26,25,124
"02/11/2025","9:30 PM","75 min.","Adelaide","Free Flow","","Sauna.",2,25,23,147
"02/11/2025","10:30 PM","75 min.","Adelaide","Free Flow","","Sauna",13,25,12,159
"02/12/2025","7:00 AM","75 min.","Adelaide","Guided Down: Deep Stretch","","Sauna",18,31,13,13
"02/12/2025","8:30 AM","75 min.","Adelaide","Free Flow","","Sauna",10,17,7,20
"02/12/2025","9:00 AM","75 min.","Adelaide","Free Flow","","Sauna.",15,17,2,22
"02/12/2025","9:30 AM","75 min.","Adelaide","Free Flow","","Sauna..",16,17,1,23
"02/12/2025","10:00 AM","75 min.","Adelaide","Free Flow","","Sauna...",14,17,3,26
"02/12/2025","10:15 AM","75 min.","Adelaide","Free Flow","","Sauna....",7,17,10,36
"02/12/2025","12:00 PM","75 min.","Adelaide","Guided Down: Self-Care Sweat","","Sauna",20,34,14,50
"02/12/2025","2:00 PM","75 min.","Adelaide","Free Flow","","Sauna....",6,17,11,61
"02/12/2025","2:30 PM","75 min.","Adelaide","Free Flow","","Sauna..",12,17,5,66
"02/12/2025","3:00 PM","75 min.","Adelaide","Free Flow","","Sauna",9,17,8,74
"02/12/2025","3:30 PM","75 min.","Adelaide","Free Flow","","Sauna.",14,17,3,77
"02/12/2025","4:00 PM","75 min.","Adelaide","Free Flow","","Sauna..",12,17,5,82
"02/12/2025","4:30 PM","75 min.","Adelaide","Free Flow","","Sauna...",7,17,10,92
"02/12/2025","5:00 PM","75 min.","Adelaide","Free Flow","","Sauna....",6,17,11,103
"02/12/2025","5:30 PM","75 min.","Adelaide","Lively Free Flow","","Sauna",0,17,17,120
"02/12/2025","7:15 PM","75 min.","Adelaide","Guided All Around: Reset","","Sauna",6,36,30,150
"02/12/2025","9:00 PM","75 min.","Adelaide","Free Flow","","Sauna",2,26,24,174
"02/12/2025","9:30 PM","75 min.","Adelaide","Free Flow","","Sauna..",3,25,22,196
"02/12/2025","10:30 PM","75 min.","Adelaide","Free Flow","","Sauna",23,25,2,198
"02/13/2025","7:00 AM","75 min.","Adelaide","Guided All Around: Heart Opener","","Sauna",26,36,10,10
"02/13/2025","8:30 AM","75 min.","Adelaide","Free Flow","","Sauna...",11,17,6,16
"02/13/2025","9:00 AM","75 min.","Adelaide","Free Flow","","Sauna....",17,17,0,16
"02/13/2025","9:30 AM","75 min.","Adelaide","Free Flow","","Sauna",15,17,2,18
"02/13/2025","10:00 AM","75 min.","Adelaide","Free Flow","","Sauna.",16,17,1,19
"02/13/2025","10:15 AM","75 min.","Adelaide","Free Flow","","Sauna..",12,17,5,24
"02/13/2025","12:00 PM","75 min.","Adelaide","Guided Down: Senses","","Sauna",23,36,13,37
"02/13/2025","2:00 PM","75 min.","Adelaide","Free Flow","","Sauna...",11,17,6,43
"02/13/2025","2:30 PM","75 min.","Adelaide","Free Flow","","Sauna....",11,17,6,49
"02/13/2025","3:00 PM","75 min.","Adelaide","Free Flow","","Sauna",15,17,2,51
"02/13/2025","3:30 PM","75 min.","Adelaide","Free Flow","","Sauna.",11,17,6,57
"02/13/2025","4:00 PM","75 min.","Adelaide","Free Flow","","Sauna..",10,17,7,64
"02/13/2025","4:30 PM","75 min.","Adelaide","Free Flow","","Sauna...",9,17,8,72
"02/13/2025","5:00 PM","75 min.","Adelaide","Free Flow","","Sauna....",0,17,17,89
"02/13/2025","5:30 PM","75 min.","Adelaide","Lively Free Flow","","Sauna",0,17,17,106
"02/13/2025","7:15 PM","75 min.","Adelaide","Guided Up: Self-Care Sweat","","Sauna",2,34,32,138
"02/13/2025","9:00 PM","120 min.","Adelaide","Social","","Sauna",2,26,24,162
"02/13/2025","9:30 PM","120 min.","Adelaide","Social","","Sauna..",15,25,10,172
"02/14/2025","7:00 AM","75 min.","Adelaide","Guided All Around: Reset","","Sauna",28,36,8,8
"02/14/2025","8:30 AM","75 min.","Adelaide","Free Flow","","Sauna",6,17,11,19
"02/14/2025","9:00 AM","75 min.","Adelaide","Free Flow","","Sauna.",13,17,4,23
"02/14/2025","9:30 AM","75 min.","Adelaide","Free Flow","","Sauna..",12,17,5,28
"02/14/2025","10:00 AM","75 min.","Adelaide","Free Flow","","Sauna...",8,17,9,37
"02/14/2025","10:15 AM","75 min.","Adelaide","Free Flow","","Sauna....",4,15,11,48
"02/14/2025","12:00 PM","75 min.","Adelaide","Guided Down: Self-Care Sweat","","Sauna",5,34,29,77
"02/14/2025","2:00 PM","75 min.","Adelaide","Free Flow","","Sauna....",1,17,16,93
"02/14/2025","2:30 PM","75 min.","Adelaide","Free Flow","","Sauna...",7,17,10,103
"02/14/2025","3:00 PM","75 min.","Adelaide","Free Flow","","Sauna",4,15,11,114
"02/14/2025","3:30 PM","75 min.","Adelaide","Free Flow","","Sauna.",11,17,6,120
"02/14/2025","4:00 PM","75 min.","Adelaide","Free Flow","","Sauna..",8,17,9,129
"02/14/2025","4:30 PM","75 min.","Adelaide","Free Flow","","Sauna",1,15,14,143
"02/14/2025","5:00 PM","75 min.","Adelaide","Free Flow","","Sauna.",4,17,13,156
"02/14/2025","5:30 PM","75 min.","Adelaide","Free Flow","","Sauna..",2,17,15,171
"02/14/2025","7:15 PM","75 min.","Adelaide","Guided You + Me: Relationship","","Sauna",1,32,31,202
"02/14/2025","9:00 PM","120 min.","Adelaide","Lovership: A Singles Social","","Sauna",,,,202
"02/14/2025","9:30 PM","120 min.","Adelaide","Lovership: A Singles Social","","Sauna.",1,25,24,226
"02/15/2025","8:00 AM","75 min.","Adelaide","Guided All Around: Loving Kindness","","Sauna",14,36,22,22
"02/15/2025","9:45 AM","75 min.","Adelaide","Guided All Around: Journey Through the Elements","","Sauna",4,36,32,54
"02/15/2025","11:30 AM","75 min.","Adelaide","Guided All Around: Reflect","","Sauna",6,36,30,84
"02/15/2025","1:15 PM","75 min.","Adelaide","Guided Down: Unwind","","Sauna",2,34,32,116
"02/15/2025","3:00 PM","75 min.","Adelaide","Lively Free Flow","","Sauna",1,25,24,140
"02/15/2025","3:30 PM","75 min.","Adelaide","Lively Free Flow","","Sauna..",0,16,16,156
"02/15/2025","4:00 PM","75 min.","Adelaide","Lively Free Flow","","Sauna.",0,10,10,166
"02/15/2025","4:30 PM","75 min.","Adelaide","Lively Free Flow","","Sauna...",1,25,24,190
"02/15/2025","5:00 PM","75 min.","Adelaide","Lively Free Flow","","Sauna",0,16,16,206
"02/15/2025","5:30 PM","75 min.","Adelaide","Lively Free Flow","","Sauna.",1,10,9,215
"02/15/2025","6:00 PM","75 min.","Adelaide","Lively Free Flow","","Sauna...",8,25,17,232
"02/15/2025","7:45 PM","75 min.","Adelaide","Guided All Around: Loving Kindness","","Sauna",8,36,28,260
"02/15/2025","9:30 PM","120 min.","Adelaide","Social","","Sauna",,,,260
"02/15/2025","9:45 PM","120 min.","Adelaide","Social","","Sauna..",15,26,11,271
"02/16/2025","7:00 AM","75 min.","Adelaide","Quieter Free Flow","","Sauna",17,30,13,13
"02/16/2025","8:30 AM","75 min.","Adelaide","Free Flow","","Sauna",20,30,10,23
"02/16/2025","10:15 AM","75 min.","Adelaide","Guided Down: Pure Presence","","Sauna",20,36,16,39
"02/16/2025","12:00 PM","75 min.","Adelaide","Guided Down: Sound Immersion","","Sauna",,,,39
"02/16/2025","2:00 PM","75 min.","Adelaide","Lively Free Flow","","Sauna",1,25,24,63
"02/16/2025","2:30 PM","75 min.","Adelaide","Lively Free Flow","","Sauna.",0,12,12,75
"02/16/2025","3:00 PM","75 min.","Adelaide","Lively Free Flow","","Sauna...",1,10,9,84
"02/16/2025","3:30 PM","75 min.","Adelaide","Lively Free Flow","","Sauna..",13,25,12,96
"02/16/2025","4:00 PM","75 min.","Adelaide","Lively Free Flow","","Sauna.",2,12,10,106
"02/16/2025","4:30 PM","75 min.","Adelaide","Lively Free Flow","","Sauna",2,10,8,114
"02/16/2025","5:00 PM","75 min.","Adelaide","Lively Free Flow","","Sauna...",7,25,18,132
"02/16/2025","5:30 PM","75 min.","Adelaide","Lively Free Flow","","Sauna.",1,12,11,143
"02/16/2025","7:15 PM","75 min.","Adelaide","Guided Down: Untangle","","Sauna",1,34,33,176
"02/16/2025","9:00 PM","75 min.","Adelaide","Free Flow","","Sauna",2,26,24,200
"02/16/2025","9:30 PM","75 min.","Adelaide","Free Flow","","Sauna.",13,25,12,212
"02/16/2025","10:30 PM","75 min.","Adelaide","Free Flow","","Sauna",20,25,5,217
"02/03/2025","7:00 AM","75 min.","Adelaide","Quieter Free Flow","","Sauna",9,17,8,8
"02/03/2025","7:30 AM","75 min.","Adelaide","Quieter Free Flow","","Sauna.",6,17,11,19
"02/03/2025","8:00 AM","75 min.","Adelaide","Quieter Free Flow","","Sauna..",12,17,5,24
"02/03/2025","8:30 AM","75 min.","Adelaide","Quieter Free Flow","","Sauna",13,17,4,28
"02/03/2025","9:00 AM","75 min.","Adelaide","Quieter Free Flow","","Sauna.",13,17,4,32
"02/03/2025","9:30 AM","75 min.","Adelaide","Quieter Free Flow","","Sauna..",14,17,3,35
"02/03/2025","10:00 AM","75 min.","Adelaide","Quieter Free Flow","","Sauna",14,17,3,38
"02/03/2025","10:15 AM","75 min.","Adelaide","Quieter Free Flow","","Sauna....",13,17,4,42
"02/03/2025","12:00 PM","75 min.","Adelaide","Guided All Around: Reset","","Sauna",22,34,12,54
"02/03/2025","2:00 PM","75 min.","Adelaide","Free Flow","","Sauna",2,17,15,69
"02/03/2025","2:30 PM","75 min.","Adelaide","Free Flow","","Sauna...",14,17,3,72
"02/03/2025","3:00 PM","75 min.","Adelaide","Free Flow","","Sauna.",9,17,8,80
"02/03/2025","3:30 PM","75 min.","Adelaide","Free Flow","","Sauna..",4,17,13,93
"02/03/2025","5:30 PM","75 min.","Adelaide","Guided All Around: Journey Through the Elements","","Sauna",8,36,28,121
"02/03/2025","7:15 PM","75 min.","Adelaide","Guided All Around: Inner Power","","Sauna",,,,121
"02/03/2025","9:00 PM","75 min.","Adelaide","Guided All Around: Loving Kindness","","Sauna",20,36,16,137
"02/04/2025","7:00 AM","75 min.","Adelaide","Guided Up: Arctic Tundra","","Sauna",19,32,13,13
"02/04/2025","8:30 AM","75 min.","Adelaide","Quieter Free Flow","","Sauna...",11,17,6,19
"02/04/2025","9:00 AM","75 min.","Adelaide","Quieter Free Flow","","Sauna....",15,17,2,21
"02/04/2025","9:30 AM","75 min.","Adelaide","Quieter Free Flow","","Sauna",11,17,6,27
"02/04/2025","10:00 AM","75 min.","Adelaide","Quieter Free Flow","","Sauna.",15,17,2,29
"02/04/2025","10:15 AM","75 min.","Adelaide","Quieter Free Flow","","Sauna....",10,17,7,36
"02/04/2025","12:00 PM","75 min.","Adelaide","Guided Down: Unwind","","Sauna",6,34,28,64
"02/04/2025","1:45 PM","75 min.","Adelaide","Guided Down: Sound Immersion","","Sauna",24,36,12,76
"02/04/2025","3:30 PM","75 min.","Adelaide","Free Flow","","Sauna..",14,26,12,88
"02/04/2025","3:45 PM","75 min.","Adelaide","Free Flow","","Sauna.",12,25,13,101
"02/04/2025","5:30 PM","75 min.","Adelaide","Guided Up: Feel Good Now","","Sauna",22,36,14,115
"02/04/2025","7:15 PM","75 min.","Adelaide","Guided Down: Untangle","","Sauna",3,34,31,146
"02/04/2025","9:00 PM","75 min.","Adelaide","Free Flow","","Sauna..",0,26,26,172
"02/04/2025","9:30 PM","75 min.","Adelaide","Free Flow","","Sauna.",,,,172
"02/04/2025","10:30 PM","75 min.","Adelaide","Free Flow","","Sauna",14,25,11,183
"02/05/2025","7:00 AM","75 min.","Adelaide","Guided Down: Deep Stretch","","Sauna",23,31,8,8
"02/05/2025","8:30 AM","75 min.","Adelaide","Free Flow","","Sauna",13,17,4,12
"02/05/2025","9:00 AM","75 min.","Adelaide","Free Flow","","Sauna.",14,17,3,15
"02/05/2025","9:30 AM","75 min.","Adelaide","Free Flow","","Sauna..",9,17,8,23
"02/05/2025","10:00 AM","75 min.","Adelaide","Free Flow","","Sauna...",14,17,3,26
"02/05/2025","10:15 AM","75 min.","Adelaide","Free Flow","","Sauna....",11,17,6,32
"02/05/2025","12:00 PM","75 min.","Adelaide","Guided All Around: Release","","Sauna",19,36,17,49
"02/05/2025","2:00 PM","75 min.","Adelaide","Free Flow","","Sauna....",10,17,7,56
"02/05/2025","2:30 PM","75 min.","Adelaide","Free Flow","","Sauna..",13,17,4,60
"02/05/2025","3:00 PM","75 min.","Adelaide","Free Flow","","Sauna",10,17,7,67
"02/05/2025","3:30 PM","75 min.","Adelaide","Free Flow","","Sauna.",10,17,7,74
"02/05/2025","4:00 PM","75 min.","Adelaide","Free Flow","","Sauna..",7,17,10,84
"02/05/2025","4:30 PM","75 min.","Adelaide","Free Flow","","Sauna...",9,17,8,92
"02/05/2025","5:00 PM","75 min.","Adelaide","Free Flow","","Sauna....",4,17,13,105
"02/05/2025","5:30 PM","75 min.","Adelaide","Lively Free Flow","","Sauna",2,17,15,120
"02/05/2025","7:15 PM","75 min.","Adelaide","Guided All Around: Heart Opener","","Sauna",5,36,31,151
"02/05/2025","9:00 PM","75 min.","Adelaide","Free Flow","","Sauna",0,26,26,177
"02/05/2025","9:30 PM","75 min.","Adelaide","Free Flow","","Sauna..",1,25,24,201
"02/05/2025","10:30 PM","75 min.","Adelaide","Free Flow","","Sauna",22,25,3,204
"02/06/2025","7:00 AM","75 min.","Adelaide","Guided Down: Self-Care Sweat","","Sauna",23,32,9,9
"02/06/2025","8:30 AM","75 min.","Adelaide","Free Flow","","Sauna...",14,17,3,12
"02/06/2025","9:00 AM","75 min.","Adelaide","Free Flow","","Sauna....",17,17,0,12
"02/06/2025","9:30 AM","75 min.","Adelaide","Free Flow","","Sauna",16,17,1,13
"02/06/2025","10:00 AM","75 min.","Adelaide","Free Flow","","Sauna.",17,17,0,13
"02/06/2025","10:15 AM","75 min.","Adelaide","Free Flow","","Sauna..",13,17,4,17
"02/06/2025","12:00 PM","75 min.","Adelaide","Guided All Around: Journey Through the Elements","","Sauna",28,36,8,25
"02/06/2025","2:00 PM","75 min.","Adelaide","Free Flow","","Sauna...",6,17,11,36
"02/06/2025","2:30 PM","75 min.","Adelaide","Free Flow","","Sauna....",15,17,2,38
"02/06/2025","3:00 PM","75 min.","Adelaide","Free Flow","","Sauna",10,17,7,45
"02/06/2025","3:30 PM","75 min.","Adelaide","Free Flow","","Sauna.",14,17,3,48
"02/06/2025","4:00 PM","75 min.","Adelaide","Free Flow","","Sauna..",7,17,10,58
"02/06/2025","4:30 PM","75 min.","Adelaide","Free Flow","","Sauna...",3,17,14,72
"02/06/2025","5:00 PM","75 min.","Adelaide","Free Flow","","Sauna....",1,17,16,88
"02/06/2025","5:30 PM","75 min.","Adelaide","Lively Free Flow","","Sauna",0,17,17,105
"02/06/2025","7:15 PM","75 min.","Adelaide","Guided Down: Sound Immersion","","Sauna",,,,105
"02/06/2025","9:00 PM","120 min.","Adelaide","Social","","Sauna",3,26,23,128
"02/06/2025","9:30 PM","120 min.","Adelaide","Social","","Sauna..",5,25,20,148
"02/07/2025","7:00 AM","75 min.","Adelaide","Guided All Around: Heart Opener","","Sauna",24,36,12,12
"02/07/2025","8:30 AM","75 min.","Adelaide","Free Flow","","Sauna",2,17,15,27
"02/07/2025","9:00 AM","75 min.","Adelaide","Free Flow","","Sauna.",15,17,2,29
"02/07/2025","9:30 AM","75 min.","Adelaide","Free Flow","","Sauna..",13,17,4,33
"02/07/2025","10:00 AM","75 min.","Adelaide","Free Flow","","Sauna...",13,17,4,37
"02/07/2025","10:15 AM","75 min.","Adelaide","Free Flow","","Sauna....",8,15,7,44
"02/07/2025","12:00 PM","75 min.","Adelaide","Guided Down: Deep Stretch","","Sauna",16,31,15,59
"02/07/2025","2:00 PM","75 min.","Adelaide","Free Flow","","Sauna....",7,17,10,69
"02/07/2025","2:30 PM","75 min.","Adelaide","Free Flow","","Sauna...",10,17,7,76
"02/07/2025","3:00 PM","75 min.","Adelaide","Free Flow","","Sauna",9,15,6,82
"02/07/2025","3:30 PM","75 min.","Adelaide","Free Flow","","Sauna.",5,17,12,94
"02/07/2025","4:00 PM","75 min.","Adelaide","Free Flow","","Sauna..",1,17,16,110
"02/07/2025","4:30 PM","75 min.","Adelaide","Free Flow","","Sauna",2,15,13,123
"02/07/2025","5:00 PM","75 min.","Adelaide","Free Flow","","Sauna.",0,17,17,140
"02/07/2025","5:30 PM","75 min.","Adelaide","Free Flow","","Sauna..",0,17,17,157
"02/07/2025","7:15 PM","75 min.","Adelaide","Guided All Around: Release","","Sauna",4,36,32,189
"02/07/2025","9:00 PM","120 min.","Adelaide","Social","","Sauna",,,,189
"02/07/2025","9:30 PM","120 min.","Adelaide","Social","","Sauna.",3,25,22,211
"02/08/2025","8:00 AM","75 min.","Adelaide","Guided All Around: Release","","Sauna",19,36,17,17
"02/08/2025","9:45 AM","75 min.","Adelaide","Guided Down: Unwind","","Sauna",1,34,33,50
"02/08/2025","11:30 AM","75 min.","Adelaide","Guided Down: Deep Stretch","","Sauna",1,31,30,80
"02/08/2025","1:15 PM","75 min.","Adelaide","Guided All Around: Journey Through the Elements","","Sauna",1,36,35,115
"02/08/2025","3:00 PM","75 min.","Adelaide","Lively Free Flow","","Sauna",1,25,24,139
"02/08/2025","3:30 PM","75 min.","Adelaide","Lively Free Flow","","Sauna..",0,16,16,155
"02/08/2025","4:00 PM","75 min.","Adelaide","Lively Free Flow","","Sauna.",0,10,10,165
"02/08/2025","4:30 PM","75 min.","Adelaide","Lively Free Flow","","Sauna...",0,25,25,190
"02/08/2025","5:00 PM","75 min.","Adelaide","Lively Free Flow","","Sauna",2,16,14,204
"02/08/2025","5:30 PM","75 min.","Adelaide","Lively Free Flow","","Sauna.",0,10,10,214
"02/08/2025","6:00 PM","75 min.","Adelaide","Lively Free Flow","","Sauna...",8,25,17,231
"02/08/2025","7:45 PM","75 min.","Adelaide","Guided Down: Sound Immersion","","Sauna",9,36,27,258
"02/08/2025","9:30 PM","120 min.","Adelaide","Social","","Sauna",,,,258
"02/08/2025","9:45 PM","120 min.","Adelaide","Social","","Sauna..",3,26,23,281
"02/09/2025","7:00 AM","75 min.","Adelaide","Quieter Free Flow","","Sauna",15,30,15,15
"02/09/2025","8:30 AM","75 min.","Adelaide","Free Flow","","Sauna",4,30,26,41
"02/09/2025","10:15 AM","75 min.","Adelaide","Guided Down: Rose, Thorn, Bud","","Sauna",4,36,32,73
"02/09/2025","12:00 PM","75 min.","Adelaide","Guided All Around: Release","","Sauna",6,36,30,103
"02/09/2025","2:00 PM","75 min.","Adelaide","Lively Free Flow","","Sauna",1,25,24,127
"02/09/2025","2:30 PM","75 min.","Adelaide","Lively Free Flow","","Sauna.",0,12,12,139
"02/09/2025","3:00 PM","75 min.","Adelaide","Lively Free Flow","","Sauna...",1,10,9,148
"02/09/2025","3:30 PM","75 min.","Adelaide","Lively Free Flow","","Sauna..",7,25,18,166
"02/09/2025","4:00 PM","75 min.","Adelaide","Lively Free Flow","","Sauna.",3,12,9,175
"02/09/2025","4:30 PM","75 min.","Adelaide","Lively Free Flow","","Sauna",0,10,10,185
"02/09/2025","5:00 PM","75 min.","Adelaide","Lively Free Flow","","Sauna...",15,25,10,195
"02/09/2025","5:30 PM","75 min.","Adelaide","Lively Free Flow","","Sauna.",4,12,8,203
"02/09/2025","7:15 PM","75 min.","Adelaide","Guided Down: Untangle","","Sauna",7,34,27,230
"02/09/2025","9:00 PM","75 min.","Adelaide","Free Flow","","Sauna",17,26,9,239
"02/09/2025","9:30 PM","75 min.","Adelaide","Free Flow","","Sauna.",23,25,2,241
"02/09/2025","10:30 PM","75 min.","Adelaide","Free Flow","","Sauna",13,25,12,253
"01/27/2025","7:00 AM","75 min.","Adelaide","Quieter Free Flow","","Sauna",1,17,16,16
"01/27/2025","7:30 AM","75 min.","Adelaide","Quieter Free Flow","","Sauna.",11,17,6,22
"01/27/2025","8:00 AM","75 min.","Adelaide","Quieter Free Flow","","Sauna..",11,17,6,28
"01/27/2025","8:30 AM","75 min.","Adelaide","Quieter Free Flow","","Sauna",10,17,7,35
"01/27/2025","9:00 AM","75 min.","Adelaide","Quieter Free Flow","","Sauna.",11,17,6,41
"01/27/2025","9:30 AM","75 min.","Adelaide","Quieter Free Flow","","Sauna..",13,17,4,45
"01/27/2025","10:00 AM","75 min.","Adelaide","Quieter Free Flow","","Sauna",12,17,5,50
"01/27/2025","10:15 AM","75 min.","Adelaide","Quieter Free Flow","","Sauna....",10,17,7,57
"01/27/2025","12:00 PM","75 min.","Adelaide","Guided All Around: Journey Through the Elements","","Sauna",25,36,11,68
"01/27/2025","2:00 PM","75 min.","Adelaide","Free Flow","","Sauna",6,17,11,79
"01/27/2025","2:30 PM","75 min.","Adelaide","Free Flow","","Sauna...",10,17,7,86
"01/27/2025","3:00 PM","75 min.","Adelaide","Free Flow","","Sauna.",8,17,9,95
"01/27/2025","3:30 PM","75 min.","Adelaide","Free Flow","","Sauna..",4,17,13,108
"01/27/2025","5:30 PM","75 min.","Adelaide","Guided Up: Self-Care Sweat","","Sauna",3,34,31,139
"01/27/2025","7:15 PM","75 min.","Adelaide","Guided All Around: Acceptance","","Sauna",1,36,35,174
"01/27/2025","9:00 PM","90 min.","Adelaide","Guided All Around: Space for Men","","Sauna",16,36,20,194
"01/28/2025","7:00 AM","75 min.","Adelaide","Guided Up: Arctic Tundra","","Sauna",13,32,19,19
"01/28/2025","8:30 AM","75 min.","Adelaide","Quieter Free Flow","","Sauna...",11,17,6,25
"01/28/2025","9:00 AM","75 min.","Adelaide","Quieter Free Flow","","Sauna....",13,17,4,29
"01/28/2025","9:30 AM","75 min.","Adelaide","Quieter Free Flow","","Sauna",12,17,5,34
"01/28/2025","10:00 AM","75 min.","Adelaide","Quieter Free Flow","","Sauna.",13,17,4,38
"01/28/2025","10:15 AM","75 min.","Adelaide","Quieter Free Flow","","Sauna....",11,17,6,44
"01/28/2025","12:00 PM","75 min.","Adelaide","Guided Down: Self-Care Sweat","","Sauna",17,34,17,61
"01/28/2025","1:45 PM","75 min.","Adelaide","Guided All Around: Reset","","Sauna",25,36,11,72
"01/28/2025","3:30 PM","75 min.","Adelaide","Free Flow","","Sauna..",12,26,14,86
"01/28/2025","3:45 PM","75 min.","Adelaide","Free Flow","","Sauna.",12,25,13,99
"01/28/2025","5:30 PM","75 min.","Adelaide","Guided All Around: Release","","Sauna",12,36,24,123
"01/28/2025","7:15 PM","75 min.","Adelaide","Guided Down: Sound Immersion","","Sauna",,,,123
"01/28/2025","9:00 PM","75 min.","Adelaide","Free Flow","","Sauna..",1,26,25,148
"01/28/2025","9:30 PM","75 min.","Adelaide","Free Flow","","Sauna.",1,25,24,172
"01/28/2025","10:30 PM","75 min.","Adelaide","Free Flow","","Sauna",13,25,12,184
"01/29/2025","7:00 AM","75 min.","Adelaide","Guided Down: Deep Stretch","","Sauna",17,31,14,14
"01/29/2025","8:30 AM","75 min.","Adelaide","Free Flow","","Sauna",3,17,14,28
"01/29/2025","9:00 AM","75 min.","Adelaide","Free Flow","","Sauna.",11,17,6,34
"01/29/2025","9:30 AM","75 min.","Adelaide","Free Flow","","Sauna..",16,17,1,35
"01/29/2025","10:00 AM","75 min.","Adelaide","Free Flow","","Sauna...",9,17,8,43
"01/29/2025","10:15 AM","75 min.","Adelaide","Free Flow","","Sauna....",13,17,4,47
"01/29/2025","12:00 PM","75 min.","Adelaide","Free Flow","","Sauna",31,36,5,52
"01/29/2025","2:00 PM","75 min.","Adelaide","Free Flow","","Sauna....",1,17,16,68
"01/29/2025","2:30 PM","75 min.","Adelaide","Free Flow","","Sauna..",13,17,4,72
"01/29/2025","3:00 PM","75 min.","Adelaide","Free Flow","","Sauna",9,17,8,80
"01/29/2025","3:30 PM","75 min.","Adelaide","Free Flow","","Sauna.",11,17,6,86
"01/29/2025","4:00 PM","75 min.","Adelaide","Free Flow","","Sauna..",6,17,11,97
"01/29/2025","4:30 PM","75 min.","Adelaide","Free Flow","","Sauna...",4,17,13,110
"01/29/2025","5:00 PM","75 min.","Adelaide","Free Flow","","Sauna....",0,17,17,127
"01/29/2025","5:30 PM","75 min.","Adelaide","Lively Free Flow","","Sauna",2,17,15,142
"01/29/2025","7:15 PM","75 min.","Adelaide","Guided All Around: Heart Opener","","Sauna",2,36,34,176
"01/29/2025","9:00 PM","75 min.","Adelaide","Free Flow","","Sauna",1,26,25,201
"01/29/2025","9:30 PM","75 min.","Adelaide","Free Flow","","Sauna..",1,25,24,225
"01/29/2025","10:30 PM","75 min.","Adelaide","Free Flow","","Sauna",18,25,7,232
"01/30/2025","7:00 AM","75 min.","Adelaide","Guided All Around: Journey Through the Elements","","Sauna",23,36,13,13
"01/30/2025","8:30 AM","75 min.","Adelaide","Free Flow","","Sauna...",4,17,13,26
"01/30/2025","9:00 AM","75 min.","Adelaide","Free Flow","","Sauna....",13,17,4,30
"01/30/2025","9:30 AM","75 min.","Adelaide","Free Flow","","Sauna",14,17,3,33
"01/30/2025","10:00 AM","75 min.","Adelaide","Free Flow","","Sauna.",14,17,3,36
"01/30/2025","10:15 AM","75 min.","Adelaide","Free Flow","","Sauna..",10,17,7,43
"01/30/2025","12:00 PM","75 min.","Adelaide","Guided Up: Self-Care Sweat","","Sauna",9,36,27,70
"01/30/2025","2:00 PM","75 min.","Adelaide","Free Flow","","Sauna...",5,17,12,82
"01/30/2025","2:30 PM","75 min.","Adelaide","Free Flow","","Sauna....",11,17,6,88
"01/30/2025","3:00 PM","75 min.","Adelaide","Free Flow","","Sauna",11,17,6,94
"01/30/2025","3:30 PM","75 min.","Adelaide","Free Flow","","Sauna.",10,17,7,101
"01/30/2025","4:00 PM","75 min.","Adelaide","Free Flow","","Sauna..",7,17,10,111
"01/30/2025","4:30 PM","75 min.","Adelaide","Free Flow","","Sauna...",0,17,17,128
"01/30/2025","5:00 PM","75 min.","Adelaide","Free Flow","","Sauna....",0,17,17,145
"01/30/2025","5:30 PM","75 min.","Adelaide","Lively Free Flow","","Sauna",0,17,17,162
"01/30/2025","7:15 PM","75 min.","Adelaide","Guided Up: Self-Care Sweat","","Sauna",1,36,35,197
"01/30/2025","9:00 PM","120 min.","Adelaide","Social","","Sauna",1,26,25,222
"01/30/2025","9:30 PM","120 min.","Adelaide","Social","","Sauna..",1,25,24,246
"01/31/2025","7:00 AM","75 min.","Adelaide","Guided All Around: Reset","","Sauna",24,36,12,12
"01/31/2025","8:30 AM","75 min.","Adelaide","Free Flow","","Sauna",3,17,14,26
"01/31/2025","9:00 AM","75 min.","Adelaide","Free Flow","","Sauna.",7,17,10,36
"01/31/2025","9:30 AM","75 min.","Adelaide","Free Flow","","Sauna..",8,17,9,45
"01/31/2025","10:00 AM","75 min.","Adelaide","Free Flow","","Sauna...",7,17,10,55
"01/31/2025","10:15 AM","75 min.","Adelaide","Free Flow","","Sauna....",6,15,9,64
"01/31/2025","12:00 PM","75 min.","Adelaide","Guided Down: Self-Care Sweat","","Sauna",3,34,31,95
"01/31/2025","2:00 PM","75 min.","Adelaide","Free Flow","","Sauna....",4,17,13,108
"01/31/2025","2:30 PM","75 min.","Adelaide","Free Flow","","Sauna...",3,17,14,122
"01/31/2025","3:00 PM","75 min.","Adelaide","Free Flow","","Sauna",4,15,11,133
"01/31/2025","3:30 PM","75 min.","Adelaide","Free Flow","","Sauna.",2,17,15,148
"01/31/2025","4:00 PM","75 min.","Adelaide","Free Flow","","Sauna..",3,17,14,162
"01/31/2025","4:30 PM","75 min.","Adelaide","Free Flow","","Sauna",0,15,15,177
"01/31/2025","5:00 PM","75 min.","Adelaide","Free Flow","","Sauna.",0,17,17,194
"01/31/2025","5:30 PM","75 min.","Adelaide","Free Flow","","Sauna..",1,17,16,210
"01/31/2025","7:15 PM","75 min.","Adelaide","Guided Up: Awakening","","Sauna",3,36,33,243
"01/31/2025","9:00 PM","120 min.","Adelaide","Social","","Sauna",1,26,25,268
"01/31/2025","9:30 PM","120 min.","Adelaide","Social","","Sauna.",4,25,21,289
"02/01/2025","8:00 AM","75 min.","Adelaide","Guided All Around: Hardwiring Happiness","","Sauna",10,36,26,26
"02/01/2025","9:45 AM","75 min.","Adelaide","Guided Down: Deep Stretch","","Sauna",,,,26
"02/01/2025","11:30 AM","75 min.","Adelaide","Guided All Around: Loving Kindness","","Sauna",6,36,30,56
"02/01/2025","1:15 PM","75 min.","Adelaide","Guided All Around: Journey Through the Elements","","Sauna",3,36,33,89
"02/01/2025","3:00 PM","75 min.","Adelaide","Lively Free Flow","","Sauna",0,25,25,114
"02/01/2025","3:30 PM","75 min.","Adelaide","Lively Free Flow","","Sauna..",0,16,16,130
"02/01/2025","4:00 PM","75 min.","Adelaide","Lively Free Flow","","Sauna.",0,10,10,140
"02/01/2025","4:30 PM","75 min.","Adelaide","Lively Free Flow","","Sauna...",1,25,24,164
"02/01/2025","5:00 PM","75 min.","Adelaide","Lively Free Flow","","Sauna",1,16,15,179
"02/01/2025","5:30 PM","75 min.","Adelaide","Lively Free Flow","","Sauna.",0,10,10,189
"02/01/2025","6:00 PM","75 min.","Adelaide","Lively Free Flow","","Sauna...",1,25,24,213
"02/01/2025","7:45 PM","75 min.","Adelaide","Guided All Around: Loving Kindness","","Sauna",,,,213
"02/01/2025","9:30 PM","120 min.","Adelaide","Beat Drop: DJ Takeover","","Sauna",3,25,22,235
"02/01/2025","9:45 PM","120 min.","Adelaide","Beat Drop: DJ Takeover","","Sauna..",1,26,25,260
"02/02/2025","7:00 AM","75 min.","Adelaide","Quieter Free Flow","","Sauna",10,30,20,20
"02/02/2025","8:30 AM","75 min.","Adelaide","Free Flow","","Sauna",5,30,25,45
"02/02/2025","10:15 AM","75 min.","Adelaide","Guided Down: Pure Presence","","Sauna",2,36,34,79
"02/02/2025","12:00 PM","75 min.","Adelaide","Guided All Around: Release","","Sauna",,,,79
"02/02/2025","2:00 PM","75 min.","Adelaide","Lively Free Flow","","Sauna",0,25,25,104
"02/02/2025","2:30 PM","75 min.","Adelaide","Lively Free Flow","","Sauna.",1,12,11,115
"02/02/2025","3:00 PM","75 min.","Adelaide","Lively Free Flow","","Sauna...",0,10,10,125
"02/02/2025","3:30 PM","75 min.","Adelaide","Lively Free Flow","","Sauna..",0,25,25,150
"02/02/2025","4:00 PM","75 min.","Adelaide","Lively Free Flow","","Sauna.",0,12,12,162
"02/02/2025","4:30 PM","75 min.","Adelaide","Lively Free Flow","","Sauna",0,10,10,172
"02/02/2025","5:00 PM","75 min.","Adelaide","Lively Free Flow","","Sauna...",2,25,23,195
"02/02/2025","5:30 PM","75 min.","Adelaide","Lively Free Flow","","Sauna.",1,12,11,206
"02/02/2025","7:15 PM","75 min.","Adelaide","Guided Down: Untangle","","Sauna",5,34,29,235
"02/02/2025","9:00 PM","75 min.","Adelaide","Free Flow","","Sauna",1,26,25,260
"02/02/2025","9:30 PM","75 min.","Adelaide","Free Flow","","Sauna.",15,25,10,270
"02/02/2025","10:30 PM","75 min.","Adelaide","Free Flow","","Sauna",17,25,8,278
"01/20/2025","7:00 AM","75 min.","Adelaide","Quieter Free Flow","","Sauna",7,17,10,10
"01/20/2025","7:30 AM","75 min.","Adelaide","Quieter Free Flow","","Sauna.",10,17,7,17
"01/20/2025","8:00 AM","75 min.","Adelaide","Quieter Free Flow","","Sauna..",11,17,6,23
"01/20/2025","8:30 AM","75 min.","Adelaide","Quieter Free Flow","","Sauna",11,17,6,29
"01/20/2025","9:00 AM","75 min.","Adelaide","Quieter Free Flow","","Sauna.",12,17,5,34
"01/20/2025","9:30 AM","75 min.","Adelaide","Quieter Free Flow","","Sauna..",11,17,6,40
"01/20/2025","10:00 AM","75 min.","Adelaide","Quieter Free Flow","","Sauna",11,17,6,46
"01/20/2025","10:15 AM","75 min.","Adelaide","Quieter Free Flow","","Sauna....",9,17,8,54
"01/20/2025","12:00 PM","75 min.","Adelaide","Guided All Around: Reset","","Sauna",21,34,13,67
"01/20/2025","2:00 PM","75 min.","Adelaide","Free Flow","","Sauna",5,17,12,79
"01/20/2025","2:30 PM","75 min.","Adelaide","Free Flow","","Sauna...",12,17,5,84
"01/20/2025","3:00 PM","75 min.","Adelaide","Free Flow","","Sauna.",6,17,11,95
"01/20/2025","3:30 PM","75 min.","Adelaide","Free Flow","","Sauna..",6,17,11,106
"01/20/2025","5:30 PM","75 min.","Adelaide","Guided Down: Senses","","Sauna",1,36,35,141
"01/20/2025","7:15 PM","75 min.","Adelaide","Guided All Around: Inner Power","","Sauna",1,36,35,176
"01/21/2025","7:00 AM","75 min.","Adelaide","Guided Up: Arctic Tundra","","Sauna",18,32,14,14
"01/21/2025","8:30 AM","75 min.","Adelaide","Quieter Free Flow","","Sauna...",11,17,6,20
"01/21/2025","9:00 AM","75 min.","Adelaide","Quieter Free Flow","","Sauna....",11,17,6,26
"01/21/2025","9:30 AM","75 min.","Adelaide","Quieter Free Flow","","Sauna",12,17,5,31
"01/21/2025","10:00 AM","75 min.","Adelaide","Quieter Free Flow","","Sauna.",10,17,7,38
"01/21/2025","10:15 AM","75 min.","Adelaide","Quieter Free Flow","","Sauna....",10,17,7,45
"01/21/2025","12:00 PM","75 min.","Adelaide","Guided All Around: Reset","","Sauna",11,36,25,70
"01/21/2025","1:45 PM","75 min.","Adelaide","Guided Down: Self-Care Sweat","","Sauna",15,34,19,89
"01/21/2025","3:30 PM","75 min.","Adelaide","Free Flow","","Sauna..",13,26,13,102
"01/21/2025","3:45 PM","75 min.","Adelaide","Free Flow","","Sauna.",15,25,10,112
"01/21/2025","5:30 PM","75 min.","Adelaide","Guided Up: Feel Good Now","","Sauna",19,36,17,129
"01/21/2025","7:15 PM","75 min.","Adelaide","Guided All Around: Hero's Journey","","Sauna",,,,129
"01/21/2025","9:00 PM","75 min.","Adelaide","Free Flow","","Sauna..",2,26,24,153
"01/21/2025","9:15 PM","75 min.","Adelaide","Free Flow","","Sauna",3,25,22,175
"01/22/2025","7:00 AM","75 min.","Adelaide","Guided Down: Deep Stretch","","Sauna",20,32,12,12
"01/22/2025","8:30 AM","75 min.","Adelaide","Free Flow","","Sauna",8,17,9,21
"01/22/2025","9:00 AM","75 min.","Adelaide","Free Flow","","Sauna.",17,17,0,21
"01/22/2025","9:30 AM","75 min.","Adelaide","Free Flow","","Sauna..",15,17,2,23
"01/22/2025","10:00 AM","75 min.","Adelaide","Free Flow","","Sauna...",11,17,6,29
"01/22/2025","10:15 AM","75 min.","Adelaide","Free Flow","","Sauna....",11,17,6,35
"01/22/2025","12:00 PM","75 min.","Adelaide","Guided Down: Self-Care Sweat","","Sauna",26,34,8,43
"01/22/2025","2:00 PM","75 min.","Adelaide","Free Flow","","Sauna....",9,17,8,51
"01/22/2025","2:30 PM","75 min.","Adelaide","Free Flow","","Sauna..",11,17,6,57
"01/22/2025","3:00 PM","75 min.","Adelaide","Free Flow","","Sauna",11,17,6,63
"01/22/2025","3:30 PM","75 min.","Adelaide","Free Flow","","Sauna.",15,17,2,65
"01/22/2025","4:00 PM","75 min.","Adelaide","Free Flow","","Sauna..",11,17,6,71
"01/22/2025","4:30 PM","75 min.","Adelaide","Free Flow","","Sauna...",0,17,17,88
"01/22/2025","5:00 PM","75 min.","Adelaide","Free Flow","","Sauna....",0,17,17,105
"01/22/2025","5:30 PM","75 min.","Adelaide","Lively Free Flow","","Sauna",1,17,16,121
"01/22/2025","7:15 PM","75 min.","Adelaide","Guided All Around: Heart Opener","","Sauna",4,36,32,153
"01/22/2025","9:00 PM","75 min.","Adelaide","Othership BIPOC Night: A-Z emotions","","Private",8,36,28,181
"01/23/2025","7:00 AM","75 min.","Adelaide","Guided Down: Senses","","Sauna",20,36,16,16
"01/23/2025","8:30 AM","75 min.","Adelaide","Free Flow","","Sauna...",10,17,7,23
"01/23/2025","9:00 AM","75 min.","Adelaide","Free Flow","","Sauna....",15,17,2,25
"01/23/2025","9:30 AM","75 min.","Adelaide","Free Flow","","Sauna",15,17,2,27
"01/23/2025","10:00 AM","75 min.","Adelaide","Free Flow","","Sauna.",9,17,8,35
"01/23/2025","10:15 AM","75 min.","Adelaide","Free Flow","","Sauna..",11,17,6,41
"01/23/2025","12:00 PM","75 min.","Adelaide","Guided Down: Deep Stretch","","Sauna",21,30,9,50
"01/23/2025","2:00 PM","75 min.","Adelaide","Free Flow","","Sauna...",8,17,9,59
"01/23/2025","2:30 PM","75 min.","Adelaide","Free Flow","","Sauna....",13,17,4,63
"01/23/2025","3:00 PM","75 min.","Adelaide","Free Flow","","Sauna",15,17,2,65
"01/23/2025","3:30 PM","75 min.","Adelaide","Free Flow","","Sauna.",11,17,6,71
"01/23/2025","4:00 PM","75 min.","Adelaide","Free Flow","","Sauna..",3,17,14,85
"01/23/2025","4:30 PM","75 min.","Adelaide","Free Flow","","Sauna...",0,17,17,102
"01/23/2025","5:00 PM","75 min.","Adelaide","Free Flow","","Sauna....",0,17,17,119
"01/23/2025","5:30 PM","75 min.","Adelaide","Lively Free Flow","","Sauna",2,17,15,134
"01/23/2025","7:15 PM","75 min.","Adelaide","Guided All Around: Loving Kindness","","Sauna",2,36,34,168
"01/23/2025","9:00 PM","120 min.","Adelaide","Social","","Sauna",2,26,24,192
"01/23/2025","9:30 PM","120 min.","Adelaide","Social","","Sauna..",1,25,24,216
"01/24/2025","7:00 AM","75 min.","Adelaide","Guided All Around: Inner Power","","Sauna",12,36,24,24
"01/24/2025","8:30 AM","75 min.","Adelaide","Free Flow","","Sauna",6,17,11,35
"01/24/2025","9:00 AM","75 min.","Adelaide","Free Flow","","Sauna.",14,17,3,38
"01/24/2025","9:30 AM","75 min.","Adelaide","Free Flow","","Sauna..",9,17,8,46
"01/24/2025","10:00 AM","75 min.","Adelaide","Free Flow","","Sauna...",11,17,6,52
"01/24/2025","10:15 AM","75 min.","Adelaide","Free Flow","","Sauna....",9,15,6,58
"01/24/2025","12:00 PM","75 min.","Adelaide","Guided All Around: Release","","Sauna",8,36,28,86
"01/24/2025","2:00 PM","75 min.","Adelaide","Free Flow","","Sauna....",0,17,17,103
"01/24/2025","2:30 PM","75 min.","Adelaide","Free Flow","","Sauna...",,,,103
"01/24/2025","3:00 PM","75 min.","Adelaide","Free Flow","","Sauna",1,15,14,117
"01/24/2025","3:30 PM","75 min.","Adelaide","Free Flow","","Sauna.",4,17,13,130
"01/24/2025","4:00 PM","75 min.","Adelaide","Free Flow","","Sauna..",2,17,15,145
"01/24/2025","4:30 PM","75 min.","Adelaide","Free Flow","","Sauna",,,,145
"01/24/2025","5:00 PM","75 min.","Adelaide","Free Flow","","Sauna.",,,,145
"01/24/2025","5:30 PM","75 min.","Adelaide","Free Flow","","Sauna..",1,17,16,161
"01/24/2025","7:15 PM","75 min.","Adelaide","Guided All Around: Release","","Sauna",3,36,33,194
"01/24/2025","9:00 PM","120 min.","Adelaide","Social","","Sauna",,,,194
"01/24/2025","9:30 PM","120 min.","Adelaide","Social","","Sauna.",0,25,25,219
"01/25/2025","8:00 AM","75 min.","Adelaide","Guided Down: Self-Care Sweat","","Sauna",13,34,21,21
"01/25/2025","9:45 AM","75 min.","Adelaide","Guided Up: Feel Good Now","","Sauna",,,,21
"01/25/2025","11:30 AM","75 min.","Adelaide","Guided Down: Sound Immersion","","Sauna",2,36,34,55
"01/25/2025","1:15 PM","75 min.","Adelaide","Guided All Around: Journey Through the Elements","","Sauna",2,36,34,89
"01/25/2025","3:00 PM","75 min.","Adelaide","Lively Free Flow","","Sauna",2,25,23,112
"01/25/2025","3:30 PM","75 min.","Adelaide","Lively Free Flow","","Sauna..",0,16,16,128
"01/25/2025","4:00 PM","75 min.","Adelaide","Lively Free Flow","","Sauna.",0,10,10,138
"01/25/2025","4:30 PM","75 min.","Adelaide","Lively Free Flow","","Sauna...",3,25,22,160
"01/25/2025","5:00 PM","75 min.","Adelaide","Lively Free Flow","","Sauna",0,16,16,176
"01/25/2025","5:30 PM","75 min.","Adelaide","Lively Free Flow","","Sauna.",0,10,10,186
"01/25/2025","6:00 PM","75 min.","Adelaide","Lively Free Flow","","Sauna...",0,25,25,211
"01/25/2025","7:45 PM","75 min.","Adelaide","Guided All Around: Loving Kindness","","Sauna",5,36,31,242
"01/25/2025","9:30 PM","120 min.","Adelaide","Social","","Sauna",1,25,24,266
"01/25/2025","9:45 PM","120 min.","Adelaide","Social","","Sauna..",0,26,26,292
"01/26/2025","7:00 AM","75 min.","Adelaide","Quieter Free Flow","","Sauna",18,30,12,12
"01/26/2025","8:30 AM","75 min.","Adelaide","Free Flow","","Sauna",1,30,29,41
"01/26/2025","10:15 AM","75 min.","Adelaide","Guided Down: Deep Stretch","","Sauna",0,34,34,75
"01/26/2025","12:00 PM","75 min.","Adelaide","Guided Down: Sound Immersion","","Sauna",1,36,35,110
"01/26/2025","2:00 PM","75 min.","Adelaide","Lively Free Flow","","Sauna",2,25,23,133
"01/26/2025","2:30 PM","75 min.","Adelaide","Lively Free Flow","","Sauna.",0,12,12,145
"01/26/2025","3:00 PM","75 min.","Adelaide","Lively Free Flow","","Sauna...",3,10,7,152
"01/26/2025","3:30 PM","75 min.","Adelaide","Lively Free Flow","","Sauna..",4,25,21,173
"01/26/2025","4:00 PM","75 min.","Adelaide","Lively Free Flow","","Sauna.",0,12,12,185
"01/26/2025","4:30 PM","75 min.","Adelaide","Lively Free Flow","","Sauna",1,10,9,194
"01/26/2025","5:00 PM","75 min.","Adelaide","Lively Free Flow","","Sauna...",1,25,24,218
"01/26/2025","5:30 PM","75 min.","Adelaide","Lively Free Flow","","Sauna.",1,12,11,229
"01/26/2025","7:15 PM","75 min.","Adelaide","Guided Down: Untangle","","Sauna",4,34,30,259
"01/26/2025","9:00 PM","75 min.","Adelaide","Free Flow","","Sauna",3,26,23,282
"01/26/2025","9:30 PM","75 min.","Adelaide","Free Flow","","Sauna.",7,25,18,300
"01/26/2025","10:30 PM","75 min.","Adelaide","Free Flow","","Sauna",7,25,18,318
"01/13/2025","7:00 AM","75 min.","Adelaide","Quieter Free Flow","","Sauna",4,17,13,13
"01/13/2025","7:30 AM","75 min.","Adelaide","Quieter Free Flow","","Sauna.",10,17,7,20
"01/13/2025","8:00 AM","75 min.","Adelaide","Quieter Free Flow","","Sauna..",7,17,10,30
"01/13/2025","8:30 AM","75 min.","Adelaide","Quieter Free Flow","","Sauna",10,17,7,37
"01/13/2025","9:00 AM","75 min.","Adelaide","Quieter Free Flow","","Sauna.",16,17,1,38
"01/13/2025","9:30 AM","75 min.","Adelaide","Quieter Free Flow","","Sauna..",14,17,3,41
"01/13/2025","10:00 AM","75 min.","Adelaide","Quieter Free Flow","","Sauna",15,17,2,43
"01/13/2025","10:15 AM","75 min.","Adelaide","Quieter Free Flow","","Sauna....",11,17,6,49
"01/13/2025","12:00 PM","75 min.","Adelaide","Guided All Around: Journey Through the Elements","","Sauna",,,,49
"01/13/2025","2:00 PM","75 min.","Adelaide","Free Flow","","Sauna",8,17,9,58
"01/13/2025","2:30 PM","75 min.","Adelaide","Free Flow","","Sauna...",8,17,9,67
"01/13/2025","3:00 PM","75 min.","Adelaide","Free Flow","","Sauna.",6,17,11,78
"01/13/2025","3:30 PM","75 min.","Adelaide","Free Flow","","Sauna..",5,17,12,90
"01/13/2025","5:30 PM","75 min.","Adelaide","Guided All Around: Journey Through the Elements","","Sauna",1,36,35,125
"01/13/2025","7:15 PM","75 min.","Adelaide","Guided All Around: Acceptance","","Sauna",3,36,33,158
"01/13/2025","9:00 PM","75 min.","Adelaide","Guided Down: Pure Presence","","Sauna",2,36,34,192
"01/14/2025","7:00 AM","75 min.","Adelaide","Guided Up: Arctic Tundra","","Sauna",22,32,10,10
"01/14/2025","8:30 AM","75 min.","Adelaide","Quieter Free Flow","","Sauna...",7,17,10,20
"01/14/2025","9:00 AM","75 min.","Adelaide","Quieter Free Flow","","Sauna....",15,17,2,22
"01/14/2025","9:30 AM","75 min.","Adelaide","Quieter Free Flow","","Sauna",8,17,9,31
"01/14/2025","10:00 AM","75 min.","Adelaide","Quieter Free Flow","","Sauna.",15,17,2,33
"01/14/2025","10:15 AM","75 min.","Adelaide","Quieter Free Flow","","Sauna....",6,17,11,44
"01/14/2025","12:00 PM","75 min.","Adelaide","Guided Down: Self-Care Sweat","","Sauna",20,34,14,58
"01/14/2025","1:45 PM","75 min.","Adelaide","Guided All Around: Reset","","Sauna",15,36,21,79
"01/14/2025","3:30 PM","75 min.","Adelaide","Free Flow","","Sauna..",17,26,9,88
"01/14/2025","3:45 PM","75 min.","Adelaide","Free Flow","","Sauna.",15,25,10,98
"01/14/2025","5:30 PM","75 min.","Adelaide","Guided All Around: Release","","Sauna",4,36,32,130
"01/14/2025","7:15 PM","75 min.","Adelaide","Guided Down: Untangle","","Sauna",,,,130
"01/14/2025","9:00 PM","75 min.","Adelaide","Free Flow","","Sauna..",0,26,26,156
"01/14/2025","9:15 PM","75 min.","Adelaide","Free Flow","","Sauna",,,,156
"01/15/2025","7:00 AM","75 min.","Adelaide","Guided Down: Deep Stretch","","Sauna",11,32,21,21
"01/15/2025","10:15 AM","75 min.","Adelaide","Free Flow","","Sauna....",,,,21
"01/15/2025","12:00 PM","75 min.","Adelaide","Guided All Around: Release","","Sauna",23,36,13,34
"01/15/2025","4:00 PM","75 min.","Adelaide","Free Flow","","Sauna..",3,17,14,48
"01/15/2025","4:30 PM","75 min.","Adelaide","Free Flow","","Sauna...",1,17,16,64
"01/15/2025","5:00 PM","75 min.","Adelaide","Free Flow","","Sauna....",3,17,14,78
"01/15/2025","5:30 PM","75 min.","Adelaide","Lively Free Flow","","Sauna",0,17,17,95
"01/15/2025","7:15 PM","75 min.","Adelaide","Guided Up: Feel Good Now","","Sauna",1,36,35,130
"01/15/2025","9:00 PM","75 min.","Adelaide","Free Flow","","Sauna",,,,130
"01/15/2025","9:30 PM","75 min.","Adelaide","Free Flow","","Sauna..",2,25,23,153
"01/16/2025","7:00 AM","75 min.","Adelaide","Guided All Around: Heart Opener","","Sauna",29,36,7,7
"01/16/2025","8:30 AM","75 min.","Adelaide","Free Flow","","Sauna...",13,17,4,11
"01/16/2025","9:00 AM","75 min.","Adelaide","Free Flow","","Sauna....",11,17,6,17
"01/16/2025","9:30 AM","75 min.","Adelaide","Free Flow","","Sauna",15,17,2,19
"01/16/2025","10:00 AM","75 min.","Adelaide","Free Flow","","Sauna.",12,17,5,24
"01/16/2025","10:15 AM","75 min.","Adelaide","Free Flow","","Sauna..",11,17,6,30
"01/16/2025","12:00 PM","75 min.","Adelaide","Guided All Around: Journey Through the Elements","","Sauna",24,36,12,42
"01/16/2025","2:00 PM","75 min.","Adelaide","Free Flow","","Sauna...",12,17,5,47
"01/16/2025","2:30 PM","75 min.","Adelaide","Free Flow","","Sauna....",11,17,6,53
"01/16/2025","3:00 PM","75 min.","Adelaide","Free Flow","","Sauna",8,17,9,62
"01/16/2025","3:30 PM","75 min.","Adelaide","Free Flow","","Sauna.",10,17,7,69
"01/16/2025","4:00 PM","75 min.","Adelaide","Free Flow","","Sauna..",1,17,16,85
"01/16/2025","4:30 PM","75 min.","Adelaide","Free Flow","","Sauna...",1,17,16,101
"01/16/2025","5:00 PM","75 min.","Adelaide","Free Flow","","Sauna....",0,17,17,118
"01/16/2025","5:30 PM","75 min.","Adelaide","Lively Free Flow","","Sauna",1,17,16,134
"01/16/2025","7:15 PM","75 min.","Adelaide","Guided All Around: Loving Kindness","","Sauna",1,36,35,169
"01/16/2025","9:00 PM","120 min.","Adelaide","Social","","Sauna",1,26,25,194
"01/16/2025","9:30 PM","120 min.","Adelaide","Social","","Sauna..",4,25,21,215
"01/17/2025","7:00 AM","75 min.","Adelaide","Guided All Around: Reset","","Sauna",26,36,10,10
"01/17/2025","8:30 AM","75 min.","Adelaide","Free Flow","","Sauna",10,17,7,17
"01/17/2025","9:00 AM","75 min.","Adelaide","Free Flow","","Sauna.",14,17,3,20
"01/17/2025","9:30 AM","75 min.","Adelaide","Free Flow","","Sauna..",11,17,6,26
"01/17/2025","10:00 AM","75 min.","Adelaide","Free Flow","","Sauna...",3,17,14,40
"01/17/2025","10:15 AM","75 min.","Adelaide","Free Flow","","Sauna....",,,,40
"01/17/2025","12:00 PM","75 min.","Adelaide","Guided Down: Deep Stretch","","Sauna",3,32,29,69
"01/17/2025","2:00 PM","75 min.","Adelaide","Free Flow","","Sauna....",4,17,13,82
"01/17/2025","2:30 PM","75 min.","Adelaide","Free Flow","","Sauna...",5,17,12,94
"01/17/2025","3:00 PM","75 min.","Adelaide","Free Flow","","Sauna",6,15,9,103
"01/17/2025","3:30 PM","75 min.","Adelaide","Free Flow","","Sauna.",4,17,13,116
"01/17/2025","4:00 PM","75 min.","Adelaide","Free Flow","","Sauna..",,,,116
"01/17/2025","4:30 PM","75 min.","Adelaide","Free Flow","","Sauna",,,,116
"01/17/2025","5:00 PM","75 min.","Adelaide","Free Flow","","Sauna.",2,17,15,131
"01/17/2025","5:30 PM","75 min.","Adelaide","Free Flow","","Sauna..",0,17,17,148
"01/17/2025","7:15 PM","75 min.","Adelaide","Guided Up: Awakening","","Sauna",2,36,34,182
"01/17/2025","9:00 PM","120 min.","Adelaide","Social","","Sauna",1,26,25,207
"01/17/2025","9:30 PM","120 min.","Adelaide","Social","","Sauna.",0,25,25,232
"01/18/2025","8:00 AM","75 min.","Adelaide","Guided All Around: Hardwiring Happiness","","Sauna",17,36,19,19
"01/18/2025","9:45 AM","75 min.","Adelaide","Guided All Around: Acceptance","","Sauna",3,36,33,52
"01/18/2025","11:30 AM","75 min.","Adelaide","Guided All Around: Rose, Thorn, Bud","Harry Taylor","Sauna",2,36,34,86
"01/18/2025","1:15 PM","75 min.","Adelaide","Guided All Around: Journey Through the Elements","","Sauna",3,36,33,119
"01/18/2025","3:00 PM","75 min.","Adelaide","Lively Free Flow","","Sauna",0,28,28,147
"01/18/2025","3:30 PM","75 min.","Adelaide","Lively Free Flow","","Sauna...",0,10,10,157
"01/18/2025","4:00 PM","75 min.","Adelaide","Lively Free Flow","","Sauna.",0,10,10,167
"01/18/2025","4:30 PM","75 min.","Adelaide","Lively Free Flow","","Sauna....",2,28,26,193
"01/18/2025","5:00 PM","75 min.","Adelaide","Lively Free Flow","","Sauna",0,10,10,203
"01/18/2025","5:30 PM","75 min.","Adelaide","Lively Free Flow","","Sauna.",1,10,9,212
"01/18/2025","6:00 PM","75 min.","Adelaide","Lively Free Flow","","Sauna....",2,28,26,238
"01/18/2025","7:45 PM","75 min.","Adelaide","Guided All Around: Loving Kindness","","Sauna",5,36,31,269
"01/18/2025","9:30 PM","120 min.","Adelaide","Social","","Sauna",2,25,23,292
"01/18/2025","9:45 PM","120 min.","Adelaide","Social","","Sauna..",3,26,23,315
"01/19/2025","7:00 AM","75 min.","Adelaide","Quieter Free Flow","","Sauna",10,30,20,20
"01/19/2025","8:30 AM","75 min.","Adelaide","Free Flow","","Sauna",1,30,29,49
"01/19/2025","10:15 AM","75 min.","Adelaide","Guided Up: Self-Care Sweat","","Sauna",2,34,32,81
"01/19/2025","12:00 PM","75 min.","Adelaide","Guided Down: Sound Immersion","","Sauna",7,36,29,110
"01/19/2025","2:00 PM","75 min.","Adelaide","Lively Free Flow","","Sauna",1,25,24,134
"01/19/2025","2:30 PM","75 min.","Adelaide","Lively Free Flow","","Sauna.",1,12,11,145
"01/19/2025","3:00 PM","75 min.","Adelaide","Lively Free Flow","","Sauna...",2,10,8,153
"01/19/2025","3:30 PM","75 min.","Adelaide","Lively Free Flow","","Sauna..",0,25,25,178
"01/19/2025","4:00 PM","75 min.","Adelaide","Lively Free Flow","","Sauna.",0,12,12,190
"01/19/2025","4:30 PM","75 min.","Adelaide","Lively Free Flow","","Sauna",0,10,10,200
"01/19/2025","5:00 PM","75 min.","Adelaide","Lively Free Flow","","Sauna...",3,25,22,222
"01/19/2025","5:30 PM","75 min.","Adelaide","Lively Free Flow","","Sauna.",1,12,11,233
"01/19/2025","7:15 PM","75 min.","Adelaide","Guided Down: Untangle","","Sauna",,,,233
"01/19/2025","9:00 PM","75 min.","Adelaide","Free Flow","","Sauna",0,26,26,259
"01/19/2025","9:30 PM","75 min.","Adelaide","Free Flow","","Sauna.",1,25,24,283
"01/06/2025","7:00 AM","75 min.","Adelaide","Quieter Free Flow","","Sauna",6,17,11,11
"01/06/2025","7:30 AM","75 min.","Adelaide","Quieter Free Flow","","Sauna.",12,17,5,16
"01/06/2025","8:00 AM","75 min.","Adelaide","Quieter Free Flow","","Sauna..",13,17,4,20
"01/06/2025","8:30 AM","75 min.","Adelaide","Quieter Free Flow","","Sauna",14,17,3,23
"01/06/2025","9:00 AM","75 min.","Adelaide","Quieter Free Flow","","Sauna.",14,17,3,26
"01/06/2025","9:30 AM","75 min.","Adelaide","Quieter Free Flow","","Sauna..",11,17,6,32
"01/06/2025","10:00 AM","75 min.","Adelaide","Quieter Free Flow","","Sauna",9,17,8,40
"01/06/2025","10:15 AM","75 min.","Adelaide","Quieter Free Flow","","Sauna....",7,17,10,50
"01/06/2025","12:00 PM","75 min.","Adelaide","Guided All Around: Reset","","Sauna",26,34,8,58
"01/06/2025","2:00 PM","75 min.","Adelaide","Free Flow","","Sauna",3,17,14,72
"01/06/2025","2:30 PM","75 min.","Adelaide","Free Flow","","Sauna...",10,17,7,79
"01/06/2025","3:00 PM","75 min.","Adelaide","Free Flow","","Sauna.",8,17,9,88
"01/06/2025","3:30 PM","75 min.","Adelaide","Free Flow","","Sauna..",0,17,17,105
"01/06/2025","5:30 PM","75 min.","Adelaide","Guided Up: Self-Care Sweat","","Sauna",,,,105
"01/06/2025","7:15 PM","75 min.","Adelaide","Guided All Around: Inner Power","","Sauna",1,36,35,140
"01/06/2025","9:00 PM","75 min.","Adelaide","Guided All Around: Loving Kindness","","Sauna",20,36,16,156
"01/07/2025","7:00 AM","75 min.","Adelaide","Guided Up: Arctic Tundra","","Sauna",27,32,5,5
"01/07/2025","8:30 AM","75 min.","Adelaide","Quieter Free Flow","","Sauna...",8,17,9,14
"01/07/2025","9:00 AM","75 min.","Adelaide","Quieter Free Flow","","Sauna....",13,17,4,18
"01/07/2025","9:30 AM","75 min.","Adelaide","Quieter Free Flow","","Sauna",12,17,5,23
"01/07/2025","10:00 AM","75 min.","Adelaide","Quieter Free Flow","","Sauna.",15,17,2,25
"01/07/2025","10:15 AM","75 min.","Adelaide","Quieter Free Flow","","Sauna....",14,17,3,28
"01/07/2025","12:00 PM","75 min.","Adelaide","Guided All Around: Reset","","Sauna",24,34,10,38
"01/07/2025","1:45 PM","75 min.","Adelaide","Guided Down: Self-Care Sweat","","Sauna",20,34,14,52
"01/07/2025","3:30 PM","75 min.","Adelaide","Free Flow","","Sauna..",13,26,13,65
"01/07/2025","3:45 PM","75 min.","Adelaide","Free Flow","","Sauna.",17,25,8,73
"01/07/2025","5:30 PM","75 min.","Adelaide","Guided All Around: Inner Power","","Sauna",2,36,34,107
"01/07/2025","7:15 PM","75 min.","Adelaide","Guided Down: Sound Immersion","","Sauna",1,36,35,142
"01/07/2025","9:00 PM","75 min.","Adelaide","Free Flow","","Sauna..",3,26,23,165
"01/07/2025","9:15 PM","75 min.","Adelaide","Free Flow","","Sauna",,,,165
"01/08/2025","7:00 AM","75 min.","Adelaide","Guided Down: Deep Stretch","","Sauna",19,32,13,13
"01/08/2025","8:30 AM","75 min.","Adelaide","Free Flow","","Sauna",10,17,7,20
"01/08/2025","9:00 AM","75 min.","Adelaide","Free Flow","","Sauna.",9,17,8,28
"01/08/2025","9:30 AM","75 min.","Adelaide","Free Flow","","Sauna..",13,17,4,32
"01/08/2025","10:00 AM","75 min.","Adelaide","Free Flow","","Sauna...",11,17,6,38
"01/08/2025","10:15 AM","75 min.","Adelaide","Free Flow","","Sauna....",5,17,12,50
"01/08/2025","12:00 PM","75 min.","Adelaide","Guided Down: Deep Stretch","","Sauna",19,32,13,63
"01/08/2025","2:00 PM","75 min.","Adelaide","Free Flow","","Sauna....",9,17,8,71
"01/08/2025","2:30 PM","75 min.","Adelaide","Free Flow","","Sauna..",12,17,5,76
"01/08/2025","3:00 PM","75 min.","Adelaide","Free Flow","","Sauna",12,17,5,81
"01/08/2025","3:30 PM","75 min.","Adelaide","Free Flow","","Sauna.",12,17,5,86
"01/08/2025","4:00 PM","75 min.","Adelaide","Free Flow","","Sauna..",11,17,6,92
"01/08/2025","4:30 PM","75 min.","Adelaide","Free Flow","","Sauna...",0,17,17,109
"01/08/2025","5:00 PM","75 min.","Adelaide","Free Flow","","Sauna....",1,17,16,125
"01/08/2025","5:30 PM","75 min.","Adelaide","Lively Free Flow","","Sauna",1,17,16,141
"01/08/2025","7:15 PM","75 min.","Adelaide","Guided All Around: Heart Opener","","Sauna",3,36,33,174
"01/08/2025","9:00 PM","75 min.","Adelaide","Free Flow","","Sauna",2,26,24,198
"01/08/2025","9:30 PM","75 min.","Adelaide","Free Flow","","Sauna..",1,25,24,222
"01/09/2025","7:00 AM","75 min.","Adelaide","Guided All Around: Heart Opener","","Sauna",28,36,8,8
"01/09/2025","8:30 AM","75 min.","Adelaide","Free Flow","","Sauna...",12,17,5,13
"01/09/2025","9:00 AM","75 min.","Adelaide","Free Flow","","Sauna....",14,17,3,16
"01/09/2025","9:30 AM","75 min.","Adelaide","Free Flow","","Sauna",13,17,4,20
"01/09/2025","10:00 AM","75 min.","Adelaide","Free Flow","","Sauna.",13,17,4,24
"01/09/2025","10:15 AM","75 min.","Adelaide","Free Flow","","Sauna..",13,17,4,28
"01/09/2025","12:00 PM","75 min.","Adelaide","Guided Up: Self-Care Sweat","","Sauna",20,36,16,44
"01/09/2025","2:00 PM","75 min.","Adelaide","Free Flow","","Sauna...",6,17,11,55
"01/09/2025","2:30 PM","75 min.","Adelaide","Free Flow","","Sauna....",14,17,3,58
"01/09/2025","3:00 PM","75 min.","Adelaide","Free Flow","","Sauna",10,17,7,65
"01/09/2025","3:30 PM","75 min.","Adelaide","Free Flow","","Sauna.",7,17,10,75
"01/09/2025","4:00 PM","75 min.","Adelaide","Free Flow","","Sauna..",3,17,14,89
"01/09/2025","4:30 PM","75 min.","Adelaide","Free Flow","","Sauna...",0,17,17,106
"01/09/2025","5:00 PM","75 min.","Adelaide","Free Flow","","Sauna....",0,17,17,123
"01/09/2025","5:30 PM","75 min.","Adelaide","Lively Free Flow","","Sauna",1,17,16,139
"01/09/2025","7:15 PM","90 min.","Adelaide","Guided All Around: Space for Women","","Sauna",2,36,34,173
"01/09/2025","9:15 PM","120 min.","Adelaide","Social","","Sauna",3,26,23,196
"01/09/2025","9:45 PM","120 min.","Adelaide","Social","","Sauna..",6,25,19,215
"01/10/2025","7:00 AM","75 min.","Adelaide","Guided Up: Awakening","","Sauna",27,36,9,9
"01/10/2025","8:30 AM","75 min.","Adelaide","Free Flow","","Sauna",1,17,16,25
"01/10/2025","9:00 AM","75 min.","Adelaide","Free Flow","","Sauna.",13,17,4,29
"01/10/2025","9:30 AM","75 min.","Adelaide","Free Flow","","Sauna..",15,17,2,31
"01/10/2025","10:00 AM","75 min.","Adelaide","Free Flow","","Sauna...",14,17,3,34
"01/10/2025","10:15 AM","75 min.","Adelaide","Free Flow","","Sauna....",2,15,13,47
"01/10/2025","12:00 PM","75 min.","Adelaide","Guided Down: Self-Care Sweat","","Sauna",12,34,22,69
"01/10/2025","2:00 PM","75 min.","Adelaide","Free Flow","","Sauna....",6,17,11,80
"01/10/2025","2:30 PM","75 min.","Adelaide","Free Flow","","Sauna...",8,17,9,89
"01/10/2025","3:00 PM","75 min.","Adelaide","Free Flow","","Sauna",10,15,5,94
"01/10/2025","3:30 PM","75 min.","Adelaide","Free Flow","","Sauna.",3,17,14,108
"01/10/2025","4:00 PM","75 min.","Adelaide","Free Flow","","Sauna..",2,17,15,123
"01/10/2025","4:30 PM","75 min.","Adelaide","Free Flow","","Sauna",,,,123
"01/10/2025","5:00 PM","75 min.","Adelaide","Free Flow","","Sauna.",,,,123
"01/10/2025","5:30 PM","75 min.","Adelaide","Free Flow","","Sauna..",0,17,17,140
"01/10/2025","7:15 PM","75 min.","Adelaide","Guided All Around: Release","","Sauna",2,36,34,174
"01/10/2025","9:00 PM","120 min.","Adelaide","Social","","Sauna",,,,174
"01/10/2025","9:30 PM","120 min.","Adelaide","Social","","Sauna.",0,25,25,199
"01/11/2025","8:00 AM","75 min.","Adelaide","Guided Down: Senses","","Sauna",10,34,24,24
"01/11/2025","9:45 AM","75 min.","Adelaide","Guided Up: Feel Good Now","","Sauna",1,36,35,59
"01/11/2025","11:30 AM","75 min.","Adelaide","Guided All Around: Loving Kindness","","Sauna",1,36,35,94
"01/11/2025","1:15 PM","75 min.","Adelaide","Guided All Around: Journey Through the Elements","","Sauna",,,,94
"01/11/2025","3:00 PM","75 min.","Adelaide","Lively Free Flow","","Sauna",1,25,24,118
"01/11/2025","3:30 PM","75 min.","Adelaide","Lively Free Flow","","Sauna..",0,16,16,134
"01/11/2025","4:00 PM","75 min.","Adelaide","Lively Free Flow","","Sauna.",0,10,10,144
"01/11/2025","4:30 PM","75 min.","Adelaide","Lively Free Flow","","Sauna...",2,25,23,167
"01/11/2025","5:00 PM","75 min.","Adelaide","Lively Free Flow","","Sauna",1,16,15,182
"01/11/2025","5:30 PM","75 min.","Adelaide","Lively Free Flow","","Sauna.",0,10,10,192
"01/11/2025","6:00 PM","75 min.","Adelaide","Lively Free Flow","","Sauna...",0,25,25,217
"01/11/2025","7:45 PM","75 min.","Adelaide","Guided All Around: Loving Kindness","","Sauna",12,36,24,241
"01/11/2025","9:30 PM","120 min.","Adelaide","Social","","Sauna",,,,241
"01/11/2025","9:45 PM","120 min.","Adelaide","Social","","Sauna..",12,26,14,255
"01/12/2025","7:00 AM","75 min.","Adelaide","Quieter Free Flow","","Sauna",15,30,15,15
"01/12/2025","8:30 AM","75 min.","Adelaide","Free Flow","","Sauna",2,30,28,43
"01/12/2025","10:15 AM","75 min.","Adelaide","Guided Down: Self-Care Sweat","","Sauna",0,36,36,79
"01/12/2025","12:00 PM","75 min.","Adelaide","Guided Down: Pure Presence","","Sauna",2,36,34,113
"01/12/2025","2:00 PM","75 min.","Adelaide","Lively Free Flow","","Sauna",1,25,24,137
"01/12/2025","2:30 PM","75 min.","Adelaide","Lively Free Flow","","Sauna.",0,12,12,149
"01/12/2025","3:00 PM","75 min.","Adelaide","Lively Free Flow","","Sauna...",0,10,10,159
"01/12/2025","3:30 PM","75 min.","Adelaide","Lively Free Flow","","Sauna..",0,25,25,184
"01/12/2025","4:00 PM","75 min.","Adelaide","Lively Free Flow","","Sauna.",0,12,12,196
"01/12/2025","4:30 PM","75 min.","Adelaide","Lively Free Flow","","Sauna",0,10,10,206
"01/12/2025","5:00 PM","75 min.","Adelaide","Lively Free Flow","","Sauna...",0,25,25,231
"01/12/2025","5:30 PM","75 min.","Adelaide","Lively Free Flow","","Sauna.",2,12,10,241
"01/12/2025","7:15 PM","75 min.","Adelaide","Guided Down: Untangle","","Sauna",,,,241
"01/12/2025","9:00 PM","75 min.","Adelaide","Free Flow","","Sauna",1,26,25,266
"01/12/2025","9:30 PM","75 min.","Adelaide","Free Flow","","Sauna.",0,25,25,291
"12/30/2024","7:00 AM","75 min.","Adelaide","Quieter Free Flow","","Sauna",13,17,4,4
"12/30/2024","7:30 AM","75 min.","Adelaide","Quieter Free Flow","","Sauna.",16,17,1,5
"12/30/2024","8:00 AM","75 min.","Adelaide","Quieter Free Flow","","Sauna..",13,17,4,9
"12/30/2024","8:30 AM","75 min.","Adelaide","Quieter Free Flow","","Sauna",14,17,3,12
"12/30/2024","9:00 AM","75 min.","Adelaide","Quieter Free Flow","","Sauna.",15,17,2,14
"12/30/2024","9:30 AM","75 min.","Adelaide","Quieter Free Flow","","Sauna..",8,17,9,23
"12/30/2024","10:00 AM","75 min.","Adelaide","Quieter Free Flow","","Sauna",11,17,6,29
"12/30/2024","10:15 AM","75 min.","Adelaide","Quieter Free Flow","","Sauna....",4,17,13,42
"12/30/2024","12:00 PM","75 min.","Adelaide","Guided All Around: Journey Through the Elements","","Sauna",9,36,27,69
"12/30/2024","2:00 PM","75 min.","Adelaide","Free Flow","","Sauna",0,17,17,86
"12/30/2024","2:30 PM","75 min.","Adelaide","Free Flow","","Sauna...",1,17,16,102
"12/30/2024","3:00 PM","75 min.","Adelaide","Free Flow","","Sauna.",0,17,17,119
"12/30/2024","3:30 PM","75 min.","Adelaide","Free Flow","","Sauna..",0,17,17,136
"12/30/2024","5:30 PM","75 min.","Adelaide","Guided Up: Self-Care Sweat","","Sauna",1,34,33,169
"12/30/2024","7:15 PM","75 min.","Adelaide","Guided All Around: Acceptance","","Sauna",1,36,35,204
"12/30/2024","9:00 PM","75 min.","Adelaide","Guided Down: Pure Presence","","Sauna",9,36,27,231
"12/31/2024","7:00 AM","75 min.","Adelaide","Free Flow","","Sauna",12,17,5,5
"12/31/2024","7:30 AM","75 min.","Adelaide","Free Flow","","Sauna...",9,17,8,13
"12/31/2024","8:00 AM","75 min.","Adelaide","Free Flow","","Sauna.",,,,13
"12/31/2024","8:15 AM","75 min.","Adelaide","Free Flow","","Sauna..",0,10,10,23
"12/31/2024","10:00 AM","75 min.","Adelaide","Guided Down: Deep Stretch","","Sauna",1,32,31,54
"12/31/2024","12:00 PM","75 min.","Adelaide","Guided Down: Self-Care Sweat","","Sauna",,,,54
"12/31/2024","1:45 PM","75 min.","Adelaide","Guided All Around: Reset","","Sauna",,,,54
"12/31/2024","3:30 PM","75 min.","Adelaide","Lively Free Flow","","Sauna..",0,26,26,80
"12/31/2024","4:00 PM","75 min.","Adelaide","Lively Free Flow","","Sauna.",3,25,22,102
"12/31/2024","4:30 PM","75 min.","Adelaide","Lively Free Flow","","Sauna",,,,102
"12/31/2024","5:00 PM","75 min.","Adelaide","Lively Free Flow","","Sauna..",,,,102
"12/31/2024","5:30 PM","75 min.","Adelaide","Free Flow","","Sauna....",6,15,9,111
"01/01/2025","10:00 AM","75 min.","Adelaide","Guided Up: Awakening","","Sauna",6,36,30,30
"01/01/2025","12:00 PM","75 min.","Adelaide","Guided Down: Self-Care Sweat","","Sauna",3,34,31,61
"01/01/2025","2:00 PM","75 min.","Adelaide","Lively Free Flow","","Sauna....",1,17,16,77
"01/01/2025","2:30 PM","75 min.","Adelaide","Lively Free Flow","","Sauna..",1,17,16,93
"01/01/2025","3:00 PM","75 min.","Adelaide","Lively Free Flow","","Sauna",1,17,16,109
"01/01/2025","3:30 PM","75 min.","Adelaide","Lively Free Flow","","Sauna.",2,17,15,124
"01/01/2025","4:00 PM","75 min.","Adelaide","Lively Free Flow","","Sauna..",1,17,16,140
"01/01/2025","4:30 PM","75 min.","Adelaide","Lively Free Flow","","Sauna...",0,17,17,157
"01/01/2025","5:00 PM","75 min.","Adelaide","Lively Free Flow","","Sauna....",4,17,13,170
"01/01/2025","5:30 PM","75 min.","Adelaide","Lively Free Flow","","Sauna",0,17,17,187
"01/01/2025","7:15 PM","75 min.","Adelaide","Guided All Around: Loving Kindness","","Sauna",1,36,35,222
"01/01/2025","9:00 PM","75 min.","Adelaide","Free Flow","","Sauna",,,,222
"01/01/2025","9:30 PM","75 min.","Adelaide","Free Flow","","Sauna..",1,25,24,246
"01/02/2025","7:00 AM","75 min.","Adelaide","Guided All Around: Heart Opener","","Sauna",29,36,7,7
"01/02/2025","8:30 AM","75 min.","Adelaide","Free Flow","","Sauna...",8,17,9,16
"01/02/2025","9:00 AM","75 min.","Adelaide","Free Flow","","Sauna....",15,17,2,18
"01/02/2025","9:30 AM","75 min.","Adelaide","Free Flow","","Sauna",8,17,9,27
"01/02/2025","10:00 AM","75 min.","Adelaide","Free Flow","","Sauna.",11,17,6,33
"01/02/2025","10:15 AM","75 min.","Adelaide","Free Flow","","Sauna..",3,17,14,47
"01/02/2025","12:00 PM","75 min.","Adelaide","Guided Down: Senses","","Sauna",4,36,32,79
"01/02/2025","2:00 PM","75 min.","Adelaide","Free Flow","","Sauna...",2,17,15,94
"01/02/2025","2:30 PM","75 min.","Adelaide","Free Flow","","Sauna....",11,17,6,100
"01/02/2025","3:00 PM","75 min.","Adelaide","Free Flow","","Sauna",8,17,9,109
"01/02/2025","3:30 PM","75 min.","Adelaide","Free Flow","","Sauna.",11,17,6,115
"01/02/2025","4:00 PM","75 min.","Adelaide","Free Flow","","Sauna..",0,17,17,132
"01/02/2025","4:30 PM","75 min.","Adelaide","Free Flow","","Sauna...",2,17,15,147
"01/02/2025","5:00 PM","75 min.","Adelaide","Free Flow","","Sauna....",1,17,16,163
"01/02/2025","5:30 PM","75 min.","Adelaide","Lively Free Flow","","Sauna",1,17,16,179
"01/02/2025","7:15 PM","75 min.","Adelaide","Guided All Around: Reset","","Sauna",1,36,35,214
"01/02/2025","9:00 PM","120 min.","Adelaide","Social","","Sauna",1,26,25,239
"01/02/2025","9:30 PM","120 min.","Adelaide","Social","","Sauna..",1,25,24,263
"01/03/2025","7:00 AM","75 min.","Adelaide","Guided All Around: Release","","Sauna",21,36,15,15
"01/03/2025","8:30 AM","75 min.","Adelaide","Free Flow","","Sauna",11,17,6,21
"01/03/2025","9:00 AM","75 min.","Adelaide","Free Flow","","Sauna.",6,17,11,32
"01/03/2025","9:30 AM","75 min.","Adelaide","Free Flow","","Sauna..",5,17,12,44
"01/03/2025","10:00 AM","75 min.","Adelaide","Free Flow","","Sauna...",5,17,12,56
"01/03/2025","10:15 AM","75 min.","Adelaide","Free Flow","","Sauna....",1,15,14,70
"01/03/2025","12:00 PM","75 min.","Adelaide","Guided All Around: Reset","","Sauna",1,36,35,105
"01/03/2025","2:00 PM","75 min.","Adelaide","Free Flow","","Sauna....",1,17,16,121
"01/03/2025","2:30 PM","75 min.","Adelaide","Free Flow","","Sauna...",,,,121
"01/03/2025","3:00 PM","75 min.","Adelaide","Free Flow","","Sauna",2,15,13,134
"01/03/2025","3:30 PM","75 min.","Adelaide","Free Flow","","Sauna.",,,,134
"01/03/2025","4:00 PM","75 min.","Adelaide","Free Flow","","Sauna..",,,,134
"01/03/2025","4:30 PM","75 min.","Adelaide","Free Flow","","Sauna",,,,134
"01/03/2025","5:00 PM","75 min.","Adelaide","Free Flow","","Sauna.",,,,134
"01/03/2025","5:30 PM","75 min.","Adelaide","Free Flow","","Sauna..",1,17,16,150
"01/03/2025","7:15 PM","75 min.","Adelaide","Guided Up: Awakening","","Sauna",7,36,29,179
"01/03/2025","9:00 PM","120 min.","Adelaide","Social","","Sauna",1,26,25,204
"01/03/2025","9:30 PM","120 min.","Adelaide","Social","","Sauna.",1,25,24,228
"01/04/2025","8:00 AM","75 min.","Adelaide","Guided Down: Sound Immersion","","Sauna",20,36,16,16
"01/04/2025","9:45 AM","75 min.","Adelaide","Guided All Around: Heart Opener","","Sauna",8,36,28,44
"01/04/2025","11:30 AM","75 min.","Adelaide","Guided Down: Pure Presence","","Sauna",2,36,34,78
"01/04/2025","1:15 PM","75 min.","Adelaide","Guided All Around: Journey Through the Elements","","Sauna",1,36,35,113
"01/04/2025","3:00 PM","75 min.","Adelaide","Lively Free Flow","","Sauna",1,28,27,140
"01/04/2025","3:30 PM","75 min.","Adelaide","Lively Free Flow","","Sauna...",1,10,9,149
"01/04/2025","4:00 PM","75 min.","Adelaide","Lively Free Flow","","Sauna.",0,10,10,159
"01/04/2025","4:30 PM","75 min.","Adelaide","Lively Free Flow","","Sauna....",1,28,27,186
"01/04/2025","5:00 PM","75 min.","Adelaide","Lively Free Flow","","Sauna",1,10,9,195
"01/04/2025","5:30 PM","75 min.","Adelaide","Lively Free Flow","","Sauna.",3,10,7,202
"01/04/2025","6:00 PM","75 min.","Adelaide","Lively Free Flow","","Sauna....",0,28,28,230
"01/04/2025","7:45 PM","75 min.","Adelaide","Guided All Around: Loving Kindness","","Sauna",,,,230
"01/04/2025","9:30 PM","120 min.","Adelaide","Beat Drop: DJ Takeover","","Sauna",,,,230
"01/04/2025","9:45 PM","120 min.","Adelaide","Beat Drop: DJ Takeover","","Sauna..",4,26,22,252
"01/05/2025","7:00 AM","75 min.","Adelaide","Quieter Free Flow","","Sauna",14,30,16,16
"01/05/2025","8:30 AM","75 min.","Adelaide","Free Flow","","Sauna",2,30,28,44
"01/05/2025","10:15 AM","75 min.","Adelaide","Guided All Around: Reset","","Sauna",2,36,34,78
"01/05/2025","12:00 PM","75 min.","Adelaide","Guided Down: Sound Immersion","","Sauna",4,36,32,110
"01/05/2025","2:00 PM","75 min.","Adelaide","Lively Free Flow","","Sauna",0,26,26,136
"01/05/2025","2:30 PM","75 min.","Adelaide","Lively Free Flow","","Sauna.",1,10,9,145
"01/05/2025","3:00 PM","75 min.","Adelaide","Lively Free Flow","","Sauna...",0,12,12,157
"01/05/2025","3:30 PM","75 min.","Adelaide","Lively Free Flow","","Sauna....",1,28,27,184
"01/05/2025","4:00 PM","75 min.","Adelaide","Lively Free Flow","","Sauna.",0,10,10,194
"01/05/2025","4:30 PM","75 min.","Adelaide","Lively Free Flow","","Sauna",1,10,9,203
"01/05/2025","5:00 PM","75 min.","Adelaide","Lively Free Flow","","Sauna....",1,28,27,230
"01/05/2025","5:30 PM","75 min.","Adelaide","Lively Free Flow","","Sauna.",1,10,9,239
"01/05/2025","7:15 PM","75 min.","Adelaide","Guided Down: Untangle","","Sauna",,,,239
"01/05/2025","9:00 PM","75 min.","Adelaide","Free Flow","","Sauna",2,26,24,263
"01/05/2025","9:30 PM","75 min.","Adelaide","Free Flow","","Sauna.",0,25,25,288
"12/23/2024","7:00 AM","75 min.","Adelaide","Quieter Free Flow","","Sauna",7,17,10,10
"12/23/2024","7:30 AM","75 min.","Adelaide","Quieter Free Flow","","Sauna.",14,17,3,13
"12/23/2024","8:00 AM","75 min.","Adelaide","Quieter Free Flow","","Sauna..",17,17,0,13
"12/23/2024","8:30 AM","75 min.","Adelaide","Quieter Free Flow","","Sauna",6,17,11,24
"12/23/2024","9:00 AM","75 min.","Adelaide","Quieter Free Flow","","Sauna.",12,17,5,29
"12/23/2024","9:30 AM","75 min.","Adelaide","Quieter Free Flow","","Sauna..",13,17,4,33
"12/23/2024","10:00 AM","75 min.","Adelaide","Quieter Free Flow","","Sauna",8,17,9,42
"12/23/2024","10:15 AM","75 min.","Adelaide","Quieter Free Flow","","Sauna....",9,17,8,50
"12/23/2024","12:00 PM","75 min.","Adelaide","Guided All Around: Reset","","Sauna",27,34,7,57
"12/23/2024","2:00 PM","75 min.","Adelaide","Free Flow","","Sauna",6,17,11,68
"12/23/2024","2:30 PM","75 min.","Adelaide","Free Flow","","Sauna...",4,17,13,81
"12/23/2024","3:00 PM","75 min.","Adelaide","Free Flow","","Sauna.",3,17,14,95
"12/23/2024","3:30 PM","75 min.","Adelaide","Free Flow","","Sauna..",0,17,17,112
"12/23/2024","5:30 PM","75 min.","Adelaide","Guided Up: Self-Care Sweat","","Sauna",14,34,20,132
"12/23/2024","7:15 PM","75 min.","Adelaide","Guided All Around: Loving Kindness","","Sauna",8,36,28,160
"12/23/2024","9:00 PM","75 min.","Adelaide","Guided Up: Awakening","","Sauna",28,36,8,168
"12/24/2024","7:00 AM","75 min.","Adelaide","Guided Up: Arctic Tundra","","Sauna",28,32,4,4
"12/24/2024","8:30 AM","75 min.","Adelaide","Quieter Free Flow","","Sauna...",9,17,8,12
"12/24/2024","9:00 AM","75 min.","Adelaide","Quieter Free Flow","","Sauna....",15,17,2,14
"12/24/2024","9:30 AM","75 min.","Adelaide","Quieter Free Flow","","Sauna",14,17,3,17
"12/24/2024","10:00 AM","75 min.","Adelaide","Quieter Free Flow","","Sauna.",1,17,16,33
"12/24/2024","10:15 AM","75 min.","Adelaide","Quieter Free Flow","","Sauna....",1,17,16,49
"12/24/2024","12:00 PM","75 min.","Adelaide","Guided Down: Self-Care Sweat","","Sauna",16,34,18,67
"12/24/2024","1:45 PM","75 min.","Adelaide","Guided All Around: Reset","","Sauna",16,36,20,87
"12/24/2024","3:30 PM","75 min.","Adelaide","Free Flow","","Sauna..",8,26,18,105
"12/24/2024","3:45 PM","75 min.","Adelaide","Free Flow","","Sauna.",12,25,13,118
"12/25/2024","10:00 AM","75 min.","Adelaide","Guided Up: Self-Care Sweat","","Sauna",11,34,23,23
"12/25/2024","12:00 PM","75 min.","Adelaide","Guided Down: Deep Stretch","","Sauna",13,32,19,42
"12/25/2024","1:45 PM","75 min.","Adelaide","Guided Down: Sound Immersion","","Sauna",4,36,32,74
"12/26/2024","9:00 AM","75 min.","Adelaide","Free Flow","","Sauna....",4,17,13,13
"12/26/2024","9:30 AM","75 min.","Adelaide","Free Flow","","Sauna",6,17,11,24
"12/26/2024","10:00 AM","75 min.","Adelaide","Free Flow","","Sauna.",9,17,8,32
"12/26/2024","10:15 AM","75 min.","Adelaide","Free Flow","","Sauna..",12,17,5,37
"12/26/2024","12:00 PM","75 min.","Adelaide","Guided All Around: Reset","","Sauna",25,36,11,48
"12/26/2024","2:00 PM","75 min.","Adelaide","Free Flow","","Sauna...",4,17,13,61
"12/26/2024","2:30 PM","75 min.","Adelaide","Free Flow","","Sauna....",8,17,9,70
"12/26/2024","3:00 PM","75 min.","Adelaide","Free Flow","","Sauna",9,17,8,78
"12/26/2024","3:30 PM","75 min.","Adelaide","Free Flow","","Sauna.",0,17,17,95
"12/26/2024","4:00 PM","75 min.","Adelaide","Free Flow","","Sauna..",1,17,16,111
"12/26/2024","4:30 PM","75 min.","Adelaide","Free Flow","","Sauna...",0,17,17,128
"12/26/2024","5:00 PM","75 min.","Adelaide","Free Flow","","Sauna....",0,17,17,145
"12/26/2024","5:30 PM","75 min.","Adelaide","Lively Free Flow","","Sauna",1,17,16,161
"12/26/2024","7:15 PM","75 min.","Adelaide","Guided All Around: Loving Kindness","","Sauna",26,36,10,171
"12/26/2024","9:00 PM","120 min.","Adelaide","Social","","Sauna",7,26,19,190
"12/26/2024","9:30 PM","120 min.","Adelaide","Social","","Sauna..",18,25,7,197
"12/27/2024","7:00 AM","75 min.","Adelaide","Free Flow","","Sauna",24,25,1,1
"12/27/2024","8:30 AM","75 min.","Adelaide","Free Flow","","Sauna",11,17,6,7
"12/27/2024","9:00 AM","75 min.","Adelaide","Free Flow","","Sauna.",9,17,8,15
"12/27/2024","9:30 AM","75 min.","Adelaide","Free Flow","","Sauna..",9,17,8,23
"12/27/2024","10:00 AM","75 min.","Adelaide","Free Flow","","Sauna...",10,17,7,30
"12/27/2024","10:15 AM","75 min.","Adelaide","Free Flow","","Sauna....",,,,30
"12/27/2024","12:00 PM","75 min.","Adelaide","Guided Down: Self-Care Sweat","","Sauna",,,,30
"12/27/2024","2:00 PM","75 min.","Adelaide","Free Flow","","Sauna....",0,17,17,47
"12/27/2024","2:30 PM","75 min.","Adelaide","Free Flow","","Sauna...",,,,47
"12/27/2024","3:00 PM","75 min.","Adelaide","Free Flow","","Sauna",,,,47
"12/27/2024","3:30 PM","75 min.","Adelaide","Free Flow","","Sauna.",2,17,15,62
"12/27/2024","4:00 PM","75 min.","Adelaide","Free Flow","","Sauna..",3,17,14,76
"12/27/2024","4:30 PM","75 min.","Adelaide","Free Flow","","Sauna",4,15,11,87
"12/27/2024","5:00 PM","75 min.","Adelaide","Free Flow","","Sauna.",8,17,9,96
"12/27/2024","5:30 PM","75 min.","Adelaide","Free Flow","","Sauna..",0,17,17,113
"12/27/2024","7:15 PM","75 min.","Adelaide","Guided All Around: Release","","Sauna",5,36,31,144
"12/27/2024","9:00 PM","120 min.","Adelaide","Social","","Sauna",4,26,22,166
"12/27/2024","9:30 PM","120 min.","Adelaide","Social","","Sauna.",17,25,8,174
"12/28/2024","8:00 AM","75 min.","Adelaide","Guided All Around: Journey Through the Elements","","Sauna",30,36,6,6
"12/28/2024","9:45 AM","75 min.","Adelaide","Guided Down: Self-Care Sweat","","Sauna",9,36,27,33
"12/28/2024","11:30 AM","75 min.","Adelaide","Guided Up: Feel Good Now","","Sauna",,,,33
"12/28/2024","1:15 PM","75 min.","Adelaide","Guided All Around: Journey Through the Elements","","Sauna",3,36,33,66
"12/28/2024","3:00 PM","75 min.","Adelaide","Lively Free Flow","","Sauna",9,28,19,85
"12/28/2024","3:30 PM","75 min.","Adelaide","Lively Free Flow","","Sauna...",0,10,10,95
"12/28/2024","4:00 PM","75 min.","Adelaide","Lively Free Flow","","Sauna.",1,10,9,104
"12/28/2024","4:30 PM","75 min.","Adelaide","Lively Free Flow","","Sauna....",21,28,7,111
"12/28/2024","5:00 PM","75 min.","Adelaide","Lively Free Flow","","Sauna",3,10,7,118
"12/28/2024","5:30 PM","75 min.","Adelaide","Lively Free Flow","","Sauna.",2,10,8,126
"12/28/2024","6:00 PM","75 min.","Adelaide","Lively Free Flow","","Sauna....",10,28,18,144
"12/28/2024","7:45 PM","75 min.","Adelaide","Guided All Around: Loving Kindness","","Sauna",15,36,21,165
"12/28/2024","9:30 PM","120 min.","Adelaide","Social","","Sauna",13,25,12,177
"12/28/2024","9:45 PM","120 min.","Adelaide","Social","","Sauna..",20,26,6,183
"12/29/2024","7:00 AM","75 min.","Adelaide","Quieter Free Flow","","Sauna",20,30,10,10
"12/29/2024","8:30 AM","75 min.","Adelaide","Free Flow","","Sauna",20,30,10,20
"12/29/2024","10:15 AM","75 min.","Adelaide","Guided Up: Self-Care Sweat","","Sauna",3,36,33,53
"12/29/2024","12:00 PM","75 min.","Adelaide","Guided All Around: Heart Opener","","Sauna",,,,53
"12/29/2024","2:00 PM","75 min.","Adelaide","Lively Free Flow","","Sauna",2,26,24,77
"12/29/2024","2:30 PM","75 min.","Adelaide","Lively Free Flow","","Sauna.",1,10,9,86
"12/29/2024","3:00 PM","75 min.","Adelaide","Lively Free Flow","","Sauna...",0,12,12,98
"12/29/2024","3:30 PM","75 min.","Adelaide","Lively Free Flow","","Sauna....",2,28,26,124
"12/29/2024","4:00 PM","75 min.","Adelaide","Lively Free Flow","","Sauna.",0,10,10,134
"12/29/2024","4:30 PM","75 min.","Adelaide","Lively Free Flow","","Sauna",2,10,8,142
"12/29/2024","5:00 PM","75 min.","Adelaide","Lively Free Flow","","Sauna....",11,28,17,159
"12/29/2024","5:15 PM","75 min.","Adelaide","Lively Free Flow","","Sauna..",1,17,16,175
"12/29/2024","5:30 PM","75 min.","Adelaide","Lively Free Flow","","Sauna.",0,10,10,185
"12/29/2024","7:15 PM","75 min.","Adelaide","Guided Down: Untangle","","Sauna",6,34,28,213
"12/29/2024","9:00 PM","75 min.","Adelaide","Free Flow","","Sauna",0,26,26,239
"12/29/2024","9:30 PM","75 min.","Adelaide","Free Flow","","Sauna.",13,25,12,251
"12/16/2024","7:00 AM","75 min.","Adelaide","Quieter Free Flow","","Sauna",6,17,11,11
"12/16/2024","7:30 AM","75 min.","Adelaide","Quieter Free Flow","","Sauna.",12,17,5,16
"12/16/2024","8:00 AM","75 min.","Adelaide","Quieter Free Flow","","Sauna..",15,17,2,18
"12/16/2024","8:30 AM","75 min.","Adelaide","Quieter Free Flow","","Sauna",16,17,1,19
"12/16/2024","9:00 AM","75 min.","Adelaide","Quieter Free Flow","","Sauna.",13,17,4,23
"12/16/2024","9:30 AM","75 min.","Adelaide","Quieter Free Flow","","Sauna..",15,17,2,25
"12/16/2024","10:00 AM","75 min.","Adelaide","Quieter Free Flow","","Sauna",10,17,7,32
"12/16/2024","10:15 AM","75 min.","Adelaide","Quieter Free Flow","","Sauna....",9,17,8,40
"12/16/2024","12:00 PM","75 min.","Adelaide","Guided All Around: Journey Through the Elements","","Sauna",,,,40
"12/16/2024","2:00 PM","75 min.","Adelaide","Free Flow","","Sauna",4,17,13,53
"12/16/2024","2:30 PM","75 min.","Adelaide","Free Flow","","Sauna.",13,17,4,57
"12/16/2024","3:00 PM","75 min.","Adelaide","Free Flow","","Sauna...",15,17,2,59
"12/16/2024","3:30 PM","75 min.","Adelaide","Free Flow","","Sauna..",9,17,8,67
"12/16/2024","5:30 PM","75 min.","Adelaide","Guided Down: Senses","","Sauna",9,36,27,94
"12/16/2024","7:15 PM","75 min.","Adelaide","Guided All Around: Acceptance","","Sauna",2,36,34,128
"12/16/2024","9:00 PM","75 min.","Adelaide","Guided Down: Pure Presence","","Sauna",13,36,23,151
"12/17/2024","7:00 AM","75 min.","Adelaide","Guided Up: Arctic Tundra","","Sauna",23,32,9,9
"12/17/2024","8:30 AM","75 min.","Adelaide","Quieter Free Flow","","Sauna...",5,17,12,21
"12/17/2024","9:00 AM","75 min.","Adelaide","Quieter Free Flow","","Sauna....",16,17,1,22
"12/17/2024","9:30 AM","75 min.","Adelaide","Quieter Free Flow","","Sauna",14,17,3,25
"12/17/2024","10:00 AM","75 min.","Adelaide","Quieter Free Flow","","Sauna.",8,17,9,34
"12/17/2024","10:15 AM","75 min.","Adelaide","Quieter Free Flow","","Sauna....",11,17,6,40
"12/17/2024","12:00 PM","75 min.","Adelaide","Guided Down: Self-Care Sweat","","Sauna",18,34,16,56
"12/17/2024","1:45 PM","75 min.","Adelaide","Guided All Around: Reset","","Sauna",18,36,18,74
"12/17/2024","5:30 PM","75 min.","Adelaide","Guided Down: Sound Immersion","","Sauna",5,36,31,105
"12/17/2024","9:45 PM","75 min.","Adelaide","Free Flow","","Sauna",4,25,21,126
"12/18/2024","7:00 AM","75 min.","Adelaide","Guided Down: Deep Stretch","","Sauna",28,32,4,4
"12/18/2024","8:30 AM","75 min.","Adelaide","Free Flow","","Sauna",8,17,9,13
"12/18/2024","9:00 AM","75 min.","Adelaide","Free Flow","","Sauna.",14,17,3,16
"12/18/2024","9:30 AM","75 min.","Adelaide","Free Flow","","Sauna..",9,17,8,24
"12/18/2024","10:00 AM","75 min.","Adelaide","Free Flow","","Sauna...",6,17,11,35
"12/18/2024","10:15 AM","75 min.","Adelaide","Free Flow","","Sauna....",9,17,8,43
"12/18/2024","12:00 PM","75 min.","Adelaide","Guided Down: Deep Stretch","","Sauna",9,32,23,66
"12/18/2024","2:00 PM","75 min.","Adelaide","Free Flow","","Sauna....",2,17,15,81
"12/18/2024","2:30 PM","75 min.","Adelaide","Free Flow","","Sauna..",11,17,6,87
"12/18/2024","3:00 PM","75 min.","Adelaide","Free Flow","","Sauna",14,17,3,90
"12/18/2024","3:30 PM","75 min.","Adelaide","Free Flow","","Sauna.",12,17,5,95
"12/18/2024","4:00 PM","75 min.","Adelaide","Free Flow","","Sauna..",15,17,2,97
"12/18/2024","4:30 PM","75 min.","Adelaide","Free Flow","","Sauna...",9,17,8,105
"12/18/2024","5:00 PM","75 min.","Adelaide","Free Flow","","Sauna....",5,17,12,117
"12/18/2024","5:30 PM","75 min.","Adelaide","Lively Free Flow","","Sauna",3,17,14,131
"12/18/2024","7:15 PM","75 min.","Adelaide","Guided All Around: Loving Kindness","","Sauna",1,36,35,166
"12/18/2024","9:00 PM","75 min.","Adelaide","Free Flow","","Sauna",1,26,25,191
"12/18/2024","9:30 PM","75 min.","Adelaide","Free Flow","","Sauna..",5,25,20,211
"12/19/2024","7:00 AM","75 min.","Adelaide","Guided All Around: Heart Opener","","Sauna",30,36,6,6
"12/19/2024","8:30 AM","75 min.","Adelaide","Free Flow","","Sauna...",10,17,7,13
"12/19/2024","9:00 AM","75 min.","Adelaide","Free Flow","","Sauna....",16,17,1,14
"12/19/2024","9:30 AM","75 min.","Adelaide","Free Flow","","Sauna",17,17,0,14
"12/19/2024","10:00 AM","75 min.","Adelaide","Free Flow","","Sauna.",17,17,0,14
"12/19/2024","10:15 AM","75 min.","Adelaide","Free Flow","","Sauna..",3,17,14,28
"12/19/2024","12:00 PM","75 min.","Adelaide","Guided All Around: Journey Through the Elements","","Sauna",18,36,18,46
"12/19/2024","2:00 PM","75 min.","Adelaide","Free Flow","","Sauna...",4,17,13,59
"12/19/2024","2:30 PM","75 min.","Adelaide","Free Flow","","Sauna....",9,17,8,67
"12/19/2024","3:00 PM","75 min.","Adelaide","Free Flow","","Sauna",10,17,7,74
"12/19/2024","3:30 PM","75 min.","Adelaide","Free Flow","","Sauna.",15,17,2,76
"12/19/2024","4:00 PM","75 min.","Adelaide","Free Flow","","Sauna..",7,17,10,86
"12/19/2024","4:30 PM","75 min.","Adelaide","Free Flow","","Sauna...",8,17,9,95
"12/19/2024","5:00 PM","75 min.","Adelaide","Free Flow","","Sauna....",9,17,8,103
"12/19/2024","5:30 PM","75 min.","Adelaide","Lively Free Flow","","Sauna",0,17,17,120
"12/19/2024","7:15 PM","75 min.","Adelaide","Guided All Around: Reset","","Sauna",,,,120
"12/19/2024","9:00 PM","120 min.","Adelaide","Social","","Sauna",,,,120
"12/19/2024","9:30 PM","120 min.","Adelaide","Social","","Sauna..",8,25,17,137
"12/20/2024","7:00 AM","75 min.","Adelaide","Guided All Around: Reset","","Sauna",28,36,8,8
"12/20/2024","8:30 AM","75 min.","Adelaide","Free Flow","","Sauna",8,17,9,17
"12/20/2024","9:00 AM","75 min.","Adelaide","Free Flow","","Sauna.",11,17,6,23
"12/20/2024","9:30 AM","75 min.","Adelaide","Free Flow","","Sauna..",16,17,1,24
"12/20/2024","10:00 AM","75 min.","Adelaide","Free Flow","","Sauna...",7,17,10,34
"12/20/2024","10:15 AM","75 min.","Adelaide","Free Flow","","Sauna....",,,,34
"12/20/2024","12:00 PM","75 min.","Adelaide","Guided Down: Deep Stretch","","Sauna",12,32,20,54
"12/20/2024","2:00 PM","75 min.","Adelaide","Free Flow","","Sauna....",1,17,16,70
"12/20/2024","2:30 PM","75 min.","Adelaide","Free Flow","","Sauna...",2,17,15,85
"12/20/2024","3:00 PM","75 min.","Adelaide","Free Flow","","Sauna",3,15,12,97
"12/20/2024","3:30 PM","75 min.","Adelaide","Free Flow","","Sauna.",4,17,13,110
"12/20/2024","4:00 PM","75 min.","Adelaide","Free Flow","","Sauna..",4,17,13,123
"12/20/2024","4:30 PM","75 min.","Adelaide","Free Flow","","Sauna",3,15,12,135
"12/20/2024","5:00 PM","75 min.","Adelaide","Free Flow","","Sauna.",9,17,8,143
"12/20/2024","5:30 PM","75 min.","Adelaide","Free Flow","","Sauna..",0,17,17,160
"12/20/2024","7:15 PM","75 min.","Adelaide","Guided Up: Awakening","","Sauna",12,36,24,184
"12/20/2024","9:00 PM","120 min.","Adelaide","Social","","Sauna",,,,184
"12/20/2024","9:30 PM","120 min.","Adelaide","Social","","Sauna.",8,25,17,201
"12/21/2024","8:00 AM","75 min.","Adelaide","Guided All Around: Hardwiring Happiness","","Sauna",19,36,17,17
"12/21/2024","9:45 AM","75 min.","Adelaide","Guided Up: Feel Good Now","","Sauna",6,36,30,47
"12/21/2024","11:30 AM","75 min.","Adelaide","Guided All Around: A-Z Emotions","","Sauna",2,36,34,81
"12/21/2024","1:15 PM","75 min.","Adelaide","Guided All Around: Journey Through the Elements","","Sauna",,,,81
"12/21/2024","3:00 PM","75 min.","Adelaide","Lively Free Flow","","Sauna",3,28,25,106
"12/21/2024","3:30 PM","75 min.","Adelaide","Lively Free Flow","","Sauna...",0,10,10,116
"12/21/2024","4:00 PM","75 min.","Adelaide","Lively Free Flow","","Sauna.",1,10,9,125
"12/21/2024","4:30 PM","75 min.","Adelaide","Lively Free Flow","","Sauna....",13,28,15,140
"12/21/2024","5:00 PM","75 min.","Adelaide","Lively Free Flow","","Sauna",0,10,10,150
"12/21/2024","5:30 PM","75 min.","Adelaide","Lively Free Flow","","Sauna.",0,10,10,160
"12/21/2024","6:00 PM","75 min.","Adelaide","Lively Free Flow","","Sauna....",10,28,18,178
"12/21/2024","7:45 PM","75 min.","Adelaide","Guided All Around: Loving Kindness","","Sauna",23,36,13,191
"12/21/2024","9:30 PM","120 min.","Adelaide","Social","","Sauna",8,25,17,208
"12/21/2024","9:45 PM","120 min.","Adelaide","Social","","Sauna..",16,26,10,218
"12/22/2024","7:00 AM","75 min.","Adelaide","Quieter Free Flow","","Sauna",15,30,15,15
"12/22/2024","8:30 AM","75 min.","Adelaide","Free Flow","","Sauna",10,30,20,35
"12/22/2024","10:15 AM","75 min.","Adelaide","Guided Down: Pure Presence","","Sauna",18,36,18,53
"12/22/2024","12:00 PM","75 min.","Adelaide","Guided Down: Pure Presence","","Sauna",,,,53
"12/22/2024","2:00 PM","75 min.","Adelaide","Lively Free Flow","","Sauna",0,26,26,79
"12/22/2024","2:30 PM","75 min.","Adelaide","Lively Free Flow","","Sauna.",0,10,10,89
"12/22/2024","3:00 PM","75 min.","Adelaide","Lively Free Flow","","Sauna...",6,12,6,95
"12/22/2024","3:30 PM","75 min.","Adelaide","Lively Free Flow","","Sauna....",6,28,22,117
"12/22/2024","4:00 PM","75 min.","Adelaide","Lively Free Flow","","Sauna.",0,10,10,127
"12/22/2024","4:30 PM","75 min.","Adelaide","Lively Free Flow","","Sauna",1,10,9,136
"12/22/2024","5:00 PM","75 min.","Adelaide","Lively Free Flow","","Sauna....",4,28,24,160
"12/22/2024","5:30 PM","75 min.","Adelaide","Lively Free Flow","","Sauna.",0,10,10,170
"12/22/2024","7:15 PM","75 min.","Adelaide","Guided Down: Senses","","Sauna",7,34,27,197
"12/22/2024","9:00 PM","75 min.","Adelaide","Free Flow","","Sauna",0,26,26,223
"12/22/2024","9:30 PM","75 min.","Adelaide","Free Flow","","Sauna.",10,25,15,238
"12/09/2024","7:00 AM","75 min.","Adelaide","Quieter Free Flow","","Sauna",6,17,11,11
"12/09/2024","7:30 AM","75 min.","Adelaide","Quieter Free Flow","","Sauna.",9,17,8,19
"12/09/2024","8:00 AM","75 min.","Adelaide","Quieter Free Flow","","Sauna..",14,17,3,22
"12/09/2024","8:30 AM","75 min.","Adelaide","Quieter Free Flow","","Sauna",14,17,3,25
"12/09/2024","9:00 AM","75 min.","Adelaide","Quieter Free Flow","","Sauna.",14,17,3,28
"12/09/2024","9:30 AM","75 min.","Adelaide","Quieter Free Flow","","Sauna..",15,17,2,30
"12/09/2024","10:00 AM","75 min.","Adelaide","Quieter Free Flow","","Sauna",15,17,2,32
"12/09/2024","10:15 AM","75 min.","Adelaide","Quieter Free Flow","","Sauna....",6,17,11,43
"12/09/2024","12:00 PM","75 min.","Adelaide","Guided All Around: Reset","","Sauna",21,34,13,56
"12/09/2024","2:00 PM","75 min.","Adelaide","Free Flow","","Sauna",2,17,15,71
"12/09/2024","2:30 PM","75 min.","Adelaide","Free Flow","","Sauna...",12,17,5,76
"12/09/2024","3:00 PM","75 min.","Adelaide","Free Flow","","Sauna.",14,17,3,79
"12/09/2024","3:30 PM","75 min.","Adelaide","Free Flow","","Sauna..",11,17,6,85
"12/09/2024","5:30 PM","75 min.","Adelaide","Free Flow","","Sauna",1,17,16,101
"12/09/2024","6:00 PM","75 min.","Adelaide","Free Flow","","Sauna.",0,17,17,118
"12/09/2024","6:30 PM","75 min.","Adelaide","Free Flow","","Sauna..",0,17,17,135
"12/09/2024","7:00 PM","75 min.","Adelaide","Free Flow","","Sauna...",1,17,16,151
"12/09/2024","7:30 PM","75 min.","Adelaide","Free Flow","","Sauna....",2,17,15,166
"12/09/2024","8:00 PM","75 min.","Adelaide","Free Flow","","Sauna",1,17,16,182
"12/09/2024","8:30 PM","75 min.","Adelaide","Free Flow","","Sauna.",0,17,17,199
"12/09/2024","9:00 PM","75 min.","Adelaide","Free Flow","","Sauna..",2,17,15,214
"12/10/2024","7:00 AM","75 min.","Adelaide","Guided Up: Arctic Tundra","","Sauna",23,32,9,9
"12/10/2024","8:30 AM","75 min.","Adelaide","Quieter Free Flow","","Sauna...",11,17,6,15
"12/10/2024","9:00 AM","75 min.","Adelaide","Quieter Free Flow","","Sauna....",14,17,3,18
"12/10/2024","9:30 AM","75 min.","Adelaide","Quieter Free Flow","","Sauna",13,17,4,22
"12/10/2024","10:00 AM","75 min.","Adelaide","Quieter Free Flow","","Sauna.",16,17,1,23
"12/10/2024","10:15 AM","75 min.","Adelaide","Quieter Free Flow","","Sauna....",15,17,2,25
"12/10/2024","12:00 PM","75 min.","Adelaide","Guided All Around: Reset","","Sauna",23,36,13,38
"12/10/2024","1:45 PM","75 min.","Adelaide","Guided Down: Self-Care Sweat","","Sauna",20,34,14,52
"12/10/2024","3:30 PM","75 min.","Adelaide","Free Flow","","Sauna..",21,26,5,57
"12/10/2024","3:45 PM","75 min.","Adelaide","Free Flow","","Sauna.",17,25,8,65
"12/10/2024","5:30 PM","75 min.","Adelaide","Guided Down: Sound Immersion","","Sauna",4,36,32,97
"12/10/2024","7:15 PM","75 min.","Adelaide","Guided Down: Untangle","","Sauna",8,36,28,125
"12/10/2024","9:00 PM","75 min.","Adelaide","Free Flow","","Sauna..",0,26,26,151
"12/10/2024","9:15 PM","75 min.","Adelaide","Free Flow","","Sauna",7,25,18,169
"12/11/2024","7:00 AM","75 min.","Adelaide","Guided Down: Deep Stretch","","Sauna",26,32,6,6
"12/11/2024","8:30 AM","75 min.","Adelaide","Free Flow","","Sauna",11,17,6,12
"12/11/2024","9:00 AM","75 min.","Adelaide","Free Flow","","Sauna.",11,17,6,18
"12/11/2024","9:30 AM","75 min.","Adelaide","Free Flow","","Sauna..",9,17,8,26
"12/11/2024","10:00 AM","75 min.","Adelaide","Free Flow","","Sauna...",15,17,2,28
"12/11/2024","10:15 AM","75 min.","Adelaide","Free Flow","","Sauna....",13,17,4,32
"12/11/2024","12:00 PM","75 min.","Adelaide","Guided All Around: Release","","Sauna",26,36,10,42
"12/11/2024","2:00 PM","75 min.","Adelaide","Free Flow","","Sauna....",6,17,11,53
"12/11/2024","2:30 PM","75 min.","Adelaide","Free Flow","","Sauna..",12,17,5,58
"12/11/2024","3:00 PM","75 min.","Adelaide","Free Flow","","Sauna",14,17,3,61
"12/11/2024","3:30 PM","75 min.","Adelaide","Free Flow","","Sauna.",11,17,6,67
"12/11/2024","4:00 PM","75 min.","Adelaide","Free Flow","","Sauna..",14,17,3,70
"12/11/2024","4:30 PM","75 min.","Adelaide","Free Flow","","Sauna...",7,17,10,80
"12/11/2024","5:00 PM","75 min.","Adelaide","Free Flow","","Sauna....",5,17,12,92
"12/11/2024","5:30 PM","75 min.","Adelaide","Lively Free Flow","","Sauna",4,17,13,105
"12/11/2024","7:15 PM","75 min.","Adelaide","Guided Down: Pure Presence","","Sauna",3,36,33,138
"12/11/2024","9:00 PM","75 min.","Adelaide","Free Flow","","Sauna",1,26,25,163
"12/11/2024","9:30 PM","75 min.","Adelaide","Free Flow","","Sauna..",5,25,20,183
"12/12/2024","7:00 AM","75 min.","Adelaide","Guided All Around: Reset","","Sauna",31,36,5,5
"12/12/2024","8:30 AM","75 min.","Adelaide","Free Flow","","Sauna...",8,17,9,14
"12/12/2024","9:00 AM","75 min.","Adelaide","Free Flow","","Sauna....",14,17,3,17
"12/12/2024","9:30 AM","75 min.","Adelaide","Free Flow","","Sauna",14,17,3,20
"12/12/2024","10:00 AM","75 min.","Adelaide","Free Flow","","Sauna.",13,17,4,24
"12/12/2024","10:15 AM","75 min.","Adelaide","Free Flow","","Sauna..",10,17,7,31
"12/12/2024","12:00 PM","75 min.","Adelaide","Guided Down: Senses","","Sauna",30,36,6,37
"12/12/2024","2:00 PM","75 min.","Adelaide","Free Flow","","Sauna...",12,17,5,42
"12/12/2024","2:30 PM","75 min.","Adelaide","Free Flow","","Sauna....",15,17,2,44
"12/12/2024","3:00 PM","75 min.","Adelaide","Free Flow","","Sauna",13,17,4,48
"12/12/2024","3:30 PM","75 min.","Adelaide","Free Flow","","Sauna.",8,17,9,57
"12/12/2024","4:00 PM","75 min.","Adelaide","Free Flow","","Sauna..",14,17,3,60
"12/12/2024","4:30 PM","75 min.","Adelaide","Free Flow","","Sauna...",13,17,4,64
"12/12/2024","5:00 PM","75 min.","Adelaide","Free Flow","","Sauna....",9,17,8,72
"12/12/2024","5:30 PM","75 min.","Adelaide","Lively Free Flow","","Sauna",4,17,13,85
"12/12/2024","7:15 PM","75 min.","Adelaide","Guided All Around: Loving Kindness","Dan Gütter","Sauna",4,36,32,117
"12/12/2024","9:00 PM","120 min.","Adelaide","Social","","Sauna",1,26,25,142
"12/12/2024","9:30 PM","120 min.","Adelaide","Social","","Sauna..",4,25,21,163
"12/13/2024","7:00 AM","75 min.","Adelaide","Guided Up: Awakening","","Sauna",28,36,8,8
"12/13/2024","8:30 AM","75 min.","Adelaide","Free Flow","","Sauna",8,17,9,17
"12/13/2024","9:00 AM","75 min.","Adelaide","Free Flow","","Sauna.",15,17,2,19
"12/13/2024","9:30 AM","75 min.","Adelaide","Free Flow","","Sauna..",8,17,9,28
"12/13/2024","10:00 AM","75 min.","Adelaide","Free Flow","","Sauna...",7,17,10,38
"12/13/2024","10:15 AM","75 min.","Adelaide","Free Flow","","Sauna....",8,15,7,45
"12/13/2024","12:00 PM","75 min.","Adelaide","Free Flow","","Sauna",33,36,3,48
"12/13/2024","2:00 PM","75 min.","Adelaide","Free Flow","","Sauna....",1,17,16,64
"12/13/2024","2:30 PM","75 min.","Adelaide","Free Flow","","Sauna...",7,17,10,74
"12/13/2024","3:00 PM","75 min.","Adelaide","Free Flow","","Sauna",12,15,3,77
"12/13/2024","3:30 PM","75 min.","Adelaide","Free Flow","","Sauna.",2,17,15,92
"12/13/2024","4:00 PM","75 min.","Adelaide","Free Flow","","Sauna..",4,17,13,105
"12/13/2024","4:30 PM","75 min.","Adelaide","Free Flow","","Sauna",2,15,13,118
"12/13/2024","5:00 PM","75 min.","Adelaide","Free Flow","","Sauna.",,,,118
"12/13/2024","5:30 PM","75 min.","Adelaide","Free Flow","","Sauna..",0,17,17,135
"12/13/2024","7:15 PM","75 min.","Adelaide","Guided All Around: Release","","Sauna",7,36,29,164
"12/13/2024","9:00 PM","120 min.","Adelaide","Social","","Sauna",,,,164
"12/13/2024","9:30 PM","120 min.","Adelaide","Social","","Sauna.",7,25,18,182
"12/14/2024","8:00 AM","75 min.","Adelaide","Guided All Around: Reset","","Sauna",24,34,10,10
"12/14/2024","9:45 AM","75 min.","Adelaide","Guided Up: Feel Good Now","","Sauna",11,36,25,35
"12/14/2024","11:30 AM","75 min.","Adelaide","Guided Down: Pure Presence","","Sauna",4,36,32,67
"12/14/2024","1:15 PM","75 min.","Adelaide","Guided All Around: Journey Through the Elements","","Sauna",,,,67
"12/14/2024","3:00 PM","75 min.","Adelaide","Lively Free Flow","","Sauna",1,28,27,94
"12/14/2024","3:30 PM","75 min.","Adelaide","Lively Free Flow","","Sauna...",0,10,10,104
"12/14/2024","4:00 PM","75 min.","Adelaide","Lively Free Flow","","Sauna.",0,10,10,114
"12/14/2024","4:30 PM","75 min.","Adelaide","Lively Free Flow","","Sauna....",1,28,27,141
"12/14/2024","5:00 PM","75 min.","Adelaide","Lively Free Flow","","Sauna",0,10,10,151
"12/14/2024","5:30 PM","75 min.","Adelaide","Lively Free Flow","","Sauna.",0,10,10,161
"12/14/2024","6:00 PM","75 min.","Adelaide","Lively Free Flow","","Sauna....",4,28,24,185
"12/14/2024","7:45 PM","75 min.","Adelaide","Guided All Around: Loving Kindness","","Sauna",14,36,22,207
"12/14/2024","9:30 PM","120 min.","Adelaide","Social","","Sauna",1,25,24,231
"12/14/2024","9:45 PM","120 min.","Adelaide","Social","","Sauna..",17,26,9,240
"12/15/2024","7:00 AM","75 min.","Adelaide","Quieter Free Flow","","Sauna",12,30,18,18
"12/15/2024","8:30 AM","75 min.","Adelaide","Free Flow","","Sauna",5,30,25,43
"12/15/2024","10:15 AM","75 min.","Adelaide","Guided Up: Feel Good Now","","Sauna",18,36,18,61
"12/15/2024","12:00 PM","75 min.","Adelaide","Guided All Around: Heart Opener","","Sauna",1,36,35,96
"12/15/2024","2:00 PM","75 min.","Adelaide","Lively Free Flow","","Sauna",1,26,25,121
"12/15/2024","2:30 PM","75 min.","Adelaide","Lively Free Flow","","Sauna.",0,10,10,131
"12/15/2024","3:00 PM","75 min.","Adelaide","Lively Free Flow","","Sauna...",0,12,12,143
"12/15/2024","3:30 PM","75 min.","Adelaide","Lively Free Flow","","Sauna....",5,28,23,166
"12/15/2024","4:00 PM","75 min.","Adelaide","Lively Free Flow","","Sauna.",1,10,9,175
"12/15/2024","4:30 PM","75 min.","Adelaide","Lively Free Flow","","Sauna",0,10,10,185
"12/15/2024","5:00 PM","75 min.","Adelaide","Lively Free Flow","","Sauna....",4,28,24,209
"12/15/2024","5:30 PM","75 min.","Adelaide","Lively Free Flow","","Sauna.",0,10,10,219
"12/15/2024","7:15 PM","75 min.","Adelaide","Guided Down: Untangle","","Sauna",2,34,32,251
"12/15/2024","9:00 PM","75 min.","Adelaide","Free Flow","","Sauna",6,26,20,271
"12/15/2024","9:30 PM","75 min.","Adelaide","Free Flow","","Sauna.",14,25,11,282
"12/02/2024","7:00 AM","75 min.","Adelaide","Quieter Free Flow","","Sauna",7,17,10,10
"12/02/2024","7:30 AM","75 min.","Adelaide","Quieter Free Flow","","Sauna.",8,17,9,19
"12/02/2024","8:00 AM","75 min.","Adelaide","Quieter Free Flow","","Sauna..",12,17,5,24
"12/02/2024","8:30 AM","75 min.","Adelaide","Quieter Free Flow","","Sauna",13,17,4,28
"12/02/2024","9:00 AM","75 min.","Adelaide","Quieter Free Flow","","Sauna.",15,17,2,30
"12/02/2024","9:30 AM","75 min.","Adelaide","Quieter Free Flow","","Sauna..",11,17,6,36
"12/02/2024","10:00 AM","75 min.","Adelaide","Quieter Free Flow","","Sauna",10,17,7,43
"12/02/2024","10:15 AM","75 min.","Adelaide","Quieter Free Flow","","Sauna....",15,17,2,45
"12/02/2024","12:00 PM","75 min.","Adelaide","Guided All Around: Journey Through the Elements","","Sauna",26,34,8,53
"12/02/2024","2:00 PM","75 min.","Adelaide","Free Flow","","Sauna",4,17,13,66
"12/02/2024","2:30 PM","75 min.","Adelaide","Free Flow","","Sauna...",14,17,3,69
"12/02/2024","3:00 PM","75 min.","Adelaide","Free Flow","","Sauna.",14,17,3,72
"12/02/2024","3:30 PM","75 min.","Adelaide","Free Flow","","Sauna..",7,17,10,82
"12/02/2024","5:30 PM","75 min.","Adelaide","Guided Down: Senses","","Sauna",10,36,26,108
"12/02/2024","7:15 PM","75 min.","Adelaide","Guided All Around: Inner Power","","Sauna",,,,108
"12/02/2024","9:00 PM","75 min.","Adelaide","Guided All Around: Loving Kindness","","Sauna",12,36,24,132
"12/03/2024","7:00 AM","75 min.","Adelaide","Guided Up: Arctic Tundra","","Sauna",22,32,10,10
"12/03/2024","8:30 AM","75 min.","Adelaide","Quieter Free Flow","","Sauna...",9,17,8,18
"12/03/2024","9:00 AM","75 min.","Adelaide","Quieter Free Flow","","Sauna....",13,17,4,22
"12/03/2024","9:30 AM","75 min.","Adelaide","Quieter Free Flow","","Sauna",15,17,2,24
"12/03/2024","10:00 AM","75 min.","Adelaide","Quieter Free Flow","","Sauna.",12,17,5,29
"12/03/2024","10:15 AM","75 min.","Adelaide","Quieter Free Flow","","Sauna....",15,17,2,31
"12/03/2024","1:45 PM","75 min.","Adelaide","Guided All Around: Reset","","Sauna",24,36,12,43
"12/03/2024","3:30 PM","75 min.","Adelaide","Free Flow","","Sauna..",12,26,14,57
"12/03/2024","3:45 PM","75 min.","Adelaide","Free Flow","","Sauna.",11,25,14,71
"12/03/2024","5:30 PM","75 min.","Adelaide","Guided Up: Feel Good Now","","Sauna",16,36,20,91
"12/03/2024","7:15 PM","75 min.","Adelaide","Guided All Around: Hero's Journey","","Sauna",1,34,33,124
"12/03/2024","9:00 PM","75 min.","Adelaide","Free Flow","","Sauna..",1,26,25,149
"12/03/2024","9:15 PM","75 min.","Adelaide","Free Flow","","Sauna",6,25,19,168
"12/04/2024","7:00 AM","75 min.","Adelaide","Guided Down: Deep Stretch","","Sauna",22,32,10,10
"12/04/2024","8:30 AM","75 min.","Adelaide","Free Flow","","Sauna",15,17,2,12
"12/04/2024","9:00 AM","75 min.","Adelaide","Free Flow","","Sauna.",15,17,2,14
"12/04/2024","9:30 AM","75 min.","Adelaide","Free Flow","","Sauna..",13,17,4,18
"12/04/2024","10:00 AM","75 min.","Adelaide","Free Flow","","Sauna...",13,17,4,22
"12/04/2024","10:15 AM","75 min.","Adelaide","Free Flow","","Sauna....",13,17,4,26
"12/04/2024","12:00 PM","75 min.","Adelaide","Guided Down: Self-Care Sweat","","Sauna",20,34,14,40
"12/04/2024","2:00 PM","75 min.","Adelaide","Free Flow","","Sauna....",8,17,9,49
"12/04/2024","2:30 PM","75 min.","Adelaide","Free Flow","","Sauna..",14,17,3,52
"12/04/2024","3:00 PM","75 min.","Adelaide","Free Flow","","Sauna",12,17,5,57
"12/04/2024","3:30 PM","75 min.","Adelaide","Free Flow","","Sauna.",11,17,6,63
"12/04/2024","4:00 PM","75 min.","Adelaide","Free Flow","","Sauna..",15,17,2,65
"12/04/2024","4:30 PM","75 min.","Adelaide","Free Flow","","Sauna...",13,17,4,69
"12/04/2024","5:00 PM","75 min.","Adelaide","Free Flow","","Sauna....",2,17,15,84
"12/04/2024","5:30 PM","75 min.","Adelaide","Lively Free Flow","","Sauna",2,17,15,99
"12/04/2024","7:15 PM","75 min.","Adelaide","Guided Up: Feel Good Now","","Sauna",,,,99
"12/04/2024","9:00 PM","75 min.","Adelaide","Free Flow","","Sauna",,,,99
"12/04/2024","9:30 PM","75 min.","Adelaide","Free Flow","","Sauna..",12,25,13,112
"12/05/2024","7:00 AM","75 min.","Adelaide","Guided All Around: Heart Opener","","Sauna",22,36,14,14
"12/05/2024","8:30 AM","75 min.","Adelaide","Free Flow","","Sauna...",3,17,14,28
"12/05/2024","9:00 AM","75 min.","Adelaide","Free Flow","","Sauna....",16,17,1,29
"12/05/2024","9:30 AM","75 min.","Adelaide","Free Flow","","Sauna",16,17,1,30
"12/05/2024","10:00 AM","75 min.","Adelaide","Free Flow","","Sauna.",16,17,1,31
"12/05/2024","10:15 AM","75 min.","Adelaide","Free Flow","","Sauna..",14,17,3,34
"12/05/2024","12:00 PM","75 min.","Adelaide","Guided Up: Self-Care Sweat","","Sauna",27,34,7,41
"12/05/2024","2:00 PM","75 min.","Adelaide","Free Flow","","Sauna...",12,17,5,46
"12/05/2024","2:30 PM","75 min.","Adelaide","Free Flow","","Sauna....",13,17,4,50
"12/05/2024","3:00 PM","75 min.","Adelaide","Free Flow","","Sauna",14,17,3,53
"12/05/2024","3:30 PM","75 min.","Adelaide","Free Flow","","Sauna.",13,17,4,57
"12/05/2024","4:00 PM","75 min.","Adelaide","Free Flow","","Sauna..",4,17,13,70
"12/05/2024","4:30 PM","75 min.","Adelaide","Free Flow","","Sauna...",10,17,7,77
"12/05/2024","5:00 PM","75 min.","Adelaide","Free Flow","","Sauna....",0,17,17,94
"12/05/2024","5:30 PM","75 min.","Adelaide","Lively Free Flow","","Sauna",0,17,17,111
"12/05/2024","7:15 PM","75 min.","Adelaide","Guided Down: Pure Presence","","Sauna",4,36,32,143
"12/05/2024","9:00 PM","120 min.","Adelaide","Social","","Sauna",1,26,25,168
"12/05/2024","9:30 PM","120 min.","Adelaide","Social","","Sauna..",4,25,21,189
"12/06/2024","7:00 AM","75 min.","Adelaide","Guided All Around: Reset","","Sauna",22,36,14,14
"12/06/2024","8:30 AM","75 min.","Adelaide","Free Flow","","Sauna",10,17,7,21
"12/06/2024","9:00 AM","75 min.","Adelaide","Free Flow","","Sauna.",14,17,3,24
"12/06/2024","9:30 AM","75 min.","Adelaide","Free Flow","","Sauna..",11,17,6,30
"12/06/2024","10:00 AM","75 min.","Adelaide","Free Flow","","Sauna...",6,17,11,41
"12/06/2024","10:15 AM","75 min.","Adelaide","Free Flow","","Sauna....",2,15,13,54
"12/06/2024","12:00 PM","75 min.","Adelaide","Guided All Around: Release","","Sauna",18,36,18,72
"12/06/2024","2:00 PM","75 min.","Adelaide","Free Flow","","Sauna....",0,17,17,89
"12/06/2024","2:30 PM","75 min.","Adelaide","Free Flow","","Sauna...",8,17,9,98
"12/06/2024","3:00 PM","75 min.","Adelaide","Free Flow","","Sauna",7,15,8,106
"12/06/2024","3:30 PM","75 min.","Adelaide","Free Flow","","Sauna.",9,17,8,114
"12/06/2024","4:00 PM","75 min.","Adelaide","Free Flow","","Sauna..",10,17,7,121
"12/06/2024","4:30 PM","75 min.","Adelaide","Free Flow","","Sauna",1,15,14,135
"12/06/2024","5:00 PM","75 min.","Adelaide","Free Flow","","Sauna.",1,17,16,151
"12/06/2024","5:30 PM","75 min.","Adelaide","Free Flow","","Sauna..",4,17,13,164
"12/06/2024","7:15 PM","75 min.","Adelaide","Guided Up: Awakening","","Sauna",7,36,29,193
"12/06/2024","9:00 PM","120 min.","Adelaide","Social","","Sauna",,,,193
"12/06/2024","9:30 PM","120 min.","Adelaide","Social","","Sauna.",1,25,24,217
"12/07/2024","8:00 AM","75 min.","Adelaide","Guided All Around: Journey Through the Elements","","Sauna",28,36,8,8
"12/07/2024","9:45 AM","75 min.","Adelaide","Guided All Around: Heart Opener","","Sauna",,,,8
"12/07/2024","11:30 AM","75 min.","Adelaide","Guided All Around: Loving Kindness","","Sauna",,,,8
"12/07/2024","1:15 PM","75 min.","Adelaide","Guided All Around: Journey Through the Elements","","Sauna",2,36,34,42
"12/07/2024","3:00 PM","75 min.","Adelaide","Lively Free Flow","","Sauna",3,28,25,67
"12/07/2024","3:30 PM","75 min.","Adelaide","Lively Free Flow","","Sauna...",0,10,10,77
"12/07/2024","4:00 PM","75 min.","Adelaide","Lively Free Flow","","Sauna.",0,10,10,87
"12/07/2024","4:30 PM","75 min.","Adelaide","Lively Free Flow","","Sauna....",8,28,20,107
"12/07/2024","5:00 PM","75 min.","Adelaide","Lively Free Flow","","Sauna",1,10,9,116
"12/07/2024","5:30 PM","75 min.","Adelaide","Lively Free Flow","","Sauna.",0,10,10,126
"12/07/2024","6:00 PM","75 min.","Adelaide","Lively Free Flow","","Sauna....",8,28,20,146
"12/07/2024","7:45 PM","75 min.","Adelaide","Guided All Around: Loving Kindness","","Sauna",6,36,30,176
"12/07/2024","9:30 PM","120 min.","Adelaide","Beat Drop: DJ Takeover","","Sauna",5,25,20,196
"12/07/2024","9:45 PM","120 min.","Adelaide","Beat Drop: DJ Takeover","","Sauna..",14,26,12,208
"12/08/2024","7:00 AM","75 min.","Adelaide","Quieter Free Flow","","Sauna",16,30,14,14
"12/08/2024","8:30 AM","75 min.","Adelaide","Free Flow","","Sauna",9,30,21,35
"12/08/2024","10:15 AM","75 min.","Adelaide","Guided Down: Pure Presence","","Sauna",8,36,28,63
"12/08/2024","12:00 PM","75 min.","Adelaide","Guided All Around: Heart Opener","","Sauna",1,36,35,98
"12/08/2024","2:00 PM","75 min.","Adelaide","Lively Free Flow","","Sauna",1,26,25,123
"12/08/2024","2:30 PM","75 min.","Adelaide","Lively Free Flow","","Sauna.",0,10,10,133
"12/08/2024","3:00 PM","75 min.","Adelaide","Lively Free Flow","","Sauna...",1,12,11,144
"12/08/2024","3:30 PM","75 min.","Adelaide","Lively Free Flow","","Sauna....",9,28,19,163
"12/08/2024","4:00 PM","75 min.","Adelaide","Lively Free Flow","","Sauna.",0,10,10,173
"12/08/2024","4:30 PM","75 min.","Adelaide","Lively Free Flow","","Sauna",0,10,10,183
"12/08/2024","5:00 PM","75 min.","Adelaide","Lively Free Flow","","Sauna....",0,28,28,211
"12/08/2024","5:30 PM","75 min.","Adelaide","Lively Free Flow","","Sauna.",2,10,8,219
"12/08/2024","7:15 PM","75 min.","Adelaide","Guided Down: Untangle","","Sauna",3,34,31,250
"12/08/2024","9:00 PM","75 min.","Adelaide","Free Flow","","Sauna",0,26,26,276
"12/08/2024","9:30 PM","75 min.","Adelaide","Free Flow","","Sauna.",1,25,24,300
"11/25/2024","7:00 AM","75 min.","Adelaide","Cello Quieter Free Flow","","Sauna",10,17,7,7
"11/25/2024","7:30 AM","75 min.","Adelaide","Cello Quieter Free Flow","","Sauna.",12,17,5,12
"11/25/2024","8:00 AM","75 min.","Adelaide","Cello Quieter Free Flow","","Sauna..",14,17,3,15
"11/25/2024","8:30 AM","75 min.","Adelaide","Cello Quieter Free Flow","","Sauna",12,17,5,20
"11/25/2024","9:00 AM","75 min.","Adelaide","Cello Quieter Free Flow","","Sauna.",12,17,5,25
"11/25/2024","9:30 AM","75 min.","Adelaide","Cello Quieter Free Flow","","Sauna..",17,17,0,25
"11/25/2024","10:00 AM","75 min.","Adelaide","Cello Quieter Free Flow","","Sauna",14,17,3,28
"11/25/2024","10:15 AM","75 min.","Adelaide","Cello Quieter Free Flow","","Sauna....",6,17,11,39
"11/25/2024","12:00 PM","75 min.","Adelaide","Guided All Around: Reset","","Sauna",26,34,8,47
"11/25/2024","2:00 PM","75 min.","Adelaide","Free Flow","","Sauna",6,17,11,58
"11/25/2024","2:30 PM","75 min.","Adelaide","Free Flow","","Sauna...",12,17,5,63
"11/25/2024","3:00 PM","75 min.","Adelaide","Free Flow","","Sauna.",15,17,2,65
"11/25/2024","3:30 PM","75 min.","Adelaide","Free Flow","","Sauna..",4,17,13,78
"11/25/2024","5:30 PM","75 min.","Adelaide","Guided Up: Self-Care Sweat","","Sauna",1,34,33,111
"11/25/2024","7:15 PM","75 min.","Adelaide","Guided All Around: Acceptance","","Sauna",1,36,35,146
"11/25/2024","9:00 PM","90 min.","Adelaide","Guided All Around: Space for Men","","Sauna",21,36,15,161
"11/26/2024","7:00 AM","75 min.","Adelaide","Guided Up: Arctic Tundra","","Sauna",28,32,4,4
"11/26/2024","8:30 AM","75 min.","Adelaide","Quieter Free Flow","","Sauna...",13,17,4,8
"11/26/2024","9:00 AM","75 min.","Adelaide","Quieter Free Flow","","Sauna....",17,17,0,8
"11/26/2024","9:30 AM","75 min.","Adelaide","Quieter Free Flow","","Sauna",14,17,3,11
"11/26/2024","10:00 AM","75 min.","Adelaide","Quieter Free Flow","","Sauna.",14,17,3,14
"11/26/2024","10:15 AM","75 min.","Adelaide","Quieter Free Flow","","Sauna....",13,17,4,18
"11/26/2024","12:00 PM","75 min.","Adelaide","Free Flow","","Sauna",34,36,2,20
"11/26/2024","1:45 PM","75 min.","Adelaide","Guided Down: Self-Care Sweat","","Sauna",23,34,11,31
"11/26/2024","3:30 PM","75 min.","Adelaide","Free Flow","","Sauna..",16,26,10,41
"11/26/2024","3:45 PM","75 min.","Adelaide","Free Flow","","Sauna.",7,25,18,59
"11/26/2024","5:30 PM","75 min.","Adelaide","Guided All Around: Release","","Sauna",7,36,29,88
"11/26/2024","7:15 PM","75 min.","Adelaide","Guided Down: Untangle","","Sauna",1,34,33,121
"11/26/2024","9:00 PM","120 min.","Adelaide","Runner's Night Social","","Sauna..",1,26,25,146
"11/26/2024","9:15 PM","120 min.","Adelaide","Runner's Night Social","","Sauna",,,,146
"11/27/2024","7:00 AM","75 min.","Adelaide","Guided Down: Deep Stretch","","Sauna",26,34,8,8
"11/27/2024","8:30 AM","75 min.","Adelaide","Free Flow","","Sauna",8,17,9,17
"11/27/2024","9:00 AM","75 min.","Adelaide","Free Flow","","Sauna.",14,17,3,20
"11/27/2024","9:30 AM","75 min.","Adelaide","Free Flow","","Sauna..",13,17,4,24
"11/27/2024","10:00 AM","75 min.","Adelaide","Free Flow","","Sauna...",13,17,4,28
"11/27/2024","10:15 AM","75 min.","Adelaide","Free Flow","","Sauna....",12,17,5,33
"11/27/2024","12:00 PM","75 min.","Adelaide","Guided Down: Deep Stretch","","Sauna",25,34,9,42
"11/27/2024","2:00 PM","75 min.","Adelaide","Free Flow","","Sauna....",7,17,10,52
"11/27/2024","2:30 PM","75 min.","Adelaide","Free Flow","","Sauna..",11,17,6,58
"11/27/2024","3:00 PM","75 min.","Adelaide","Free Flow","","Sauna",12,17,5,63
"11/27/2024","3:30 PM","75 min.","Adelaide","Free Flow","","Sauna.",12,17,5,68
"11/27/2024","4:00 PM","75 min.","Adelaide","Free Flow","","Sauna..",11,17,6,74
"11/27/2024","4:30 PM","75 min.","Adelaide","Free Flow","","Sauna...",0,17,17,91
"11/27/2024","5:00 PM","75 min.","Adelaide","Free Flow","","Sauna....",1,17,16,107
"11/27/2024","5:30 PM","75 min.","Adelaide","Lively Free Flow","","Sauna",0,17,17,124
"11/27/2024","7:15 PM","75 min.","Adelaide","Guided All Around: Heart Opener","","Sauna",5,36,31,155
"11/27/2024","9:00 PM","75 min.","Adelaide","Othership Deep Stretch BIPOC Sweat","","Sauna",10,32,22,177
"11/28/2024","7:00 AM","75 min.","Adelaide","Guided All Around: Heart Opener","","Sauna",25,36,11,11
"11/28/2024","8:30 AM","75 min.","Adelaide","Free Flow","","Sauna...",14,17,3,14
"11/28/2024","9:00 AM","75 min.","Adelaide","Free Flow","","Sauna....",15,17,2,16
"11/28/2024","9:30 AM","75 min.","Adelaide","Free Flow","","Sauna",9,17,8,24
"11/28/2024","10:00 AM","75 min.","Adelaide","Free Flow","","Sauna.",9,17,8,32
"11/28/2024","10:15 AM","75 min.","Adelaide","Free Flow","","Sauna..",14,17,3,35
"11/28/2024","12:00 PM","75 min.","Adelaide","Guided All Around: Journey Through the Elements","","Sauna",16,36,20,55
"11/28/2024","2:00 PM","75 min.","Adelaide","Free Flow","","Sauna...",4,17,13,68
"11/28/2024","2:30 PM","75 min.","Adelaide","Free Flow","","Sauna....",13,17,4,72
"11/28/2024","3:00 PM","75 min.","Adelaide","Free Flow","","Sauna",8,17,9,81
"11/28/2024","3:30 PM","75 min.","Adelaide","Free Flow","","Sauna.",11,17,6,87
"11/28/2024","4:00 PM","75 min.","Adelaide","Free Flow","","Sauna..",4,17,13,100
"11/28/2024","4:30 PM","75 min.","Adelaide","Free Flow","","Sauna...",1,17,16,116
"11/28/2024","5:00 PM","75 min.","Adelaide","Free Flow","","Sauna....",1,17,16,132
"11/28/2024","5:30 PM","75 min.","Adelaide","Lively Free Flow","","Sauna",0,17,17,149
"11/28/2024","7:15 PM","75 min.","Adelaide","Guided All Around: Loving Kindness","","Sauna",,,,149
"11/28/2024","9:00 PM","120 min.","Adelaide","Social","","Sauna",,,,149
"11/28/2024","9:30 PM","120 min.","Adelaide","Social","","Sauna..",0,25,25,174
"11/29/2024","7:00 AM","75 min.","Adelaide","Guided Up: Arctic Tundra","","Sauna",26,32,6,6
"11/29/2024","8:30 AM","75 min.","Adelaide","Free Flow","","Sauna",11,17,6,12
"11/29/2024","9:00 AM","75 min.","Adelaide","Free Flow","","Sauna.",11,17,6,18
"11/29/2024","9:30 AM","75 min.","Adelaide","Free Flow","","Sauna..",7,17,10,28
"11/29/2024","10:00 AM","75 min.","Adelaide","Free Flow","","Sauna...",7,17,10,38
"11/29/2024","10:15 AM","75 min.","Adelaide","Free Flow","","Sauna....",2,15,13,51
"11/29/2024","12:00 PM","75 min.","Adelaide","Guided Down: Self-Care Sweat","","Sauna",10,34,24,75
"11/29/2024","2:00 PM","75 min.","Adelaide","Free Flow","","Sauna....",7,17,10,85
"11/29/2024","2:30 PM","75 min.","Adelaide","Free Flow","","Sauna...",5,17,12,97
"11/29/2024","3:00 PM","75 min.","Adelaide","Free Flow","","Sauna",7,15,8,105
"11/29/2024","3:30 PM","75 min.","Adelaide","Free Flow","","Sauna.",5,17,12,117
"11/29/2024","4:00 PM","75 min.","Adelaide","Free Flow","","Sauna..",1,17,16,133
"11/29/2024","4:30 PM","75 min.","Adelaide","Free Flow","","Sauna",,,,133
"11/29/2024","5:00 PM","75 min.","Adelaide","Free Flow","","Sauna.",2,17,15,148
"11/29/2024","5:30 PM","75 min.","Adelaide","Free Flow","","Sauna..",0,17,17,165
"11/29/2024","7:15 PM","75 min.","Adelaide","Guided All Around: Release","","Sauna",,,,165
"11/29/2024","9:00 PM","120 min.","Adelaide","Social","","Sauna",,,,165
"11/29/2024","9:30 PM","120 min.","Adelaide","Social","","Sauna.",4,25,21,186
"11/30/2024","8:00 AM","75 min.","Adelaide","Guided Down: Self-Care Sweat","","Sauna",17,34,17,17
"11/30/2024","9:45 AM","75 min.","Adelaide","Guided Up: Feel Good Now","","Sauna",9,36,27,44
"11/30/2024","11:30 AM","75 min.","Adelaide","Guided Down: Sound Immersion","","Sauna",,,,44
"11/30/2024","1:15 PM","75 min.","Adelaide","Guided All Around: Journey Through the Elements","","Sauna",,,,44
"11/30/2024","3:00 PM","75 min.","Adelaide","Lively Free Flow","","Sauna",1,28,27,71
"11/30/2024","3:30 PM","75 min.","Adelaide","Lively Free Flow","","Sauna...",0,10,10,81
"11/30/2024","4:00 PM","75 min.","Adelaide","Lively Free Flow","","Sauna.",0,10,10,91
"11/30/2024","4:30 PM","75 min.","Adelaide","Lively Free Flow","","Sauna....",2,28,26,117
"11/30/2024","5:00 PM","75 min.","Adelaide","Lively Free Flow","","Sauna",0,10,10,127
"11/30/2024","5:30 PM","75 min.","Adelaide","Lively Free Flow","","Sauna.",0,10,10,137
"11/30/2024","6:00 PM","75 min.","Adelaide","Lively Free Flow","","Sauna....",4,28,24,161
"11/30/2024","7:45 PM","75 min.","Adelaide","Guided All Around: Loving Kindness","","Sauna",6,36,30,191
"11/30/2024","9:30 PM","120 min.","Adelaide","Social","","Sauna",2,25,23,214
"11/30/2024","9:45 PM","120 min.","Adelaide","Social","","Sauna..",12,26,14,228
"12/01/2024","7:00 AM","75 min.","Adelaide","Quieter Free Flow","","Sauna",16,30,14,14
"12/01/2024","8:30 AM","75 min.","Adelaide","Free Flow","","Sauna",4,30,26,40
"12/01/2024","10:15 AM","75 min.","Adelaide","Guided Down: Pure Presence","","Sauna",6,36,30,70
"12/01/2024","12:00 PM","75 min.","Adelaide","Guided All Around: Release","","Sauna",1,36,35,105
"12/01/2024","2:00 PM","75 min.","Adelaide","Lively Free Flow","","Sauna",2,26,24,129
"12/01/2024","2:30 PM","75 min.","Adelaide","Lively Free Flow","","Sauna.",0,10,10,139
"12/01/2024","3:00 PM","75 min.","Adelaide","Free Flow","","Sauna..",17,17,0,139
"12/01/2024","3:00 PM","75 min.","Adelaide","Lively Free Flow","","Sauna...",1,12,11,150
"12/01/2024","3:30 PM","75 min.","Adelaide","Lively Free Flow","","Sauna....",0,28,28,178
"12/01/2024","4:00 PM","75 min.","Adelaide","Lively Free Flow","","Sauna.",1,10,9,187
"12/01/2024","4:30 PM","75 min.","Adelaide","Lively Free Flow","","Sauna",0,10,10,197
"12/01/2024","5:00 PM","75 min.","Adelaide","Lively Free Flow","","Sauna....",2,28,26,223
"12/01/2024","5:30 PM","75 min.","Adelaide","Lively Free Flow","","Sauna.",1,10,9,232
"12/01/2024","7:15 PM","75 min.","Adelaide","Guided Down: Untangle","","Sauna",,,,232
"12/01/2024","9:00 PM","75 min.","Adelaide","Free Flow","","Sauna",0,26,26,258
"12/01/2024","9:30 PM","75 min.","Adelaide","Free Flow","","Sauna.",0,25,25,283
"11/18/2024","7:00 AM","75 min.","Adelaide","Quieter Free Flow","","Sauna",10,17,7,7
"11/18/2024","7:30 AM","75 min.","Adelaide","Quieter Free Flow","","Sauna.",9,17,8,15
"11/18/2024","8:00 AM","75 min.","Adelaide","Quieter Free Flow","","Sauna..",16,17,1,16
"11/18/2024","8:30 AM","75 min.","Adelaide","Quieter Free Flow","","Sauna",15,17,2,18
"11/18/2024","9:00 AM","75 min.","Adelaide","Quieter Free Flow","","Sauna.",15,17,2,20
"11/18/2024","9:30 AM","75 min.","Adelaide","Quieter Free Flow","","Sauna..",16,17,1,21
"11/18/2024","10:00 AM","75 min.","Adelaide","Quieter Free Flow","","Sauna",15,17,2,23
"11/18/2024","10:15 AM","75 min.","Adelaide","Quieter Free Flow","","Sauna....",12,17,5,28
"11/18/2024","12:00 PM","75 min.","Adelaide","Guided All Around: Journey Through the Elements","","Sauna",26,34,8,36
"11/18/2024","2:00 PM","75 min.","Adelaide","Free Flow","","Sauna",10,17,7,43
"11/18/2024","2:30 PM","75 min.","Adelaide","Free Flow","","Sauna...",9,17,8,51
"11/18/2024","3:00 PM","75 min.","Adelaide","Free Flow","","Sauna.",12,17,5,56
"11/18/2024","3:30 PM","75 min.","Adelaide","Free Flow","","Sauna..",3,17,14,70
"11/18/2024","5:30 PM","75 min.","Adelaide","Guided All Around: Journey Through the Elements","","Sauna",16,36,20,90
"11/18/2024","7:15 PM","75 min.","Adelaide","Guided All Around: Inner Power","","Sauna",1,36,35,125
"11/18/2024","9:00 PM","75 min.","Adelaide","Guided Down: Pure Presence","","Sauna",16,36,20,145
"11/19/2024","7:00 AM","75 min.","Adelaide","Guided Up: Arctic Tundra","","Sauna",19,32,13,13
"11/19/2024","8:30 AM","75 min.","Adelaide","Quieter Free Flow","","Sauna...",10,17,7,20
"11/19/2024","9:00 AM","75 min.","Adelaide","Quieter Free Flow","","Sauna....",16,17,1,21
"11/19/2024","9:30 AM","75 min.","Adelaide","Quieter Free Flow","","Sauna",17,17,0,21
"11/19/2024","10:00 AM","75 min.","Adelaide","Quieter Free Flow","","Sauna.",11,17,6,27
"11/19/2024","10:15 AM","75 min.","Adelaide","Quieter Free Flow","","Sauna....",12,17,5,32
"11/19/2024","12:00 PM","75 min.","Adelaide","Guided Down: Self-Care Sweat","","Sauna",22,34,12,44
"11/19/2024","1:45 PM","75 min.","Adelaide","Guided All Around: Reset","","Sauna",29,36,7,51
"11/19/2024","3:30 PM","75 min.","Adelaide","Free Flow","","Sauna..",14,26,12,63
"11/19/2024","3:45 PM","75 min.","Adelaide","Free Flow","","Sauna.",19,25,6,69
"11/19/2024","5:30 PM","75 min.","Adelaide","Guided Up: Feel Good Now","","Sauna",19,36,17,86
"11/19/2024","7:15 PM","75 min.","Adelaide","Guided Down: Sound Immersion","","Sauna",1,36,35,121
"11/19/2024","9:00 PM","75 min.","Adelaide","Free Flow","","Sauna..",0,26,26,147
"11/19/2024","9:15 PM","75 min.","Adelaide","Free Flow","","Sauna",6,25,19,166
"11/20/2024","7:00 AM","75 min.","Adelaide","Guided Up: Arctic Tundra","","Sauna",26,32,6,6
"11/20/2024","8:30 AM","75 min.","Adelaide","Free Flow","","Sauna",13,17,4,10
"11/20/2024","9:00 AM","75 min.","Adelaide","Free Flow","","Sauna.",14,17,3,13
"11/20/2024","9:30 AM","75 min.","Adelaide","Free Flow","","Sauna..",16,17,1,14
"11/20/2024","10:00 AM","75 min.","Adelaide","Free Flow","","Sauna...",15,17,2,16
"11/20/2024","10:15 AM","75 min.","Adelaide","Free Flow","","Sauna....",13,17,4,20
"11/20/2024","12:00 PM","75 min.","Adelaide","Guided All Around: Release","","Sauna",21,36,15,35
"11/20/2024","2:00 PM","75 min.","Adelaide","Free Flow","","Sauna....",12,17,5,40
"11/20/2024","2:30 PM","75 min.","Adelaide","Free Flow","","Sauna..",11,17,6,46
"11/20/2024","3:00 PM","75 min.","Adelaide","Free Flow","","Sauna",14,17,3,49
"11/20/2024","3:30 PM","75 min.","Adelaide","Free Flow","","Sauna.",13,17,4,53
"11/20/2024","4:00 PM","75 min.","Adelaide","Free Flow","","Sauna..",16,17,1,54
"11/20/2024","4:30 PM","75 min.","Adelaide","Free Flow","","Sauna...",12,17,5,59
"11/20/2024","5:00 PM","75 min.","Adelaide","Free Flow","","Sauna....",0,17,17,76
"11/20/2024","5:30 PM","75 min.","Adelaide","Lively Free Flow","","Sauna",0,17,17,93
"11/20/2024","7:15 PM","75 min.","Adelaide","Guided All Around: Heart Opener","","Sauna",1,36,35,128
"11/20/2024","9:00 PM","75 min.","Adelaide","Free Flow","","Sauna",3,26,23,151
"11/20/2024","9:30 PM","75 min.","Adelaide","Free Flow","","Sauna..",5,25,20,171
"11/21/2024","7:00 AM","75 min.","Adelaide","Guided Down: Unwind","","Sauna",21,36,15,15
"11/21/2024","8:30 AM","75 min.","Adelaide","Free Flow","","Sauna...",11,17,6,21
"11/21/2024","9:00 AM","75 min.","Adelaide","Free Flow","","Sauna....",14,17,3,24
"11/21/2024","9:30 AM","75 min.","Adelaide","Free Flow","","Sauna",14,17,3,27
"11/21/2024","10:00 AM","75 min.","Adelaide","Free Flow","","Sauna.",9,17,8,35
"11/21/2024","10:15 AM","75 min.","Adelaide","Free Flow","","Sauna..",11,17,6,41
"11/21/2024","12:00 PM","75 min.","Adelaide","Guided Down: Senses","","Sauna",20,36,16,57
"11/21/2024","2:00 PM","75 min.","Adelaide","Free Flow","","Sauna...",11,17,6,63
"11/21/2024","2:30 PM","75 min.","Adelaide","Free Flow","","Sauna....",15,17,2,65
"11/21/2024","3:00 PM","75 min.","Adelaide","Free Flow","","Sauna",10,17,7,72
"11/21/2024","3:30 PM","75 min.","Adelaide","Free Flow","","Sauna.",8,17,9,81
"11/21/2024","4:00 PM","75 min.","Adelaide","Free Flow","","Sauna..",15,17,2,83
"11/21/2024","4:30 PM","75 min.","Adelaide","Free Flow","","Sauna...",9,17,8,91
"11/21/2024","5:00 PM","75 min.","Adelaide","Free Flow","","Sauna....",11,17,6,97
"11/21/2024","5:30 PM","75 min.","Adelaide","Lively Free Flow","","Sauna",0,17,17,114
"11/21/2024","7:15 PM","90 min.","Adelaide","Space for Women With Gift From Majestix Organics","","Sauna",1,36,35,149
"11/21/2024","9:00 PM","120 min.","Adelaide","Social","","Sauna",2,26,24,173
"11/21/2024","9:30 PM","120 min.","Adelaide","Social","","Sauna..",2,25,23,196
"11/22/2024","7:00 AM","75 min.","Adelaide","Guided Down: Self-Care Sweat","","Sauna",25,34,9,9
"11/22/2024","8:30 AM","75 min.","Adelaide","Free Flow","","Sauna",10,17,7,16
"11/22/2024","9:00 AM","75 min.","Adelaide","Free Flow","","Sauna.",10,17,7,23
"11/22/2024","9:30 AM","75 min.","Adelaide","Free Flow","","Sauna..",11,17,6,29
"11/22/2024","10:00 AM","75 min.","Adelaide","Free Flow","","Sauna...",10,17,7,36
"11/22/2024","10:15 AM","75 min.","Adelaide","Free Flow","","Sauna....",9,15,6,42
"11/22/2024","12:00 PM","75 min.","Adelaide","Guided Down: Deep Stretch","","Sauna",4,32,28,70
"11/22/2024","2:00 PM","75 min.","Adelaide","Free Flow","","Sauna....",2,17,15,85
"11/22/2024","2:30 PM","75 min.","Adelaide","Free Flow","","Sauna...",7,17,10,95
"11/22/2024","3:00 PM","75 min.","Adelaide","Free Flow","","Sauna",7,15,8,103
"11/22/2024","3:30 PM","75 min.","Adelaide","Free Flow","","Sauna.",10,17,7,110
"11/22/2024","4:00 PM","75 min.","Adelaide","Free Flow","","Sauna..",7,17,10,120
"11/22/2024","4:30 PM","75 min.","Adelaide","Free Flow","","Sauna",,,,120
"11/22/2024","5:00 PM","75 min.","Adelaide","Free Flow","","Sauna.",,,,120
"11/22/2024","5:30 PM","75 min.","Adelaide","Free Flow","","Sauna..",2,17,15,135
"11/22/2024","7:15 PM","75 min.","Adelaide","Guided Up: Awakening","","Sauna",,,,135
"11/22/2024","9:00 PM","120 min.","Adelaide","Social","","Sauna",1,26,25,160
"11/22/2024","9:30 PM","120 min.","Adelaide","Social","","Sauna.",1,25,24,184
"11/23/2024","8:00 AM","75 min.","Adelaide","Guided All Around: Hardwiring Happiness","","Sauna",21,36,15,15
"11/23/2024","9:45 AM","75 min.","Adelaide","Guided All Around: Heart Opener","","Sauna",18,36,18,33
"11/23/2024","11:30 AM","75 min.","Adelaide","Guided Down: Sound Immersion","","Sauna",3,36,33,66
"11/23/2024","1:15 PM","75 min.","Adelaide","Guided All Around: Journey Through the Elements","","Sauna",,,,66
"11/23/2024","3:00 PM","75 min.","Adelaide","Lively Free Flow","","Sauna",2,28,26,92
"11/23/2024","3:30 PM","75 min.","Adelaide","Lively Free Flow","","Sauna...",0,10,10,102
"11/23/2024","4:00 PM","75 min.","Adelaide","Lively Free Flow","","Sauna.",0,10,10,112
"11/23/2024","4:30 PM","75 min.","Adelaide","Lively Free Flow","","Sauna....",0,28,28,140
"11/23/2024","5:00 PM","75 min.","Adelaide","Lively Free Flow","","Sauna",0,10,10,150
"11/23/2024","5:30 PM","75 min.","Adelaide","Lively Free Flow","","Sauna.",0,10,10,160
"11/23/2024","6:00 PM","75 min.","Adelaide","Lively Free Flow","","Sauna....",7,28,21,181
"11/23/2024","7:45 PM","75 min.","Adelaide","Guided All Around: Loving Kindness","","Sauna",10,36,26,207
"11/23/2024","9:30 PM","120 min.","Adelaide","Social","","Sauna",2,25,23,230
"11/23/2024","9:45 PM","120 min.","Adelaide","Social","","Sauna..",12,26,14,244
"11/24/2024","7:00 AM","75 min.","Adelaide","Quieter Free Flow","","Sauna",16,30,14,14
"11/24/2024","8:30 AM","75 min.","Adelaide","Free Flow","","Sauna",2,30,28,42
"11/24/2024","10:15 AM","75 min.","Adelaide","Guided Down: Pure Presence","","Sauna",12,36,24,66
"11/24/2024","12:00 PM","75 min.","Adelaide","Guided Down: Unwind","","Sauna",2,34,32,98
"11/24/2024","1:45 PM","75 min.","Adelaide","Guided All Around: Heart Opener","","Sauna",2,36,34,132
"11/24/2024","3:30 PM","75 min.","Adelaide","Lively Free Flow","","Sauna....",0,28,28,160
"11/24/2024","4:00 PM","75 min.","Adelaide","Lively Free Flow","","Sauna.",0,10,10,170
"11/24/2024","4:30 PM","75 min.","Adelaide","Lively Free Flow","","Sauna",0,10,10,180
"11/24/2024","5:00 PM","75 min.","Adelaide","Lively Free Flow","","Sauna....",0,28,28,208
"11/24/2024","5:30 PM","75 min.","Adelaide","Lively Free Flow","","Sauna.",0,10,10,218
"11/24/2024","7:15 PM","75 min.","Adelaide","Guided Down: Untangle","","Sauna",,,,218
"11/24/2024","9:00 PM","75 min.","Adelaide","Free Flow","","Sauna",3,26,23,241
"11/24/2024","9:30 PM","75 min.","Adelaide","Free Flow","","Sauna.",1,25,24,265
"11/11/2024","7:00 AM","75 min.","Adelaide","Quieter Free Flow","","Sauna",6,17,11,11
"11/11/2024","7:30 AM","75 min.","Adelaide","Quieter Free Flow","","Sauna.",14,17,3,14
"11/11/2024","8:00 AM","75 min.","Adelaide","Quieter Free Flow","","Sauna..",15,17,2,16
"11/11/2024","8:30 AM","75 min.","Adelaide","Quieter Free Flow","","Sauna",17,17,0,16
"11/11/2024","9:00 AM","75 min.","Adelaide","Quieter Free Flow","","Sauna.",13,17,4,20
"11/11/2024","9:30 AM","75 min.","Adelaide","Quieter Free Flow","","Sauna..",5,17,12,32
"11/11/2024","10:00 AM","75 min.","Adelaide","Quieter Free Flow","","Sauna",4,17,13,45
"11/11/2024","10:15 AM","75 min.","Adelaide","Quieter Free Flow","","Sauna....",7,17,10,55
"11/11/2024","12:00 PM","75 min.","Adelaide","Guided All Around: Reset","","Sauna",3,36,33,88
"11/11/2024","2:00 PM","75 min.","Adelaide","Free Flow","","Sauna",0,17,17,105
"11/11/2024","2:30 PM","75 min.","Adelaide","Free Flow","","Sauna...",0,17,17,122
"11/11/2024","3:00 PM","75 min.","Adelaide","Free Flow","","Sauna.",8,17,9,131
"11/11/2024","3:30 PM","75 min.","Adelaide","Free Flow","","Sauna..",0,17,17,148
"11/11/2024","5:30 PM","75 min.","Adelaide","Guided Down: Senses","","Sauna",7,36,29,177
"11/11/2024","7:15 PM","75 min.","Adelaide","Guided All Around: Acceptance","","Sauna",2,36,34,211
"11/11/2024","9:00 PM","75 min.","Adelaide","Guided All Around: Loving Kindness","","Sauna",18,36,18,229
"11/12/2024","7:00 AM","75 min.","Adelaide","Arctic Tundra (with Optional 6:00 AM Run Club)","","Sauna",19,32,13,13
"11/12/2024","8:30 AM","75 min.","Adelaide","Quieter Free Flow","","Sauna...",11,17,6,19
"11/12/2024","9:00 AM","75 min.","Adelaide","Quieter Free Flow","","Sauna....",12,17,5,24
"11/12/2024","9:30 AM","75 min.","Adelaide","Quieter Free Flow","","Sauna",11,17,6,30
"11/12/2024","10:00 AM","75 min.","Adelaide","Quieter Free Flow","","Sauna.",14,17,3,33
"11/12/2024","10:15 AM","75 min.","Adelaide","Quieter Free Flow","","Sauna....",16,17,1,34
"11/12/2024","12:00 PM","75 min.","Adelaide","Free Flow","","Sauna",31,36,5,39
"11/12/2024","1:45 PM","75 min.","Adelaide","Free Flow","","Sauna",27,36,9,48
"11/12/2024","3:30 PM","75 min.","Adelaide","Free Flow","","Sauna..",16,26,10,58
"11/12/2024","3:45 PM","75 min.","Adelaide","Free Flow","","Sauna.",22,25,3,61
"11/12/2024","5:30 PM","75 min.","Adelaide","Guided All Around: Release","","Sauna",19,36,17,78
"11/12/2024","7:15 PM","75 min.","Adelaide","Guided All Around: Hero's Journey","","Sauna",,,,78
"11/12/2024","9:00 PM","75 min.","Adelaide","Free Flow","","Sauna..",0,26,26,104
"11/12/2024","9:15 PM","75 min.","Adelaide","Free Flow","","Sauna",4,25,21,125
"11/13/2024","7:00 AM","75 min.","Adelaide","Guided Down: Deep Stretch","","Sauna",23,34,11,11
"11/13/2024","8:30 AM","75 min.","Adelaide","Free Flow","","Sauna",11,17,6,17
"11/13/2024","9:00 AM","75 min.","Adelaide","Free Flow","","Sauna.",14,17,3,20
"11/13/2024","9:30 AM","75 min.","Adelaide","Free Flow","","Sauna..",13,17,4,24
"11/13/2024","10:00 AM","75 min.","Adelaide","Free Flow","","Sauna...",12,17,5,29
"11/13/2024","10:15 AM","75 min.","Adelaide","Free Flow","","Sauna....",11,17,6,35
"11/13/2024","12:00 PM","75 min.","Adelaide","Guided Down: Self-Care Sweat","","Sauna",22,34,12,47
"11/13/2024","2:00 PM","75 min.","Adelaide","Free Flow","","Sauna....",8,17,9,56
"11/13/2024","2:30 PM","75 min.","Adelaide","Free Flow","","Sauna..",12,17,5,61
"11/13/2024","3:00 PM","75 min.","Adelaide","Free Flow","","Sauna",13,17,4,65
"11/13/2024","3:30 PM","75 min.","Adelaide","Free Flow","","Sauna.",10,17,7,72
"11/13/2024","4:00 PM","75 min.","Adelaide","Free Flow","","Sauna..",14,17,3,75
"11/13/2024","4:30 PM","75 min.","Adelaide","Free Flow","","Sauna...",5,17,12,87
"11/13/2024","5:00 PM","75 min.","Adelaide","Free Flow","","Sauna....",4,17,13,100
"11/13/2024","5:30 PM","75 min.","Adelaide","Lively Free Flow","","Sauna",0,17,17,117
"11/13/2024","7:15 PM","75 min.","Adelaide","Guided All Around: Heart Opener","","Sauna",1,36,35,152
"11/13/2024","9:00 PM","75 min.","Adelaide","Free Flow","","Sauna",2,26,24,176
"11/13/2024","9:30 PM","75 min.","Adelaide","Free Flow","","Sauna..",8,25,17,193
"11/14/2024","7:00 AM","75 min.","Adelaide","Guided All Around: Journey Through the Elements","","Sauna",25,36,11,11
"11/14/2024","8:30 AM","75 min.","Adelaide","Free Flow","","Sauna...",14,17,3,14
"11/14/2024","9:00 AM","75 min.","Adelaide","Free Flow","","Sauna....",13,17,4,18
"11/14/2024","9:30 AM","75 min.","Adelaide","Free Flow","","Sauna",14,17,3,21
"11/14/2024","10:00 AM","75 min.","Adelaide","Free Flow","","Sauna.",,,,21
"11/14/2024","10:15 AM","75 min.","Adelaide","Free Flow","","Sauna..",6,17,11,32
"11/14/2024","12:00 PM","75 min.","Adelaide","Guided Up: Self-Care Sweat","","Sauna",22,34,12,44
"11/14/2024","3:30 PM","75 min.","Adelaide","Free Flow","","Sauna.",1,17,16,60
"11/14/2024","4:00 PM","75 min.","Adelaide","Free Flow","","Sauna..",10,17,7,67
"11/14/2024","4:30 PM","75 min.","Adelaide","Free Flow","","Sauna...",8,17,9,76
"11/14/2024","5:00 PM","75 min.","Adelaide","Free Flow","","Sauna....",5,17,12,88
"11/14/2024","5:30 PM","75 min.","Adelaide","Lively Free Flow","","Sauna",3,17,14,102
"11/14/2024","7:15 PM","75 min.","Adelaide","Guided All Around: Loving Kindness","","Sauna",14,36,22,124
"11/14/2024","9:00 PM","120 min.","Adelaide","Social","","Sauna",,,,124
"11/14/2024","9:30 PM","120 min.","Adelaide","Social","","Sauna..",5,25,20,144
"11/15/2024","7:00 AM","75 min.","Adelaide","Guided Down: Embodied","","Sauna",21,32,11,11
"11/15/2024","8:30 AM","75 min.","Adelaide","Free Flow","","Sauna",9,17,8,19
"11/15/2024","9:00 AM","75 min.","Adelaide","Free Flow","","Sauna.",16,17,1,20
"11/15/2024","9:30 AM","75 min.","Adelaide","Free Flow","","Sauna..",11,17,6,26
"11/15/2024","10:00 AM","75 min.","Adelaide","Free Flow","","Sauna...",14,17,3,29
"11/15/2024","10:15 AM","75 min.","Adelaide","Free Flow","","Sauna....",8,15,7,36
"11/15/2024","12:00 PM","75 min.","Adelaide","Guided Up: Saturday Night Fever","","Sauna",26,36,10,46
"11/15/2024","2:00 PM","75 min.","Adelaide","Free Flow","","Sauna....",2,17,15,61
"11/15/2024","2:30 PM","75 min.","Adelaide","Free Flow","","Sauna...",9,17,8,69
"11/15/2024","3:00 PM","75 min.","Adelaide","Free Flow","","Sauna",5,15,10,79
"11/15/2024","3:30 PM","75 min.","Adelaide","Free Flow","","Sauna.",3,17,14,93
"11/15/2024","4:00 PM","75 min.","Adelaide","Free Flow","","Sauna..",11,17,6,99
"11/15/2024","4:30 PM","75 min.","Adelaide","Free Flow","","Sauna",1,15,14,113
"11/15/2024","5:00 PM","75 min.","Adelaide","Free Flow","","Sauna.",,,,113
"11/15/2024","5:30 PM","75 min.","Adelaide","Free Flow","","Sauna..",0,17,17,130
"11/15/2024","7:15 PM","75 min.","Adelaide","Guided All Around: Release","","Sauna",3,36,33,163
"11/15/2024","9:00 PM","120 min.","Adelaide","Social","","Sauna",2,26,24,187
"11/15/2024","9:30 PM","120 min.","Adelaide","Social","","Sauna.",20,25,5,192
"11/16/2024","8:00 AM","75 min.","Adelaide","Guided Down: Self-Care Sweat","","Sauna",26,34,8,8
"11/16/2024","9:45 AM","75 min.","Adelaide","Guided Up: Feel Good Now","","Sauna",9,36,27,35
"11/16/2024","11:30 AM","75 min.","Adelaide","Guided Down: Pure Presence","","Sauna",6,36,30,65
"11/16/2024","1:15 PM","75 min.","Adelaide","Guided All Around: Journey Through the Elements","","Sauna",14,36,22,87
"11/16/2024","3:00 PM","75 min.","Adelaide","Lively Free Flow","","Sauna",2,28,26,113
"11/16/2024","3:30 PM","75 min.","Adelaide","Lively Free Flow","","Sauna...",0,10,10,123
"11/16/2024","4:00 PM","75 min.","Adelaide","Lively Free Flow","","Sauna.",0,10,10,133
"11/16/2024","4:30 PM","75 min.","Adelaide","Lively Free Flow","","Sauna....",0,28,28,161
"11/16/2024","5:00 PM","75 min.","Adelaide","Lively Free Flow","","Sauna",0,10,10,171
"11/16/2024","5:30 PM","75 min.","Adelaide","Lively Free Flow","","Sauna.",0,10,10,181
"11/16/2024","6:00 PM","75 min.","Adelaide","Lively Free Flow","","Sauna....",3,28,25,206
"11/16/2024","7:45 PM","75 min.","Adelaide","Guided All Around: Loving Kindness","","Sauna",21,36,15,221
"11/16/2024","9:30 PM","120 min.","Adelaide","Social","","Sauna",1,25,24,245
"11/16/2024","9:45 PM","120 min.","Adelaide","Social","","Sauna..",14,26,12,257
"11/17/2024","7:00 AM","75 min.","Adelaide","Quieter Free Flow","","Sauna",18,30,12,12
"11/17/2024","8:30 AM","75 min.","Adelaide","Free Flow","","Sauna",3,30,27,39
"11/17/2024","10:15 AM","75 min.","Adelaide","Guided Down: Pure Presence","","Sauna",17,36,19,58
"11/17/2024","12:00 PM","75 min.","Adelaide","Guided All Around: Acceptance","","Sauna",11,36,25,83
"11/17/2024","1:45 PM","75 min.","Adelaide","Guided Down: Pure Presence","","Sauna",3,36,33,116
"11/17/2024","3:30 PM","75 min.","Adelaide","Lively Free Flow","","Sauna....",0,28,28,144
"11/17/2024","4:00 PM","75 min.","Adelaide","Lively Free Flow","","Sauna.",0,10,10,154
"11/17/2024","4:30 PM","75 min.","Adelaide","Lively Free Flow","","Sauna",0,10,10,164
"11/17/2024","5:00 PM","75 min.","Adelaide","Lively Free Flow","","Sauna....",1,28,27,191
"11/17/2024","5:30 PM","75 min.","Adelaide","Lively Free Flow","","Sauna.",0,12,12,203
"11/17/2024","7:15 PM","75 min.","Adelaide","Guided Down: Untangle","","Sauna",1,34,33,236
"11/17/2024","9:00 PM","75 min.","Adelaide","Free Flow","","Sauna",1,26,25,261
"11/17/2024","9:30 PM","75 min.","Adelaide","Free Flow","","Sauna.",0,25,25,286
"11/04/2024","7:00 AM","75 min.","Adelaide","Quieter Free Flow","","Sauna",8,17,9,9
"11/04/2024","7:30 AM","75 min.","Adelaide","Quieter Free Flow","","Sauna.",11,17,6,15
"11/04/2024","8:00 AM","75 min.","Adelaide","Quieter Free Flow","","Sauna..",15,17,2,17
"11/04/2024","8:30 AM","75 min.","Adelaide","Quieter Free Flow","","Sauna",11,17,6,23
"11/04/2024","9:00 AM","75 min.","Adelaide","Quieter Free Flow","","Sauna.",15,17,2,25
"11/04/2024","9:30 AM","75 min.","Adelaide","Quieter Free Flow","","Sauna..",13,17,4,29
"11/04/2024","10:00 AM","75 min.","Adelaide","Quieter Free Flow","","Sauna",12,17,5,34
"11/04/2024","10:15 AM","75 min.","Adelaide","Quieter Free Flow","","Sauna....",13,17,4,38
"11/04/2024","12:00 PM","75 min.","Adelaide","Guided All Around: Journey Through the Elements","","Sauna",26,34,8,46
"11/04/2024","2:00 PM","75 min.","Adelaide","Free Flow","","Sauna",0,17,17,63
"11/04/2024","2:30 PM","75 min.","Adelaide","Free Flow","","Sauna...",13,17,4,67
"11/04/2024","3:00 PM","75 min.","Adelaide","Free Flow","","Sauna.",15,17,2,69
"11/04/2024","3:30 PM","75 min.","Adelaide","Free Flow","","Sauna..",11,17,6,75
"11/04/2024","5:30 PM","75 min.","Adelaide","Guided Up: Self-Care Sweat","","Sauna",1,34,33,108
"11/04/2024","7:15 PM","75 min.","Adelaide","Guided Down: Embodied","","Sauna",,,,108
"11/04/2024","9:00 PM","75 min.","Adelaide","Guided Down: Pure Presence","","Sauna",14,36,22,130
"11/05/2024","7:00 AM","75 min.","Adelaide","Guided Up: Arctic Tundra","","Sauna",23,32,9,9
"11/05/2024","8:30 AM","75 min.","Adelaide","Quieter Free Flow","","Sauna...",13,17,4,13
"11/05/2024","9:00 AM","75 min.","Adelaide","Quieter Free Flow","","Sauna....",14,17,3,16
"11/05/2024","9:30 AM","75 min.","Adelaide","Quieter Free Flow","","Sauna",8,17,9,25
"11/05/2024","10:00 AM","75 min.","Adelaide","Quieter Free Flow","","Sauna.",14,17,3,28
"11/05/2024","10:15 AM","75 min.","Adelaide","Quieter Free Flow","","Sauna....",10,17,7,35
"11/05/2024","12:00 PM","75 min.","Adelaide","Guided Down: Self-Care Sweat","","Sauna",27,34,7,42
"11/05/2024","1:45 PM","75 min.","Adelaide","Guided All Around: Reset","","Sauna",27,36,9,51
"11/05/2024","3:30 PM","75 min.","Adelaide","Free Flow","","Sauna..",18,26,8,59
"11/05/2024","3:45 PM","75 min.","Adelaide","Free Flow","","Sauna.",17,25,8,67
"11/05/2024","5:30 PM","75 min.","Adelaide","Guided Up: Feel Good Now","","Sauna",22,36,14,81
"11/05/2024","7:15 PM","75 min.","Adelaide","Guided Down: Untangle","","Sauna",9,34,25,106
"11/05/2024","9:00 PM","75 min.","Adelaide","Quieter Free Flow","","Sauna..",0,26,26,132
"11/05/2024","9:15 PM","75 min.","Adelaide","Quieter Free Flow","","Sauna",9,25,16,148
"11/06/2024","7:00 AM","75 min.","Adelaide","Founder's Arctic Tundra","","Sauna",24,32,8,8
"11/06/2024","8:30 AM","75 min.","Adelaide","Free Flow","","Sauna",13,17,4,12
"11/06/2024","9:00 AM","75 min.","Adelaide","Free Flow","","Sauna.",16,17,1,13
"11/06/2024","9:30 AM","75 min.","Adelaide","Free Flow","","Sauna..",9,17,8,21
"11/06/2024","10:00 AM","75 min.","Adelaide","Free Flow","","Sauna...",14,17,3,24
"11/06/2024","10:15 AM","75 min.","Adelaide","Free Flow","","Sauna....",10,17,7,31
"11/06/2024","12:00 PM","75 min.","Adelaide","Guided Down: Deep Stretch","","Sauna",24,34,10,41
"11/06/2024","2:00 PM","75 min.","Adelaide","Free Flow","","Sauna....",4,17,13,54
"11/06/2024","2:30 PM","75 min.","Adelaide","Free Flow","","Sauna..",8,17,9,63
"11/06/2024","3:00 PM","75 min.","Adelaide","Free Flow","","Sauna",8,17,9,72
"11/06/2024","3:30 PM","75 min.","Adelaide","Free Flow","","Sauna.",15,17,2,74
"11/06/2024","4:00 PM","75 min.","Adelaide","Free Flow","","Sauna..",10,17,7,81
"11/06/2024","4:30 PM","75 min.","Adelaide","Free Flow","","Sauna...",9,17,8,89
"11/06/2024","5:00 PM","75 min.","Adelaide","Free Flow","","Sauna....",0,17,17,106
"11/06/2024","5:30 PM","75 min.","Adelaide","Lively Free Flow","","Sauna",1,17,16,122
"11/06/2024","7:15 PM","75 min.","Adelaide","Guided Up: Feel Good Now","","Sauna",1,36,35,157
"11/06/2024","9:00 PM","75 min.","Adelaide","Free Flow","","Sauna",,,,157
"11/06/2024","9:30 PM","75 min.","Adelaide","Free Flow","","Sauna..",5,25,20,177
"11/07/2024","7:00 AM","75 min.","Adelaide","Guided All Around: Heart Opener","","Sauna",32,36,4,4
"11/07/2024","8:30 AM","75 min.","Adelaide","Free Flow","","Sauna...",12,17,5,9
"11/07/2024","9:00 AM","75 min.","Adelaide","Free Flow","","Sauna....",11,17,6,15
"11/07/2024","9:30 AM","75 min.","Adelaide","Free Flow","","Sauna",11,17,6,21
"11/07/2024","10:00 AM","75 min.","Adelaide","Free Flow","","Sauna.",14,17,3,24
"11/07/2024","10:15 AM","75 min.","Adelaide","Free Flow","","Sauna..",17,17,0,24
"11/07/2024","12:00 PM","75 min.","Adelaide","Guided All Around: Journey Through the Elements","","Sauna",27,36,9,33
"11/07/2024","2:00 PM","75 min.","Adelaide","Free Flow","","Sauna...",7,17,10,43
"11/07/2024","2:30 PM","75 min.","Adelaide","Free Flow","","Sauna....",11,17,6,49
"11/07/2024","3:00 PM","75 min.","Adelaide","Free Flow","","Sauna",11,17,6,55
"11/07/2024","3:30 PM","75 min.","Adelaide","Free Flow","","Sauna.",4,17,13,68
"11/07/2024","4:00 PM","75 min.","Adelaide","Free Flow","","Sauna..",10,17,7,75
"11/07/2024","4:30 PM","75 min.","Adelaide","Free Flow","","Sauna...",13,17,4,79
"11/07/2024","5:00 PM","75 min.","Adelaide","Free Flow","","Sauna....",5,17,12,91
"11/07/2024","5:30 PM","75 min.","Adelaide","Lively Free Flow","","Sauna",3,17,14,105
"11/07/2024","7:15 PM","75 min.","Adelaide","Guided All Around: Reset","","Sauna",1,36,35,140
"11/07/2024","9:00 PM","120 min.","Adelaide","Social","","Sauna",,,,140
"11/07/2024","9:30 PM","120 min.","Adelaide","Social","","Sauna..",0,25,25,165
"11/08/2024","7:00 AM","75 min.","Adelaide","Guided All Around: Reset","","Sauna",22,36,14,14
"11/08/2024","8:30 AM","75 min.","Adelaide","Free Flow","","Sauna",12,17,5,19
"11/08/2024","9:00 AM","75 min.","Adelaide","Free Flow","","Sauna.",13,17,4,23
"11/08/2024","9:30 AM","75 min.","Adelaide","Free Flow","","Sauna..",16,17,1,24
"11/08/2024","10:00 AM","75 min.","Adelaide","Free Flow","","Sauna...",7,17,10,34
"11/08/2024","10:15 AM","75 min.","Adelaide","Free Flow","","Sauna....",3,15,12,46
"11/08/2024","12:00 PM","75 min.","Adelaide","Guided All Around: Release","","Sauna",20,36,16,62
"11/08/2024","2:00 PM","75 min.","Adelaide","Free Flow","","Sauna....",4,17,13,75
"11/08/2024","2:30 PM","75 min.","Adelaide","Free Flow","","Sauna...",9,17,8,83
"11/08/2024","3:00 PM","75 min.","Adelaide","Free Flow","","Sauna",6,15,9,92
"11/08/2024","3:30 PM","75 min.","Adelaide","Free Flow","","Sauna.",7,17,10,102
"11/08/2024","4:00 PM","75 min.","Adelaide","Free Flow","","Sauna..",4,17,13,115
"11/08/2024","4:30 PM","75 min.","Adelaide","Free Flow","","Sauna",1,15,14,129
"11/08/2024","5:00 PM","75 min.","Adelaide","Free Flow","","Sauna.",,,,129
"11/08/2024","5:30 PM","75 min.","Adelaide","Free Flow","","Sauna..",0,17,17,146
"11/08/2024","7:15 PM","75 min.","Adelaide","Guided All Around: A-Z Emotions","","Sauna",,,,146
"11/08/2024","9:00 PM","120 min.","Adelaide","Social","","Sauna",,,,146
"11/08/2024","9:30 PM","120 min.","Adelaide","Social","","Sauna.",1,25,24,170
"11/09/2024","8:00 AM","75 min.","Adelaide","Free Flow","","Sauna",12,19,7,7
"11/09/2024","9:45 AM","75 min.","Adelaide","Guided All Around: Heart Opener","","Sauna",10,36,26,33
"11/09/2024","11:30 AM","75 min.","Adelaide","Guided Down: Sound Immersion","","Sauna",,,,33
"11/09/2024","1:15 PM","75 min.","Adelaide","Guided All Around: Journey Through the Elements","","Sauna",12,36,24,57
"11/09/2024","3:00 PM","75 min.","Adelaide","Lively Free Flow","","Sauna",2,28,26,83
"11/09/2024","3:30 PM","75 min.","Adelaide","Lively Free Flow","","Sauna...",1,10,9,92
"11/09/2024","4:00 PM","75 min.","Adelaide","Lively Free Flow","","Sauna.",0,10,10,102
"11/09/2024","4:30 PM","75 min.","Adelaide","Lively Free Flow","","Sauna....",4,28,24,126
"11/09/2024","5:00 PM","75 min.","Adelaide","Lively Free Flow","","Sauna",0,10,10,136
"11/09/2024","5:30 PM","75 min.","Adelaide","Lively Free Flow","","Sauna.",0,10,10,146
"11/09/2024","6:00 PM","75 min.","Adelaide","Lively Free Flow","","Sauna....",2,28,26,172
"11/09/2024","7:45 PM","75 min.","Adelaide","Guided All Around: Loving Kindness","","Sauna",17,36,19,191
"11/09/2024","9:30 PM","120 min.","Adelaide","Beat Drop: DJ Takeover","","Sauna",2,25,23,214
"11/09/2024","9:45 PM","120 min.","Adelaide","Beat Drop: DJ Takeover","","Sauna..",3,26,23,237
"11/10/2024","7:00 AM","75 min.","Adelaide","Quieter Free Flow","","Sauna",12,30,18,18
"11/10/2024","8:30 AM","75 min.","Adelaide","Free Flow","","Sauna",6,30,24,42
"11/10/2024","10:15 AM","75 min.","Adelaide","Guided Down: Pure Presence","","Sauna",13,36,23,65
"11/10/2024","12:00 PM","75 min.","Adelaide","Guided All Around: Release","","Sauna",3,36,33,98
"11/10/2024","1:45 PM","75 min.","Adelaide","Guided All Around: Heart Opener","","Sauna",3,36,33,131
"11/10/2024","3:30 PM","75 min.","Adelaide","Lively Free Flow","","Sauna....",0,28,28,159
"11/10/2024","4:00 PM","75 min.","Adelaide","Lively Free Flow","","Sauna.",0,10,10,169
"11/10/2024","4:30 PM","75 min.","Adelaide","Lively Free Flow","","Sauna",1,10,9,178
"11/10/2024","5:00 PM","75 min.","Adelaide","Lively Free Flow","","Sauna....",2,28,26,204
"11/10/2024","5:30 PM","75 min.","Adelaide","Lively Free Flow","","Sauna.",0,10,10,214
"11/10/2024","7:15 PM","75 min.","Adelaide","Guided Down: Untangle","","Sauna",,,,214
"11/10/2024","9:00 PM","75 min.","Adelaide","Free Flow","","Sauna",2,26,24,238
"11/10/2024","9:30 PM","75 min.","Adelaide","Free Flow","","Sauna.",0,25,25,263
"10/28/2024","7:00 AM","75 min.","Adelaide","Quieter Free Flow","","Sauna",8,17,9,9
"10/28/2024","7:30 AM","75 min.","Adelaide","Quieter Free Flow","","Sauna.",14,17,3,12
"10/28/2024","8:00 AM","75 min.","Adelaide","Quieter Free Flow","","Sauna..",15,17,2,14
"10/28/2024","8:30 AM","75 min.","Adelaide","Quieter Free Flow","","Sauna",14,17,3,17
"10/28/2024","9:00 AM","75 min.","Adelaide","Quieter Free Flow","","Sauna.",16,17,1,18
"10/28/2024","9:30 AM","75 min.","Adelaide","Quieter Free Flow","","Sauna..",11,17,6,24
"10/28/2024","10:00 AM","75 min.","Adelaide","Quieter Free Flow","","Sauna",15,17,2,26
"10/28/2024","10:15 AM","75 min.","Adelaide","Quieter Free Flow","","Sauna....",10,17,7,33
"10/28/2024","12:00 PM","75 min.","Adelaide","Free Flow","","Sauna",31,36,5,38
"10/28/2024","2:00 PM","75 min.","Adelaide","Free Flow","","Sauna",6,17,11,49
"10/28/2024","2:30 PM","75 min.","Adelaide","Free Flow","","Sauna...",11,17,6,55
"10/28/2024","3:00 PM","75 min.","Adelaide","Free Flow","","Sauna.",11,17,6,61
"10/28/2024","3:30 PM","75 min.","Adelaide","Free Flow","","Sauna..",3,17,14,75
"10/28/2024","5:30 PM","75 min.","Adelaide","Guided All Around: Journey Through the Elements","","Sauna",15,36,21,96
"10/28/2024","7:15 PM","75 min.","Adelaide","Guided All Around: Inner Power","","Sauna",5,36,31,127
"10/28/2024","9:00 PM","75 min.","Adelaide","Guided All Around: Loving Kindness","","Sauna",26,36,10,137
"10/29/2024","7:00 AM","75 min.","Adelaide","Guided Up: Arctic Tundra","","Sauna",27,32,5,5
"10/29/2024","8:30 AM","75 min.","Adelaide","Quieter Free Flow","","Sauna...",10,17,7,12
"10/29/2024","9:00 AM","75 min.","Adelaide","Quieter Free Flow","","Sauna....",12,17,5,17
"10/29/2024","9:30 AM","75 min.","Adelaide","Quieter Free Flow","","Sauna",13,17,4,21
"10/29/2024","10:00 AM","75 min.","Adelaide","Quieter Free Flow","","Sauna.",16,17,1,22
"10/29/2024","10:15 AM","75 min.","Adelaide","Quieter Free Flow","","Sauna....",13,17,4,26
"10/29/2024","12:00 PM","75 min.","Adelaide","Guided Up: Feel Good Now","","Sauna",29,36,7,33
"10/29/2024","1:45 PM","75 min.","Adelaide","Free Flow","","Sauna",10,26,16,49
"10/29/2024","3:30 PM","75 min.","Adelaide","Free Flow","","Sauna..",13,26,13,62
"10/29/2024","3:45 PM","75 min.","Adelaide","Free Flow","","Sauna.",15,25,10,72
"10/29/2024","5:30 PM","75 min.","Adelaide","Guided All Around: Release","","Sauna",14,36,22,94
"10/29/2024","7:15 PM","75 min.","Adelaide","Guided Down: Sound Immersion","","Sauna",3,36,33,127
"10/29/2024","9:00 PM","120 min.","Adelaide","Runner's Night","","Sauna..",8,25,17,144
"10/29/2024","9:15 PM","120 min.","Adelaide","Runner's Night","","Sauna",20,25,5,149
"10/30/2024","7:00 AM","75 min.","Adelaide","Guided Down: Deep Stretch","","Sauna",23,34,11,11
"10/30/2024","8:30 AM","75 min.","Adelaide","Free Flow","","Sauna",8,17,9,20
"10/30/2024","9:00 AM","75 min.","Adelaide","Free Flow","","Sauna.",13,17,4,24
"10/30/2024","9:30 AM","75 min.","Adelaide","Free Flow","","Sauna..",15,17,2,26
"10/30/2024","10:00 AM","75 min.","Adelaide","Free Flow","","Sauna...",10,17,7,33
"10/30/2024","10:15 AM","75 min.","Adelaide","Free Flow","","Sauna....",13,17,4,37
"10/30/2024","12:00 PM","75 min.","Adelaide","Guided Down: Self-Care Sweat","","Sauna",14,34,20,57
"10/30/2024","2:00 PM","75 min.","Adelaide","Free Flow","","Sauna....",10,17,7,64
"10/30/2024","2:30 PM","75 min.","Adelaide","Free Flow","","Sauna..",16,17,1,65
"10/30/2024","3:00 PM","75 min.","Adelaide","Free Flow","","Sauna",14,17,3,68
"10/30/2024","3:30 PM","75 min.","Adelaide","Free Flow","","Sauna.",13,17,4,72
"10/30/2024","4:00 PM","75 min.","Adelaide","Free Flow","","Sauna..",5,17,12,84
"10/30/2024","4:30 PM","75 min.","Adelaide","Free Flow","","Sauna...",5,17,12,96
"10/30/2024","5:00 PM","75 min.","Adelaide","Free Flow","","Sauna....",0,17,17,113
"10/30/2024","5:30 PM","75 min.","Adelaide","Free Flow","","Sauna",0,17,17,130
"10/30/2024","7:15 PM","75 min.","Adelaide","Guided All Around: Release","","Sauna",5,36,31,161
"10/30/2024","9:00 PM","75 min.","Adelaide","Othership Awakening BIPOC Sweat","","Sauna",8,35,27,188
"10/31/2024","7:00 AM","75 min.","Adelaide","Guided All Around: Heart Opener","","Sauna",30,36,6,6
"10/31/2024","8:30 AM","75 min.","Adelaide","Free Flow","","Sauna...",11,17,6,12
"10/31/2024","9:00 AM","75 min.","Adelaide","Free Flow","","Sauna....",12,17,5,17
"10/31/2024","9:30 AM","75 min.","Adelaide","Free Flow","","Sauna",16,17,1,18
"10/31/2024","10:00 AM","75 min.","Adelaide","Free Flow","","Sauna.",10,17,7,25
"10/31/2024","12:00 PM","75 min.","Adelaide","Guided Down: Senses","","Sauna",26,36,10,35
"10/31/2024","2:00 PM","75 min.","Adelaide","Free Flow","","Sauna...",5,17,12,47
"10/31/2024","2:30 PM","75 min.","Adelaide","Free Flow","","Sauna....",17,17,0,47
"10/31/2024","3:00 PM","75 min.","Adelaide","Free Flow","","Sauna",15,17,2,49
"10/31/2024","3:30 PM","75 min.","Adelaide","Free Flow","","Sauna.",16,17,1,50
"10/31/2024","4:00 PM","75 min.","Adelaide","Free Flow","","Sauna..",14,17,3,53
"10/31/2024","4:30 PM","75 min.","Adelaide","Free Flow","","Sauna...",11,17,6,59
"10/31/2024","5:00 PM","75 min.","Adelaide","Free Flow","","Sauna....",3,17,14,73
"10/31/2024","5:30 PM","75 min.","Adelaide","Free Flow","","Sauna",3,17,14,87
"10/31/2024","7:15 PM","75 min.","Adelaide","Guided All Around: Loving Kindness","","Sauna",13,32,19,106
"10/31/2024","9:00 PM","120 min.","Adelaide","Social","","Sauna",9,26,17,123
"10/31/2024","9:30 PM","120 min.","Adelaide","Social","","Sauna..",23,25,2,125
"11/01/2024","7:00 AM","75 min.","Adelaide","Guided Up: Awakening","","Sauna",31,36,5,5
"11/01/2024","8:30 AM","75 min.","Adelaide","Free Flow","","Sauna",14,17,3,8
"11/01/2024","9:00 AM","75 min.","Adelaide","Free Flow","","Sauna.",14,17,3,11
"11/01/2024","9:30 AM","75 min.","Adelaide","Free Flow","","Sauna..",14,17,3,14
"11/01/2024","10:00 AM","75 min.","Adelaide","Free Flow","","Sauna...",14,17,3,17
"11/01/2024","10:15 AM","75 min.","Adelaide","Free Flow","","Sauna....",7,15,8,25
"11/01/2024","12:00 PM","75 min.","Adelaide","Guided Down: Self-Care Sweat","","Sauna",20,34,14,39
"11/01/2024","2:00 PM","75 min.","Adelaide","Free Flow","","Sauna....",1,17,16,55
"11/01/2024","2:30 PM","75 min.","Adelaide","Free Flow","","Sauna...",7,17,10,65
"11/01/2024","3:00 PM","75 min.","Adelaide","Free Flow","","Sauna",9,15,6,71
"11/01/2024","3:30 PM","75 min.","Adelaide","Free Flow","","Sauna.",4,17,13,84
"11/01/2024","4:00 PM","75 min.","Adelaide","Free Flow","","Sauna..",,,,84
"11/01/2024","4:30 PM","75 min.","Adelaide","Free Flow","","Sauna",,,,84
"11/01/2024","5:00 PM","75 min.","Adelaide","Free Flow","","Sauna.",,,,84
"11/01/2024","5:30 PM","75 min.","Adelaide","Free Flow","","Sauna..",1,17,16,100
"11/01/2024","7:15 PM","75 min.","Adelaide","Guided All Around: Release","","Sauna",5,36,31,131
"11/01/2024","9:00 PM","120 min.","Adelaide","Social","","Sauna",,,,131
"11/01/2024","9:30 PM","120 min.","Adelaide","Social","","Sauna.",0,25,25,156
"11/02/2024","8:00 AM","75 min.","Adelaide","Guided Down: Self-Care Sweat","","Sauna",25,34,9,9
"11/02/2024","9:45 AM","75 min.","Adelaide","Guided All Around: Heart Opener","","Sauna",17,36,19,28
"11/02/2024","11:30 AM","75 min.","Adelaide","Guided Down: Sound Immersion","","Sauna",1,36,35,63
"11/02/2024","1:15 PM","75 min.","Adelaide","Guided All Around: Journey Through the Elements","","Sauna",9,36,27,90
"11/02/2024","3:00 PM","75 min.","Adelaide","Lively Free Flow","","Sauna",0,28,28,118
"11/02/2024","3:30 PM","75 min.","Adelaide","Lively Free Flow","","Sauna...",0,10,10,128
"11/02/2024","4:00 PM","75 min.","Adelaide","Lively Free Flow","","Sauna.",2,10,8,136
"11/02/2024","4:30 PM","75 min.","Adelaide","Lively Free Flow","","Sauna....",8,28,20,156
"11/02/2024","5:00 PM","75 min.","Adelaide","Lively Free Flow","","Sauna",5,10,5,161
"11/02/2024","5:30 PM","75 min.","Adelaide","Lively Free Flow","","Sauna.",0,10,10,171
"11/02/2024","6:00 PM","75 min.","Adelaide","Lively Free Flow","","Sauna....",7,28,21,192
"11/02/2024","7:45 PM","75 min.","Adelaide","Guided All Around: Loving Kindness","","Sauna",9,36,27,219
"11/02/2024","9:30 PM","120 min.","Adelaide","Social","","Sauna",4,25,21,240
"11/02/2024","9:45 PM","120 min.","Adelaide","Social","","Sauna..",22,26,4,244
"11/03/2024","7:00 AM","75 min.","Adelaide","Quieter Free Flow","","Sauna",15,30,15,15
"11/03/2024","8:30 AM","75 min.","Adelaide","Free Flow","","Sauna",7,30,23,38
"11/03/2024","10:15 AM","75 min.","Adelaide","Guided Down: Self-Care Sweat","","Sauna",4,34,30,68
"11/03/2024","12:00 PM","75 min.","Adelaide","Guided Down: Unwind","","Sauna",1,34,33,101
"11/03/2024","1:45 PM","75 min.","Adelaide","Guided Down: Pure Presence","","Sauna",5,36,31,132
"11/03/2024","3:30 PM","75 min.","Adelaide","Lively Free Flow","","Sauna....",0,28,28,160
"11/03/2024","4:00 PM","75 min.","Adelaide","Lively Free Flow","","Sauna.",0,10,10,170
"11/03/2024","4:30 PM","75 min.","Adelaide","Lively Free Flow","","Sauna",0,10,10,180
"11/03/2024","5:00 PM","75 min.","Adelaide","Lively Free Flow","","Sauna....",0,28,28,208
"11/03/2024","5:30 PM","75 min.","Adelaide","Lively Free Flow","","Sauna.",0,10,10,218
"11/03/2024","7:15 PM","75 min.","Adelaide","Guided Down: Untangle","","Sauna",,,,218
"11/03/2024","9:00 PM","75 min.","Adelaide","Free Flow","","Sauna",2,26,24,242
"11/03/2024","9:30 PM","75 min.","Adelaide","Free Flow","","Sauna.",0,25,25,267
"10/21/2024","7:00 AM","75 min.","Adelaide","Quieter Free Flow","","Sauna",3,17,14,14
"10/21/2024","7:30 AM","75 min.","Adelaide","Quieter Free Flow","","Sauna.",9,17,8,22
"10/21/2024","8:00 AM","75 min.","Adelaide","Quieter Free Flow","","Sauna..",17,17,0,22
"10/21/2024","8:30 AM","75 min.","Adelaide","Quieter Free Flow","","Sauna",17,17,0,22
"10/21/2024","9:00 AM","75 min.","Adelaide","Quieter Free Flow","","Sauna.",10,17,7,29
"10/21/2024","9:30 AM","75 min.","Adelaide","Quieter Free Flow","","Sauna..",13,17,4,33
"10/21/2024","10:00 AM","75 min.","Adelaide","Quieter Free Flow","","Sauna",15,17,2,35
"10/21/2024","10:15 AM","75 min.","Adelaide","Quieter Free Flow","","Sauna....",1,17,16,51
"10/21/2024","12:00 PM","75 min.","Adelaide","Guided All Around: Journey Through the Elements","","Sauna",25,36,11,62
"10/21/2024","2:00 PM","75 min.","Adelaide","Free Flow","","Sauna",4,17,13,75
"10/21/2024","2:30 PM","75 min.","Adelaide","Free Flow","","Sauna...",12,17,5,80
"10/21/2024","3:00 PM","75 min.","Adelaide","Free Flow","","Sauna.",12,17,5,85
"10/21/2024","3:30 PM","75 min.","Adelaide","Free Flow","","Sauna..",1,17,16,101
"10/21/2024","5:30 PM","75 min.","Adelaide","Guided Down: Senses","","Sauna",8,36,28,129
"10/21/2024","7:15 PM","75 min.","Adelaide","Guided All Around: Acceptance","","Sauna",3,36,33,162
"10/21/2024","9:00 PM","75 min.","Adelaide","Guided Down: Pure Presence","","Sauna",,,,162
"10/22/2024","7:00 AM","75 min.","Adelaide","Guided Up: Arctic Tundra","","Sauna",17,32,15,15
"10/22/2024","8:30 AM","75 min.","Adelaide","Quieter Free Flow","","Sauna...",10,17,7,22
"10/22/2024","9:00 AM","75 min.","Adelaide","Quieter Free Flow","","Sauna....",11,17,6,28
"10/22/2024","9:30 AM","75 min.","Adelaide","Quieter Free Flow","","Sauna",14,17,3,31
"10/22/2024","10:00 AM","75 min.","Adelaide","Quieter Free Flow","","Sauna.",16,17,1,32
"10/22/2024","10:15 AM","75 min.","Adelaide","Quieter Free Flow","","Sauna....",14,17,3,35
"10/22/2024","12:00 PM","75 min.","Adelaide","Guided Down: Self-Care Sweat","","Sauna",23,34,11,46
"10/22/2024","1:45 PM","75 min.","Adelaide","Free Flow","","Sauna",30,36,6,52
"10/22/2024","3:30 PM","75 min.","Adelaide","Free Flow","","Sauna..",17,26,9,61
"10/22/2024","3:45 PM","75 min.","Adelaide","Free Flow","","Sauna.",17,25,8,69
"10/22/2024","5:30 PM","75 min.","Adelaide","Guided Up: Feel Good Now","","Sauna",22,36,14,83
"10/22/2024","7:15 PM","75 min.","Adelaide","Guided All Around: Hero's Journey","","Sauna",,,,83
"10/22/2024","9:00 PM","75 min.","Adelaide","Quieter Free Flow","","Sauna..",1,26,25,108
"10/22/2024","9:15 PM","75 min.","Adelaide","Quieter Free Flow","","Sauna",,,,108
"10/23/2024","7:00 AM","75 min.","Adelaide","Guided Up: Arctic Tundra","","Sauna",18,32,14,14
"10/23/2024","8:30 AM","75 min.","Adelaide","Free Flow","","Sauna",10,17,7,21
"10/23/2024","9:00 AM","75 min.","Adelaide","Free Flow","","Sauna.",13,17,4,25
"10/23/2024","9:30 AM","75 min.","Adelaide","Free Flow","","Sauna..",8,17,9,34
"10/23/2024","10:00 AM","75 min.","Adelaide","Free Flow","","Sauna...",17,17,0,34
"10/23/2024","10:15 AM","75 min.","Adelaide","Free Flow","","Sauna....",15,17,2,36
"10/23/2024","12:00 PM","75 min.","Adelaide","Guided All Around: Release","","Sauna",24,36,12,48
"10/23/2024","2:00 PM","75 min.","Adelaide","Free Flow","","Sauna....",15,17,2,50
"10/23/2024","2:30 PM","75 min.","Adelaide","Free Flow","","Sauna..",7,17,10,60
"10/23/2024","3:00 PM","75 min.","Adelaide","Free Flow","","Sauna",10,17,7,67
"10/23/2024","3:30 PM","75 min.","Adelaide","Free Flow","","Sauna.",12,17,5,72
"10/23/2024","4:00 PM","75 min.","Adelaide","Free Flow","","Sauna..",15,17,2,74
"10/23/2024","4:30 PM","75 min.","Adelaide","Free Flow","","Sauna...",11,17,6,80
"10/23/2024","5:00 PM","75 min.","Adelaide","Free Flow","","Sauna....",9,17,8,88
"10/23/2024","5:30 PM","75 min.","Adelaide","Free Flow","","Sauna",0,17,17,105
"10/23/2024","7:15 PM","75 min.","Adelaide","Guided Up: Feel Good Now","","Sauna",,,,105
"10/23/2024","9:00 PM","75 min.","Adelaide","Free Flow","","Sauna",,,,105
"10/23/2024","9:30 PM","75 min.","Adelaide","Free Flow","","Sauna..",5,25,20,125
"10/24/2024","7:00 AM","75 min.","Adelaide","Guided All Around: Heart Opener","","Sauna",28,36,8,8
"10/24/2024","8:30 AM","75 min.","Adelaide","Free Flow","","Sauna...",9,17,8,16
"10/24/2024","9:00 AM","75 min.","Adelaide","Free Flow","","Sauna....",15,17,2,18
"10/24/2024","9:30 AM","75 min.","Adelaide","Free Flow","","Sauna",13,17,4,22
"10/24/2024","10:00 AM","75 min.","Adelaide","Free Flow","","Sauna.",12,17,5,27
"10/24/2024","12:00 PM","75 min.","Adelaide","Guided Up: Self-Care Sweat","","Sauna",24,34,10,37
"10/24/2024","2:00 PM","75 min.","Adelaide","Free Flow","","Sauna...",8,17,9,46
"10/24/2024","2:30 PM","75 min.","Adelaide","Free Flow","","Sauna....",13,17,4,50
"10/24/2024","3:00 PM","75 min.","Adelaide","Free Flow","","Sauna",8,17,9,59
"10/24/2024","3:30 PM","75 min.","Adelaide","Free Flow","","Sauna.",7,17,10,69
"10/24/2024","4:00 PM","75 min.","Adelaide","Free Flow","","Sauna..",13,17,4,73
"10/24/2024","4:30 PM","75 min.","Adelaide","Free Flow","","Sauna...",11,17,6,79
"10/24/2024","5:00 PM","75 min.","Adelaide","Free Flow","","Sauna....",2,17,15,94
"10/24/2024","5:30 PM","75 min.","Adelaide","Free Flow","","Sauna",2,17,15,109
"10/24/2024","7:15 PM","90 min.","Adelaide","Guided All Around: Space for Women","","Sauna",9,36,27,136
"10/24/2024","9:00 PM","120 min.","Adelaide","Social","","Sauna",,,,136
"10/24/2024","9:30 PM","120 min.","Adelaide","Social","","Sauna..",3,25,22,158
"10/25/2024","7:00 AM","75 min.","Adelaide","Guided All Around: Reset","","Sauna",24,36,12,12
"10/25/2024","8:30 AM","75 min.","Adelaide","Free Flow","","Sauna",9,17,8,20
"10/25/2024","9:00 AM","75 min.","Adelaide","Free Flow","","Sauna.",13,17,4,24
"10/25/2024","9:30 AM","75 min.","Adelaide","Free Flow","","Sauna..",14,17,3,27
"10/25/2024","10:00 AM","75 min.","Adelaide","Free Flow","","Sauna...",11,17,6,33
"10/25/2024","10:15 AM","75 min.","Adelaide","Free Flow","","Sauna....",7,15,8,41
"10/25/2024","12:00 PM","75 min.","Adelaide","Guided Down: Deep Stretch","","Sauna",6,32,26,67
"10/25/2024","2:00 PM","75 min.","Adelaide","Free Flow","","Sauna....",0,17,17,84
"10/25/2024","2:30 PM","75 min.","Adelaide","Free Flow","","Sauna...",1,17,16,100
"10/25/2024","3:00 PM","75 min.","Adelaide","Free Flow","","Sauna",3,15,12,112
"10/25/2024","3:30 PM","75 min.","Adelaide","Free Flow","","Sauna.",5,17,12,124
"10/25/2024","4:00 PM","75 min.","Adelaide","Free Flow","","Sauna..",,,,124
"10/25/2024","4:30 PM","75 min.","Adelaide","Free Flow","","Sauna",,,,124
"10/25/2024","5:00 PM","75 min.","Adelaide","Free Flow","","Sauna.",2,17,15,139
"10/25/2024","5:30 PM","75 min.","Adelaide","Free Flow","","Sauna..",1,17,16,155
"10/25/2024","7:15 PM","75 min.","Adelaide","Guided Up: Awakening","","Sauna",4,36,32,187
"10/25/2024","9:00 PM","120 min.","Adelaide","Social","","Sauna",1,26,25,212
"10/25/2024","9:30 PM","120 min.","Adelaide","Social","","Sauna.",6,25,19,231
"10/26/2024","8:00 AM","75 min.","Adelaide","Guided All Around: Hardwiring Happiness","","Sauna",25,36,11,11
"10/26/2024","9:45 AM","75 min.","Adelaide","Guided All Around: Acceptance","","Sauna",16,36,20,31
"10/26/2024","11:30 AM","75 min.","Adelaide","Guided Down: Pure Presence","","Sauna",5,36,31,62
"10/26/2024","1:15 PM","75 min.","Adelaide","Guided All Around: Journey Through the Elements","","Sauna",21,36,15,77
"10/26/2024","3:00 PM","75 min.","Adelaide","Lively Free Flow","","Sauna",0,28,28,105
"10/26/2024","3:30 PM","75 min.","Adelaide","Lively Free Flow","","Sauna...",0,10,10,115
"10/26/2024","4:00 PM","75 min.","Adelaide","Lively Free Flow","","Sauna.",0,10,10,125
"10/26/2024","4:30 PM","75 min.","Adelaide","Lively Free Flow","","Sauna....",10,28,18,143
"10/26/2024","5:00 PM","75 min.","Adelaide","Lively Free Flow","","Sauna",1,10,9,152
"10/26/2024","5:30 PM","75 min.","Adelaide","Lively Free Flow","","Sauna.",2,10,8,160
"10/26/2024","6:00 PM","75 min.","Adelaide","Lively Free Flow","","Sauna....",12,28,16,176
"10/26/2024","7:45 PM","75 min.","Adelaide","Guided All Around: Loving Kindness","","Sauna",20,36,16,192
"10/26/2024","9:30 PM","120 min.","Adelaide","Social","","Sauna",13,25,12,204
"10/26/2024","9:45 PM","120 min.","Adelaide","Social","","Sauna..",26,26,0,204
"10/27/2024","7:00 AM","75 min.","Adelaide","Quieter Free Flow","","Sauna",20,30,10,10
"10/27/2024","8:30 AM","75 min.","Adelaide","Free Flow","","Sauna",12,30,18,28
"10/27/2024","10:15 AM","75 min.","Adelaide","Guided Down: Pure Presence","","Sauna",9,36,27,55
"10/27/2024","12:00 PM","75 min.","Adelaide","Guided All Around: Acceptance","","Sauna",10,36,26,81
"10/27/2024","1:45 PM","75 min.","Adelaide","Guided All Around: Journey Through the Elements","","Sauna",14,36,22,103
"10/27/2024","3:30 PM","75 min.","Adelaide","Lively Free Flow","","Sauna....",0,28,28,131
"10/27/2024","4:00 PM","75 min.","Adelaide","Lively Free Flow","","Sauna.",1,10,9,140
"10/27/2024","4:30 PM","75 min.","Adelaide","Lively Free Flow","","Sauna",0,10,10,150
"10/27/2024","5:00 PM","75 min.","Adelaide","Lively Free Flow","","Sauna....",4,28,24,174
"10/27/2024","5:30 PM","75 min.","Adelaide","Lively Free Flow","","Sauna.",0,10,10,184
"10/27/2024","7:15 PM","75 min.","Adelaide","Guided Down: Untangle","","Sauna",5,34,29,213
"10/27/2024","9:00 PM","75 min.","Adelaide","Free Flow","","Sauna",1,26,25,238
"10/27/2024","9:30 PM","75 min.","Adelaide","Free Flow","","Sauna.",7,25,18,256