Date,Time,Duration,Location,Session Name,Instructor,Room,Spots Available,Total Spots,Booked,Cumulative Bookings
"10/13/2025","7:00 AM","75 min.","Yorkville","Free Flow","","Sauna..",22,33,11,11
"10/13/2025","7:30 AM","75 min.","Yorkville","Free Flow","","Sauna...",29,33,4,15
"10/13/2025","8:00 AM","75 min.","Yorkville","Free Flow","","Sauna....",30,33,3,18
"10/13/2025","8:30 AM","75 min.","Yorkville","Free Flow","","Sauna..",30,33,3,21
"10/13/2025","9:00 AM","75 min.","Yorkville","Free Flow","","Sauna...",21,33,12,33
"10/13/2025","9:30 AM","75 min.","Yorkville","Free Flow","","Sauna....",17,33,16,49
"10/13/2025","10:00 AM","75 min.","Yorkville","Free Flow","","Sauna..",20,33,13,62
"10/13/2025","10:15 AM","75 min.","Yorkville","Free Flow","","Sauna...",15,33,18,80
"10/13/2025","12:00 PM","60 min.","Yorkville","Guided All Around: Sound Immersion - 60 min","","Sauna*",14,60,46,126
"10/13/2025","1:15 PM","75 min.","Yorkville","Lively Free Flow","","Sauna.....",5,33,28,154
"10/13/2025","1:45 PM","75 min.","Yorkville","Lively Free Flow","","Sauna..",15,33,18,172
"10/13/2025","2:15 PM","75 min.","Yorkville","Lively Free Flow","","Sauna...",17,33,16,188
"10/13/2025","2:45 PM","75 min.","Yorkville","Lively Free Flow","","Sauna....",20,33,13,201
"10/13/2025","3:15 PM","75 min.","Yorkville","Lively Free Flow","","Sauna..",19,33,14,215
"10/13/2025","3:45 PM","75 min.","Yorkville","Lively Free Flow","","Sauna.",28,33,5,220
"10/13/2025","4:15 PM","75 min.","Yorkville","Lively Free Flow","","Sauna...",15,33,18,238
"10/13/2025","4:45 PM","75 min.","Yorkville","Lively Free Flow","","Sauna....",14,33,19,257
"10/13/2025","5:15 PM","75 min.","Yorkville","Lively Free Flow","","Sauna.",6,33,27,284
"10/13/2025","6:30 PM","75 min.","Yorkville","Guided All Around: Journey Through the Elements","","Sauna*",39,52,13,297
"10/13/2025","7:45 PM","75 min.","Yorkville","Guided All Around: Rose, Thorn, Bud","","Sauna*",33,52,19,316
"10/13/2025","9:00 PM","75 min.","Yorkville","Guided Down: Pure Presence","","Sauna*",39,52,13,329
"10/14/2025","7:00 AM","75 min.","Yorkville","Quieter Free Flow","","Sauna*",28,30,2,2
"10/14/2025","7:30 AM","75 min.","Yorkville","Quieter Free Flow","","Sauna.....",25,25,0,2
"10/14/2025","8:00 AM","75 min.","Yorkville","Quieter Free Flow","","Sauna....",18,20,2,4
"10/14/2025","8:30 AM","75 min.","Yorkville","Quieter Free Flow","","Sauna..",27,33,6,10
"10/14/2025","9:00 AM","75 min.","Yorkville","Quieter Free Flow","","Sauna...",31,33,2,12
"10/14/2025","9:30 AM","75 min.","Yorkville","Quieter Free Flow","","Sauna....",29,33,4,16
"10/14/2025","10:00 AM","75 min.","Yorkville","Quieter Free Flow","","Sauna..",24,33,9,25
"10/14/2025","10:15 AM","75 min.","Yorkville","Quieter Free Flow","","Sauna...",28,33,5,30
"10/14/2025","12:00 PM","60 min.","Yorkville","Guided Down: Rose, Thorn, Bud - 60 min","","Sauna*",37,52,15,45
"10/14/2025","1:15 PM","75 min.","Yorkville","Guided All Around: Release","","Sauna*",44,52,8,53
"10/14/2025","2:30 PM","75 min.","Yorkville","Free Flow","","Sauna....",26,33,7,60
"10/14/2025","3:00 PM","75 min.","Yorkville","Free Flow","","Sauna.....",32,33,1,61
"10/14/2025","3:30 PM","75 min.","Yorkville","Free Flow","","Sauna.",29,33,4,65
"10/14/2025","4:00 PM","75 min.","Yorkville","Free Flow","","Sauna..",33,33,0,65
"10/14/2025","4:30 PM","75 min.","Yorkville","Free Flow","","Sauna...",33,33,0,65
"10/14/2025","5:00 PM","75 min.","Yorkville","Free Flow","","Sauna....",31,33,2,67
"10/14/2025","5:30 PM","75 min.","Yorkville","Lively Free Flow","","Sauna.....",25,33,8,75
"10/14/2025","6:45 PM","75 min.","Yorkville","Guided Up: Feel Good Now","","Sauna*",38,60,22,97
"10/14/2025","8:00 PM","75 min.","Yorkville","Quieter Free Flow","","Sauna....",3,25,22,119
"10/14/2025","8:15 PM","75 min.","Yorkville","Quieter Free Flow","","Sauna.....",6,20,14,133
"10/14/2025","8:30 PM","75 min.","Yorkville","Quieter Free Flow","","Sauna.",20,25,5,138
"10/14/2025","8:45 PM","75 min.","Yorkville","Quieter Free Flow","","Sauna..",12,20,8,146
"10/14/2025","9:00 PM","75 min.","Yorkville","Quieter Free Flow","","Sauna...",11,15,4,150
"10/14/2025","9:30 PM","75 min.","Yorkville","Quieter Free Flow","","Sauna....",25,25,0,150
"10/14/2025","9:45 PM","75 min.","Yorkville","Quieter Free Flow","","Sauna.....",19,20,1,151
"10/15/2025","7:00 AM","60 min.","Yorkville","Guided Up: Awakening - 60 min","","Sauna*",60,60,0,0
"10/15/2025","8:30 AM","75 min.","Yorkville","Free Flow","","Sauna..",32,33,1,1
"10/15/2025","9:00 AM","75 min.","Yorkville","Free Flow","","Sauna...",32,33,1,2
"10/15/2025","9:30 AM","75 min.","Yorkville","Free Flow","","Sauna....",33,33,0,2
"10/15/2025","10:00 AM","75 min.","Yorkville","Free Flow","","Sauna..",31,33,2,4
"10/15/2025","10:15 AM","75 min.","Yorkville","Free Flow","","Sauna...",33,33,0,4
"10/15/2025","12:00 PM","60 min.","Yorkville","Guided Down: Pure Presence - 60 min","","Sauna..",52,60,8,12
"10/15/2025","1:45 PM","75 min.","Yorkville","Free Flow","","Sauna.....",32,33,1,13
"10/15/2025","2:15 PM","75 min.","Yorkville","Free Flow","","Sauna..",33,33,0,13
"10/15/2025","2:45 PM","75 min.","Yorkville","Free Flow","","Sauna...",33,33,0,13
"10/15/2025","3:15 PM","75 min.","Yorkville","Free Flow","","Sauna....",33,33,0,13
"10/15/2025","3:45 PM","75 min.","Yorkville","Free Flow","","Sauna..",33,33,0,13
"10/15/2025","4:15 PM","75 min.","Yorkville","Free Flow","","Sauna.....",29,33,4,17
"10/15/2025","5:30 PM","75 min.","Yorkville","Guided Up: Self-Care Sweat","","Sauna*",42,52,10,27
"10/15/2025","6:45 PM","75 min.","Yorkville","Guided All Around: A-Z Emotions","","Sauna*",40,52,12,39
"10/15/2025","8:00 PM","75 min.","Yorkville","Free Flow","","Sauna....",15,25,10,49
"10/15/2025","8:15 PM","75 min.","Yorkville","Free Flow","","Sauna.....",15,20,5,54
"10/15/2025","8:30 PM","75 min.","Yorkville","Free Flow","","Sauna.",15,25,10,64
"10/15/2025","8:45 PM","75 min.","Yorkville","Free Flow","","Sauna..",19,20,1,65
"10/15/2025","9:00 PM","75 min.","Yorkville","Free Flow","","Sauna...",13,15,2,67
"10/15/2025","9:30 PM","75 min.","Yorkville","Free Flow","","Sauna....",24,25,1,68
"10/15/2025","9:45 PM","75 min.","Yorkville","Free Flow","","Sauna.....",19,20,1,69
"10/16/2025","7:00 AM","60 min.","Yorkville","Guided Down: Sound Immersion - 60 min","","Sauna*",42,52,10,10
"10/16/2025","8:30 AM","75 min.","Yorkville","Free Flow","","Sauna.",32,33,1,11
"10/16/2025","9:00 AM","75 min.","Yorkville","Free Flow","","Sauna",33,33,0,11
"10/16/2025","9:30 AM","75 min.","Yorkville","Free Flow","","Sauna....",33,33,0,11
"10/16/2025","10:00 AM","75 min.","Yorkville","Free Flow","","Sauna..",31,33,2,13
"10/16/2025","10:15 AM","75 min.","Yorkville","Free Flow","","Sauna...",33,33,0,13
"10/16/2025","12:00 PM","60 min.","Yorkville","Guided Up: Feel Good Now - 60 min","","Sauna*",59,60,1,14
"10/16/2025","3:30 PM","75 min.","Yorkville","Free Flow","","Sauna....",29,33,4,18
"10/16/2025","3:45 PM","75 min.","Yorkville","Free Flow","","Sauna..",30,33,3,21
"10/16/2025","4:15 PM","75 min.","Yorkville","Free Flow","","Sauna.....",30,33,3,24
"10/16/2025","5:30 PM","75 min.","Yorkville","Guided Up: Arctic Tundra","","Sauna*",46,52,6,30
"10/16/2025","6:45 PM","75 min.","Yorkville","Guided All Around: Heart Opener","","Sauna*",47,52,5,35
"10/16/2025","8:00 PM","75 min.","Yorkville","Lively Free Flow","","Sauna....",17,25,8,43
"10/16/2025","8:15 PM","75 min.","Yorkville","Lively Free Flow","","Sauna.....",17,20,3,46
"10/16/2025","8:30 PM","75 min.","Yorkville","Lively Free Flow","","Sauna.",17,25,8,54
"10/16/2025","8:45 PM","75 min.","Yorkville","Lively Free Flow","","Sauna..",18,20,2,56
"10/16/2025","9:00 PM","75 min.","Yorkville","Lively Free Flow","","Sauna...",12,15,3,59
"10/16/2025","9:30 PM","75 min.","Yorkville","Lively Free Flow","","Sauna....",25,25,0,59
"10/16/2025","9:45 PM","75 min.","Yorkville","Lively Free Flow","","Sauna.....",20,20,0,59
"10/17/2025","7:00 AM","75 min.","Yorkville","Guided Down: Unwind","","Sauna*",50,52,2,2
"10/17/2025","8:15 AM","75 min.","Yorkville","Guided Down: Sound Immersion","","Sauna*",50,52,2,4
"10/17/2025","9:30 AM","75 min.","Yorkville","Guided Down: Self-Care Sweat","","Sauna*",45,52,7,11
"10/17/2025","10:45 AM","75 min.","Yorkville","Guided Up: Arctic Tundra","","Sauna*",48,52,4,15
"10/17/2025","12:00 PM","75 min.","Yorkville","Free Flow","","Sauna..",33,33,0,15
"10/17/2025","12:30 PM","75 min.","Yorkville","Free Flow","","Sauna...",32,33,1,16
"10/17/2025","1:00 PM","75 min.","Yorkville","Free Flow","","Sauna....",33,33,0,16
"10/17/2025","1:30 PM","75 min.","Yorkville","Free Flow","","Sauna.....",16,33,17,33
"10/17/2025","2:00 PM","75 min.","Yorkville","Free Flow","","Sauna..",31,33,2,35
"10/17/2025","2:30 PM","75 min.","Yorkville","Free Flow","","Sauna...",33,33,0,35
"10/17/2025","3:00 PM","75 min.","Yorkville","Free Flow","","Sauna....",33,33,0,35
"10/17/2025","3:30 PM","75 min.","Yorkville","Free Flow","","Sauna..",33,33,0,35
"10/17/2025","4:00 PM","75 min.","Yorkville","Free Flow","","Sauna...",29,30,1,36
"10/17/2025","4:30 PM","75 min.","Yorkville","Free Flow","","Sauna....",33,33,0,36
"10/17/2025","5:00 PM","75 min.","Yorkville","Free Flow","","Sauna.....",23,25,2,38
"10/17/2025","5:15 PM","75 min.","Yorkville","Lively Free Flow","","Sauna..",23,25,2,40
"10/17/2025","6:30 PM","75 min.","Yorkville","Guided All Around: Loving Kindness","","Sauna*",43,52,9,49
"10/17/2025","7:45 PM","75 min.","Yorkville","Guided Up: Awakening","","Sauna*",50,52,2,51
"10/17/2025","9:00 PM","120 min.","Yorkville","Social","","Sauna..",28,35,7,58
"10/17/2025","9:15 PM","120 min.","Yorkville","Social","","Sauna.",17,20,3,61
"10/17/2025","9:30 PM","120 min.","Yorkville","Social","","Sauna...",49,50,1,62
"10/18/2025","8:00 AM","75 min.","Yorkville","Guided Down: Deep Stretch","","Sauna*",47,52,5,5
"10/18/2025","9:15 AM","75 min.","Yorkville","Guided Up: Awakening","Kyla Crocker","Sauna*",46,52,6,11
"10/18/2025","10:30 AM","75 min.","Yorkville","Guided Down: Self-Care Sweat","","Sauna*",43,52,9,20
"10/18/2025","11:45 AM","75 min.","Yorkville","Guided Down: Sound Immersion","","Sauna*",31,52,21,41
"10/18/2025","1:00 PM","75 min.","Yorkville","Lively Free Flow","","Sauna.....",25,30,5,46
"10/18/2025","1:30 PM","75 min.","Yorkville","Lively Free Flow","","Sauna..",26,30,4,50
"10/18/2025","2:00 PM","75 min.","Yorkville","Lively Free Flow","","Sauna...",35,35,0,50
"10/18/2025","2:30 PM","75 min.","Yorkville","Lively Free Flow","","Sauna....",30,30,0,50
"10/18/2025","3:00 PM","75 min.","Yorkville","Lively Free Flow","","Sauna..",24,30,6,56
"10/18/2025","3:30 PM","75 min.","Yorkville","Lively Free Flow","","Sauna...",33,35,2,58
"10/18/2025","4:00 PM","75 min.","Yorkville","Lively Free Flow","","Sauna....",34,35,1,59
"10/18/2025","4:30 PM","75 min.","Yorkville","Lively Free Flow","","Sauna..",30,30,0,59
"10/18/2025","5:00 PM","75 min.","Yorkville","Lively Free Flow","","Sauna...",35,35,0,59
"10/18/2025","5:30 PM","75 min.","Yorkville","Lively Free Flow","","Sauna....",30,30,0,59
"10/18/2025","6:00 PM","75 min.","Yorkville","Lively Free Flow","","Sauna..",30,30,0,59
"10/18/2025","6:15 PM","75 min.","Yorkville","Lively Free Flow","","Sauna.....",26,30,4,63
"10/18/2025","7:30 PM","75 min.","Yorkville","Guided All Around: Journey Through the Elements","","Sauna*",56,60,4,67
"10/18/2025","9:15 PM","120 min.","Yorkville","Lovership: A Singles Social - Women's Arrival","","Sauna",16,52,36,103
"10/18/2025","9:30 PM","120 min.","Yorkville","Lovership: A Singles Social - Men's Arrival","","Sauna...",25,53,28,131
"10/19/2025","7:00 AM","75 min.","Yorkville","Quieter Free Flow","","Sauna..",53,53,0,0
"10/19/2025","8:30 AM","75 min.","Yorkville","Free Flow","","Sauna..",51,53,2,2
"10/19/2025","10:15 AM","75 min.","Yorkville","Guided Up: Awakening","","Sauna*",49,52,3,5
"10/19/2025","11:30 AM","75 min.","Yorkville","Guided All Around: Reset","","Sauna*",43,52,9,14
"10/19/2025","12:45 PM","75 min.","Yorkville","Lively Free Flow","","Sauna...",23,25,2,16
"10/19/2025","1:00 PM","75 min.","Yorkville","Lively Free Flow","","Sauna....",23,25,2,18
"10/19/2025","1:30 PM","75 min.","Yorkville","Lively Free Flow","","Sauna.....",31,35,4,22
"10/19/2025","2:00 PM","75 min.","Yorkville","Lively Free Flow","","Sauna..",26,30,4,26
"10/19/2025","2:30 PM","75 min.","Yorkville","Lively Free Flow","","Sauna...",40,40,0,26
"10/19/2025","3:00 PM","75 min.","Yorkville","Lively Free Flow","","Sauna....",35,35,0,26
"10/19/2025","3:30 PM","75 min.","Yorkville","Lively Free Flow","","Sauna..",35,35,0,26
"10/19/2025","4:00 PM","75 min.","Yorkville","Lively Free Flow","","Sauna...",25,25,0,26
"10/19/2025","5:15 PM","75 min.","Yorkville","Guided All Around: Journey Through the Elements","","Sauna*",46,52,6,32
"10/19/2025","6:30 PM","75 min.","Yorkville","Guided All Around: Loving Kindness","","Sauna*",51,52,1,33
"10/19/2025","7:45 PM","75 min.","Yorkville","Free Flow","","Sauna...",17,20,3,36
"10/19/2025","8:00 PM","75 min.","Yorkville","Free Flow","","Sauna.",24,25,1,37
"10/19/2025","8:15 PM","75 min.","Yorkville","Free Flow","","Sauna....",25,25,0,37
"10/19/2025","8:30 PM","75 min.","Yorkville","Free Flow","","Sauna",20,20,0,37
"10/19/2025","8:45 PM","75 min.","Yorkville","Free Flow","","Sauna.....",13,15,2,39
"10/19/2025","9:15 PM","75 min.","Yorkville","Free Flow","","Sauna..",25,25,0,39
"10/19/2025","9:30 PM","75 min.","Yorkville","Free Flow","","Sauna...",20,20,0,39
"10/06/2025","7:00 AM","75 min.","Yorkville","Quieter Free Flow","","Sauna..",25,33,8,8
"10/06/2025","7:30 AM","75 min.","Yorkville","Quieter Free Flow","","Sauna...",29,33,4,12
"10/06/2025","8:00 AM","75 min.","Yorkville","Quieter Free Flow","","Sauna....",30,33,3,15
"10/06/2025","8:30 AM","75 min.","Yorkville","Quieter Free Flow","","Sauna..",25,33,8,23
"10/06/2025","9:00 AM","75 min.","Yorkville","Quieter Free Flow","","Sauna...",23,33,10,33
"10/06/2025","9:30 AM","75 min.","Yorkville","Quieter Free Flow","","Sauna....",31,33,2,35
"10/06/2025","10:00 AM","75 min.","Yorkville","Quieter Free Flow","","Sauna..",30,33,3,38
"10/06/2025","10:15 AM","75 min.","Yorkville","Quieter Free Flow","","Sauna...",24,33,9,47
"10/06/2025","12:00 PM","60 min.","Yorkville","Guided All Around: Loving Kindness - 60 min","","Sauna*",37,60,23,70
"10/06/2025","1:15 PM","75 min.","Yorkville","Free Flow","","Sauna.....",10,33,23,93
"10/06/2025","1:45 PM","75 min.","Yorkville","Free Flow","","Sauna..",30,33,3,96
"10/06/2025","2:15 PM","75 min.","Yorkville","Free Flow","","Sauna...",29,33,4,100
"10/06/2025","2:45 PM","75 min.","Yorkville","Free Flow","","Sauna....",26,33,7,107
"10/06/2025","3:15 PM","75 min.","Yorkville","Free Flow","","Sauna..",33,33,0,107
"10/06/2025","3:45 PM","75 min.","Yorkville","Free Flow","","Sauna.",24,33,9,116
"10/06/2025","4:15 PM","75 min.","Yorkville","Free Flow","","Sauna...",24,33,9,125
"10/06/2025","4:45 PM","75 min.","Yorkville","Free Flow","","Sauna....",20,33,13,138
"10/06/2025","6:00 PM","75 min.","Yorkville","Guided Down: Sound Immersion","","Sauna*",25,52,27,165
"10/06/2025","7:15 PM","75 min.","Yorkville","Guided All Around: Reset","","Sauna*",25,52,27,192
"10/06/2025","9:00 PM","120 min.","Yorkville","Comedy Night","","Sauna.",4,75,71,263
"10/07/2025","7:00 AM","60 min.","Yorkville","Guided Up: Arctic Tundra - 60 min","","Sauna*",41,60,19,19
"10/07/2025","8:30 AM","75 min.","Yorkville","Quieter Free Flow","","Sauna..",30,33,3,22
"10/07/2025","9:00 AM","75 min.","Yorkville","Quieter Free Flow","","Sauna...",28,33,5,27
"10/07/2025","9:30 AM","75 min.","Yorkville","Quieter Free Flow","","Sauna....",26,33,7,34
"10/07/2025","10:00 AM","75 min.","Yorkville","Quieter Free Flow","","Sauna..",26,33,7,41
"10/07/2025","10:15 AM","75 min.","Yorkville","Quieter Free Flow","","Sauna...",28,33,5,46
"10/07/2025","12:00 PM","75 min.","Yorkville","Free Flow","","Sauna*",24,30,6,52
"10/07/2025","1:15 PM","75 min.","Yorkville","Guided Up: Awakening","","Sauna*",41,52,11,63
"10/07/2025","2:30 PM","75 min.","Yorkville","Free Flow","","Sauna....",20,33,13,76
"10/07/2025","3:00 PM","75 min.","Yorkville","Free Flow","","Sauna.....",26,33,7,83
"10/07/2025","3:30 PM","75 min.","Yorkville","Free Flow","","Sauna.",27,33,6,89
"10/07/2025","4:00 PM","75 min.","Yorkville","Free Flow","","Sauna..",20,33,13,102
"10/07/2025","4:30 PM","75 min.","Yorkville","Free Flow","","Sauna...",27,33,6,108
"10/07/2025","5:00 PM","75 min.","Yorkville","Free Flow","","Sauna....",12,33,21,129
"10/07/2025","5:30 PM","75 min.","Yorkville","Lively Free Flow","","Sauna.....",9,33,24,153
"10/07/2025","6:45 PM","75 min.","Yorkville","Guided All Around: Journey Through the Elements","","Sauna*",28,60,32,185
"10/07/2025","8:00 PM","75 min.","Yorkville","Quieter Free Flow","","Sauna....",2,25,23,208
"10/07/2025","8:15 PM","75 min.","Yorkville","Quieter Free Flow","","Sauna.....",14,20,6,214
"10/07/2025","8:30 PM","75 min.","Yorkville","Quieter Free Flow","","Sauna.",19,25,6,220
"10/07/2025","8:45 PM","75 min.","Yorkville","Quieter Free Flow","","Sauna..",14,20,6,226
"10/07/2025","9:00 PM","75 min.","Yorkville","Quieter Free Flow","","Sauna...",8,15,7,233
"10/07/2025","9:30 PM","75 min.","Yorkville","Quieter Free Flow","","Sauna....",12,25,13,246
"10/07/2025","9:45 PM","75 min.","Yorkville","Quieter Free Flow","","Sauna.....",14,20,6,252
"10/08/2025","7:00 AM","60 min.","Yorkville","Guided All Around: Reset - 60 min","","Sauna*",52,60,8,8
"10/08/2025","8:30 AM","75 min.","Yorkville","Free Flow","","Sauna..",28,33,5,13
"10/08/2025","9:00 AM","75 min.","Yorkville","Free Flow","","Sauna...",30,33,3,16
"10/08/2025","9:30 AM","75 min.","Yorkville","Free Flow","","Sauna....",32,33,1,17
"10/08/2025","10:00 AM","75 min.","Yorkville","Free Flow","","Sauna..",28,33,5,22
"10/08/2025","10:15 AM","75 min.","Yorkville","Free Flow","","Sauna...",30,33,3,25
"10/08/2025","12:00 PM","60 min.","Yorkville","Guided All Around: Heart Opener - 60 min","","Sauna..",43,60,17,42
"10/08/2025","1:45 PM","75 min.","Yorkville","Free Flow","","Sauna.....",19,33,14,56
"10/08/2025","2:15 PM","75 min.","Yorkville","Free Flow","","Sauna..",29,33,4,60
"10/08/2025","2:45 PM","75 min.","Yorkville","Free Flow","","Sauna...",32,33,1,61
"10/08/2025","3:15 PM","75 min.","Yorkville","Free Flow","","Sauna....",29,33,4,65
"10/08/2025","3:45 PM","75 min.","Yorkville","Free Flow","","Sauna..",27,33,6,71
"10/08/2025","4:15 PM","75 min.","Yorkville","Free Flow","","Sauna.....",16,33,17,88
"10/08/2025","5:30 PM","75 min.","Yorkville","Guided Up: Awakening","","Sauna*",44,52,8,96
"10/08/2025","6:45 PM","75 min.","Yorkville","Guided Down: Sound Immersion","","Sauna*",18,52,34,130
"10/08/2025","8:00 PM","75 min.","Yorkville","Free Flow","","Sauna....",7,25,18,148
"10/08/2025","8:15 PM","75 min.","Yorkville","Free Flow","","Sauna.....",10,20,10,158
"10/08/2025","8:30 PM","75 min.","Yorkville","Free Flow","","Sauna.",4,25,21,179
"10/08/2025","8:45 PM","75 min.","Yorkville","Free Flow","","Sauna..",19,20,1,180
"10/08/2025","9:00 PM","75 min.","Yorkville","Free Flow","","Sauna...",9,15,6,186
"10/08/2025","9:30 PM","75 min.","Yorkville","Free Flow","","Sauna....",21,25,4,190
"10/08/2025","9:45 PM","75 min.","Yorkville","Free Flow","","Sauna.....",7,20,13,203
"10/09/2025","7:00 AM","60 min.","Yorkville","Guided Down: Sound Immersion - 60 min","","Sauna..",55,60,5,5
"10/09/2025","8:30 AM","75 min.","Yorkville","Free Flow","","Sauna..",29,33,4,9
"10/09/2025","9:00 AM","75 min.","Yorkville","Free Flow","","Sauna...",30,33,3,12
"10/09/2025","9:30 AM","75 min.","Yorkville","Free Flow","","Sauna....",23,33,10,22
"10/09/2025","10:00 AM","75 min.","Yorkville","Free Flow","","Sauna..",32,33,1,23
"10/09/2025","10:15 AM","75 min.","Yorkville","Free Flow","","Sauna...",27,33,6,29
"10/09/2025","12:00 PM","60 min.","Yorkville","Guided Down: Senses - 60 min","","Sauna*",51,60,9,38
"10/09/2025","1:45 PM","75 min.","Yorkville","Free Flow","","Sauna.....",20,33,13,51
"10/09/2025","2:15 PM","75 min.","Yorkville","Free Flow","","Sauna..",26,33,7,58
"10/09/2025","2:45 PM","75 min.","Yorkville","Free Flow","","Sauna...",28,33,5,63
"10/09/2025","3:15 PM","75 min.","Yorkville","Free Flow","","Sauna....",30,33,3,66
"10/09/2025","3:45 PM","75 min.","Yorkville","Free Flow","","Sauna..",28,33,5,71
"10/09/2025","4:15 PM","75 min.","Yorkville","Free Flow","","Sauna.....",17,33,16,87
"10/09/2025","5:30 PM","75 min.","Yorkville","Guided Down: Unwind","","Sauna*",24,52,28,115
"10/09/2025","6:45 PM","75 min.","Yorkville","Guided All Around: Acceptance","","Sauna*",11,52,41,156
"10/09/2025","8:00 PM","75 min.","Yorkville","Lively Free Flow","","Sauna....",4,25,21,177
"10/09/2025","8:15 PM","75 min.","Yorkville","Lively Free Flow","","Sauna.....",1,20,19,196
"10/09/2025","8:30 PM","75 min.","Yorkville","Lively Free Flow","","Sauna.",12,25,13,209
"10/09/2025","8:45 PM","75 min.","Yorkville","Lively Free Flow","","Sauna..",15,20,5,214
"10/09/2025","9:00 PM","75 min.","Yorkville","Lively Free Flow","","Sauna...",0,15,15,229
"10/09/2025","9:30 PM","75 min.","Yorkville","Lively Free Flow","","Sauna....",12,25,13,242
"10/09/2025","9:45 PM","75 min.","Yorkville","Lively Free Flow","","Sauna.....",10,20,10,252
"10/10/2025","7:00 AM","75 min.","Yorkville","Guided Down: Unwind","","Sauna*",37,52,15,15
"10/10/2025","8:15 AM","75 min.","Yorkville","Guided Up: Feel Good Now","","Sauna*",40,52,12,27
"10/10/2025","9:30 AM","75 min.","Yorkville","Guided Down: Pure Presence","","Sauna*",35,52,17,44
"10/10/2025","10:45 AM","75 min.","Yorkville","Guided Up: Arctic Tundra","","Sauna*",37,52,15,59
"10/10/2025","12:00 PM","75 min.","Yorkville","Free Flow","","Sauna..",16,33,17,76
"10/10/2025","12:30 PM","75 min.","Yorkville","Free Flow","","Sauna...",21,33,12,88
"10/10/2025","1:00 PM","75 min.","Yorkville","Free Flow","","Sauna....",26,33,7,95
"10/10/2025","1:30 PM","75 min.","Yorkville","Free Flow","","Sauna.....",21,33,12,107
"10/10/2025","2:00 PM","75 min.","Yorkville","Free Flow","","Sauna..",23,33,10,117
"10/10/2025","2:30 PM","75 min.","Yorkville","Free Flow","","Sauna...",21,33,12,129
"10/10/2025","3:00 PM","75 min.","Yorkville","Free Flow","","Sauna....",22,33,11,140
"10/10/2025","3:30 PM","75 min.","Yorkville","Free Flow","","Sauna..",23,33,10,150
"10/10/2025","4:00 PM","75 min.","Yorkville","Free Flow","","Sauna...",12,30,18,168
"10/10/2025","4:30 PM","75 min.","Yorkville","Free Flow","","Sauna....",23,33,10,178
"10/10/2025","5:00 PM","75 min.","Yorkville","Free Flow","","Sauna.....",4,25,21,199
"10/10/2025","5:15 PM","75 min.","Yorkville","Lively Free Flow","","Sauna..",2,25,23,222
"10/10/2025","6:30 PM","75 min.","Yorkville","Guided All Around: Reset","","Sauna*",30,52,22,244
"10/10/2025","7:45 PM","75 min.","Yorkville","Guided All Around: Reflect","","Sauna*",27,52,25,269
"10/10/2025","9:00 PM","120 min.","Yorkville","Social","","Sauna..",0,35,35,304
"10/10/2025","9:15 PM","120 min.","Yorkville","Social","","Sauna.",3,20,17,321
"10/10/2025","9:30 PM","120 min.","Yorkville","Social","","Sauna...",24,50,26,347
"10/11/2025","8:00 AM","75 min.","Yorkville","Guided Down: Embodied","","Sauna*",44,52,8,8
"10/11/2025","9:15 AM","75 min.","Yorkville","Guided Up: Awakening","Kyla Crocker","Sauna*",50,52,2,10
"10/11/2025","10:30 AM","75 min.","Yorkville","Guided All Around: Reset","","Sauna*",25,52,27,37
"10/11/2025","11:45 AM","75 min.","Yorkville","Guided Up: Self-Care Sweat","","Sauna*",18,52,34,71
"10/11/2025","1:00 PM","75 min.","Yorkville","Lively Free Flow","","Sauna.....",26,30,4,75
"10/11/2025","1:30 PM","75 min.","Yorkville","Lively Free Flow","","Sauna..",11,30,19,94
"10/11/2025","2:00 PM","75 min.","Yorkville","Lively Free Flow","","Sauna...",19,35,16,110
"10/11/2025","2:30 PM","75 min.","Yorkville","Lively Free Flow","","Sauna....",23,30,7,117
"10/11/2025","3:00 PM","75 min.","Yorkville","Lively Free Flow","","Sauna..",20,30,10,127
"10/11/2025","3:30 PM","75 min.","Yorkville","Lively Free Flow","","Sauna...",28,35,7,134
"10/11/2025","4:00 PM","75 min.","Yorkville","Lively Free Flow","","Sauna....",24,35,11,145
"10/11/2025","4:30 PM","75 min.","Yorkville","Lively Free Flow","","Sauna..",16,30,14,159
"10/11/2025","5:00 PM","75 min.","Yorkville","Lively Free Flow","","Sauna...",26,35,9,168
"10/11/2025","5:30 PM","75 min.","Yorkville","Lively Free Flow","","Sauna....",17,30,13,181
"10/11/2025","6:00 PM","75 min.","Yorkville","Lively Free Flow","","Sauna..",13,30,17,198
"10/11/2025","6:30 PM","75 min.","Yorkville","Lively Free Flow","","Sauna.....",14,30,16,214
"10/11/2025","7:45 PM","75 min.","Yorkville","Guided Down: Pure Presence","","Sauna*",25,60,35,249
"10/11/2025","9:00 PM","120 min.","Yorkville","Social","","Sauna..",13,35,22,271
"10/11/2025","9:15 PM","120 min.","Yorkville","Social","","Sauna.",12,20,8,279
"10/11/2025","9:30 PM","120 min.","Yorkville","Social","","Sauna...",37,52,15,294
"10/12/2025","7:00 AM","75 min.","Yorkville","Quieter Free Flow","","Sauna..",31,53,22,22
"10/12/2025","8:30 AM","75 min.","Yorkville","Free Flow","","Sauna..",28,53,25,47
"10/12/2025","10:15 AM","75 min.","Yorkville","Guided All Around: Reset","","Sauna*",27,52,25,72
"10/12/2025","11:30 AM","75 min.","Yorkville","Guided All Around: Acceptance","","Sauna*",33,52,19,91
"10/12/2025","12:45 PM","75 min.","Yorkville","Lively Free Flow","","Sauna...",13,25,12,103
"10/12/2025","1:00 PM","75 min.","Yorkville","Lively Free Flow","","Sauna....",15,25,10,113
"10/12/2025","1:30 PM","75 min.","Yorkville","Lively Free Flow","","Sauna.....",30,35,5,118
"10/12/2025","2:00 PM","75 min.","Yorkville","Lively Free Flow","","Sauna..",27,30,3,121
"10/12/2025","2:30 PM","75 min.","Yorkville","Lively Free Flow","","Sauna...",32,40,8,129
"10/12/2025","3:00 PM","75 min.","Yorkville","Lively Free Flow","","Sauna....",23,35,12,141
"10/12/2025","3:30 PM","75 min.","Yorkville","Lively Free Flow","","Sauna..",22,35,13,154
"10/12/2025","4:00 PM","75 min.","Yorkville","Lively Free Flow","","Sauna...",15,25,10,164
"10/12/2025","5:15 PM","75 min.","Yorkville","Guided Up: Awakening","Kyla Crocker","Sauna*",33,52,19,183
"10/12/2025","6:30 PM","75 min.","Yorkville","Guided Down: Sound Immersion","","Sauna*",36,52,16,199
"10/12/2025","7:45 PM","75 min.","Yorkville","Free Flow","","Sauna...",8,20,12,211
"10/12/2025","8:00 PM","75 min.","Yorkville","Free Flow","","Sauna.",21,25,4,215
"10/12/2025","8:15 PM","75 min.","Yorkville","Free Flow","","Sauna....",23,25,2,217
"10/12/2025","8:30 PM","75 min.","Yorkville","Free Flow","","Sauna",13,20,7,224
"10/12/2025","8:45 PM","75 min.","Yorkville","Free Flow","","Sauna.....",11,15,4,228
"10/12/2025","9:15 PM","75 min.","Yorkville","Free Flow","","Sauna..",10,25,15,243
"10/12/2025","9:30 PM","75 min.","Yorkville","Free Flow","","Sauna...",20,20,0,243
"09/29/2025","7:00 AM","75 min.","Yorkville","Quieter Free Flow","","Sauna..",30,33,3,3
"09/29/2025","7:30 AM","75 min.","Yorkville","Quieter Free Flow","","Sauna...",29,33,4,7
"09/29/2025","8:00 AM","75 min.","Yorkville","Quieter Free Flow","","Sauna....",24,33,9,16
"09/29/2025","8:30 AM","75 min.","Yorkville","Quieter Free Flow","","Sauna..",25,33,8,24
"09/29/2025","9:00 AM","75 min.","Yorkville","Quieter Free Flow","","Sauna...",30,33,3,27
"09/29/2025","9:30 AM","75 min.","Yorkville","Quieter Free Flow","","Sauna....",31,33,2,29
"09/29/2025","10:00 AM","75 min.","Yorkville","Quieter Free Flow","","Sauna..",25,33,8,37
"09/29/2025","10:15 AM","75 min.","Yorkville","Quieter Free Flow","","Sauna...",21,33,12,49
"09/29/2025","12:00 PM","60 min.","Yorkville","Guided Down: Sound Immersion - 60 min","","Sauna*",49,60,11,60
"09/29/2025","1:15 PM","75 min.","Yorkville","Free Flow","","Sauna.....",28,33,5,65
"09/29/2025","1:45 PM","75 min.","Yorkville","Free Flow","","Sauna..",22,33,11,76
"09/29/2025","2:15 PM","75 min.","Yorkville","Free Flow","","Sauna...",27,33,6,82
"09/29/2025","2:45 PM","75 min.","Yorkville","Free Flow","","Sauna....",27,33,6,88
"09/29/2025","3:15 PM","75 min.","Yorkville","Free Flow","","Sauna..",22,33,11,99
"09/29/2025","3:45 PM","75 min.","Yorkville","Free Flow","","Sauna.",26,33,7,106
"09/29/2025","4:15 PM","75 min.","Yorkville","Free Flow","","Sauna...",24,33,9,115
"09/29/2025","4:45 PM","75 min.","Yorkville","Free Flow","","Sauna....",23,33,10,125
"09/29/2025","5:15 PM","75 min.","Yorkville","Lively Free Flow","","Sauna.",11,33,22,147
"09/29/2025","6:30 PM","75 min.","Yorkville","Guided All Around: Journey Through the Elements","","Sauna*",25,52,27,174
"09/29/2025","7:45 PM","75 min.","Yorkville","Guided All Around: Heart Opener","","Sauna*",13,52,39,213
"09/29/2025","9:00 PM","75 min.","Yorkville","Guided Down: Pure Presence","","Sauna*",44,52,8,221
"09/30/2025","7:00 AM","60 min.","Yorkville","Guided Up: Arctic Tundra - 60 min","","Sauna*",50,60,10,10
"09/30/2025","8:30 AM","75 min.","Yorkville","Quieter Free Flow","","Sauna..",19,33,14,24
"09/30/2025","9:00 AM","75 min.","Yorkville","Quieter Free Flow","","Sauna...",24,33,9,33
"09/30/2025","9:30 AM","75 min.","Yorkville","Quieter Free Flow","","Sauna....",18,33,15,48
"09/30/2025","10:00 AM","75 min.","Yorkville","Quieter Free Flow","","Sauna..",22,33,11,59
"09/30/2025","10:15 AM","75 min.","Yorkville","Quieter Free Flow","","Sauna...",7,33,26,85
"09/30/2025","12:00 PM","60 min.","Yorkville","Guided Up: Awakening - 60 min","","Sauna*",30,52,22,107
"09/30/2025","1:15 PM","75 min.","Yorkville","Guided Up: Awakening","","Sauna*",37,52,15,122
"09/30/2025","2:30 PM","75 min.","Yorkville","Free Flow","","Sauna....",4,33,29,151
"09/30/2025","3:00 PM","75 min.","Yorkville","Free Flow","","Sauna.....",22,33,11,162
"09/30/2025","3:30 PM","75 min.","Yorkville","Free Flow","","Sauna.",25,33,8,170
"09/30/2025","4:00 PM","75 min.","Yorkville","Free Flow","","Sauna..",27,33,6,176
"09/30/2025","4:30 PM","75 min.","Yorkville","Free Flow","","Sauna...",21,33,12,188
"09/30/2025","5:00 PM","75 min.","Yorkville","Free Flow","","Sauna....",23,33,10,198
"09/30/2025","5:30 PM","75 min.","Yorkville","Lively Free Flow","","Sauna.....",16,33,17,215
"09/30/2025","6:45 PM","75 min.","Yorkville","Guided Down: Deep Stretch","","Sauna*",20,60,40,255
"09/30/2025","8:00 PM","75 min.","Yorkville","Quieter Free Flow","","Sauna....",2,25,23,278
"09/30/2025","8:15 PM","75 min.","Yorkville","Quieter Free Flow","","Sauna.....",0,20,20,298
"09/30/2025","8:30 PM","75 min.","Yorkville","Quieter Free Flow","","Sauna.",10,25,15,313
"09/30/2025","8:45 PM","75 min.","Yorkville","Quieter Free Flow","","Sauna..",8,20,12,325
"09/30/2025","9:00 PM","75 min.","Yorkville","Quieter Free Flow","","Sauna...",0,15,15,340
"09/30/2025","9:30 PM","75 min.","Yorkville","Quieter Free Flow","","Sauna....",16,25,9,349
"09/30/2025","9:45 PM","75 min.","Yorkville","Quieter Free Flow","","Sauna.....",13,20,7,356
"10/01/2025","7:00 AM","60 min.","Yorkville","Guided Up: Awakening - 60 min","","Sauna*",54,60,6,6
"10/01/2025","8:30 AM","75 min.","Yorkville","Free Flow","","Sauna..",28,33,5,11
"10/01/2025","9:00 AM","75 min.","Yorkville","Free Flow","","Sauna...",29,33,4,15
"10/01/2025","9:30 AM","75 min.","Yorkville","Free Flow","","Sauna....",28,33,5,20
"10/01/2025","10:00 AM","75 min.","Yorkville","Free Flow","","Sauna..",33,33,0,20
"10/01/2025","10:15 AM","75 min.","Yorkville","Free Flow","","Sauna...",26,33,7,27
"10/01/2025","12:00 PM","75 min.","Yorkville","Free Flow","","Sauna.....",7,30,23,50
"10/01/2025","12:30 PM","75 min.","Yorkville","Free Flow","","Sauna...",20,20,0,50
"10/01/2025","1:00 PM","75 min.","Yorkville","Free Flow","","Sauna....",19,20,1,51
"10/01/2025","1:45 PM","75 min.","Yorkville","Free Flow","","Sauna.....",27,33,6,57
"10/01/2025","2:15 PM","75 min.","Yorkville","Free Flow","","Sauna..",33,33,0,57
"10/01/2025","2:45 PM","75 min.","Yorkville","Free Flow","","Sauna...",29,33,4,61
"10/01/2025","3:15 PM","75 min.","Yorkville","Free Flow","","Sauna....",28,33,5,66
"10/01/2025","3:45 PM","75 min.","Yorkville","Free Flow","","Sauna..",30,33,3,69
"10/01/2025","4:15 PM","75 min.","Yorkville","Free Flow","","Sauna.....",20,33,13,82
"10/01/2025","5:30 PM","75 min.","Yorkville","Guided Up: Self-Care Sweat","","Sauna*",26,52,26,108
"10/01/2025","6:45 PM","75 min.","Yorkville","Guided All Around: Reset","","Sauna*",29,52,23,131
"10/01/2025","8:00 PM","75 min.","Yorkville","Free Flow","","Sauna....",1,25,24,155
"10/01/2025","8:15 PM","75 min.","Yorkville","Free Flow","","Sauna.....",0,20,20,175
"10/01/2025","8:30 PM","75 min.","Yorkville","Free Flow","","Sauna.",1,25,24,199
"10/01/2025","8:45 PM","75 min.","Yorkville","Free Flow","","Sauna..",4,20,16,215
"10/01/2025","9:00 PM","75 min.","Yorkville","Free Flow","","Sauna...",2,15,13,228
"10/01/2025","9:30 PM","75 min.","Yorkville","Free Flow","","Sauna....",18,25,7,235
"10/01/2025","9:45 PM","75 min.","Yorkville","Free Flow","","Sauna.....",17,20,3,238
"10/02/2025","7:00 AM","60 min.","Yorkville","Guided Down: Sound Immersion - 60 min","","Sauna..",48,60,12,12
"10/02/2025","8:30 AM","75 min.","Yorkville","Free Flow","","Sauna..",25,33,8,20
"10/02/2025","9:00 AM","75 min.","Yorkville","Free Flow","","Sauna...",28,33,5,25
"10/02/2025","9:30 AM","75 min.","Yorkville","Free Flow","","Sauna....",30,33,3,28
"10/02/2025","10:00 AM","75 min.","Yorkville","Free Flow","","Sauna..",33,33,0,28
"10/02/2025","10:15 AM","75 min.","Yorkville","Free Flow","","Sauna...",23,33,10,38
"10/02/2025","12:00 PM","60 min.","Yorkville","Guided Up: Feel Good Now - 60 min","","Sauna*",50,60,10,48
"10/02/2025","1:45 PM","75 min.","Yorkville","Free Flow","","Sauna.....",17,33,16,64
"10/02/2025","2:15 PM","75 min.","Yorkville","Free Flow","","Sauna..",26,33,7,71
"10/02/2025","2:45 PM","75 min.","Yorkville","Free Flow","","Sauna...",27,33,6,77
"10/02/2025","3:15 PM","75 min.","Yorkville","Free Flow","","Sauna....",24,33,9,86
"10/02/2025","3:45 PM","75 min.","Yorkville","Free Flow","","Sauna..",26,33,7,93
"10/02/2025","4:15 PM","75 min.","Yorkville","Free Flow","","Sauna.....",16,33,17,110
"10/02/2025","5:30 PM","75 min.","Yorkville","Guided Up: Arctic Tundra","","Sauna*",40,52,12,122
"10/02/2025","6:45 PM","75 min.","Yorkville","Guided All Around: Heart Opener","","Sauna*",,,,122
"10/02/2025","8:00 PM","75 min.","Yorkville","Lively Free Flow","","Sauna....",1,25,24,146
"10/02/2025","8:15 PM","75 min.","Yorkville","Lively Free Flow","","Sauna.....",10,20,10,156
"10/02/2025","8:30 PM","75 min.","Yorkville","Lively Free Flow","","Sauna.",17,25,8,164
"10/02/2025","8:45 PM","75 min.","Yorkville","Lively Free Flow","","Sauna..",18,20,2,166
"10/02/2025","9:00 PM","75 min.","Yorkville","Lively Free Flow","","Sauna...",7,15,8,174
"10/02/2025","9:30 PM","75 min.","Yorkville","Lively Free Flow","","Sauna....",12,25,13,187
"10/02/2025","9:45 PM","75 min.","Yorkville","Lively Free Flow","","Sauna.....",15,20,5,192
"10/03/2025","7:00 AM","75 min.","Yorkville","Guided Down: Unwind","","Sauna*",45,52,7,7
"10/03/2025","8:15 AM","75 min.","Yorkville","Guided Down: Senses","","Sauna*",42,52,10,17
"10/03/2025","9:30 AM","75 min.","Yorkville","Guided Down: Self-Care Sweat","","Sauna*",43,52,9,26
"10/03/2025","10:45 AM","75 min.","Yorkville","Guided Up: Arctic Tundra","","Sauna*",41,52,11,37
"10/03/2025","12:00 PM","75 min.","Yorkville","Free Flow","","Sauna..",19,33,14,51
"10/03/2025","12:30 PM","75 min.","Yorkville","Free Flow","","Sauna...",28,33,5,56
"10/03/2025","1:00 PM","75 min.","Yorkville","Free Flow","","Sauna....",22,33,11,67
"10/03/2025","1:30 PM","75 min.","Yorkville","Free Flow","","Sauna.....",28,33,5,72
"10/03/2025","2:00 PM","75 min.","Yorkville","Free Flow","","Sauna..",26,33,7,79
"10/03/2025","2:30 PM","75 min.","Yorkville","Free Flow","","Sauna...",27,33,6,85
"10/03/2025","3:00 PM","75 min.","Yorkville","Free Flow","","Sauna....",24,33,9,94
"10/03/2025","3:30 PM","75 min.","Yorkville","Free Flow","","Sauna..",25,33,8,102
"10/03/2025","4:00 PM","75 min.","Yorkville","Free Flow","","Sauna...",27,30,3,105
"10/03/2025","4:30 PM","75 min.","Yorkville","Free Flow","","Sauna....",21,33,12,117
"10/03/2025","5:00 PM","75 min.","Yorkville","Free Flow","","Sauna.....",15,25,10,127
"10/03/2025","5:15 PM","75 min.","Yorkville","Lively Free Flow","","Sauna..",11,25,14,141
"10/03/2025","6:30 PM","75 min.","Yorkville","Guided Down: Sound Immersion","","Sauna*",1,52,51,192
"10/03/2025","7:45 PM","75 min.","Yorkville","Guided All Around: Journey Through the Elements","","Sauna*",13,52,39,231
"10/03/2025","9:00 PM","120 min.","Yorkville","Social","","Sauna..",3,35,32,263
"10/03/2025","9:15 PM","120 min.","Yorkville","Social","","Sauna.",0,20,20,283
"10/03/2025","9:30 PM","120 min.","Yorkville","Social","","Sauna...",25,50,25,308
"10/04/2025","8:00 AM","75 min.","Yorkville","Guided Down: Unwind","","Sauna*",34,52,18,18
"10/04/2025","9:15 AM","75 min.","Yorkville","Guided Up: Awakening","Kyla Crocker","Sauna*",39,52,13,31
"10/04/2025","10:30 AM","75 min.","Yorkville","Guided Down: Deep Stretch","","Sauna*",21,52,31,62
"10/04/2025","11:45 AM","75 min.","Yorkville","Guided Down: Sound Immersion","","Sauna*",7,52,45,107
"10/04/2025","1:00 PM","75 min.","Yorkville","Lively Free Flow","","Sauna.....",6,30,24,131
"10/04/2025","1:30 PM","75 min.","Yorkville","Lively Free Flow","","Sauna..",17,30,13,144
"10/04/2025","2:00 PM","75 min.","Yorkville","Lively Free Flow","","Sauna...",21,35,14,158
"10/04/2025","2:30 PM","75 min.","Yorkville","Lively Free Flow","","Sauna....",24,30,6,164
"10/04/2025","3:00 PM","75 min.","Yorkville","Lively Free Flow","","Sauna..",19,30,11,175
"10/04/2025","3:30 PM","75 min.","Yorkville","Lively Free Flow","","Sauna...",21,35,14,189
"10/04/2025","4:00 PM","75 min.","Yorkville","Lively Free Flow","","Sauna....",29,35,6,195
"10/04/2025","4:30 PM","75 min.","Yorkville","Lively Free Flow","","Sauna..",20,30,10,205
"10/04/2025","5:00 PM","75 min.","Yorkville","Lively Free Flow","","Sauna...",31,35,4,209
"10/04/2025","5:30 PM","75 min.","Yorkville","Lively Free Flow","","Sauna....",22,30,8,217
"10/04/2025","6:00 PM","75 min.","Yorkville","Lively Free Flow","","Sauna..",11,30,19,236
"10/04/2025","6:30 PM","75 min.","Yorkville","Lively Free Flow","","Sauna.....",2,30,28,264
"10/04/2025","7:45 PM","75 min.","Yorkville","Guided All Around: Reset","","Sauna*",32,60,28,292
"10/04/2025","9:00 PM","120 min.","Yorkville","Social","","Sauna..",4,35,31,323
"10/04/2025","9:15 PM","120 min.","Yorkville","Social","","Sauna.",17,20,3,326
"10/04/2025","9:30 PM","120 min.","Yorkville","Social","","Sauna...",39,52,13,339
"10/05/2025","7:00 AM","75 min.","Yorkville","Quieter Free Flow","","Sauna..",37,53,16,16
"10/05/2025","8:30 AM","75 min.","Yorkville","Free Flow","","Sauna..",30,53,23,39
"10/05/2025","10:15 AM","75 min.","Yorkville","Guided All Around: Rose, Thorn, Bud","","Sauna*",14,52,38,77
"10/05/2025","11:30 AM","75 min.","Yorkville","Guided All Around: Reset","","Sauna*",11,52,41,118
"10/05/2025","12:45 PM","75 min.","Yorkville","Lively Free Flow","","Sauna...",7,25,18,136
"10/05/2025","1:00 PM","75 min.","Yorkville","Lively Free Flow","","Sauna....",3,25,22,158
"10/05/2025","1:30 PM","75 min.","Yorkville","Lively Free Flow","","Sauna.....",25,35,10,168
"10/05/2025","2:00 PM","75 min.","Yorkville","Lively Free Flow","","Sauna..",21,30,9,177
"10/05/2025","2:30 PM","75 min.","Yorkville","Lively Free Flow","","Sauna...",39,40,1,178
"10/05/2025","3:00 PM","75 min.","Yorkville","Lively Free Flow","","Sauna....",20,35,15,193
"10/05/2025","3:30 PM","75 min.","Yorkville","Lively Free Flow","","Sauna..",32,35,3,196
"10/05/2025","4:00 PM","75 min.","Yorkville","Lively Free Flow","","Sauna...",15,25,10,206
"10/05/2025","5:15 PM","75 min.","Yorkville","Guided Up: Awakening","Kyla Crocker","Sauna*",34,52,18,224
"10/05/2025","6:30 PM","75 min.","Yorkville","Guided All Around: Loving Kindness","","Sauna*",20,52,32,256
"10/05/2025","7:45 PM","75 min.","Yorkville","Free Flow","","Sauna...",1,20,19,275
"10/05/2025","8:00 PM","75 min.","Yorkville","Free Flow","","Sauna.",6,25,19,294
"10/05/2025","8:15 PM","75 min.","Yorkville","Free Flow","","Sauna....",22,25,3,297
"10/05/2025","8:30 PM","75 min.","Yorkville","Free Flow","","Sauna",12,20,8,305
"10/05/2025","8:45 PM","75 min.","Yorkville","Free Flow","","Sauna.....",2,15,13,318
"10/05/2025","9:15 PM","75 min.","Yorkville","Free Flow","","Sauna..",22,25,3,321
"10/05/2025","9:30 PM","75 min.","Yorkville","Free Flow","","Sauna...",11,20,9,330
"09/22/2025","7:00 AM","75 min.","Yorkville","Quieter Free Flow","","Sauna..",26,33,7,7
"09/22/2025","7:30 AM","75 min.","Yorkville","Quieter Free Flow","","Sauna...",26,33,7,14
"09/22/2025","8:00 AM","75 min.","Yorkville","Quieter Free Flow","","Sauna....",31,33,2,16
"09/22/2025","8:30 AM","75 min.","Yorkville","Quieter Free Flow","","Sauna..",27,33,6,22
"09/22/2025","9:00 AM","75 min.","Yorkville","Quieter Free Flow","","Sauna...",31,33,2,24
"09/22/2025","9:30 AM","75 min.","Yorkville","Quieter Free Flow","","Sauna....",27,33,6,30
"09/22/2025","10:00 AM","75 min.","Yorkville","Quieter Free Flow","","Sauna..",30,33,3,33
"09/22/2025","10:15 AM","75 min.","Yorkville","Quieter Free Flow","","Sauna...",19,33,14,47
"09/22/2025","12:00 PM","60 min.","Yorkville","Guided Up: Self-Care Sweat - 60 min","","Sauna*",38,60,22,69
"09/22/2025","1:15 PM","75 min.","Yorkville","Free Flow","","Sauna.....",20,33,13,82
"09/22/2025","1:45 PM","75 min.","Yorkville","Free Flow","","Sauna..",30,33,3,85
"09/22/2025","2:15 PM","75 min.","Yorkville","Free Flow","","Sauna...",30,33,3,88
"09/22/2025","2:45 PM","75 min.","Yorkville","Free Flow","","Sauna....",25,33,8,96
"09/22/2025","3:15 PM","75 min.","Yorkville","Free Flow","","Sauna..",24,33,9,105
"09/22/2025","3:45 PM","75 min.","Yorkville","Free Flow","","Sauna.",27,33,6,111
"09/22/2025","4:15 PM","75 min.","Yorkville","Free Flow","","Sauna...",28,33,5,116
"09/22/2025","4:45 PM","75 min.","Yorkville","Free Flow","","Sauna....",23,33,10,126
"09/22/2025","5:15 PM","75 min.","Yorkville","Lively Free Flow","","Sauna.",0,33,33,159
"09/22/2025","6:30 PM","75 min.","Yorkville","Guided Down: Embodied","","Sauna*",23,52,29,188
"09/22/2025","7:45 PM","75 min.","Yorkville","Guided All Around: Heart Opener","","Sauna*",19,52,33,221
"09/22/2025","9:00 PM","75 min.","Yorkville","Guided All Around: Reset","","Sauna*",34,52,18,239
"09/23/2025","7:00 AM","60 min.","Yorkville","Guided Up: Arctic Tundra - 60 min","","Sauna*",55,60,5,5
"09/23/2025","8:30 AM","75 min.","Yorkville","Quieter Free Flow","","Sauna..",30,33,3,8
"09/23/2025","9:00 AM","75 min.","Yorkville","Quieter Free Flow","","Sauna...",32,33,1,9
"09/23/2025","9:30 AM","75 min.","Yorkville","Quieter Free Flow","","Sauna....",30,33,3,12
"09/23/2025","10:00 AM","75 min.","Yorkville","Quieter Free Flow","","Sauna..",30,33,3,15
"09/23/2025","10:15 AM","75 min.","Yorkville","Quieter Free Flow","","Sauna...",23,33,10,25
"09/23/2025","12:00 PM","60 min.","Yorkville","Guided Down: Unwind - 60 min","","Sauna*",39,52,13,38
"09/23/2025","1:15 PM","75 min.","Yorkville","Guided Up: Awakening","","Sauna*",45,52,7,45
"09/23/2025","2:30 PM","75 min.","Yorkville","Free Flow","","Sauna....",15,33,18,63
"09/23/2025","3:00 PM","75 min.","Yorkville","Free Flow","","Sauna.....",27,33,6,69
"09/23/2025","3:30 PM","75 min.","Yorkville","Free Flow","","Sauna.",26,33,7,76
"09/23/2025","4:00 PM","75 min.","Yorkville","Free Flow","","Sauna..",29,33,4,80
"09/23/2025","4:30 PM","75 min.","Yorkville","Free Flow","","Sauna...",24,33,9,89
"09/23/2025","5:00 PM","75 min.","Yorkville","Free Flow","","Sauna....",27,33,6,95
"09/23/2025","5:30 PM","75 min.","Yorkville","Lively Free Flow","","Sauna.....",15,33,18,113
"09/23/2025","6:45 PM","75 min.","Yorkville","Guided All Around: Journey Through the Elements","","Sauna*",5,60,55,168
"09/23/2025","8:00 PM","75 min.","Yorkville","Quieter Free Flow","","Sauna....",10,25,15,183
"09/23/2025","8:15 PM","75 min.","Yorkville","Quieter Free Flow","","Sauna.....",10,20,10,193
"09/23/2025","8:30 PM","75 min.","Yorkville","Quieter Free Flow","","Sauna.",13,25,12,205
"09/23/2025","8:45 PM","75 min.","Yorkville","Quieter Free Flow","","Sauna..",11,20,9,214
"09/23/2025","9:00 PM","75 min.","Yorkville","Quieter Free Flow","","Sauna...",2,15,13,227
"09/23/2025","9:30 PM","75 min.","Yorkville","Quieter Free Flow","","Sauna....",16,25,9,236
"09/23/2025","9:45 PM","75 min.","Yorkville","Quieter Free Flow","","Sauna.....",14,20,6,242
"09/24/2025","7:00 AM","60 min.","Yorkville","Guided All Around: Reset - 60 min","","Sauna*",53,60,7,7
"09/24/2025","8:30 AM","75 min.","Yorkville","Free Flow","","Sauna..",28,33,5,12
"09/24/2025","9:00 AM","75 min.","Yorkville","Free Flow","","Sauna...",26,33,7,19
"09/24/2025","9:30 AM","75 min.","Yorkville","Free Flow","","Sauna....",31,33,2,21
"09/24/2025","10:00 AM","75 min.","Yorkville","Free Flow","","Sauna..",23,33,10,31
"09/24/2025","10:15 AM","75 min.","Yorkville","Free Flow","","Sauna...",26,33,7,38
"09/24/2025","12:00 PM","60 min.","Yorkville","Guided Up: Awakening - 60 min","","Sauna..",30,60,30,68
"09/24/2025","3:00 PM","75 min.","Yorkville","Free Flow","","Sauna...",15,33,18,86
"09/24/2025","3:15 PM","75 min.","Yorkville","Free Flow","","Sauna....",24,33,9,95
"09/24/2025","3:45 PM","75 min.","Yorkville","Free Flow","","Sauna..",24,33,9,104
"09/24/2025","4:15 PM","75 min.","Yorkville","Free Flow","","Sauna.....",16,33,17,121
"09/24/2025","5:30 PM","75 min.","Yorkville","Guided Down: Sound Immersion","","Sauna*",30,52,22,143
"09/24/2025","6:45 PM","75 min.","Yorkville","Guided Up: Awakening","","Sauna*",25,52,27,170
"09/24/2025","8:00 PM","75 min.","Yorkville","Free Flow","","Sauna....",1,25,24,194
"09/24/2025","8:15 PM","75 min.","Yorkville","Free Flow","","Sauna.....",1,20,19,213
"09/24/2025","8:30 PM","75 min.","Yorkville","Free Flow","","Sauna.",5,25,20,233
"09/24/2025","8:45 PM","75 min.","Yorkville","Free Flow","","Sauna..",10,20,10,243
"09/24/2025","9:00 PM","75 min.","Yorkville","Free Flow","","Sauna...",0,15,15,258
"09/24/2025","9:30 PM","75 min.","Yorkville","Free Flow","","Sauna....",8,25,17,275
"09/24/2025","9:45 PM","75 min.","Yorkville","Free Flow","","Sauna.....",14,20,6,281
"09/25/2025","7:00 AM","60 min.","Yorkville","Guided Down: Sound Immersion - 60 min","","Sauna..",50,60,10,10
"09/25/2025","8:30 AM","75 min.","Yorkville","Free Flow","","Sauna..",30,33,3,13
"09/25/2025","9:00 AM","75 min.","Yorkville","Free Flow","","Sauna...",29,33,4,17
"09/25/2025","9:30 AM","75 min.","Yorkville","Free Flow","","Sauna....",33,33,0,17
"09/25/2025","10:00 AM","75 min.","Yorkville","Free Flow","","Sauna..",27,33,6,23
"09/25/2025","10:15 AM","75 min.","Yorkville","Free Flow","","Sauna...",26,33,7,30
"09/25/2025","12:00 PM","60 min.","Yorkville","Guided Down: Rose, Thorn, Bud - 60 min","","Sauna*",49,60,11,41
"09/25/2025","1:45 PM","75 min.","Yorkville","Free Flow","","Sauna.....",18,33,15,56
"09/25/2025","2:15 PM","75 min.","Yorkville","Free Flow","","Sauna..",27,33,6,62
"09/25/2025","2:45 PM","75 min.","Yorkville","Free Flow","","Sauna...",25,33,8,70
"09/25/2025","3:15 PM","75 min.","Yorkville","Free Flow","","Sauna....",24,33,9,79
"09/25/2025","3:45 PM","75 min.","Yorkville","Free Flow","","Sauna..",25,33,8,87
"09/25/2025","4:15 PM","75 min.","Yorkville","Free Flow","","Sauna.....",20,33,13,100
"09/25/2025","5:30 PM","75 min.","Yorkville","Guided All Around: Journey Through the Elements","","Sauna*",40,52,12,112
"09/25/2025","6:45 PM","75 min.","Yorkville","Guided All Around: Reset","","Sauna*",10,52,42,154
"09/25/2025","8:00 PM","75 min.","Yorkville","Lively Free Flow","","Sauna....",0,25,25,179
"09/25/2025","8:15 PM","75 min.","Yorkville","Lively Free Flow","","Sauna.....",8,20,12,191
"09/25/2025","8:30 PM","75 min.","Yorkville","Lively Free Flow","","Sauna.",9,25,16,207
"09/25/2025","8:45 PM","75 min.","Yorkville","Lively Free Flow","","Sauna..",7,20,13,220
"09/25/2025","9:00 PM","75 min.","Yorkville","Lively Free Flow","","Sauna...",3,15,12,232
"09/25/2025","9:30 PM","75 min.","Yorkville","Lively Free Flow","","Sauna....",19,25,6,238
"09/25/2025","9:45 PM","75 min.","Yorkville","Lively Free Flow","","Sauna.....",8,20,12,250
"09/26/2025","7:00 AM","75 min.","Yorkville","Guided Down: Unwind","","Sauna*",42,52,10,10
"09/26/2025","8:15 AM","75 min.","Yorkville","Guided Down: Sound Immersion","","Sauna*",47,52,5,15
"09/26/2025","9:30 AM","75 min.","Yorkville","Guided Down: Pure Presence","","Sauna*",23,52,29,44
"09/26/2025","10:45 AM","75 min.","Yorkville","Guided Up: Arctic Tundra","","Sauna*",42,52,10,54
"09/26/2025","12:00 PM","75 min.","Yorkville","Free Flow","","Sauna..",21,33,12,66
"09/26/2025","12:30 PM","75 min.","Yorkville","Free Flow","","Sauna...",31,33,2,68
"09/26/2025","1:00 PM","75 min.","Yorkville","Free Flow","","Sauna....",28,33,5,73
"09/26/2025","1:30 PM","75 min.","Yorkville","Free Flow","","Sauna.....",25,33,8,81
"09/26/2025","2:00 PM","75 min.","Yorkville","Free Flow","","Sauna..",28,33,5,86
"09/26/2025","2:30 PM","75 min.","Yorkville","Free Flow","","Sauna...",20,33,13,99
"09/26/2025","3:00 PM","75 min.","Yorkville","Free Flow","","Sauna....",26,33,7,106
"09/26/2025","3:30 PM","75 min.","Yorkville","Free Flow","","Sauna..",18,33,15,121
"09/26/2025","4:00 PM","75 min.","Yorkville","Free Flow","","Sauna...",19,30,11,132
"09/26/2025","4:30 PM","75 min.","Yorkville","Free Flow","","Sauna....",16,33,17,149
"09/26/2025","4:45 PM","75 min.","Yorkville","Free Flow","","Sauna.....",0,20,20,169
"09/26/2025","6:00 PM","75 min.","Yorkville","Guided All Around: Hero's Journey","","Sauna*",13,52,39,208
"09/26/2025","7:15 PM","75 min.","Yorkville","Guided All Around: Reflect","","Sauna*",13,52,39,247
"09/27/2025","8:00 AM","75 min.","Yorkville","Guided Down: Pure Presence","","Sauna*",34,52,18,18
"09/27/2025","9:15 AM","75 min.","Yorkville","Guided Up: Awakening","","Sauna*",35,52,17,35
"09/27/2025","10:30 AM","75 min.","Yorkville","Guided All Around: Reset","","Sauna*",26,52,26,61
"09/27/2025","11:45 AM","75 min.","Yorkville","Guided Up: Self-Care Sweat","","Sauna*",27,52,25,86
"09/27/2025","1:00 PM","75 min.","Yorkville","Lively Free Flow","","Sauna.....",7,30,23,109
"09/27/2025","1:30 PM","75 min.","Yorkville","Lively Free Flow","","Sauna..",21,30,9,118
"09/27/2025","2:00 PM","75 min.","Yorkville","Lively Free Flow","","Sauna...",22,35,13,131
"09/27/2025","2:30 PM","75 min.","Yorkville","Lively Free Flow","","Sauna....",15,30,15,146
"09/27/2025","3:00 PM","75 min.","Yorkville","Lively Free Flow","","Sauna..",21,30,9,155
"09/27/2025","3:30 PM","75 min.","Yorkville","Lively Free Flow","","Sauna...",25,35,10,165
"09/27/2025","4:00 PM","75 min.","Yorkville","Lively Free Flow","","Sauna....",24,35,11,176
"09/27/2025","4:30 PM","75 min.","Yorkville","Lively Free Flow","","Sauna..",17,30,13,189
"09/27/2025","5:00 PM","75 min.","Yorkville","Lively Free Flow","","Sauna...",28,35,7,196
"09/27/2025","5:30 PM","75 min.","Yorkville","Lively Free Flow","","Sauna....",24,30,6,202
"09/27/2025","6:00 PM","75 min.","Yorkville","Lively Free Flow","","Sauna..",18,30,12,214
"09/27/2025","6:30 PM","75 min.","Yorkville","Lively Free Flow","","Sauna.....",0,30,30,244
"09/27/2025","7:45 PM","75 min.","Yorkville","Guided Down: Pure Presence","","Sauna*",24,60,36,280
"09/27/2025","9:00 PM","120 min.","Yorkville","Beat Drop: DJ Takeover","","Sauna..",6,53,47,327
"09/27/2025","9:15 PM","120 min.","Yorkville","Beat Drop: DJ Takeover","","Sauna.",0,20,20,347
"09/27/2025","9:30 PM","120 min.","Yorkville","Beat Drop: DJ Takeover","","Sauna...",16,52,36,383
"09/28/2025","7:00 AM","75 min.","Yorkville","Quieter Free Flow","","Sauna..",31,53,22,22
"09/28/2025","8:30 AM","75 min.","Yorkville","Free Flow","","Sauna..",22,53,31,53
"09/28/2025","10:15 AM","75 min.","Yorkville","Guided Down: Unwind","","Sauna*",8,52,44,97
"09/28/2025","1:45 PM","75 min.","Yorkville","Lively Free Flow","","Sauna.....",1,30,29,126
"09/28/2025","2:00 PM","75 min.","Yorkville","Lively Free Flow","","Sauna..",0,30,30,156
"09/28/2025","2:30 PM","75 min.","Yorkville","Lively Free Flow","","Sauna...",34,40,6,162
"09/28/2025","3:00 PM","75 min.","Yorkville","Lively Free Flow","","Sauna....",18,35,17,179
"09/28/2025","3:30 PM","75 min.","Yorkville","Lively Free Flow","","Sauna..",12,35,23,202
"09/28/2025","4:00 PM","75 min.","Yorkville","Lively Free Flow","","Sauna...",11,25,14,216
"09/28/2025","5:15 PM","75 min.","Yorkville","Guided All Around: Loving Kindness","","Sauna*",36,52,16,232
"09/28/2025","6:30 PM","75 min.","Yorkville","Guided Down: Sound Immersion","","Sauna*",25,52,27,259
"09/28/2025","7:45 PM","75 min.","Yorkville","Free Flow","","Sauna...",0,20,20,279
"09/28/2025","8:00 PM","75 min.","Yorkville","Free Flow","","Sauna.",8,25,17,296
"09/28/2025","8:15 PM","75 min.","Yorkville","Free Flow","","Sauna....",12,25,13,309
"09/28/2025","8:30 PM","75 min.","Yorkville","Free Flow","","Sauna",3,20,17,326
"09/28/2025","8:45 PM","75 min.","Yorkville","Free Flow","","Sauna.....",6,15,9,335
"09/28/2025","9:15 PM","75 min.","Yorkville","Free Flow","","Sauna..",16,25,9,344
"09/28/2025","9:30 PM","75 min.","Yorkville","Free Flow","","Sauna...",8,20,12,356
"09/15/2025","7:00 AM","75 min.","Yorkville","Quieter Free Flow","","Sauna..",29,33,4,4
"09/15/2025","7:30 AM","75 min.","Yorkville","Quieter Free Flow","","Sauna...",30,33,3,7
"09/15/2025","8:00 AM","75 min.","Yorkville","Quieter Free Flow","","Sauna....",32,33,1,8
"09/15/2025","8:30 AM","75 min.","Yorkville","Quieter Free Flow","","Sauna..",22,33,11,19
"09/15/2025","9:00 AM","75 min.","Yorkville","Quieter Free Flow","","Sauna...",30,33,3,22
"09/15/2025","9:30 AM","75 min.","Yorkville","Quieter Free Flow","","Sauna....",26,33,7,29
"09/15/2025","10:00 AM","75 min.","Yorkville","Quieter Free Flow","","Sauna..",30,33,3,32
"09/15/2025","10:15 AM","75 min.","Yorkville","Quieter Free Flow","","Sauna...",32,33,1,33
"09/15/2025","12:00 PM","60 min.","Yorkville","Guided All Around: Sound Immersion - 60 min","","Sauna*",42,60,18,51
"09/15/2025","1:15 PM","75 min.","Yorkville","Free Flow","","Sauna.....",24,33,9,60
"09/15/2025","1:45 PM","75 min.","Yorkville","Free Flow","","Sauna..",30,33,3,63
"09/15/2025","2:15 PM","75 min.","Yorkville","Free Flow","","Sauna...",27,33,6,69
"09/15/2025","2:45 PM","75 min.","Yorkville","Free Flow","","Sauna....",26,33,7,76
"09/15/2025","3:15 PM","75 min.","Yorkville","Free Flow","","Sauna..",31,33,2,78
"09/15/2025","3:45 PM","75 min.","Yorkville","Free Flow","","Sauna.",20,33,13,91
"09/15/2025","4:15 PM","75 min.","Yorkville","Free Flow","","Sauna...",23,33,10,101
"09/15/2025","4:45 PM","75 min.","Yorkville","Free Flow","","Sauna....",23,33,10,111
"09/15/2025","5:15 PM","75 min.","Yorkville","Lively Free Flow","","Sauna.",11,33,22,133
"09/15/2025","6:30 PM","75 min.","Yorkville","Guided Down: Deep Stretch","","Sauna*",8,52,44,177
"09/15/2025","7:45 PM","75 min.","Yorkville","Guided All Around: Reset","","Sauna*",26,52,26,203
"09/15/2025","9:00 PM","75 min.","Yorkville","Guided All Around: Journey Through the Elements","","Sauna*",31,52,21,224
"09/16/2025","7:00 AM","75 min.","Yorkville","Free Flow","","Sauna*",25,30,5,5
"09/16/2025","7:30 AM","75 min.","Yorkville","Free Flow","","Sauna....",18,20,2,7
"09/16/2025","8:00 AM","75 min.","Yorkville","Free Flow","","Sauna.....",24,25,1,8
"09/16/2025","8:30 AM","75 min.","Yorkville","Quieter Free Flow","","Sauna..",29,33,4,12
"09/16/2025","9:00 AM","75 min.","Yorkville","Quieter Free Flow","","Sauna...",29,33,4,16
"09/16/2025","9:30 AM","75 min.","Yorkville","Quieter Free Flow","","Sauna....",31,33,2,18
"09/16/2025","10:00 AM","75 min.","Yorkville","Quieter Free Flow","","Sauna..",31,33,2,20
"09/16/2025","10:15 AM","75 min.","Yorkville","Quieter Free Flow","","Sauna...",22,33,11,31
"09/16/2025","12:00 PM","75 min.","Yorkville","Free Flow","","Sauna....",14,25,11,42
"09/16/2025","12:30 PM","75 min.","Yorkville","Free Flow","","Sauna...",19,20,1,43
"09/16/2025","1:15 PM","75 min.","Yorkville","Free Flow","","Sauna.....",25,33,8,51
"09/16/2025","2:00 PM","75 min.","Yorkville","Free Flow","","Sauna.",16,25,9,60
"09/16/2025","2:30 PM","75 min.","Yorkville","Free Flow","","Sauna....",27,33,6,66
"09/16/2025","3:00 PM","75 min.","Yorkville","Free Flow","","Sauna.....",29,33,4,70
"09/16/2025","3:30 PM","75 min.","Yorkville","Free Flow","","Sauna.",30,33,3,73
"09/16/2025","4:00 PM","75 min.","Yorkville","Free Flow","","Sauna..",26,33,7,80
"09/16/2025","4:30 PM","75 min.","Yorkville","Free Flow","","Sauna...",22,33,11,91
"09/16/2025","5:00 PM","75 min.","Yorkville","Free Flow","","Sauna....",27,33,6,97
"09/16/2025","5:30 PM","75 min.","Yorkville","Lively Free Flow","","Sauna.....",20,33,13,110
"09/16/2025","6:00 PM","75 min.","Yorkville","Lively Free Flow","","Sauna.",9,25,16,126
"09/16/2025","7:15 PM","75 min.","Yorkville","Guided Up: Feel Good Now","","Sauna*",39,60,21,147
"09/16/2025","9:00 PM","120 min.","Yorkville","Runner's Night","","Sauna",6,52,46,193
"09/16/2025","9:15 PM","120 min.","Yorkville","Runner's Night","","Sauna..",32,52,20,213
"09/17/2025","7:00 AM","60 min.","Yorkville","Guided Up: Awakening - 60 min","","Sauna*",55,60,5,5
"09/17/2025","8:30 AM","75 min.","Yorkville","Free Flow","","Sauna..",27,33,6,11
"09/17/2025","9:00 AM","75 min.","Yorkville","Free Flow","","Sauna...",28,33,5,16
"09/17/2025","9:30 AM","75 min.","Yorkville","Free Flow","","Sauna....",29,33,4,20
"09/17/2025","10:00 AM","75 min.","Yorkville","Free Flow","","Sauna..",28,33,5,25
"09/17/2025","10:15 AM","75 min.","Yorkville","Free Flow","","Sauna...",27,33,6,31
"09/17/2025","12:00 PM","60 min.","Yorkville","Guided Down: Pure Presence - 60 min","","Sauna..",41,60,19,50
"09/17/2025","1:45 PM","75 min.","Yorkville","Free Flow","","Sauna.....",24,33,9,59
"09/17/2025","2:15 PM","75 min.","Yorkville","Free Flow","","Sauna..",27,33,6,65
"09/17/2025","2:45 PM","75 min.","Yorkville","Free Flow","","Sauna...",25,33,8,73
"09/17/2025","3:15 PM","75 min.","Yorkville","Free Flow","","Sauna....",26,33,7,80
"09/17/2025","3:45 PM","75 min.","Yorkville","Free Flow","","Sauna..",28,33,5,85
"09/17/2025","4:15 PM","75 min.","Yorkville","Free Flow","","Sauna.....",24,33,9,94
"09/17/2025","5:30 PM","75 min.","Yorkville","Guided Up: Self-Care Sweat","","Sauna*",18,52,34,128
"09/17/2025","6:45 PM","75 min.","Yorkville","Guided All Around: A-Z Emotions","","Sauna*",34,52,18,146
"09/17/2025","8:00 PM","75 min.","Yorkville","Free Flow","","Sauna....",2,25,23,169
"09/17/2025","8:15 PM","75 min.","Yorkville","Free Flow","","Sauna.....",0,20,20,189
"09/17/2025","8:30 PM","75 min.","Yorkville","Free Flow","","Sauna.",1,25,24,213
"09/17/2025","8:45 PM","75 min.","Yorkville","Free Flow","","Sauna..",7,20,13,226
"09/17/2025","9:00 PM","75 min.","Yorkville","Free Flow","","Sauna...",7,15,8,234
"09/17/2025","9:30 PM","75 min.","Yorkville","Free Flow","","Sauna....",17,25,8,242
"09/17/2025","9:45 PM","75 min.","Yorkville","Free Flow","","Sauna.....",16,20,4,246
"09/18/2025","7:00 AM","60 min.","Yorkville","Guided Down: Sound Immersion - 60 min","","Sauna..",48,60,12,12
"09/18/2025","8:30 AM","75 min.","Yorkville","Free Flow","","Sauna..",21,33,12,24
"09/18/2025","9:00 AM","75 min.","Yorkville","Free Flow","","Sauna...",30,33,3,27
"09/18/2025","9:30 AM","75 min.","Yorkville","Free Flow","","Sauna....",28,33,5,32
"09/18/2025","10:00 AM","75 min.","Yorkville","Free Flow","","Sauna..",31,33,2,34
"09/18/2025","10:15 AM","75 min.","Yorkville","Free Flow","","Sauna...",19,33,14,48
"09/18/2025","12:00 PM","60 min.","Yorkville","Guided Up: Awakening - 60 min","","Sauna*",51,60,9,57
"09/18/2025","2:45 PM","75 min.","Yorkville","Free Flow","","Sauna...",20,33,13,70
"09/18/2025","3:15 PM","75 min.","Yorkville","Free Flow","","Sauna....",25,33,8,78
"09/18/2025","3:45 PM","75 min.","Yorkville","Free Flow","","Sauna..",29,33,4,82
"09/18/2025","4:15 PM","75 min.","Yorkville","Free Flow","","Sauna.....",11,33,22,104
"09/18/2025","5:30 PM","75 min.","Yorkville","Guided All Around: Release","","Sauna*",38,52,14,118
"09/18/2025","6:45 PM","75 min.","Yorkville","Guided All Around: Acceptance","","Sauna*",20,52,32,150
"09/18/2025","8:00 PM","75 min.","Yorkville","Lively Free Flow","","Sauna....",0,25,25,175
"09/18/2025","8:15 PM","75 min.","Yorkville","Lively Free Flow","","Sauna.....",0,20,20,195
"09/18/2025","8:30 PM","75 min.","Yorkville","Lively Free Flow","","Sauna.",4,25,21,216
"09/18/2025","8:45 PM","75 min.","Yorkville","Lively Free Flow","","Sauna..",15,20,5,221
"09/18/2025","9:00 PM","75 min.","Yorkville","Lively Free Flow","","Sauna...",2,15,13,234
"09/18/2025","9:30 PM","75 min.","Yorkville","Lively Free Flow","","Sauna....",13,25,12,246
"09/18/2025","9:45 PM","75 min.","Yorkville","Lively Free Flow","","Sauna.....",10,20,10,256
"09/19/2025","7:00 AM","75 min.","Yorkville","Guided Down: Unwind","","Sauna*",43,52,9,9
"09/19/2025","8:15 AM","75 min.","Yorkville","Guided Down: Deep Stretch","","Sauna*",46,52,6,15
"09/19/2025","9:30 AM","75 min.","Yorkville","Guided Down: Sound Immersion","","Sauna*",34,52,18,33
"09/19/2025","10:45 AM","75 min.","Yorkville","Guided Up: Arctic Tundra","","Sauna*",43,52,9,42
"09/19/2025","12:00 PM","75 min.","Yorkville","Free Flow","","Sauna..",20,33,13,55
"09/19/2025","12:30 PM","75 min.","Yorkville","Free Flow","","Sauna...",26,33,7,62
"09/19/2025","1:00 PM","75 min.","Yorkville","Free Flow","","Sauna....",19,33,14,76
"09/19/2025","1:30 PM","75 min.","Yorkville","Free Flow","","Sauna.....",26,33,7,83
"09/19/2025","2:00 PM","75 min.","Yorkville","Free Flow","","Sauna..",20,33,13,96
"09/19/2025","2:30 PM","75 min.","Yorkville","Free Flow","","Sauna...",28,33,5,101
"09/19/2025","3:00 PM","75 min.","Yorkville","Free Flow","","Sauna....",29,33,4,105
"09/19/2025","3:30 PM","75 min.","Yorkville","Free Flow","","Sauna..",23,33,10,115
"09/19/2025","4:00 PM","75 min.","Yorkville","Free Flow","","Sauna...",21,30,9,124
"09/19/2025","4:30 PM","75 min.","Yorkville","Free Flow","","Sauna....",26,33,7,131
"09/19/2025","5:00 PM","75 min.","Yorkville","Free Flow","","Sauna.....",19,25,6,137
"09/19/2025","5:15 PM","75 min.","Yorkville","Lively Free Flow","","Sauna..",3,25,22,159
"09/19/2025","6:30 PM","75 min.","Yorkville","Guided All Around: Rose, Thorn, Bud","","Sauna*",3,52,49,208
"09/19/2025","7:45 PM","75 min.","Yorkville","Guided You + Me: Relationship","","Sauna*",3,52,49,257
"09/19/2025","9:00 PM","120 min.","Yorkville","Social","","Sauna..",2,35,33,290
"09/19/2025","9:15 PM","120 min.","Yorkville","Social","","Sauna.",0,20,20,310
"09/19/2025","9:30 PM","120 min.","Yorkville","Social","","Sauna...",34,50,16,326
"09/20/2025","8:00 AM","75 min.","Yorkville","Guided Down: Embodied","","Sauna*",39,52,13,13
"09/20/2025","9:15 AM","75 min.","Yorkville","Guided Down: Unwind","","Sauna*",39,52,13,26
"09/20/2025","10:30 AM","75 min.","Yorkville","Guided Down: Self-Care Sweat","","Sauna*",11,52,41,67
"09/20/2025","11:45 AM","75 min.","Yorkville","Guided Down: Sound Immersion","","Sauna*",25,52,27,94
"09/20/2025","1:00 PM","75 min.","Yorkville","Lively Free Flow","","Sauna.....",11,30,19,113
"09/20/2025","1:30 PM","75 min.","Yorkville","Lively Free Flow","","Sauna..",13,30,17,130
"09/20/2025","2:00 PM","75 min.","Yorkville","Lively Free Flow","","Sauna...",8,35,27,157
"09/20/2025","2:30 PM","75 min.","Yorkville","Lively Free Flow","","Sauna....",12,30,18,175
"09/20/2025","3:00 PM","75 min.","Yorkville","Lively Free Flow","","Sauna..",29,30,1,176
"09/20/2025","3:30 PM","75 min.","Yorkville","Lively Free Flow","","Sauna...",16,35,19,195
"09/20/2025","4:00 PM","75 min.","Yorkville","Lively Free Flow","","Sauna....",30,35,5,200
"09/20/2025","4:30 PM","75 min.","Yorkville","Lively Free Flow","","Sauna..",17,30,13,213
"09/20/2025","5:00 PM","75 min.","Yorkville","Lively Free Flow","","Sauna...",24,35,11,224
"09/20/2025","5:30 PM","75 min.","Yorkville","Lively Free Flow","","Sauna....",17,30,13,237
"09/20/2025","6:00 PM","75 min.","Yorkville","Lively Free Flow","","Sauna..",12,30,18,255
"09/20/2025","6:15 PM","75 min.","Yorkville","Lively Free Flow","","Sauna.....",0,25,25,280
"09/20/2025","7:30 PM","75 min.","Yorkville","Guided All Around: Reset","","Sauna*",19,60,41,321
"09/20/2025","9:15 PM","120 min.","Yorkville","Lovership: A Singles Social - Women's Arrival","","Sauna..",4,53,49,370
"09/20/2025","9:30 PM","120 min.","Yorkville","Lovership: A Singles Social - Men's Arrival","","Sauna...",3,52,49,419
"09/21/2025","7:00 AM","75 min.","Yorkville","Quieter Free Flow","","Sauna..",30,53,23,23
"09/21/2025","8:30 AM","75 min.","Yorkville","Free Flow","","Sauna..",28,53,25,48
"09/21/2025","10:15 AM","75 min.","Yorkville","Guided Down: Unwind","","Sauna*",18,52,34,82
"09/21/2025","11:30 AM","75 min.","Yorkville","Guided Up: Awakening","","Sauna*",21,52,31,113
"09/21/2025","12:45 PM","75 min.","Yorkville","Lively Free Flow","","Sauna...",13,25,12,125
"09/21/2025","1:00 PM","75 min.","Yorkville","Lively Free Flow","","Sauna....",12,25,13,138
"09/21/2025","1:30 PM","75 min.","Yorkville","Lively Free Flow","","Sauna.....",16,35,19,157
"09/21/2025","2:00 PM","75 min.","Yorkville","Lively Free Flow","","Sauna..",26,30,4,161
"09/21/2025","2:30 PM","75 min.","Yorkville","Lively Free Flow","","Sauna...",26,40,14,175
"09/21/2025","3:00 PM","75 min.","Yorkville","Lively Free Flow","","Sauna....",15,35,20,195
"09/21/2025","3:30 PM","75 min.","Yorkville","Lively Free Flow","","Sauna..",22,35,13,208
"09/21/2025","4:00 PM","75 min.","Yorkville","Lively Free Flow","","Sauna...",9,25,16,224
"09/21/2025","5:15 PM","75 min.","Yorkville","Guided All Around: Reset","","Sauna*",3,52,49,273
"09/21/2025","6:30 PM","75 min.","Yorkville","Guided All Around: Loving Kindness","","Sauna*",16,52,36,309
"09/21/2025","7:45 PM","75 min.","Yorkville","Free Flow","","Sauna...",0,20,20,329
"09/21/2025","8:00 PM","75 min.","Yorkville","Free Flow","","Sauna.",1,25,24,353
"09/21/2025","8:15 PM","75 min.","Yorkville","Free Flow","","Sauna....",12,25,13,366
"09/21/2025","8:30 PM","75 min.","Yorkville","Free Flow","","Sauna",1,20,19,385
"09/21/2025","8:45 PM","75 min.","Yorkville","Free Flow","","Sauna.....",11,15,4,389
"09/21/2025","9:15 PM","75 min.","Yorkville","Free Flow","","Sauna..",16,25,9,398
"09/21/2025","9:30 PM","75 min.","Yorkville","Free Flow","","Sauna...",8,20,12,410
"09/08/2025","7:00 AM","75 min.","Yorkville","Quieter Free Flow","","Sauna..",21,33,12,12
"09/08/2025","7:30 AM","75 min.","Yorkville","Quieter Free Flow","","Sauna...",33,33,0,12
"09/08/2025","8:00 AM","75 min.","Yorkville","Quieter Free Flow","","Sauna....",32,33,1,13
"09/08/2025","8:30 AM","75 min.","Yorkville","Quieter Free Flow","","Sauna..",26,33,7,20
"09/08/2025","9:00 AM","75 min.","Yorkville","Quieter Free Flow","","Sauna...",28,33,5,25
"09/08/2025","9:30 AM","75 min.","Yorkville","Quieter Free Flow","","Sauna....",27,33,6,31
"09/08/2025","10:00 AM","75 min.","Yorkville","Quieter Free Flow","","Sauna..",19,33,14,45
"09/08/2025","10:15 AM","75 min.","Yorkville","Quieter Free Flow","","Sauna...",27,33,6,51
"09/08/2025","12:00 PM","60 min.","Yorkville","Guided All Around: Loving Kindness - 60 min","","Sauna*",42,60,18,69
"09/08/2025","1:15 PM","75 min.","Yorkville","Free Flow","","Sauna.....",30,33,3,72
"09/08/2025","1:45 PM","75 min.","Yorkville","Free Flow","","Sauna..",27,33,6,78
"09/08/2025","2:15 PM","75 min.","Yorkville","Free Flow","","Sauna...",30,33,3,81
"09/08/2025","2:45 PM","75 min.","Yorkville","Free Flow","","Sauna....",23,33,10,91
"09/08/2025","3:15 PM","75 min.","Yorkville","Free Flow","","Sauna..",30,33,3,94
"09/08/2025","3:45 PM","75 min.","Yorkville","Free Flow","","Sauna.",28,33,5,99
"09/08/2025","4:15 PM","75 min.","Yorkville","Free Flow","","Sauna...",31,33,2,101
"09/08/2025","4:45 PM","75 min.","Yorkville","Free Flow","","Sauna....",31,33,2,103
"09/08/2025","5:15 PM","75 min.","Yorkville","Lively Free Flow","","Sauna.",4,33,29,132
"09/08/2025","6:30 PM","75 min.","Yorkville","Guided Up: Feel Good Now","","Sauna*",29,52,23,155
"09/08/2025","7:45 PM","75 min.","Yorkville","Guided All Around: Gratitude","","Sauna*",24,52,28,183
"09/08/2025","9:30 PM","120 min.","Yorkville","Comedy Night","","Sauna.",3,75,72,255
"09/09/2025","7:00 AM","75 min.","Yorkville","Quieter Free Flow","","Sauna*",28,30,2,2
"09/09/2025","7:30 AM","75 min.","Yorkville","Quieter Free Flow","","Sauna.....",33,33,0,2
"09/09/2025","8:00 AM","75 min.","Yorkville","Quieter Free Flow","","Sauna....",20,20,0,2
"09/09/2025","8:30 AM","75 min.","Yorkville","Quieter Free Flow","","Sauna..",27,33,6,8
"09/09/2025","9:00 AM","75 min.","Yorkville","Quieter Free Flow","","Sauna...",29,33,4,12
"09/09/2025","9:30 AM","75 min.","Yorkville","Quieter Free Flow","","Sauna....",31,33,2,14
"09/09/2025","10:00 AM","75 min.","Yorkville","Quieter Free Flow","","Sauna..",23,33,10,24
"09/09/2025","10:15 AM","75 min.","Yorkville","Quieter Free Flow","","Sauna...",28,33,5,29
"09/09/2025","12:00 PM","60 min.","Yorkville","Guided All Around: Journey Through Elements-60 min","","Sauna*",40,52,12,41
"09/09/2025","1:15 PM","75 min.","Yorkville","Guided Down: Unwind","","Sauna*",44,52,8,49
"09/09/2025","2:30 PM","75 min.","Yorkville","Free Flow","","Sauna....",26,33,7,56
"09/09/2025","3:00 PM","75 min.","Yorkville","Free Flow","","Sauna.....",30,33,3,59
"09/09/2025","3:30 PM","75 min.","Yorkville","Free Flow","","Sauna.",29,33,4,63
"09/09/2025","4:00 PM","75 min.","Yorkville","Free Flow","","Sauna..",27,33,6,69
"09/09/2025","4:30 PM","75 min.","Yorkville","Free Flow","","Sauna...",26,33,7,76
"09/09/2025","5:00 PM","75 min.","Yorkville","Free Flow","","Sauna....",29,33,4,80
"09/09/2025","5:30 PM","75 min.","Yorkville","Lively Free Flow","","Sauna.....",11,33,22,102
"09/09/2025","6:45 PM","75 min.","Yorkville","Guided Down: Deep Stretch","","Sauna*",22,60,38,140
"09/09/2025","8:00 PM","75 min.","Yorkville","Quieter Free Flow","","Sauna....",5,25,20,160
"09/09/2025","8:15 PM","75 min.","Yorkville","Quieter Free Flow","","Sauna.....",9,20,11,171
"09/09/2025","8:30 PM","75 min.","Yorkville","Quieter Free Flow","","Sauna.",15,25,10,181
"09/09/2025","8:45 PM","75 min.","Yorkville","Quieter Free Flow","","Sauna..",15,20,5,186
"09/09/2025","9:00 PM","75 min.","Yorkville","Quieter Free Flow","","Sauna...",6,15,9,195
"09/09/2025","9:30 PM","75 min.","Yorkville","Quieter Free Flow","","Sauna....",18,25,7,202
"09/09/2025","9:45 PM","75 min.","Yorkville","Quieter Free Flow","","Sauna.....",16,20,4,206
"09/10/2025","7:00 AM","60 min.","Yorkville","Guided All Around: Rose, Thorn, Bud - 60 min","","Sauna*",46,60,14,14
"09/10/2025","8:30 AM","75 min.","Yorkville","Free Flow","","Sauna..",31,33,2,16
"09/10/2025","9:00 AM","75 min.","Yorkville","Free Flow","","Sauna...",26,33,7,23
"09/10/2025","9:30 AM","75 min.","Yorkville","Free Flow","","Sauna....",31,33,2,25
"09/10/2025","10:00 AM","75 min.","Yorkville","Free Flow","","Sauna..",28,33,5,30
"09/10/2025","10:15 AM","75 min.","Yorkville","Free Flow","","Sauna...",29,33,4,34
"09/10/2025","12:00 PM","60 min.","Yorkville","Guided All Around: Heart Opener - 60 min","","Sauna..",39,60,21,55
"09/10/2025","1:45 PM","75 min.","Yorkville","Free Flow","","Sauna.....",25,33,8,63
"09/10/2025","2:15 PM","75 min.","Yorkville","Free Flow","","Sauna..",28,33,5,68
"09/10/2025","2:45 PM","75 min.","Yorkville","Free Flow","","Sauna...",28,33,5,73
"09/10/2025","3:15 PM","75 min.","Yorkville","Free Flow","","Sauna....",31,33,2,75
"09/10/2025","3:45 PM","75 min.","Yorkville","Free Flow","","Sauna..",24,33,9,84
"09/10/2025","4:15 PM","75 min.","Yorkville","Free Flow","","Sauna.....",15,33,18,102
"09/10/2025","5:30 PM","75 min.","Yorkville","Guided Down: Sound Immersion","","Sauna*",22,52,30,132
"09/10/2025","6:45 PM","75 min.","Yorkville","Guided Down: Pure Presence","","Sauna*",21,52,31,163
"09/10/2025","8:00 PM","75 min.","Yorkville","Free Flow","","Sauna....",1,25,24,187
"09/10/2025","8:15 PM","75 min.","Yorkville","Free Flow","","Sauna.....",2,20,18,205
"09/10/2025","8:30 PM","75 min.","Yorkville","Free Flow","","Sauna.",0,25,25,230
"09/10/2025","8:45 PM","75 min.","Yorkville","Free Flow","","Sauna..",17,20,3,233
"09/10/2025","9:00 PM","75 min.","Yorkville","Free Flow","","Sauna...",8,15,7,240
"09/10/2025","9:30 PM","75 min.","Yorkville","Free Flow","","Sauna....",15,25,10,250
"09/10/2025","9:45 PM","75 min.","Yorkville","Free Flow","","Sauna.....",8,20,12,262
"09/11/2025","7:00 AM","75 min.","Yorkville","Guided All Around: Reset","","Sauna..",49,60,11,11
"09/11/2025","8:30 AM","75 min.","Yorkville","Free Flow","","Sauna..",26,33,7,18
"09/11/2025","9:00 AM","75 min.","Yorkville","Free Flow","","Sauna...",28,33,5,23
"09/11/2025","9:30 AM","75 min.","Yorkville","Free Flow","","Sauna....",31,33,2,25
"09/11/2025","10:00 AM","75 min.","Yorkville","Free Flow","","Sauna..",30,33,3,28
"09/11/2025","10:15 AM","75 min.","Yorkville","Free Flow","","Sauna...",27,33,6,34
"09/11/2025","12:00 PM","60 min.","Yorkville","Guided Down: Senses - 60 min","","Sauna*",48,60,12,46
"09/11/2025","1:45 PM","75 min.","Yorkville","Free Flow","","Sauna.....",21,33,12,58
"09/11/2025","2:15 PM","75 min.","Yorkville","Free Flow","","Sauna..",22,33,11,69
"09/11/2025","2:45 PM","75 min.","Yorkville","Free Flow","","Sauna...",31,33,2,71
"09/11/2025","3:15 PM","75 min.","Yorkville","Free Flow","","Sauna....",22,33,11,82
"09/11/2025","3:45 PM","75 min.","Yorkville","Free Flow","","Sauna..",25,33,8,90
"09/11/2025","4:15 PM","75 min.","Yorkville","Free Flow","","Sauna.....",14,33,19,109
"09/11/2025","5:30 PM","75 min.","Yorkville","Guided Down: Untangle","","Sauna*",34,52,18,127
"09/11/2025","6:45 PM","75 min.","Yorkville","Guided Up: Awakening","","Sauna*",34,52,18,145
"09/11/2025","8:00 PM","75 min.","Yorkville","Lively Free Flow","","Sauna....",3,25,22,167
"09/11/2025","8:15 PM","75 min.","Yorkville","Lively Free Flow","","Sauna.....",5,20,15,182
"09/11/2025","8:30 PM","75 min.","Yorkville","Lively Free Flow","","Sauna.",16,25,9,191
"09/11/2025","8:45 PM","75 min.","Yorkville","Lively Free Flow","","Sauna..",18,20,2,193
"09/11/2025","9:00 PM","75 min.","Yorkville","Lively Free Flow","","Sauna...",1,15,14,207
"09/11/2025","9:30 PM","75 min.","Yorkville","Lively Free Flow","","Sauna....",10,25,15,222
"09/11/2025","9:45 PM","75 min.","Yorkville","Lively Free Flow","","Sauna.....",16,20,4,226
"09/12/2025","7:00 AM","75 min.","Yorkville","Guided Down: Unwind","","Sauna*",44,52,8,8
"09/12/2025","8:15 AM","75 min.","Yorkville","Guided Up: Feel Good Now","","Sauna*",46,52,6,14
"09/12/2025","9:30 AM","75 min.","Yorkville","Guided Down: Pure Presence","","Sauna*",41,52,11,25
"09/12/2025","10:45 AM","75 min.","Yorkville","Guided Up: Arctic Tundra","","Sauna*",38,52,14,39
"09/12/2025","12:00 PM","75 min.","Yorkville","Free Flow","","Sauna..",25,33,8,47
"09/12/2025","12:30 PM","75 min.","Yorkville","Free Flow","","Sauna...",25,33,8,55
"09/12/2025","1:00 PM","75 min.","Yorkville","Free Flow","","Sauna....",23,33,10,65
"09/12/2025","1:30 PM","75 min.","Yorkville","Free Flow","","Sauna.....",31,33,2,67
"09/12/2025","2:00 PM","75 min.","Yorkville","Free Flow","","Sauna..",27,33,6,73
"09/12/2025","2:30 PM","75 min.","Yorkville","Free Flow","","Sauna...",20,33,13,86
"09/12/2025","3:00 PM","75 min.","Yorkville","Free Flow","","Sauna....",29,33,4,90
"09/12/2025","3:30 PM","75 min.","Yorkville","Free Flow","","Sauna..",24,33,9,99
"09/12/2025","4:00 PM","75 min.","Yorkville","Free Flow","","Sauna...",17,30,13,112
"09/12/2025","4:30 PM","75 min.","Yorkville","Free Flow","","Sauna....",25,33,8,120
"09/12/2025","5:00 PM","75 min.","Yorkville","Free Flow","","Sauna.....",18,25,7,127
"09/12/2025","5:15 PM","75 min.","Yorkville","Lively Free Flow","","Sauna..",1,25,24,151
"09/12/2025","6:30 PM","75 min.","Yorkville","Guided Down: Sound Immersion","","Sauna*",0,52,52,203
"09/12/2025","7:45 PM","75 min.","Yorkville","Guided All Around: Reflect","","Sauna*",30,52,22,225
"09/12/2025","9:00 PM","120 min.","Yorkville","Social","","Sauna..",27,53,26,251
"09/12/2025","9:15 PM","120 min.","Yorkville","Social","","Sauna.",2,20,18,269
"09/12/2025","9:30 PM","120 min.","Yorkville","Social","","Sauna...",37,52,15,284
"09/13/2025","8:00 AM","75 min.","Yorkville","Guided Down: Pure Presence","","Sauna*",42,52,10,10
"09/13/2025","9:15 AM","75 min.","Yorkville","Guided All Around: Release","","Sauna*",34,52,18,28
"09/13/2025","10:30 AM","75 min.","Yorkville","Guided Down: Senses","","Sauna*",26,52,26,54
"09/13/2025","11:45 AM","75 min.","Yorkville","Guided Up: Self-Care Sweat","","Sauna*",25,52,27,81
"09/13/2025","1:00 PM","75 min.","Yorkville","Lively Free Flow","","Sauna.....",1,30,29,110
"09/13/2025","1:30 PM","75 min.","Yorkville","Lively Free Flow","","Sauna..",16,30,14,124
"09/13/2025","2:00 PM","75 min.","Yorkville","Lively Free Flow","","Sauna...",23,35,12,136
"09/13/2025","2:30 PM","75 min.","Yorkville","Lively Free Flow","","Sauna....",18,30,12,148
"09/13/2025","3:00 PM","75 min.","Yorkville","Lively Free Flow","","Sauna..",24,30,6,154
"09/13/2025","3:30 PM","75 min.","Yorkville","Lively Free Flow","","Sauna...",30,35,5,159
"09/13/2025","4:00 PM","75 min.","Yorkville","Lively Free Flow","","Sauna....",15,35,20,179
"09/13/2025","4:30 PM","75 min.","Yorkville","Lively Free Flow","","Sauna..",21,30,9,188
"09/13/2025","5:00 PM","75 min.","Yorkville","Lively Free Flow","","Sauna...",22,35,13,201
"09/13/2025","5:30 PM","75 min.","Yorkville","Lively Free Flow","","Sauna....",22,30,8,209
"09/13/2025","6:00 PM","75 min.","Yorkville","Lively Free Flow","","Sauna..",25,30,5,214
"09/13/2025","6:30 PM","75 min.","Yorkville","Lively Free Flow","","Sauna.....",17,30,13,227
"09/13/2025","7:45 PM","75 min.","Yorkville","Guided Down: Pure Presence","","Sauna*",40,60,20,247
"09/13/2025","9:00 PM","120 min.","Yorkville","Social","","Sauna..",7,35,28,275
"09/13/2025","9:15 PM","120 min.","Yorkville","Social","","Sauna.",14,20,6,281
"09/13/2025","9:30 PM","120 min.","Yorkville","Social","","Sauna...",45,52,7,288
"09/14/2025","7:00 AM","75 min.","Yorkville","Quieter Free Flow","","Sauna..",34,53,19,19
"09/14/2025","8:30 AM","75 min.","Yorkville","Free Flow","","Sauna..",30,53,23,42
"09/14/2025","10:15 AM","75 min.","Yorkville","Guided All Around: Gratitude","","Sauna*",21,52,31,73
"09/14/2025","11:30 AM","75 min.","Yorkville","Guided Up: Feel Good Now","","Sauna*",18,52,34,107
"09/14/2025","12:45 PM","75 min.","Yorkville","Lively Free Flow","","Sauna...",1,25,24,131
"09/14/2025","1:00 PM","75 min.","Yorkville","Lively Free Flow","","Sauna....",15,25,10,141
"09/14/2025","1:30 PM","75 min.","Yorkville","Lively Free Flow","","Sauna.....",25,35,10,151
"09/14/2025","2:00 PM","75 min.","Yorkville","Lively Free Flow","","Sauna..",25,30,5,156
"09/14/2025","2:30 PM","75 min.","Yorkville","Lively Free Flow","","Sauna...",25,40,15,171
"09/14/2025","3:00 PM","75 min.","Yorkville","Lively Free Flow","","Sauna....",27,35,8,179
"09/14/2025","3:30 PM","75 min.","Yorkville","Lively Free Flow","","Sauna..",2,35,33,212
"09/14/2025","4:00 PM","75 min.","Yorkville","Lively Free Flow","","Sauna...",3,25,22,234
"09/14/2025","5:15 PM","75 min.","Yorkville","Guided All Around: Rose, Thorn, Bud","","Sauna*",33,52,19,253
"09/14/2025","6:30 PM","75 min.","Yorkville","Guided Down: Sound Immersion","","Sauna*",24,52,28,281
"09/14/2025","7:45 PM","75 min.","Yorkville","Free Flow","","Sauna..",2,20,18,299
"09/14/2025","8:00 PM","75 min.","Yorkville","Free Flow","","Sauna.",5,25,20,319
"09/14/2025","8:15 PM","75 min.","Yorkville","Free Flow","","Sauna....",20,25,5,324
"09/14/2025","8:30 PM","75 min.","Yorkville","Free Flow","","Sauna",3,20,17,341
"09/14/2025","8:45 PM","75 min.","Yorkville","Free Flow","","Sauna.....",1,15,14,355
"09/14/2025","9:15 PM","75 min.","Yorkville","Free Flow","","Sauna..",10,25,15,370
"09/14/2025","9:30 PM","75 min.","Yorkville","Free Flow","","Sauna...",5,20,15,385
"09/01/2025","7:00 AM","75 min.","Yorkville","Free Flow","","Sauna..",32,33,1,1
"09/01/2025","7:30 AM","75 min.","Yorkville","Free Flow","","Sauna...",27,33,6,7
"09/01/2025","8:00 AM","75 min.","Yorkville","Free Flow","","Sauna....",31,33,2,9
"09/01/2025","8:30 AM","75 min.","Yorkville","Free Flow","","Sauna..",30,33,3,12
"09/01/2025","9:00 AM","75 min.","Yorkville","Free Flow","","Sauna...",30,33,3,15
"09/01/2025","9:30 AM","75 min.","Yorkville","Free Flow","","Sauna....",18,33,15,30
"09/01/2025","10:00 AM","75 min.","Yorkville","Free Flow","","Sauna..",26,33,7,37
"09/01/2025","10:15 AM","75 min.","Yorkville","Free Flow","","Sauna...",7,33,26,63
"09/01/2025","12:00 PM","60 min.","Yorkville","Guided All Around: Sound Immersion - 60 min","","Sauna*",16,60,44,107
"09/01/2025","1:15 PM","75 min.","Yorkville","Free Flow","","Sauna.....",2,33,31,138
"09/01/2025","1:45 PM","75 min.","Yorkville","Free Flow","","Sauna..",27,33,6,144
"09/01/2025","2:15 PM","75 min.","Yorkville","Free Flow","","Sauna...",20,33,13,157
"09/01/2025","2:45 PM","75 min.","Yorkville","Free Flow","","Sauna....",23,33,10,167
"09/01/2025","3:15 PM","75 min.","Yorkville","Free Flow","","Sauna..",16,33,17,184
"09/01/2025","3:45 PM","75 min.","Yorkville","Free Flow","","Sauna.",26,33,7,191
"09/01/2025","4:15 PM","75 min.","Yorkville","Free Flow","","Sauna...",20,33,13,204
"09/01/2025","4:45 PM","75 min.","Yorkville","Free Flow","","Sauna....",20,33,13,217
"09/01/2025","5:15 PM","75 min.","Yorkville","Lively Free Flow","","Sauna.",2,33,31,248
"09/01/2025","6:30 PM","75 min.","Yorkville","Guided All Around: Release","","Sauna*",25,52,27,275
"09/01/2025","7:45 PM","75 min.","Yorkville","Guided All Around: Reset","","Sauna*",27,52,25,300
"09/01/2025","9:00 PM","75 min.","Yorkville","Guided Down: Embodied","","Sauna*",38,52,14,314
"09/02/2025","7:00 AM","60 min.","Yorkville","Guided Up: Arctic Tundra - 60 min","","Sauna*",55,60,5,5
"09/02/2025","8:30 AM","75 min.","Yorkville","Quieter Free Flow","","Sauna..",24,33,9,14
"09/02/2025","9:00 AM","75 min.","Yorkville","Quieter Free Flow","","Sauna...",31,33,2,16
"09/02/2025","9:30 AM","75 min.","Yorkville","Quieter Free Flow","","Sauna....",29,33,4,20
"09/02/2025","10:00 AM","75 min.","Yorkville","Quieter Free Flow","","Sauna..",27,33,6,26
"09/02/2025","10:15 AM","75 min.","Yorkville","Quieter Free Flow","","Sauna...",31,33,2,28
"09/02/2025","12:00 PM","60 min.","Yorkville","Guided Down: Pure Presence - 60 min","","Sauna*",32,52,20,48
"09/02/2025","1:15 PM","75 min.","Yorkville","Free Flow","","Sauna*",27,30,3,51
"09/02/2025","2:00 PM","75 min.","Yorkville","Free Flow","","Sauna.",23,25,2,53
"09/02/2025","2:30 PM","75 min.","Yorkville","Free Flow","","Sauna....",25,33,8,61
"09/02/2025","3:00 PM","75 min.","Yorkville","Free Flow","","Sauna.....",27,33,6,67
"09/02/2025","3:30 PM","75 min.","Yorkville","Free Flow","","Sauna.",28,33,5,72
"09/02/2025","4:00 PM","75 min.","Yorkville","Free Flow","","Sauna..",28,33,5,77
"09/02/2025","4:30 PM","75 min.","Yorkville","Free Flow","","Sauna...",28,33,5,82
"09/02/2025","5:00 PM","75 min.","Yorkville","Free Flow","","Sauna....",25,33,8,90
"09/02/2025","5:30 PM","75 min.","Yorkville","Lively Free Flow","","Sauna.....",19,33,14,104
"09/02/2025","6:45 PM","75 min.","Yorkville","Guided All Around: Journey Through the Elements","","Sauna*",23,60,37,141
"09/02/2025","8:00 PM","75 min.","Yorkville","Quieter Free Flow","","Sauna....",0,25,25,166
"09/02/2025","8:15 PM","75 min.","Yorkville","Quieter Free Flow","","Sauna.....",14,20,6,172
"09/02/2025","8:30 PM","75 min.","Yorkville","Quieter Free Flow","","Sauna.",17,25,8,180
"09/02/2025","8:45 PM","75 min.","Yorkville","Quieter Free Flow","","Sauna..",9,20,11,191
"09/02/2025","9:00 PM","75 min.","Yorkville","Quieter Free Flow","","Sauna...",8,15,7,198
"09/02/2025","9:30 PM","75 min.","Yorkville","Quieter Free Flow","","Sauna....",13,25,12,210
"09/02/2025","9:45 PM","75 min.","Yorkville","Quieter Free Flow","","Sauna.....",19,20,1,211
"09/03/2025","7:00 AM","60 min.","Yorkville","Guided All Around: Reset - 60 min","","Sauna*",51,60,9,9
"09/03/2025","8:30 AM","75 min.","Yorkville","Free Flow","","Sauna..",25,33,8,17
"09/03/2025","9:00 AM","75 min.","Yorkville","Free Flow","","Sauna...",32,33,1,18
"09/03/2025","9:30 AM","75 min.","Yorkville","Free Flow","","Sauna....",30,33,3,21
"09/03/2025","10:00 AM","75 min.","Yorkville","Free Flow","","Sauna..",31,33,2,23
"09/03/2025","10:15 AM","75 min.","Yorkville","Free Flow","","Sauna...",22,33,11,34
"09/03/2025","12:00 PM","60 min.","Yorkville","Guided Down: Pure Presence - 60 min","","Sauna..",41,60,19,53
"09/03/2025","1:45 PM","75 min.","Yorkville","Free Flow","","Sauna.....",18,33,15,68
"09/03/2025","2:15 PM","75 min.","Yorkville","Free Flow","","Sauna..",29,33,4,72
"09/03/2025","2:45 PM","75 min.","Yorkville","Free Flow","","Sauna...",24,33,9,81
"09/03/2025","3:15 PM","75 min.","Yorkville","Free Flow","","Sauna....",25,33,8,89
"09/03/2025","3:45 PM","75 min.","Yorkville","Free Flow","","Sauna..",21,33,12,101
"09/03/2025","4:15 PM","75 min.","Yorkville","Free Flow","","Sauna.....",18,33,15,116
"09/03/2025","5:30 PM","75 min.","Yorkville","Guided Up: Self-Care Sweat","","Sauna*",30,52,22,138
"09/03/2025","6:45 PM","75 min.","Yorkville","Guided Down: Rose, Thorn, Bud","","Sauna*",35,52,17,155
"09/03/2025","8:00 PM","75 min.","Yorkville","Free Flow","","Sauna....",1,25,24,179
"09/03/2025","8:15 PM","75 min.","Yorkville","Free Flow","","Sauna.....",14,20,6,185
"09/03/2025","8:30 PM","75 min.","Yorkville","Free Flow","","Sauna.",3,25,22,207
"09/03/2025","8:45 PM","75 min.","Yorkville","Free Flow","","Sauna..",7,20,13,220
"09/03/2025","9:00 PM","75 min.","Yorkville","Free Flow","","Sauna...",8,15,7,227
"09/03/2025","9:30 PM","75 min.","Yorkville","Free Flow","","Sauna....",20,25,5,232
"09/03/2025","9:45 PM","75 min.","Yorkville","Free Flow","","Sauna.....",15,20,5,237
"09/04/2025","7:00 AM","60 min.","Yorkville","Guided Down: Sound Immersion - 60 min","","Sauna..",55,60,5,5
"09/04/2025","8:30 AM","75 min.","Yorkville","Free Flow","","Sauna..",27,33,6,11
"09/04/2025","9:00 AM","75 min.","Yorkville","Free Flow","","Sauna...",27,33,6,17
"09/04/2025","9:30 AM","75 min.","Yorkville","Free Flow","","Sauna....",31,33,2,19
"09/04/2025","10:00 AM","75 min.","Yorkville","Free Flow","","Sauna..",31,33,2,21
"09/04/2025","10:15 AM","75 min.","Yorkville","Free Flow","","Sauna...",19,33,14,35
"09/04/2025","12:00 PM","60 min.","Yorkville","Guided Up: Feel Good Now - 60 min","","Sauna*",50,60,10,45
"09/04/2025","2:30 PM","75 min.","Yorkville","Free Flow","","Sauna..",7,25,18,63
"09/04/2025","2:45 PM","75 min.","Yorkville","Free Flow","","Sauna...",27,33,6,69
"09/04/2025","3:15 PM","75 min.","Yorkville","Free Flow","","Sauna....",28,33,5,74
"09/04/2025","3:45 PM","75 min.","Yorkville","Free Flow","","Sauna..",25,33,8,82
"09/04/2025","4:15 PM","75 min.","Yorkville","Free Flow","","Sauna.....",17,33,16,98
"09/04/2025","5:30 PM","75 min.","Yorkville","Guided Up: Arctic Tundra","","Sauna*",45,52,7,105
"09/04/2025","6:45 PM","75 min.","Yorkville","Guided All Around: Heart Opener","","Sauna*",19,52,33,138
"09/04/2025","8:00 PM","75 min.","Yorkville","Lively Free Flow","","Sauna....",0,25,25,163
"09/04/2025","8:15 PM","75 min.","Yorkville","Lively Free Flow","","Sauna.....",6,20,14,177
"09/04/2025","8:30 PM","75 min.","Yorkville","Lively Free Flow","","Sauna.",23,25,2,179
"09/04/2025","8:45 PM","75 min.","Yorkville","Lively Free Flow","","Sauna..",9,20,11,190
"09/04/2025","9:00 PM","75 min.","Yorkville","Lively Free Flow","","Sauna...",3,15,12,202
"09/04/2025","9:30 PM","75 min.","Yorkville","Lively Free Flow","","Sauna....",18,25,7,209
"09/04/2025","9:45 PM","75 min.","Yorkville","Lively Free Flow","","Sauna.....",11,20,9,218
"09/05/2025","7:00 AM","75 min.","Yorkville","Guided Down: Deep Stretch","","Sauna*",41,52,11,11
"09/05/2025","8:15 AM","75 min.","Yorkville","Guided Down: Senses","","Sauna*",47,52,5,16
"09/05/2025","9:30 AM","75 min.","Yorkville","Guided Up: Awakening","","Sauna*",45,52,7,23
"09/05/2025","10:45 AM","75 min.","Yorkville","Guided Up: Arctic Tundra","","Sauna*",33,52,19,42
"09/05/2025","12:00 PM","75 min.","Yorkville","Free Flow","","Sauna..",14,33,19,61
"09/05/2025","12:30 PM","75 min.","Yorkville","Free Flow","","Sauna...",20,33,13,74
"09/05/2025","1:00 PM","75 min.","Yorkville","Free Flow","","Sauna....",22,33,11,85
"09/05/2025","1:30 PM","75 min.","Yorkville","Free Flow","","Sauna.....",24,33,9,94
"09/05/2025","2:00 PM","75 min.","Yorkville","Free Flow","","Sauna..",25,33,8,102
"09/05/2025","2:30 PM","75 min.","Yorkville","Free Flow","","Sauna...",19,33,14,116
"09/05/2025","3:00 PM","75 min.","Yorkville","Free Flow","","Sauna....",29,33,4,120
"09/05/2025","3:30 PM","75 min.","Yorkville","Free Flow","","Sauna..",29,33,4,124
"09/05/2025","4:00 PM","75 min.","Yorkville","Free Flow","","Sauna...",24,30,6,130
"09/05/2025","4:30 PM","75 min.","Yorkville","Free Flow","","Sauna....",22,33,11,141
"09/05/2025","5:00 PM","75 min.","Yorkville","Free Flow","","Sauna.....",18,25,7,148
"09/05/2025","5:15 PM","75 min.","Yorkville","Lively Free Flow","","Sauna..",7,25,18,166
"09/05/2025","6:30 PM","75 min.","Yorkville","Guided Down: Sound Immersion","","Sauna*",1,52,51,217
"09/05/2025","7:45 PM","75 min.","Yorkville","Guided All Around: Reflect","","Sauna*",31,52,21,238
"09/05/2025","9:00 PM","120 min.","Yorkville","Social","","Sauna..",0,35,35,273
"09/05/2025","9:15 PM","120 min.","Yorkville","Social","","Sauna.",2,20,18,291
"09/05/2025","9:30 PM","120 min.","Yorkville","Social","","Sauna...",34,50,16,307
"09/06/2025","8:00 AM","75 min.","Yorkville","Guided Down: Unwind","","Sauna*",37,52,15,15
"09/06/2025","9:15 AM","75 min.","Yorkville","Guided Up: Feel Good Now","","Sauna*",47,52,5,20
"09/06/2025","10:30 AM","75 min.","Yorkville","Guided Down: Embodied","","Sauna*",27,52,25,45
"09/06/2025","11:45 AM","75 min.","Yorkville","Guided Down: Sound Immersion","","Sauna*",38,52,14,59
"09/06/2025","1:00 PM","75 min.","Yorkville","Lively Free Flow","","Sauna.....",8,30,22,81
"09/06/2025","1:30 PM","75 min.","Yorkville","Lively Free Flow","","Sauna..",9,30,21,102
"09/06/2025","2:00 PM","75 min.","Yorkville","Lively Free Flow","","Sauna...",15,35,20,122
"09/06/2025","2:30 PM","75 min.","Yorkville","Lively Free Flow","","Sauna....",24,30,6,128
"09/06/2025","3:00 PM","75 min.","Yorkville","Lively Free Flow","","Sauna..",21,30,9,137
"09/06/2025","3:30 PM","75 min.","Yorkville","Lively Free Flow","","Sauna...",29,35,6,143
"09/06/2025","4:00 PM","75 min.","Yorkville","Lively Free Flow","","Sauna....",25,35,10,153
"09/06/2025","4:30 PM","75 min.","Yorkville","Lively Free Flow","","Sauna..",15,30,15,168
"09/06/2025","5:00 PM","75 min.","Yorkville","Lively Free Flow","","Sauna...",17,35,18,186
"09/06/2025","5:30 PM","75 min.","Yorkville","Lively Free Flow","","Sauna....",18,30,12,198
"09/06/2025","6:00 PM","75 min.","Yorkville","Lively Free Flow","","Sauna..",14,30,16,214
"09/06/2025","6:30 PM","75 min.","Yorkville","Lively Free Flow","","Sauna.....",18,30,12,226
"09/06/2025","7:45 PM","75 min.","Yorkville","Guided All Around: Rose, Thorn, Bud","","Sauna*",28,60,32,258
"09/06/2025","9:00 PM","120 min.","Yorkville","Social","","Sauna..",14,35,21,279
"09/06/2025","9:15 PM","120 min.","Yorkville","Social","","Sauna.",13,20,7,286
"09/06/2025","9:30 PM","120 min.","Yorkville","Social","","Sauna...",41,52,11,297
"09/07/2025","7:00 AM","75 min.","Yorkville","Quieter Free Flow","","Sauna..",34,53,19,19
"09/07/2025","8:30 AM","75 min.","Yorkville","Free Flow","","Sauna..",25,53,28,47
"09/07/2025","10:15 AM","75 min.","Yorkville","Guided All Around: Rose, Thorn, Bud","","Sauna*",31,52,21,68
"09/07/2025","11:30 AM","75 min.","Yorkville","Guided Down: Self-Care Sweat","","Sauna*",29,52,23,91
"09/07/2025","12:45 PM","75 min.","Yorkville","Lively Free Flow","","Sauna...",10,25,15,106
"09/07/2025","1:00 PM","75 min.","Yorkville","Lively Free Flow","","Sauna....",7,25,18,124
"09/07/2025","1:30 PM","75 min.","Yorkville","Lively Free Flow","","Sauna.....",22,35,13,137
"09/07/2025","2:00 PM","75 min.","Yorkville","Lively Free Flow","","Sauna..",19,30,11,148
"09/07/2025","2:30 PM","75 min.","Yorkville","Lively Free Flow","","Sauna...",36,40,4,152
"09/07/2025","3:00 PM","75 min.","Yorkville","Lively Free Flow","","Sauna....",16,35,19,171
"09/07/2025","3:30 PM","75 min.","Yorkville","Lively Free Flow","","Sauna..",26,35,9,180
"09/07/2025","4:00 PM","75 min.","Yorkville","Lively Free Flow","","Sauna...",6,25,19,199
"09/07/2025","5:15 PM","75 min.","Yorkville","Guided Down: Sound Immersion","","Sauna*",20,52,32,231
"09/07/2025","6:30 PM","75 min.","Yorkville","Guided All Around: Loving Kindness","","Sauna*",27,52,25,256
"09/07/2025","7:45 PM","75 min.","Yorkville","Free Flow","","Sauna...",1,20,19,275
"09/07/2025","8:00 PM","75 min.","Yorkville","Free Flow","","Sauna.",0,25,25,300
"09/07/2025","8:15 PM","75 min.","Yorkville","Free Flow","","Sauna....",16,25,9,309
"09/07/2025","8:30 PM","75 min.","Yorkville","Free Flow","","Sauna",11,20,9,318
"09/07/2025","8:45 PM","75 min.","Yorkville","Free Flow","","Sauna.....",0,15,15,333
"09/07/2025","9:15 PM","75 min.","Yorkville","Free Flow","","Sauna..",9,25,16,349
"09/07/2025","9:30 PM","75 min.","Yorkville","Free Flow","","Sauna...",5,20,15,364
"08/25/2025","7:00 AM","75 min.","Yorkville","Quieter Free Flow","","Sauna..",28,33,5,5
"08/25/2025","7:30 AM","75 min.","Yorkville","Quieter Free Flow","","Sauna...",33,33,0,5
"08/25/2025","8:00 AM","75 min.","Yorkville","Quieter Free Flow","","Sauna....",31,33,2,7
"08/25/2025","8:30 AM","75 min.","Yorkville","Quieter Free Flow","","Sauna..",29,33,4,11
"08/25/2025","9:00 AM","75 min.","Yorkville","Quieter Free Flow","","Sauna...",24,33,9,20
"08/25/2025","9:30 AM","75 min.","Yorkville","Quieter Free Flow","","Sauna....",27,33,6,26
"08/25/2025","10:00 AM","75 min.","Yorkville","Quieter Free Flow","","Sauna..",29,33,4,30
"08/25/2025","10:15 AM","75 min.","Yorkville","Quieter Free Flow","","Sauna...",17,33,16,46
"08/25/2025","12:00 PM","60 min.","Yorkville","Guided All Around: Loving Kindness - 60 min","","Sauna*",28,60,32,78
"08/25/2025","1:15 PM","75 min.","Yorkville","Free Flow","","Sauna.....",19,33,14,92
"08/25/2025","1:45 PM","75 min.","Yorkville","Free Flow","","Sauna..",28,33,5,97
"08/25/2025","2:15 PM","75 min.","Yorkville","Free Flow","","Sauna...",27,33,6,103
"08/25/2025","2:45 PM","75 min.","Yorkville","Free Flow","","Sauna....",28,33,5,108
"08/25/2025","3:15 PM","75 min.","Yorkville","Free Flow","","Sauna..",25,33,8,116
"08/25/2025","3:45 PM","75 min.","Yorkville","Free Flow","","Sauna.",26,33,7,123
"08/25/2025","4:15 PM","75 min.","Yorkville","Free Flow","","Sauna...",21,33,12,135
"08/25/2025","4:45 PM","75 min.","Yorkville","Free Flow","","Sauna....",22,33,11,146
"08/25/2025","5:15 PM","75 min.","Yorkville","Lively Free Flow","","Sauna.",9,33,24,170
"08/25/2025","6:30 PM","75 min.","Yorkville","Guided All Around: Gratitude","","Sauna*",14,52,38,208
"08/25/2025","7:45 PM","75 min.","Yorkville","Guided All Around: Journey Through the Elements","","Sauna*",13,52,39,247
"08/25/2025","9:00 PM","75 min.","Yorkville","Guided Down: Self-Care Sweat","","Sauna*",28,52,24,271
"08/26/2025","7:00 AM","75 min.","Yorkville","Quieter Free Flow","","Sauna*",24,30,6,6
"08/26/2025","7:30 AM","75 min.","Yorkville","Quieter Free Flow","","Sauna.....",24,25,1,7
"08/26/2025","8:00 AM","75 min.","Yorkville","Quieter Free Flow","","Sauna....",20,20,0,7
"08/26/2025","8:30 AM","75 min.","Yorkville","Quieter Free Flow","","Sauna..",25,33,8,15
"08/26/2025","9:00 AM","75 min.","Yorkville","Quieter Free Flow","","Sauna...",27,33,6,21
"08/26/2025","9:30 AM","75 min.","Yorkville","Quieter Free Flow","","Sauna....",32,33,1,22
"08/26/2025","10:00 AM","75 min.","Yorkville","Quieter Free Flow","","Sauna..",28,33,5,27
"08/26/2025","10:15 AM","75 min.","Yorkville","Quieter Free Flow","","Sauna...",31,33,2,29
"08/26/2025","12:00 PM","60 min.","Yorkville","Guided Down: Pure Presence - 60 min","","Sauna*",28,52,24,53
"08/26/2025","1:15 PM","75 min.","Yorkville","Guided Up: Awakening","","Sauna*",46,52,6,59
"08/26/2025","2:30 PM","75 min.","Yorkville","Free Flow","","Sauna....",18,33,15,74
"08/26/2025","3:00 PM","75 min.","Yorkville","Free Flow","","Sauna.....",26,33,7,81
"08/26/2025","3:30 PM","75 min.","Yorkville","Free Flow","","Sauna.",20,33,13,94
"08/26/2025","4:00 PM","75 min.","Yorkville","Free Flow","","Sauna..",23,33,10,104
"08/26/2025","4:30 PM","75 min.","Yorkville","Free Flow","","Sauna...",30,33,3,107
"08/26/2025","5:00 PM","75 min.","Yorkville","Free Flow","","Sauna....",24,33,9,116
"08/26/2025","5:30 PM","75 min.","Yorkville","Lively Free Flow","","Sauna.....",5,33,28,144
"08/26/2025","6:45 PM","75 min.","Yorkville","Guided Down: Deep Stretch","","Sauna*",9,60,51,195
"08/26/2025","8:00 PM","75 min.","Yorkville","Quieter Free Flow","","Sauna....",0,25,25,220
"08/26/2025","8:15 PM","75 min.","Yorkville","Quieter Free Flow","","Sauna.....",3,20,17,237
"08/26/2025","8:30 PM","75 min.","Yorkville","Quieter Free Flow","","Sauna.",15,25,10,247
"08/26/2025","8:45 PM","75 min.","Yorkville","Quieter Free Flow","","Sauna..",10,20,10,257
"08/26/2025","9:00 PM","75 min.","Yorkville","Quieter Free Flow","","Sauna...",0,15,15,272
"08/26/2025","9:30 PM","75 min.","Yorkville","Quieter Free Flow","","Sauna....",12,25,13,285
"08/26/2025","9:45 PM","75 min.","Yorkville","Quieter Free Flow","","Sauna.....",10,20,10,295
"08/27/2025","7:00 AM","60 min.","Yorkville","Guided Up: Awakening - 60 min","","Sauna*",51,60,9,9
"08/27/2025","8:30 AM","75 min.","Yorkville","Free Flow","","Sauna..",26,33,7,16
"08/27/2025","9:00 AM","75 min.","Yorkville","Free Flow","","Sauna...",30,33,3,19
"08/27/2025","9:30 AM","75 min.","Yorkville","Free Flow","","Sauna....",30,33,3,22
"08/27/2025","10:00 AM","75 min.","Yorkville","Free Flow","","Sauna..",30,33,3,25
"08/27/2025","10:15 AM","75 min.","Yorkville","Free Flow","","Sauna...",21,33,12,37
"08/27/2025","12:00 PM","60 min.","Yorkville","Guided All Around: Gratitude - 60 min","","Sauna..",41,60,19,56
"08/27/2025","1:45 PM","75 min.","Yorkville","Free Flow","","Sauna.....",18,33,15,71
"08/27/2025","2:15 PM","75 min.","Yorkville","Free Flow","","Sauna..",25,33,8,79
"08/27/2025","2:45 PM","75 min.","Yorkville","Free Flow","","Sauna...",30,33,3,82
"08/27/2025","3:15 PM","75 min.","Yorkville","Free Flow","","Sauna....",27,33,6,88
"08/27/2025","3:45 PM","75 min.","Yorkville","Free Flow","","Sauna..",31,33,2,90
"08/27/2025","4:15 PM","75 min.","Yorkville","Free Flow","","Sauna.....",10,33,23,113
"08/27/2025","5:30 PM","75 min.","Yorkville","Guided Down: Sound Immersion","","Sauna*",21,52,31,144
"08/27/2025","6:45 PM","75 min.","Yorkville","Guided All Around: Reset","","Sauna*",29,52,23,167
"08/27/2025","8:00 PM","75 min.","Yorkville","Free Flow","","Sauna....",0,25,25,192
"08/27/2025","8:15 PM","75 min.","Yorkville","Free Flow","","Sauna.....",16,20,4,196
"08/27/2025","8:30 PM","75 min.","Yorkville","Free Flow","","Sauna.",9,25,16,212
"08/27/2025","8:45 PM","75 min.","Yorkville","Free Flow","","Sauna..",15,20,5,217
"08/27/2025","9:00 PM","75 min.","Yorkville","Free Flow","","Sauna...",2,15,13,230
"08/27/2025","9:30 PM","75 min.","Yorkville","Free Flow","","Sauna....",14,25,11,241
"08/27/2025","9:45 PM","75 min.","Yorkville","Free Flow","","Sauna.....",12,20,8,249
"08/28/2025","7:00 AM","60 min.","Yorkville","Guided Down: Sound Immersion - 60 min","","Sauna..",41,60,19,19
"08/28/2025","8:30 AM","75 min.","Yorkville","Free Flow","","Sauna..",26,33,7,26
"08/28/2025","9:00 AM","75 min.","Yorkville","Free Flow","","Sauna...",29,33,4,30
"08/28/2025","9:30 AM","75 min.","Yorkville","Free Flow","","Sauna....",31,33,2,32
"08/28/2025","10:00 AM","75 min.","Yorkville","Free Flow","","Sauna..",25,33,8,40
"08/28/2025","10:15 AM","75 min.","Yorkville","Free Flow","","Sauna...",29,33,4,44
"08/28/2025","12:00 PM","60 min.","Yorkville","Guided Down: Senses - 60 min","","Sauna*",44,60,16,60
"08/28/2025","1:45 PM","75 min.","Yorkville","Free Flow","","Sauna.....",23,33,10,70
"08/28/2025","2:15 PM","75 min.","Yorkville","Free Flow","","Sauna..",30,33,3,73
"08/28/2025","2:45 PM","75 min.","Yorkville","Free Flow","","Sauna...",27,33,6,79
"08/28/2025","3:15 PM","75 min.","Yorkville","Free Flow","","Sauna....",29,33,4,83
"08/28/2025","3:45 PM","75 min.","Yorkville","Free Flow","","Sauna..",15,33,18,101
"08/28/2025","4:15 PM","75 min.","Yorkville","Free Flow","","Sauna.....",18,33,15,116
"08/28/2025","5:30 PM","75 min.","Yorkville","Guided Down: Unwind","","Sauna*",23,52,29,145
"08/28/2025","6:45 PM","75 min.","Yorkville","Guided All Around: Inner Power","","Sauna*",4,52,48,193
"08/28/2025","8:00 PM","75 min.","Yorkville","Lively Free Flow","","Sauna....",1,25,24,217
"08/28/2025","8:15 PM","75 min.","Yorkville","Lively Free Flow","","Sauna.....",0,20,20,237
"08/28/2025","8:30 PM","75 min.","Yorkville","Lively Free Flow","","Sauna.",0,25,25,262
"08/28/2025","8:45 PM","75 min.","Yorkville","Lively Free Flow","","Sauna..",9,20,11,273
"08/28/2025","9:00 PM","75 min.","Yorkville","Lively Free Flow","","Sauna...",0,15,15,288
"08/28/2025","9:30 PM","75 min.","Yorkville","Lively Free Flow","","Sauna....",13,25,12,300
"08/28/2025","9:45 PM","75 min.","Yorkville","Lively Free Flow","","Sauna.....",15,20,5,305
"08/29/2025","7:00 AM","75 min.","Yorkville","Guided Down: Unwind","","Sauna*",37,52,15,15
"08/29/2025","8:15 AM","75 min.","Yorkville","Guided Up: Feel Good Now","","Sauna*",49,52,3,18
"08/29/2025","9:30 AM","75 min.","Yorkville","Guided Down: Sound Immersion","","Sauna*",41,52,11,29
"08/29/2025","10:45 AM","75 min.","Yorkville","Guided Up: Arctic Tundra","","Sauna*",35,52,17,46
"08/29/2025","12:00 PM","75 min.","Yorkville","Free Flow","","Sauna..",19,33,14,60
"08/29/2025","12:30 PM","75 min.","Yorkville","Free Flow","","Sauna...",22,33,11,71
"08/29/2025","1:00 PM","75 min.","Yorkville","Free Flow","","Sauna....",21,33,12,83
"08/29/2025","1:30 PM","75 min.","Yorkville","Free Flow","","Sauna.....",20,33,13,96
"08/29/2025","2:00 PM","75 min.","Yorkville","Free Flow","","Sauna..",21,33,12,108
"08/29/2025","2:30 PM","75 min.","Yorkville","Free Flow","","Sauna...",21,33,12,120
"08/29/2025","3:00 PM","75 min.","Yorkville","Free Flow","","Sauna....",16,33,17,137
"08/29/2025","3:30 PM","75 min.","Yorkville","Free Flow","","Sauna..",26,33,7,144
"08/29/2025","4:00 PM","75 min.","Yorkville","Free Flow","","Sauna...",9,30,21,165
"08/29/2025","4:30 PM","75 min.","Yorkville","Free Flow","","Sauna....",22,33,11,176
"08/29/2025","5:00 PM","75 min.","Yorkville","Free Flow","","Sauna.....",12,25,13,189
"08/29/2025","5:15 PM","75 min.","Yorkville","Lively Free Flow","","Sauna..",6,25,19,208
"08/29/2025","6:30 PM","75 min.","Yorkville","Guided All Around: Rose, Thorn, Bud","","Sauna*",24,52,28,236
"08/29/2025","7:45 PM","75 min.","Yorkville","Guided Up: Awakening","","Sauna*",38,52,14,250
"08/29/2025","9:00 PM","120 min.","Yorkville","Social","","Sauna..",1,53,52,302
"08/29/2025","9:30 PM","120 min.","Yorkville","Social","","Sauna...",41,52,11,313
"08/30/2025","8:00 AM","75 min.","Yorkville","Guided Down: Deep Stretch","","Sauna*",36,52,16,16
"08/30/2025","9:15 AM","75 min.","Yorkville","Guided Down: Sound Immersion","","Sauna*",34,52,18,34
"08/30/2025","10:30 AM","75 min.","Yorkville","Guided Down: Unwind","","Sauna*",31,52,21,55
"08/30/2025","11:45 AM","75 min.","Yorkville","Guided Down: Embodied","","Sauna*",,,,55
"08/30/2025","1:00 PM","75 min.","Yorkville","Lively Free Flow","","Sauna.....",5,30,25,80
"08/30/2025","1:30 PM","75 min.","Yorkville","Lively Free Flow","","Sauna..",21,30,9,89
"08/30/2025","2:00 PM","75 min.","Yorkville","Lively Free Flow","","Sauna...",24,35,11,100
"08/30/2025","2:30 PM","75 min.","Yorkville","Lively Free Flow","","Sauna....",18,30,12,112
"08/30/2025","3:00 PM","75 min.","Yorkville","Lively Free Flow","","Sauna..",22,30,8,120
"08/30/2025","3:30 PM","75 min.","Yorkville","Lively Free Flow","","Sauna...",32,35,3,123
"08/30/2025","4:00 PM","75 min.","Yorkville","Lively Free Flow","","Sauna....",19,35,16,139
"08/30/2025","4:30 PM","75 min.","Yorkville","Lively Free Flow","","Sauna..",28,30,2,141
"08/30/2025","5:00 PM","75 min.","Yorkville","Lively Free Flow","","Sauna...",28,35,7,148
"08/30/2025","5:30 PM","75 min.","Yorkville","Lively Free Flow","","Sauna....",21,30,9,157
"08/30/2025","6:00 PM","75 min.","Yorkville","Lively Free Flow","","Sauna..",20,30,10,167
"08/30/2025","6:30 PM","75 min.","Yorkville","Lively Free Flow","","Sauna.....",17,30,13,180
"08/30/2025","7:45 PM","75 min.","Yorkville","Guided All Around: Loving Kindness","","Sauna*",30,60,30,210
"08/30/2025","9:00 PM","120 min.","Yorkville","Beat Drop: DJ Takeover","","Sauna..",10,53,43,253
"08/30/2025","9:30 PM","120 min.","Yorkville","Beat Drop: DJ Takeover","","Sauna...",34,52,18,271
"08/31/2025","7:00 AM","75 min.","Yorkville","Quieter Free Flow","","Sauna..",40,53,13,13
"08/31/2025","8:30 AM","75 min.","Yorkville","Free Flow","","Sauna..",17,53,36,49
"08/31/2025","10:15 AM","75 min.","Yorkville","Guided All Around: Gratitude","","Sauna*",32,52,20,69
"08/31/2025","11:30 AM","75 min.","Yorkville","Guided All Around: Reset","","Sauna*",4,52,48,117
"08/31/2025","12:45 PM","75 min.","Yorkville","Lively Free Flow","","Sauna...",0,25,25,142
"08/31/2025","1:00 PM","75 min.","Yorkville","Lively Free Flow","","Sauna....",11,25,14,156
"08/31/2025","1:30 PM","75 min.","Yorkville","Lively Free Flow","","Sauna.....",33,35,2,158
"08/31/2025","2:00 PM","75 min.","Yorkville","Lively Free Flow","","Sauna..",20,30,10,168
"08/31/2025","2:30 PM","75 min.","Yorkville","Lively Free Flow","","Sauna...",26,40,14,182
"08/31/2025","3:00 PM","75 min.","Yorkville","Lively Free Flow","","Sauna....",24,35,11,193
"08/31/2025","3:30 PM","75 min.","Yorkville","Lively Free Flow","","Sauna..",24,35,11,204
"08/31/2025","4:00 PM","75 min.","Yorkville","Lively Free Flow","","Sauna...",3,25,22,226
"08/31/2025","5:15 PM","75 min.","Yorkville","Guided Up: Feel Good Now","","Sauna*",34,52,18,244
"08/31/2025","6:30 PM","75 min.","Yorkville","Guided Down: Sound Immersion","","Sauna*",27,52,25,269
"08/31/2025","7:45 PM","75 min.","Yorkville","Free Flow","","Sauna...",2,20,18,287
"08/31/2025","8:00 PM","75 min.","Yorkville","Free Flow","","Sauna.",11,25,14,301
"08/31/2025","8:15 PM","75 min.","Yorkville","Free Flow","","Sauna....",19,25,6,307
"08/31/2025","8:30 PM","75 min.","Yorkville","Free Flow","","Sauna",8,20,12,319
"08/31/2025","8:45 PM","75 min.","Yorkville","Free Flow","","Sauna.....",4,15,11,330
"08/31/2025","9:15 PM","75 min.","Yorkville","Free Flow","","Sauna..",19,25,6,336
"08/31/2025","9:30 PM","75 min.","Yorkville","Free Flow","","Sauna...",8,20,12,348
"08/18/2025","7:00 AM","75 min.","Yorkville","Quieter Free Flow","","Sauna..",18,33,15,15
"08/18/2025","7:30 AM","75 min.","Yorkville","Quieter Free Flow","","Sauna...",30,33,3,18
"08/18/2025","8:00 AM","75 min.","Yorkville","Quieter Free Flow","","Sauna....",33,33,0,18
"08/18/2025","8:30 AM","75 min.","Yorkville","Quieter Free Flow","","Sauna..",31,33,2,20
"08/18/2025","9:00 AM","75 min.","Yorkville","Quieter Free Flow","","Sauna...",30,33,3,23
"08/18/2025","9:30 AM","75 min.","Yorkville","Quieter Free Flow","","Sauna....",30,33,3,26
"08/18/2025","10:00 AM","75 min.","Yorkville","Quieter Free Flow","","Sauna..",25,33,8,34
"08/18/2025","10:15 AM","75 min.","Yorkville","Quieter Free Flow","","Sauna...",24,33,9,43
"08/18/2025","12:00 PM","60 min.","Yorkville","Guided All Around: Sound Immersion - 60 min","","Sauna*",47,60,13,56
"08/18/2025","1:15 PM","75 min.","Yorkville","Free Flow","","Sauna.....",16,33,17,73
"08/18/2025","1:45 PM","75 min.","Yorkville","Free Flow","","Sauna..",27,33,6,79
"08/18/2025","2:15 PM","75 min.","Yorkville","Free Flow","","Sauna...",23,33,10,89
"08/18/2025","2:45 PM","75 min.","Yorkville","Free Flow","","Sauna....",26,33,7,96
"08/18/2025","3:15 PM","75 min.","Yorkville","Free Flow","","Sauna..",31,33,2,98
"08/18/2025","3:45 PM","75 min.","Yorkville","Free Flow","","Sauna.",28,33,5,103
"08/18/2025","4:15 PM","75 min.","Yorkville","Free Flow","","Sauna...",26,33,7,110
"08/18/2025","4:45 PM","75 min.","Yorkville","Free Flow","","Sauna....",24,33,9,119
"08/18/2025","5:15 PM","75 min.","Yorkville","Lively Free Flow","","Sauna.",2,33,31,150
"08/18/2025","6:30 PM","75 min.","Yorkville","Guided Down: Deep Stretch","","Sauna*",29,52,23,173
"08/18/2025","7:45 PM","75 min.","Yorkville","Guided All Around: Reset","","Sauna*",,,,173
"08/18/2025","9:00 PM","120 min.","Yorkville","Friend(ship): A Guided Social","","Sauna*",16,52,36,209
"08/19/2025","7:00 AM","60 min.","Yorkville","Guided Up: Arctic Tundra - 60 min","","Sauna*",46,60,14,14
"08/19/2025","8:30 AM","75 min.","Yorkville","Quieter Free Flow","","Sauna..",32,33,1,15
"08/19/2025","9:00 AM","75 min.","Yorkville","Quieter Free Flow","","Sauna...",29,33,4,19
"08/19/2025","9:30 AM","75 min.","Yorkville","Quieter Free Flow","","Sauna....",29,33,4,23
"08/19/2025","10:00 AM","75 min.","Yorkville","Quieter Free Flow","","Sauna..",29,33,4,27
"08/19/2025","10:15 AM","75 min.","Yorkville","Quieter Free Flow","","Sauna...",24,33,9,36
"08/19/2025","12:00 PM","60 min.","Yorkville","Guided Down: Pure Presence - 60 min","","Sauna*",40,52,12,48
"08/19/2025","1:15 PM","75 min.","Yorkville","Guided All Around: Release","","Sauna*",33,52,19,67
"08/19/2025","2:30 PM","75 min.","Yorkville","Free Flow","","Sauna....",18,33,15,82
"08/19/2025","3:00 PM","75 min.","Yorkville","Free Flow","","Sauna.....",30,33,3,85
"08/19/2025","3:30 PM","75 min.","Yorkville","Free Flow","","Sauna.",25,33,8,93
"08/19/2025","4:00 PM","75 min.","Yorkville","Free Flow","","Sauna..",27,33,6,99
"08/19/2025","4:30 PM","75 min.","Yorkville","Free Flow","","Sauna...",30,33,3,102
"08/19/2025","5:00 PM","75 min.","Yorkville","Free Flow","","Sauna....",5,33,28,130
"08/19/2025","5:30 PM","75 min.","Yorkville","Lively Free Flow","","Sauna.....",1,33,32,162
"08/19/2025","6:45 PM","75 min.","Yorkville","Guided Up: Feel Good Now","","Sauna*",33,60,27,189
"08/19/2025","8:00 PM","75 min.","Yorkville","Quieter Free Flow","","Sauna....",1,25,24,213
"08/19/2025","8:15 PM","75 min.","Yorkville","Quieter Free Flow","","Sauna.....",1,20,19,232
"08/19/2025","8:30 PM","75 min.","Yorkville","Quieter Free Flow","","Sauna.",11,25,14,246
"08/19/2025","8:45 PM","75 min.","Yorkville","Quieter Free Flow","","Sauna..",10,20,10,256
"08/19/2025","9:00 PM","75 min.","Yorkville","Quieter Free Flow","","Sauna...",0,15,15,271
"08/19/2025","9:30 PM","75 min.","Yorkville","Quieter Free Flow","","Sauna....",15,25,10,281
"08/19/2025","9:45 PM","75 min.","Yorkville","Quieter Free Flow","","Sauna.....",11,20,9,290
"08/20/2025","7:00 AM","60 min.","Yorkville","Guided All Around: Reset - 60 min","","Sauna*",47,60,13,13
"08/20/2025","8:30 AM","75 min.","Yorkville","Free Flow","","Sauna..",29,33,4,17
"08/20/2025","9:00 AM","75 min.","Yorkville","Free Flow","","Sauna...",28,33,5,22
"08/20/2025","9:30 AM","75 min.","Yorkville","Free Flow","","Sauna....",31,33,2,24
"08/20/2025","10:00 AM","75 min.","Yorkville","Free Flow","","Sauna..",28,33,5,29
"08/20/2025","10:15 AM","75 min.","Yorkville","Free Flow","","Sauna...",26,33,7,36
"08/20/2025","12:00 PM","60 min.","Yorkville","Guided Down: Pure Presence - 60 min","","Sauna..",42,60,18,54
"08/20/2025","2:45 PM","75 min.","Yorkville","Free Flow","","Sauna...",13,33,20,74
"08/20/2025","3:15 PM","75 min.","Yorkville","Free Flow","","Sauna....",30,33,3,77
"08/20/2025","3:45 PM","75 min.","Yorkville","Free Flow","","Sauna..",18,33,15,92
"08/20/2025","4:15 PM","75 min.","Yorkville","Free Flow","","Sauna.....",15,33,18,110
"08/20/2025","5:30 PM","75 min.","Yorkville","Guided Up: Self-Care Sweat","","Sauna*",13,52,39,149
"08/20/2025","6:45 PM","75 min.","Yorkville","Guided Down: Sound Immersion","","Sauna*",14,52,38,187
"08/20/2025","8:00 PM","75 min.","Yorkville","Free Flow","","Sauna....",0,25,25,212
"08/20/2025","8:15 PM","75 min.","Yorkville","Free Flow","","Sauna.....",1,20,19,231
"08/20/2025","8:30 PM","75 min.","Yorkville","Free Flow","","Sauna.",4,25,21,252
"08/20/2025","8:45 PM","75 min.","Yorkville","Free Flow","","Sauna..",11,20,9,261
"08/20/2025","9:00 PM","75 min.","Yorkville","Free Flow","","Sauna...",0,15,15,276
"08/20/2025","9:30 PM","75 min.","Yorkville","Free Flow","","Sauna....",10,25,15,291
"08/20/2025","9:45 PM","75 min.","Yorkville","Free Flow","","Sauna.....",14,20,6,297
"08/21/2025","7:00 AM","60 min.","Yorkville","Guided Down: Sound Immersion - 60 min","","Sauna..",46,60,14,14
"08/21/2025","8:30 AM","75 min.","Yorkville","Free Flow","","Sauna..",28,33,5,19
"08/21/2025","9:00 AM","75 min.","Yorkville","Free Flow","","Sauna...",32,33,1,20
"08/21/2025","9:30 AM","75 min.","Yorkville","Free Flow","","Sauna....",28,33,5,25
"08/21/2025","10:00 AM","75 min.","Yorkville","Free Flow","","Sauna..",25,33,8,33
"08/21/2025","10:15 AM","75 min.","Yorkville","Free Flow","","Sauna...",24,33,9,42
"08/21/2025","12:00 PM","60 min.","Yorkville","Guided Up: Feel Good Now - 60 min","","Sauna*",52,60,8,50
"08/21/2025","1:45 PM","75 min.","Yorkville","Free Flow","","Sauna.....",29,33,4,54
"08/21/2025","2:15 PM","75 min.","Yorkville","Free Flow","","Sauna..",28,33,5,59
"08/21/2025","2:45 PM","75 min.","Yorkville","Free Flow","","Sauna...",26,33,7,66
"08/21/2025","3:15 PM","75 min.","Yorkville","Free Flow","","Sauna....",26,33,7,73
"08/21/2025","3:45 PM","75 min.","Yorkville","Free Flow","","Sauna..",21,33,12,85
"08/21/2025","4:15 PM","75 min.","Yorkville","Free Flow","","Sauna.....",25,33,8,93
"08/21/2025","4:45 PM","75 min.","Yorkville","Free Flow","","Sauna.",11,33,22,115
"08/21/2025","6:00 PM","75 min.","Yorkville","Guided Up: Arctic Tundra","","Sauna*",24,52,28,143
"08/21/2025","7:15 PM","75 min.","Yorkville","Guided All Around: Heart Opener","","Sauna*",6,52,46,189
"08/22/2025","7:00 AM","75 min.","Yorkville","Guided Down: Deep Stretch","","Sauna*",23,52,29,29
"08/22/2025","8:15 AM","75 min.","Yorkville","Guided Down: Senses","","Sauna*",45,52,7,36
"08/22/2025","9:30 AM","75 min.","Yorkville","Guided Down: Self-Care Sweat","","Sauna*",43,52,9,45
"08/22/2025","10:45 AM","75 min.","Yorkville","Guided Up: Arctic Tundra","","Sauna*",33,52,19,64
"08/22/2025","12:00 PM","75 min.","Yorkville","Free Flow","","Sauna..",15,33,18,82
"08/22/2025","12:30 PM","75 min.","Yorkville","Free Flow","","Sauna...",28,33,5,87
"08/22/2025","1:00 PM","75 min.","Yorkville","Free Flow","","Sauna....",25,33,8,95
"08/22/2025","1:30 PM","75 min.","Yorkville","Free Flow","","Sauna.....",21,33,12,107
"08/22/2025","2:00 PM","75 min.","Yorkville","Free Flow","","Sauna..",24,33,9,116
"08/22/2025","2:30 PM","75 min.","Yorkville","Free Flow","","Sauna...",19,33,14,130
"08/22/2025","3:00 PM","75 min.","Yorkville","Free Flow","","Sauna....",24,33,9,139
"08/22/2025","3:30 PM","75 min.","Yorkville","Free Flow","","Sauna..",25,33,8,147
"08/22/2025","4:00 PM","75 min.","Yorkville","Free Flow","","Sauna...",16,20,4,151
"08/22/2025","4:30 PM","75 min.","Yorkville","Free Flow","","Sauna....",23,33,10,161
"08/22/2025","5:00 PM","75 min.","Yorkville","Free Flow","","Sauna.....",10,20,10,171
"08/22/2025","5:15 PM","75 min.","Yorkville","Lively Free Flow","","Sauna..",4,33,29,200
"08/22/2025","6:30 PM","75 min.","Yorkville","Guided Down: Sound Immersion","","Sauna*",24,52,28,228
"08/22/2025","7:45 PM","75 min.","Yorkville","Guided All Around: Journey Through the Elements","","Sauna*",32,52,20,248
"08/22/2025","9:00 PM","120 min.","Yorkville","Social","","Sauna..",6,53,47,295
"08/22/2025","9:30 PM","120 min.","Yorkville","Social","","Sauna...",34,52,18,313
"08/23/2025","8:00 AM","75 min.","Yorkville","Guided All Around: Reset","","Sauna*",37,52,15,15
"08/23/2025","9:15 AM","75 min.","Yorkville","Guided Down: Deep Stretch","","Sauna*",35,52,17,32
"08/23/2025","10:30 AM","75 min.","Yorkville","Guided Down: Self-Care Sweat","","Sauna*",21,52,31,63
"08/23/2025","11:45 AM","75 min.","Yorkville","Guided Down: Sound Immersion","","Sauna*",24,52,28,91
"08/23/2025","1:00 PM","75 min.","Yorkville","Lively Free Flow","","Sauna.....",9,30,21,112
"08/23/2025","1:30 PM","75 min.","Yorkville","Lively Free Flow","","Sauna..",16,30,14,126
"08/23/2025","2:00 PM","75 min.","Yorkville","Lively Free Flow","","Sauna...",24,35,11,137
"08/23/2025","2:30 PM","75 min.","Yorkville","Lively Free Flow","","Sauna....",16,30,14,151
"08/23/2025","3:00 PM","75 min.","Yorkville","Lively Free Flow","","Sauna..",18,30,12,163
"08/23/2025","3:30 PM","75 min.","Yorkville","Lively Free Flow","","Sauna...",16,35,19,182
"08/23/2025","4:00 PM","75 min.","Yorkville","Lively Free Flow","","Sauna....",16,30,14,196
"08/23/2025","4:30 PM","75 min.","Yorkville","Lively Free Flow","","Sauna..",8,30,22,218
"08/23/2025","5:00 PM","75 min.","Yorkville","Lively Free Flow","","Sauna...",18,35,17,235
"08/23/2025","5:30 PM","75 min.","Yorkville","Lively Free Flow","","Sauna....",16,30,14,249
"08/23/2025","6:00 PM","75 min.","Yorkville","Lively Free Flow","","Sauna..",20,30,10,259
"08/23/2025","6:30 PM","75 min.","Yorkville","Lively Free Flow","","Sauna.....",20,35,15,274
"08/23/2025","7:45 PM","75 min.","Yorkville","Guided All Around: Rose, Thorn, Bud","","Sauna*",24,52,28,302
"08/23/2025","9:00 PM","120 min.","Yorkville","Social","","Sauna..",21,53,32,334
"08/23/2025","9:30 PM","120 min.","Yorkville","Social","","Sauna...",40,52,12,346
"08/24/2025","7:00 AM","75 min.","Yorkville","Quieter Free Flow","","Sauna..",37,53,16,16
"08/24/2025","8:30 AM","75 min.","Yorkville","Free Flow","","Sauna..",29,53,24,40
"08/24/2025","10:15 AM","75 min.","Yorkville","Guided All Around: Reset","","Sauna*",28,52,24,64
"08/24/2025","11:30 AM","75 min.","Yorkville","Guided All Around: Acceptance","","Sauna*",30,52,22,86
"08/24/2025","12:45 PM","75 min.","Yorkville","Lively Free Flow","","Sauna...",3,20,17,103
"08/24/2025","1:00 PM","75 min.","Yorkville","Lively Free Flow","","Sauna....",3,20,17,120
"08/24/2025","1:30 PM","75 min.","Yorkville","Lively Free Flow","","Sauna.....",18,35,17,137
"08/24/2025","2:00 PM","75 min.","Yorkville","Lively Free Flow","","Sauna..",18,20,2,139
"08/24/2025","2:30 PM","75 min.","Yorkville","Lively Free Flow","","Sauna...",23,40,17,156
"08/24/2025","3:00 PM","75 min.","Yorkville","Lively Free Flow","","Sauna....",21,35,14,170
"08/24/2025","3:30 PM","75 min.","Yorkville","Lively Free Flow","","Sauna..",2,20,18,188
"08/24/2025","4:00 PM","75 min.","Yorkville","Lively Free Flow","","Sauna...",15,40,25,213
"08/24/2025","5:15 PM","75 min.","Yorkville","Guided Up: Self-Care Sweat","","Sauna*",22,52,30,243
"08/24/2025","6:30 PM","75 min.","Yorkville","Guided All Around: Loving Kindness","","Sauna*",31,52,21,264
"08/24/2025","7:45 PM","75 min.","Yorkville","Free Flow","","Sauna...",1,20,19,283
"08/24/2025","8:00 PM","75 min.","Yorkville","Free Flow","","Sauna.",3,25,22,305
"08/24/2025","8:15 PM","75 min.","Yorkville","Free Flow","","Sauna....",7,25,18,323
"08/24/2025","8:30 PM","75 min.","Yorkville","Free Flow","","Sauna",12,20,8,331
"08/24/2025","8:45 PM","75 min.","Yorkville","Free Flow","","Sauna.....",6,15,9,340
"08/24/2025","9:15 PM","75 min.","Yorkville","Free Flow","","Sauna..",15,25,10,350
"08/24/2025","9:30 PM","75 min.","Yorkville","Free Flow","","Sauna...",11,20,9,359
"08/11/2025","7:00 AM","75 min.","Yorkville","Quieter Free Flow","","Sauna..",28,33,5,5
"08/11/2025","7:30 AM","75 min.","Yorkville","Quieter Free Flow","","Sauna...",29,33,4,9
"08/11/2025","8:00 AM","75 min.","Yorkville","Quieter Free Flow","","Sauna....",31,33,2,11
"08/11/2025","8:30 AM","75 min.","Yorkville","Quieter Free Flow","","Sauna..",31,33,2,13
"08/11/2025","9:00 AM","75 min.","Yorkville","Quieter Free Flow","","Sauna...",30,33,3,16
"08/11/2025","9:30 AM","75 min.","Yorkville","Quieter Free Flow","","Sauna....",28,33,5,21
"08/11/2025","10:00 AM","75 min.","Yorkville","Quieter Free Flow","","Sauna..",26,33,7,28
"08/11/2025","10:15 AM","75 min.","Yorkville","Quieter Free Flow","","Sauna...",26,33,7,35
"08/11/2025","12:00 PM","60 min.","Yorkville","Guided All Around: Loving Kindness - 60 min","","Sauna*",43,60,17,52
"08/11/2025","1:15 PM","75 min.","Yorkville","Free Flow","","Sauna.....",25,33,8,60
"08/11/2025","1:45 PM","75 min.","Yorkville","Free Flow","","Sauna..",28,33,5,65
"08/11/2025","2:15 PM","75 min.","Yorkville","Free Flow","","Sauna...",30,33,3,68
"08/11/2025","2:45 PM","75 min.","Yorkville","Free Flow","","Sauna....",27,33,6,74
"08/11/2025","3:15 PM","75 min.","Yorkville","Free Flow","","Sauna..",27,33,6,80
"08/11/2025","3:45 PM","75 min.","Yorkville","Free Flow","","Sauna.",26,33,7,87
"08/11/2025","4:15 PM","75 min.","Yorkville","Free Flow","","Sauna...",32,33,1,88
"08/11/2025","4:45 PM","75 min.","Yorkville","Free Flow","","Sauna....",19,33,14,102
"08/11/2025","5:15 PM","75 min.","Yorkville","Lively Free Flow","","Sauna.",8,33,25,127
"08/11/2025","6:30 PM","75 min.","Yorkville","Guided All Around: Hardwiring Happiness","","Sauna*",20,52,32,159
"08/11/2025","7:45 PM","75 min.","Yorkville","Guided All Around: Gratitude","","Sauna*",18,52,34,193
"08/11/2025","9:00 PM","75 min.","Yorkville","Guided Down: Embodied","","Sauna*",12,52,40,233
"08/12/2025","7:00 AM","60 min.","Yorkville","Guided Up: Arctic Tundra - 60 min","","Sauna*",45,60,15,15
"08/12/2025","8:30 AM","75 min.","Yorkville","Quieter Free Flow","","Sauna..",31,33,2,17
"08/12/2025","9:00 AM","75 min.","Yorkville","Quieter Free Flow","","Sauna...",31,33,2,19
"08/12/2025","9:30 AM","75 min.","Yorkville","Quieter Free Flow","","Sauna....",26,33,7,26
"08/12/2025","10:00 AM","75 min.","Yorkville","Quieter Free Flow","","Sauna..",24,33,9,35
"08/12/2025","10:15 AM","75 min.","Yorkville","Quieter Free Flow","","Sauna...",30,33,3,38
"08/12/2025","12:00 PM","60 min.","Yorkville","Guided Down: Pure Presence - 60 min","","Sauna*",34,52,18,56
"08/12/2025","1:15 PM","75 min.","Yorkville","Free Flow","","Sauna*",26,30,4,60
"08/12/2025","1:30 PM","75 min.","Yorkville","Free Flow","","Sauna..",19,20,1,61
"08/12/2025","2:00 PM","75 min.","Yorkville","Free Flow","","Sauna...",17,20,3,64
"08/12/2025","2:30 PM","75 min.","Yorkville","Free Flow","","Sauna....",24,33,9,73
"08/12/2025","3:00 PM","75 min.","Yorkville","Free Flow","","Sauna.....",28,33,5,78
"08/12/2025","3:30 PM","75 min.","Yorkville","Free Flow","","Sauna.",30,33,3,81
"08/12/2025","4:00 PM","75 min.","Yorkville","Free Flow","","Sauna..",27,33,6,87
"08/12/2025","4:30 PM","75 min.","Yorkville","Free Flow","","Sauna...",27,33,6,93
"08/12/2025","5:00 PM","75 min.","Yorkville","Free Flow","","Sauna....",24,33,9,102
"08/12/2025","5:30 PM","75 min.","Yorkville","Lively Free Flow","","Sauna.....",8,33,25,127
"08/12/2025","6:00 PM","75 min.","Yorkville","Lively Free Flow","","Sauna.",7,33,26,153
"08/12/2025","7:15 PM","75 min.","Yorkville","Guided All Around: Journey Through the Elements","","Sauna*",9,60,51,204
"08/12/2025","9:00 PM","120 min.","Yorkville","Runner's Night","","Sauna...",9,53,44,248
"08/12/2025","9:15 PM","120 min.","Yorkville","Runner's Night","","Sauna..",0,52,52,300
"08/13/2025","7:00 AM","60 min.","Yorkville","Guided Up: Self-Care Sweat - 60 min","","Sauna*",47,60,13,13
"08/13/2025","8:30 AM","75 min.","Yorkville","Free Flow","","Sauna..",23,33,10,23
"08/13/2025","9:00 AM","75 min.","Yorkville","Free Flow","","Sauna...",29,33,4,27
"08/13/2025","9:30 AM","75 min.","Yorkville","Free Flow","","Sauna....",33,33,0,27
"08/13/2025","10:00 AM","75 min.","Yorkville","Free Flow","","Sauna..",29,33,4,31
"08/13/2025","10:15 AM","75 min.","Yorkville","Free Flow","","Sauna...",26,33,7,38
"08/13/2025","12:00 PM","60 min.","Yorkville","Guided All Around: Heart Opener - 60 min","","Sauna..",48,60,12,50
"08/13/2025","1:45 PM","75 min.","Yorkville","Free Flow","","Sauna.....",25,33,8,58
"08/13/2025","2:15 PM","75 min.","Yorkville","Free Flow","","Sauna..",20,33,13,71
"08/13/2025","2:45 PM","75 min.","Yorkville","Free Flow","","Sauna...",31,33,2,73
"08/13/2025","3:15 PM","75 min.","Yorkville","Free Flow","","Sauna....",28,33,5,78
"08/13/2025","3:45 PM","75 min.","Yorkville","Free Flow","","Sauna..",24,33,9,87
"08/13/2025","4:15 PM","75 min.","Yorkville","Free Flow","","Sauna.....",20,33,13,100
"08/13/2025","5:30 PM","75 min.","Yorkville","Guided Down: Sound Immersion","","Sauna*",29,52,23,123
"08/13/2025","6:45 PM","75 min.","Yorkville","Guided All Around: A-Z Emotions","","Sauna*",29,52,23,146
"08/13/2025","8:00 PM","75 min.","Yorkville","Free Flow","","Sauna....",0,25,25,171
"08/13/2025","8:15 PM","75 min.","Yorkville","Free Flow","","Sauna.....",0,20,20,191
"08/13/2025","8:30 PM","75 min.","Yorkville","Free Flow","","Sauna.",1,25,24,215
"08/13/2025","8:45 PM","75 min.","Yorkville","Free Flow","","Sauna..",10,20,10,225
"08/13/2025","9:00 PM","75 min.","Yorkville","Free Flow","","Sauna...",0,15,15,240
"08/13/2025","9:30 PM","75 min.","Yorkville","Free Flow","","Sauna....",14,25,11,251
"08/13/2025","9:45 PM","75 min.","Yorkville","Free Flow","","Sauna.....",9,20,11,262
"08/14/2025","7:00 AM","60 min.","Yorkville","Guided Down: Sound Immersion - 60 min","","Sauna..",48,60,12,12
"08/14/2025","8:30 AM","75 min.","Yorkville","Free Flow","","Sauna..",25,33,8,20
"08/14/2025","9:00 AM","75 min.","Yorkville","Free Flow","","Sauna...",30,33,3,23
"08/14/2025","9:30 AM","75 min.","Yorkville","Free Flow","","Sauna....",30,33,3,26
"08/14/2025","10:00 AM","75 min.","Yorkville","Free Flow","","Sauna..",28,33,5,31
"08/14/2025","10:15 AM","75 min.","Yorkville","Free Flow","","Sauna...",30,33,3,34
"08/14/2025","12:00 PM","60 min.","Yorkville","Guided Down: Senses - 60 min","","Sauna*",53,60,7,41
"08/14/2025","1:45 PM","75 min.","Yorkville","Free Flow","","Sauna.....",18,33,15,56
"08/14/2025","2:15 PM","75 min.","Yorkville","Free Flow","","Sauna..",23,33,10,66
"08/14/2025","2:45 PM","75 min.","Yorkville","Free Flow","","Sauna...",29,33,4,70
"08/14/2025","3:15 PM","75 min.","Yorkville","Free Flow","","Sauna....",29,33,4,74
"08/14/2025","3:45 PM","75 min.","Yorkville","Free Flow","","Sauna..",27,33,6,80
"08/14/2025","4:15 PM","75 min.","Yorkville","Free Flow","","Sauna.....",19,33,14,94
"08/14/2025","5:30 PM","75 min.","Yorkville","Guided All Around: Acceptance","","Sauna*",25,52,27,121
"08/14/2025","6:45 PM","75 min.","Yorkville","Guided Down: Self-Care Sweat","","Sauna*",27,52,25,146
"08/14/2025","8:00 PM","75 min.","Yorkville","Lively Free Flow","","Sauna....",2,25,23,169
"08/14/2025","8:15 PM","75 min.","Yorkville","Lively Free Flow","","Sauna.....",3,20,17,186
"08/14/2025","8:30 PM","75 min.","Yorkville","Lively Free Flow","","Sauna.",11,25,14,200
"08/14/2025","8:45 PM","75 min.","Yorkville","Lively Free Flow","","Sauna..",9,20,11,211
"08/14/2025","9:00 PM","75 min.","Yorkville","Lively Free Flow","","Sauna...",2,15,13,224
"08/14/2025","9:30 PM","75 min.","Yorkville","Lively Free Flow","","Sauna....",8,25,17,241
"08/14/2025","9:45 PM","75 min.","Yorkville","Lively Free Flow","","Sauna.....",16,20,4,245
"08/15/2025","7:00 AM","75 min.","Yorkville","Guided Down: Unwind","","Sauna*",41,52,11,11
"08/15/2025","8:15 AM","75 min.","Yorkville","Guided Up: Feel Good Now","","Sauna*",43,52,9,20
"08/15/2025","9:30 AM","75 min.","Yorkville","Guided Down: Pure Presence","","Sauna*",27,52,25,45
"08/15/2025","10:45 AM","75 min.","Yorkville","Free Flow","","Sauna*",47,52,5,50
"08/15/2025","11:30 AM","75 min.","Yorkville","Free Flow","","Sauna.....",23,25,2,52
"08/15/2025","12:00 PM","75 min.","Yorkville","Free Flow","","Sauna..",26,33,7,59
"08/15/2025","12:30 PM","75 min.","Yorkville","Free Flow","","Sauna...",27,33,6,65
"08/15/2025","1:00 PM","75 min.","Yorkville","Free Flow","","Sauna....",23,33,10,75
"08/15/2025","1:30 PM","75 min.","Yorkville","Free Flow","","Sauna.....",25,33,8,83
"08/15/2025","2:00 PM","75 min.","Yorkville","Free Flow","","Sauna..",21,33,12,95
"08/15/2025","2:30 PM","75 min.","Yorkville","Free Flow","","Sauna...",26,33,7,102
"08/15/2025","3:00 PM","75 min.","Yorkville","Free Flow","","Sauna....",28,33,5,107
"08/15/2025","3:30 PM","75 min.","Yorkville","Free Flow","","Sauna..",27,33,6,113
"08/15/2025","4:00 PM","75 min.","Yorkville","Free Flow","","Sauna...",8,20,12,125
"08/15/2025","4:30 PM","75 min.","Yorkville","Free Flow","","Sauna....",28,33,5,130
"08/15/2025","5:00 PM","75 min.","Yorkville","Free Flow","","Sauna.....",9,20,11,141
"08/15/2025","5:15 PM","75 min.","Yorkville","Lively Free Flow","","Sauna..",10,33,23,164
"08/15/2025","6:30 PM","75 min.","Yorkville","Guided All Around: Rose, Thorn, Bud","","Sauna*",2,52,50,214
"08/15/2025","7:45 PM","75 min.","Yorkville","Guided All Around: Reflect","","Sauna*",17,52,35,249
"08/15/2025","9:00 PM","120 min.","Yorkville","Social","","Sauna..",16,53,37,286
"08/15/2025","9:30 PM","120 min.","Yorkville","Social","","Sauna...",44,52,8,294
"08/16/2025","8:00 AM","75 min.","Yorkville","Guided Down: Embodied","","Sauna*",39,52,13,13
"08/16/2025","9:15 AM","75 min.","Yorkville","Guided Down: Sound Immersion","","Sauna*",32,52,20,33
"08/16/2025","10:30 AM","75 min.","Yorkville","Guided All Around: Reset","","Sauna*",17,52,35,68
"08/16/2025","11:45 AM","75 min.","Yorkville","Guided Up: Self-Care Sweat","","Sauna*",30,52,22,90
"08/16/2025","1:00 PM","75 min.","Yorkville","Lively Free Flow","","Sauna.....",4,30,26,116
"08/16/2025","1:30 PM","75 min.","Yorkville","Lively Free Flow","","Sauna..",15,30,15,131
"08/16/2025","2:00 PM","75 min.","Yorkville","Lively Free Flow","","Sauna...",26,35,9,140
"08/16/2025","2:30 PM","75 min.","Yorkville","Lively Free Flow","","Sauna....",19,30,11,151
"08/16/2025","3:00 PM","75 min.","Yorkville","Lively Free Flow","","Sauna..",18,30,12,163
"08/16/2025","3:30 PM","75 min.","Yorkville","Lively Free Flow","","Sauna...",32,35,3,166
"08/16/2025","4:00 PM","75 min.","Yorkville","Lively Free Flow","","Sauna....",25,30,5,171
"08/16/2025","4:30 PM","75 min.","Yorkville","Lively Free Flow","","Sauna..",16,30,14,185
"08/16/2025","5:00 PM","75 min.","Yorkville","Lively Free Flow","","Sauna...",23,35,12,197
"08/16/2025","5:30 PM","75 min.","Yorkville","Lively Free Flow","","Sauna....",25,30,5,202
"08/16/2025","6:00 PM","75 min.","Yorkville","Lively Free Flow","","Sauna..",16,25,9,211
"08/16/2025","6:15 PM","75 min.","Yorkville","Lively Free Flow","","Sauna.....",1,30,29,240
"08/16/2025","7:30 PM","75 min.","Yorkville","Guided Down: Self-Care Sweat","","Sauna*",21,60,39,279
"08/16/2025","9:15 PM","120 min.","Yorkville","Lovership: A Singles Social – Women’s Arrival","","Sauna..",2,52,50,329
"08/16/2025","9:30 PM","120 min.","Yorkville","Lovership: A Singles Social – Men’s Arrival","","Sauna...",1,52,51,380
"08/17/2025","7:00 AM","75 min.","Yorkville","Quieter Free Flow","","Sauna..",35,53,18,18
"08/17/2025","8:30 AM","75 min.","Yorkville","Free Flow","","Sauna..",28,53,25,43
"08/17/2025","10:15 AM","75 min.","Yorkville","Guided All Around: Rose, Thorn, Bud","","Sauna*",35,52,17,60
"08/17/2025","11:30 AM","75 min.","Yorkville","Guided All Around: Reset","","Sauna*",27,52,25,85
"08/17/2025","12:45 PM","75 min.","Yorkville","Lively Free Flow","","Sauna...",0,20,20,105
"08/17/2025","1:00 PM","75 min.","Yorkville","Lively Free Flow","","Sauna....",4,20,16,121
"08/17/2025","1:30 PM","75 min.","Yorkville","Lively Free Flow","","Sauna.....",26,35,9,130
"08/17/2025","2:00 PM","75 min.","Yorkville","Lively Free Flow","","Sauna..",13,20,7,137
"08/17/2025","2:30 PM","75 min.","Yorkville","Lively Free Flow","","Sauna...",31,40,9,146
"08/17/2025","3:00 PM","75 min.","Yorkville","Lively Free Flow","","Sauna....",28,35,7,153
"08/17/2025","3:30 PM","75 min.","Yorkville","Lively Free Flow","","Sauna..",8,20,12,165
"08/17/2025","4:00 PM","75 min.","Yorkville","Lively Free Flow","","Sauna...",24,40,16,181
"08/17/2025","5:15 PM","75 min.","Yorkville","Guided All Around: Journey Through the Elements","","Sauna*",16,52,36,217
"08/17/2025","6:30 PM","75 min.","Yorkville","Guided Down: Sound Immersion","","Sauna*",28,52,24,241
"08/17/2025","7:45 PM","75 min.","Yorkville","Free Flow","","Sauna...",0,20,20,261
"08/17/2025","8:00 PM","75 min.","Yorkville","Free Flow","","Sauna.",1,25,24,285
"08/17/2025","8:15 PM","75 min.","Yorkville","Free Flow","","Sauna....",15,25,10,295
"08/17/2025","8:30 PM","75 min.","Yorkville","Free Flow","","Sauna",4,20,16,311
"08/17/2025","8:45 PM","75 min.","Yorkville","Free Flow","","Sauna.....",13,15,2,313
"08/17/2025","9:15 PM","75 min.","Yorkville","Free Flow","","Sauna..",13,25,12,325
"08/17/2025","9:30 PM","75 min.","Yorkville","Free Flow","","Sauna...",10,20,10,335
"08/04/2025","7:00 AM","75 min.","Yorkville","Free Flow","","Sauna..",29,33,4,4
"08/04/2025","7:30 AM","75 min.","Yorkville","Free Flow","","Sauna...",29,33,4,8
"08/04/2025","8:00 AM","75 min.","Yorkville","Free Flow","","Sauna....",31,33,2,10
"08/04/2025","8:30 AM","75 min.","Yorkville","Free Flow","","Sauna..",27,33,6,16
"08/04/2025","9:00 AM","75 min.","Yorkville","Free Flow","","Sauna...",29,33,4,20
"08/04/2025","9:30 AM","75 min.","Yorkville","Free Flow","","Sauna....",25,33,8,28
"08/04/2025","10:00 AM","75 min.","Yorkville","Free Flow","","Sauna..",27,33,6,34
"08/04/2025","10:15 AM","75 min.","Yorkville","Free Flow","","Sauna...",10,33,23,57
"08/04/2025","12:00 PM","60 min.","Yorkville","Guided All Around: Sound Immersion - 60 min","","Sauna*",23,60,37,94
"08/04/2025","1:15 PM","75 min.","Yorkville","Free Flow","","Sauna.....",4,33,29,123
"08/04/2025","1:45 PM","75 min.","Yorkville","Free Flow","","Sauna..",20,33,13,136
"08/04/2025","2:15 PM","75 min.","Yorkville","Free Flow","","Sauna...",21,33,12,148
"08/04/2025","2:45 PM","75 min.","Yorkville","Free Flow","","Sauna....",26,33,7,155
"08/04/2025","3:15 PM","75 min.","Yorkville","Free Flow","","Sauna..",28,33,5,160
"08/04/2025","3:45 PM","75 min.","Yorkville","Free Flow","","Sauna.",23,33,10,170
"08/04/2025","4:15 PM","75 min.","Yorkville","Free Flow","","Sauna...",19,33,14,184
"08/04/2025","4:45 PM","75 min.","Yorkville","Free Flow","","Sauna....",6,33,27,211
"08/04/2025","5:15 PM","75 min.","Yorkville","Lively Free Flow","","Sauna.",2,33,31,242
"08/04/2025","6:30 PM","75 min.","Yorkville","Guided Down: Self-Care Sweat","","Sauna*",22,52,30,272
"08/04/2025","7:45 PM","75 min.","Yorkville","Guided All Around: Rose, Thorn, Bud","","Sauna*",28,52,24,296
"08/04/2025","9:00 PM","75 min.","Yorkville","Guided All Around: Journey Through the Elements","","Sauna*",33,52,19,315
"08/05/2025","7:00 AM","60 min.","Yorkville","Guided Up: Arctic Tundra - 60 min","","Sauna*",55,60,5,5
"08/05/2025","8:30 AM","75 min.","Yorkville","Quieter Free Flow","","Sauna..",27,33,6,11
"08/05/2025","9:00 AM","75 min.","Yorkville","Quieter Free Flow","","Sauna...",30,33,3,14
"08/05/2025","9:30 AM","75 min.","Yorkville","Quieter Free Flow","","Sauna....",25,33,8,22
"08/05/2025","10:00 AM","75 min.","Yorkville","Quieter Free Flow","","Sauna..",31,33,2,24
"08/05/2025","10:15 AM","75 min.","Yorkville","Quieter Free Flow","","Sauna...",25,33,8,32
"08/05/2025","12:00 PM","60 min.","Yorkville","Guided All Around: A-Z Emotions - 60 min","","Sauna*",43,52,9,41
"08/05/2025","1:15 PM","75 min.","Yorkville","Guided All Around: Release","","Sauna*",34,52,18,59
"08/05/2025","2:30 PM","75 min.","Yorkville","Free Flow","","Sauna....",26,33,7,66
"08/05/2025","3:00 PM","75 min.","Yorkville","Free Flow","","Sauna.....",32,33,1,67
"08/05/2025","3:30 PM","75 min.","Yorkville","Free Flow","","Sauna.",31,33,2,69
"08/05/2025","4:00 PM","75 min.","Yorkville","Free Flow","","Sauna..",31,33,2,71
"08/05/2025","4:30 PM","75 min.","Yorkville","Free Flow","","Sauna...",26,33,7,78
"08/05/2025","5:00 PM","75 min.","Yorkville","Free Flow","","Sauna....",20,33,13,91
"08/05/2025","5:30 PM","75 min.","Yorkville","Lively Free Flow","","Sauna.....",17,33,16,107
"08/05/2025","6:45 PM","75 min.","Yorkville","Guided Down: Deep Stretch","","Sauna*",17,60,43,150
"08/05/2025","8:00 PM","75 min.","Yorkville","Quieter Free Flow","","Sauna....",3,25,22,172
"08/05/2025","8:15 PM","75 min.","Yorkville","Quieter Free Flow","","Sauna.....",14,20,6,178
"08/05/2025","8:30 PM","75 min.","Yorkville","Quieter Free Flow","","Sauna.",16,25,9,187
"08/05/2025","8:45 PM","75 min.","Yorkville","Quieter Free Flow","","Sauna..",3,20,17,204
"08/05/2025","9:00 PM","75 min.","Yorkville","Quieter Free Flow","","Sauna...",0,15,15,219
"08/05/2025","9:30 PM","75 min.","Yorkville","Quieter Free Flow","","Sauna....",14,25,11,230
"08/05/2025","9:45 PM","75 min.","Yorkville","Quieter Free Flow","","Sauna.....",14,20,6,236
"08/06/2025","7:00 AM","75 min.","Yorkville","Free Flow","","Sauna.....",21,25,4,4
"08/06/2025","7:30 AM","75 min.","Yorkville","Free Flow","","Sauna....",16,20,4,8
"08/06/2025","8:00 AM","75 min.","Yorkville","Free Flow","","Sauna.",20,20,0,8
"08/06/2025","8:30 AM","75 min.","Yorkville","Free Flow","","Sauna..",30,33,3,11
"08/06/2025","9:00 AM","75 min.","Yorkville","Free Flow","","Sauna...",33,33,0,11
"08/06/2025","9:30 AM","75 min.","Yorkville","Free Flow","","Sauna....",32,33,1,12
"08/06/2025","10:00 AM","75 min.","Yorkville","Free Flow","","Sauna..",30,33,3,15
"08/06/2025","10:15 AM","75 min.","Yorkville","Free Flow","","Sauna...",28,33,5,20
"08/06/2025","12:00 PM","60 min.","Yorkville","Guided Down: Pure Presence - 60 min","","Sauna..",44,60,16,36
"08/06/2025","1:45 PM","75 min.","Yorkville","Free Flow","","Sauna.....",18,33,15,51
"08/06/2025","2:15 PM","75 min.","Yorkville","Free Flow","","Sauna..",32,33,1,52
"08/06/2025","2:45 PM","75 min.","Yorkville","Free Flow","","Sauna...",29,33,4,56
"08/06/2025","3:15 PM","75 min.","Yorkville","Free Flow","","Sauna....",28,33,5,61
"08/06/2025","3:45 PM","75 min.","Yorkville","Free Flow","","Sauna..",23,33,10,71
"08/06/2025","4:15 PM","75 min.","Yorkville","Free Flow","","Sauna.....",21,33,12,83
"08/06/2025","5:30 PM","75 min.","Yorkville","Guided Up: Self-Care Sweat","","Sauna*",23,52,29,112
"08/06/2025","6:45 PM","75 min.","Yorkville","Guided All Around: Reset","","Sauna*",25,60,35,147
"08/06/2025","8:00 PM","75 min.","Yorkville","Free Flow","","Sauna....",1,25,24,171
"08/06/2025","8:15 PM","75 min.","Yorkville","Free Flow","","Sauna.....",4,20,16,187
"08/06/2025","8:30 PM","75 min.","Yorkville","Free Flow","","Sauna.",8,25,17,204
"08/06/2025","8:45 PM","75 min.","Yorkville","Free Flow","","Sauna..",2,20,18,222
"08/06/2025","9:00 PM","75 min.","Yorkville","Free Flow","","Sauna...",1,15,14,236
"08/06/2025","9:30 PM","75 min.","Yorkville","Free Flow","","Sauna....",1,25,24,260
"08/06/2025","9:45 PM","75 min.","Yorkville","Free Flow","","Sauna.....",8,20,12,272
"08/07/2025","7:00 AM","60 min.","Yorkville","Guided Down: Sound Immersion - 60 min","","Sauna..",47,60,13,13
"08/07/2025","8:30 AM","75 min.","Yorkville","Free Flow","","Sauna..",26,33,7,20
"08/07/2025","9:00 AM","75 min.","Yorkville","Free Flow","","Sauna...",31,33,2,22
"08/07/2025","9:30 AM","75 min.","Yorkville","Free Flow","","Sauna....",28,33,5,27
"08/07/2025","10:00 AM","75 min.","Yorkville","Free Flow","","Sauna..",28,33,5,32
"08/07/2025","10:15 AM","75 min.","Yorkville","Free Flow","","Sauna...",27,33,6,38
"08/07/2025","12:00 PM","60 min.","Yorkville","Guided Up: Feel Good Now - 60 min","","Sauna*",47,60,13,51
"08/07/2025","1:45 PM","75 min.","Yorkville","Free Flow","","Sauna.....",20,33,13,64
"08/07/2025","2:15 PM","75 min.","Yorkville","Free Flow","","Sauna..",30,33,3,67
"08/07/2025","2:45 PM","75 min.","Yorkville","Free Flow","","Sauna...",30,33,3,70
"08/07/2025","3:15 PM","75 min.","Yorkville","Free Flow","","Sauna....",27,33,6,76
"08/07/2025","3:45 PM","75 min.","Yorkville","Free Flow","","Sauna..",28,33,5,81
"08/07/2025","4:15 PM","75 min.","Yorkville","Free Flow","","Sauna.....",13,33,20,101
"08/07/2025","5:30 PM","75 min.","Yorkville","Guided Up: Arctic Tundra","","Sauna*",33,52,19,120
"08/07/2025","6:45 PM","75 min.","Yorkville","Guided All Around: Heart Opener","","Sauna*",5,52,47,167
"08/07/2025","8:00 PM","75 min.","Yorkville","Lively Free Flow","","Sauna....",0,25,25,192
"08/07/2025","8:15 PM","75 min.","Yorkville","Lively Free Flow","","Sauna.....",2,20,18,210
"08/07/2025","8:30 PM","75 min.","Yorkville","Lively Free Flow","","Sauna.",13,25,12,222
"08/07/2025","8:45 PM","75 min.","Yorkville","Lively Free Flow","","Sauna..",12,20,8,230
"08/07/2025","9:00 PM","75 min.","Yorkville","Lively Free Flow","","Sauna...",3,15,12,242
"08/07/2025","9:30 PM","75 min.","Yorkville","Lively Free Flow","","Sauna....",18,25,7,249
"08/07/2025","9:45 PM","75 min.","Yorkville","Lively Free Flow","","Sauna.....",11,20,9,258
"08/08/2025","7:00 AM","75 min.","Yorkville","Free Flow","","Sauna*",25,30,5,5
"08/08/2025","7:30 AM","75 min.","Yorkville","Free Flow","","Sauna.",17,20,3,8
"08/08/2025","8:15 AM","75 min.","Yorkville","Free Flow","","Sauna*",28,30,2,10
"08/08/2025","9:30 AM","75 min.","Yorkville","Guided Down: Self-Care Sweat","","Sauna*",34,52,18,28
"08/08/2025","10:45 AM","75 min.","Yorkville","Guided Up: Arctic Tundra","","Sauna*",32,52,20,48
"08/08/2025","12:00 PM","75 min.","Yorkville","Free Flow","","Sauna..",11,33,22,70
"08/08/2025","12:30 PM","75 min.","Yorkville","Free Flow","","Sauna...",27,33,6,76
"08/08/2025","1:00 PM","75 min.","Yorkville","Free Flow","","Sauna....",31,33,2,78
"08/08/2025","1:30 PM","75 min.","Yorkville","Free Flow","","Sauna.....",21,33,12,90
"08/08/2025","2:00 PM","75 min.","Yorkville","Free Flow","","Sauna..",15,33,18,108
"08/08/2025","2:30 PM","75 min.","Yorkville","Free Flow","","Sauna...",32,33,1,109
"08/08/2025","3:00 PM","75 min.","Yorkville","Free Flow","","Sauna....",27,33,6,115
"08/08/2025","3:30 PM","75 min.","Yorkville","Free Flow","","Sauna..",18,33,15,130
"08/08/2025","4:00 PM","75 min.","Yorkville","Free Flow","","Sauna...",12,20,8,138
"08/08/2025","4:30 PM","75 min.","Yorkville","Free Flow","","Sauna....",24,33,9,147
"08/08/2025","5:00 PM","75 min.","Yorkville","Free Flow","","Sauna.....",6,20,14,161
"08/08/2025","5:15 PM","75 min.","Yorkville","Lively Free Flow","","Sauna..",17,33,16,177
"08/08/2025","6:30 PM","75 min.","Yorkville","Guided Down: Sound Immersion","","Sauna*",,,,177
"08/08/2025","7:45 PM","75 min.","Yorkville","Guided All Around: Rose, Thorn, Bud","","Sauna*",33,52,19,196
"08/08/2025","9:00 PM","120 min.","Yorkville","Social","","Sauna..",15,53,38,234
"08/08/2025","9:30 PM","120 min.","Yorkville","Social","","Sauna...",29,52,23,257
"08/09/2025","8:00 AM","75 min.","Yorkville","Guided Down: Unwind","","Sauna*",38,52,14,14
"08/09/2025","9:15 AM","75 min.","Yorkville","Guided All Around: Rose, Thorn, Bud","","Sauna*",23,52,29,43
"08/09/2025","10:30 AM","75 min.","Yorkville","Guided Down: Self-Care Sweat","","Sauna*",11,52,41,84
"08/09/2025","11:45 AM","75 min.","Yorkville","Guided All Around: Gratitude","","Sauna*",18,52,34,118
"08/09/2025","1:00 PM","75 min.","Yorkville","Lively Free Flow","","Sauna.....",3,30,27,145
"08/09/2025","1:30 PM","75 min.","Yorkville","Lively Free Flow","","Sauna..",18,30,12,157
"08/09/2025","2:00 PM","75 min.","Yorkville","Lively Free Flow","","Sauna...",20,35,15,172
"08/09/2025","2:30 PM","75 min.","Yorkville","Lively Free Flow","","Sauna....",16,30,14,186
"08/09/2025","3:00 PM","75 min.","Yorkville","Lively Free Flow","","Sauna..",20,30,10,196
"08/09/2025","3:30 PM","75 min.","Yorkville","Lively Free Flow","","Sauna...",28,35,7,203
"08/09/2025","4:00 PM","75 min.","Yorkville","Lively Free Flow","","Sauna....",25,30,5,208
"08/09/2025","4:30 PM","75 min.","Yorkville","Lively Free Flow","","Sauna..",17,30,13,221
"08/09/2025","5:00 PM","75 min.","Yorkville","Lively Free Flow","","Sauna...",22,35,13,234
"08/09/2025","5:30 PM","75 min.","Yorkville","Lively Free Flow","","Sauna....",24,30,6,240
"08/09/2025","6:00 PM","75 min.","Yorkville","Lively Free Flow","","Sauna..",20,30,10,250
"08/09/2025","6:30 PM","75 min.","Yorkville","Lively Free Flow","","Sauna.....",23,35,12,262
"08/09/2025","7:45 PM","75 min.","Yorkville","Guided All Around: Reset","","Sauna*",16,52,36,298
"08/09/2025","9:00 PM","120 min.","Yorkville","Social","","Sauna..",21,53,32,330
"08/09/2025","9:30 PM","120 min.","Yorkville","Social","","Sauna...",42,52,10,340
"08/10/2025","7:00 AM","75 min.","Yorkville","Quieter Free Flow","","Sauna..",30,53,23,23
"08/10/2025","8:30 AM","75 min.","Yorkville","Free Flow","","Sauna..",27,53,26,49
"08/10/2025","10:15 AM","75 min.","Yorkville","Guided All Around: Reset","","Sauna*",15,52,37,86
"08/10/2025","11:30 AM","75 min.","Yorkville","Guided Down: Self-Care Sweat","","Sauna*",10,52,42,128
"08/10/2025","12:45 PM","75 min.","Yorkville","Lively Free Flow","","Sauna...",7,20,13,141
"08/10/2025","1:00 PM","75 min.","Yorkville","Lively Free Flow","","Sauna....",5,20,15,156
"08/10/2025","1:30 PM","75 min.","Yorkville","Lively Free Flow","","Sauna.....",24,35,11,167
"08/10/2025","2:00 PM","75 min.","Yorkville","Lively Free Flow","","Sauna..",5,20,15,182
"08/10/2025","2:30 PM","75 min.","Yorkville","Lively Free Flow","","Sauna...",18,40,22,204
"08/10/2025","3:00 PM","75 min.","Yorkville","Lively Free Flow","","Sauna....",26,35,9,213
"08/10/2025","3:30 PM","75 min.","Yorkville","Lively Free Flow","","Sauna..",5,20,15,228
"08/10/2025","4:00 PM","75 min.","Yorkville","Lively Free Flow","","Sauna...",27,40,13,241
"08/10/2025","5:15 PM","75 min.","Yorkville","Guided Down: Deep Stretch","","Sauna*",31,52,21,262
"08/10/2025","6:30 PM","75 min.","Yorkville","Guided All Around: Loving Kindness","","Sauna*",14,52,38,300
"08/10/2025","7:45 PM","75 min.","Yorkville","Free Flow","","Sauna...",2,20,18,318
"08/10/2025","8:00 PM","75 min.","Yorkville","Free Flow","","Sauna.",10,25,15,333
"08/10/2025","8:15 PM","75 min.","Yorkville","Free Flow","","Sauna....",16,25,9,342
"08/10/2025","8:30 PM","75 min.","Yorkville","Free Flow","","Sauna",11,20,9,351
"08/10/2025","8:45 PM","75 min.","Yorkville","Free Flow","","Sauna.....",0,15,15,366
"08/10/2025","9:15 PM","75 min.","Yorkville","Free Flow","","Sauna..",18,25,7,373
"08/10/2025","9:30 PM","75 min.","Yorkville","Free Flow","","Sauna...",11,20,9,382
"07/28/2025","7:00 AM","75 min.","Yorkville","Quieter Free Flow","","Sauna..",22,33,11,11
"07/28/2025","7:30 AM","75 min.","Yorkville","Quieter Free Flow","","Sauna...",31,33,2,13
"07/28/2025","8:00 AM","75 min.","Yorkville","Quieter Free Flow","","Sauna....",32,33,1,14
"07/28/2025","8:30 AM","75 min.","Yorkville","Quieter Free Flow","","Sauna..",31,33,2,16
"07/28/2025","9:00 AM","75 min.","Yorkville","Quieter Free Flow","","Sauna...",29,33,4,20
"07/28/2025","9:30 AM","75 min.","Yorkville","Quieter Free Flow","","Sauna....",25,33,8,28
"07/28/2025","10:00 AM","75 min.","Yorkville","Quieter Free Flow","","Sauna..",32,33,1,29
"07/28/2025","10:15 AM","75 min.","Yorkville","Quieter Free Flow","","Sauna...",18,33,15,44
"07/28/2025","12:00 PM","60 min.","Yorkville","Guided All Around: Reset - 60 min","","Sauna*",47,60,13,57
"07/28/2025","1:15 PM","75 min.","Yorkville","Free Flow","","Sauna.....",20,33,13,70
"07/28/2025","1:45 PM","75 min.","Yorkville","Free Flow","","Sauna..",28,33,5,75
"07/28/2025","2:15 PM","75 min.","Yorkville","Free Flow","","Sauna...",27,33,6,81
"07/28/2025","2:45 PM","75 min.","Yorkville","Free Flow","","Sauna....",29,33,4,85
"07/28/2025","3:15 PM","75 min.","Yorkville","Free Flow","","Sauna..",23,33,10,95
"07/28/2025","3:45 PM","75 min.","Yorkville","Free Flow","","Sauna.",29,33,4,99
"07/28/2025","4:15 PM","75 min.","Yorkville","Free Flow","","Sauna...",27,33,6,105
"07/28/2025","4:45 PM","75 min.","Yorkville","Free Flow","","Sauna....",26,33,7,112
"07/28/2025","5:15 PM","75 min.","Yorkville","Lively Free Flow","","Sauna.",18,33,15,127
"07/28/2025","6:30 PM","75 min.","Yorkville","Guided All Around: Reset","","Sauna*",23,52,29,156
"07/28/2025","7:45 PM","75 min.","Yorkville","Guided Down: Embodied","","Sauna*",15,52,37,193
"07/28/2025","9:00 PM","90 min.","Yorkville","Guided All Around: Space for Women","","Sauna*",34,52,18,211
"07/29/2025","7:00 AM","60 min.","Yorkville","Guided Up: Arctic Tundra - 60 min","","Sauna*",49,60,11,11
"07/29/2025","8:30 AM","75 min.","Yorkville","Quieter Free Flow","","Sauna..",24,33,9,20
"07/29/2025","9:00 AM","75 min.","Yorkville","Quieter Free Flow","","Sauna...",30,33,3,23
"07/29/2025","9:30 AM","75 min.","Yorkville","Quieter Free Flow","","Sauna....",29,33,4,27
"07/29/2025","10:00 AM","75 min.","Yorkville","Quieter Free Flow","","Sauna..",32,33,1,28
"07/29/2025","10:15 AM","75 min.","Yorkville","Quieter Free Flow","","Sauna...",27,33,6,34
"07/29/2025","12:00 PM","60 min.","Yorkville","Guided Down: Pure Presence - 60 min","","Sauna*",39,52,13,47
"07/29/2025","1:15 PM","75 min.","Yorkville","Guided All Around: Reset","","Sauna*",49,52,3,50
"07/29/2025","2:30 PM","75 min.","Yorkville","Free Flow","","Sauna....",5,33,28,78
"07/29/2025","3:00 PM","75 min.","Yorkville","Free Flow","","Sauna.....",22,33,11,89
"07/29/2025","3:30 PM","75 min.","Yorkville","Free Flow","","Sauna.",26,33,7,96
"07/29/2025","4:00 PM","75 min.","Yorkville","Free Flow","","Sauna..",25,33,8,104
"07/29/2025","4:30 PM","75 min.","Yorkville","Free Flow","","Sauna...",29,33,4,108
"07/29/2025","5:00 PM","75 min.","Yorkville","Free Flow","","Sauna....",30,33,3,111
"07/29/2025","5:30 PM","75 min.","Yorkville","Lively Free Flow","","Sauna.....",20,33,13,124
"07/29/2025","6:45 PM","75 min.","Yorkville","Guided All Around: Journey Through the Elements","","Sauna*",31,60,29,153
"07/29/2025","8:00 PM","75 min.","Yorkville","Quieter Free Flow","","Sauna....",0,25,25,178
"07/29/2025","8:15 PM","75 min.","Yorkville","Quieter Free Flow","","Sauna.....",7,20,13,191
"07/29/2025","8:30 PM","75 min.","Yorkville","Quieter Free Flow","","Sauna.",15,25,10,201
"07/29/2025","8:45 PM","75 min.","Yorkville","Quieter Free Flow","","Sauna..",10,20,10,211
"07/29/2025","9:00 PM","75 min.","Yorkville","Quieter Free Flow","","Sauna...",0,15,15,226
"07/29/2025","9:30 PM","75 min.","Yorkville","Quieter Free Flow","","Sauna....",12,25,13,239
"07/29/2025","9:45 PM","75 min.","Yorkville","Quieter Free Flow","","Sauna.....",0,20,20,259
"07/30/2025","7:00 AM","60 min.","Yorkville","Guided Up: Awakening - 60 min","","Sauna*",54,60,6,6
"07/30/2025","8:30 AM","75 min.","Yorkville","Free Flow","","Sauna..",26,33,7,13
"07/30/2025","9:00 AM","75 min.","Yorkville","Free Flow","","Sauna...",31,33,2,15
"07/30/2025","9:30 AM","75 min.","Yorkville","Free Flow","","Sauna....",31,33,2,17
"07/30/2025","10:00 AM","75 min.","Yorkville","Free Flow","","Sauna..",29,33,4,21
"07/30/2025","10:15 AM","75 min.","Yorkville","Free Flow","","Sauna...",21,33,12,33
"07/30/2025","12:00 PM","60 min.","Yorkville","Guided All Around: Heart Opener - 60 min","","Sauna..",43,60,17,50
"07/30/2025","1:45 PM","75 min.","Yorkville","Free Flow","","Sauna.....",27,33,6,56
"07/30/2025","2:15 PM","75 min.","Yorkville","Free Flow","","Sauna..",28,33,5,61
"07/30/2025","2:45 PM","75 min.","Yorkville","Free Flow","","Sauna...",10,33,23,84
"07/30/2025","3:15 PM","75 min.","Yorkville","Free Flow","","Sauna....",27,33,6,90
"07/30/2025","3:45 PM","75 min.","Yorkville","Free Flow","","Sauna..",29,33,4,94
"07/30/2025","4:15 PM","75 min.","Yorkville","Free Flow","","Sauna.....",13,33,20,114
"07/30/2025","5:30 PM","75 min.","Yorkville","Guided Up: Self-Care Sweat","","Sauna*",31,52,21,135
"07/30/2025","6:45 PM","75 min.","Yorkville","Guided Down: Embodied","","Sauna*",,,,135
"07/30/2025","8:00 PM","75 min.","Yorkville","Free Flow","","Sauna....",0,25,25,160
"07/30/2025","8:15 PM","75 min.","Yorkville","Free Flow","","Sauna.....",7,20,13,173
"07/30/2025","8:30 PM","75 min.","Yorkville","Free Flow","","Sauna.",14,25,11,184
"07/30/2025","8:45 PM","75 min.","Yorkville","Free Flow","","Sauna..",13,20,7,191
"07/30/2025","9:00 PM","75 min.","Yorkville","Free Flow","","Sauna...",3,15,12,203
"07/30/2025","9:30 PM","75 min.","Yorkville","Free Flow","","Sauna....",20,25,5,208
"07/30/2025","9:45 PM","75 min.","Yorkville","Free Flow","","Sauna.....",9,20,11,219
"07/31/2025","7:00 AM","60 min.","Yorkville","Guided Down: Sound Immersion - 60 min","","Sauna..",55,60,5,5
"07/31/2025","8:30 AM","75 min.","Yorkville","Free Flow","","Sauna..",27,33,6,11
"07/31/2025","9:00 AM","75 min.","Yorkville","Free Flow","","Sauna...",30,33,3,14
"07/31/2025","9:30 AM","75 min.","Yorkville","Free Flow","","Sauna....",24,33,9,23
"07/31/2025","10:00 AM","75 min.","Yorkville","Free Flow","","Sauna..",31,33,2,25
"07/31/2025","10:15 AM","75 min.","Yorkville","Free Flow","","Sauna...",26,33,7,32
"07/31/2025","12:00 PM","60 min.","Yorkville","Guided Down: Senses - 60 min","","Sauna*",47,60,13,45
"07/31/2025","1:45 PM","75 min.","Yorkville","Free Flow","","Sauna.....",23,33,10,55
"07/31/2025","2:15 PM","75 min.","Yorkville","Free Flow","","Sauna..",27,33,6,61
"07/31/2025","2:45 PM","75 min.","Yorkville","Free Flow","","Sauna...",26,33,7,68
"07/31/2025","3:15 PM","75 min.","Yorkville","Free Flow","","Sauna....",29,33,4,72
"07/31/2025","3:45 PM","75 min.","Yorkville","Free Flow","","Sauna..",24,33,9,81
"07/31/2025","4:15 PM","75 min.","Yorkville","Free Flow","","Sauna.....",12,33,21,102
"07/31/2025","5:30 PM","75 min.","Yorkville","Guided Down: Unwind","","Sauna*",23,52,29,131
"07/31/2025","6:45 PM","75 min.","Yorkville","Guided All Around: Acceptance","","Sauna*",29,52,23,154
"07/31/2025","8:00 PM","75 min.","Yorkville","Lively Free Flow","","Sauna....",0,25,25,179
"07/31/2025","8:15 PM","75 min.","Yorkville","Lively Free Flow","","Sauna.....",1,20,19,198
"07/31/2025","8:30 PM","75 min.","Yorkville","Lively Free Flow","","Sauna.",17,25,8,206
"07/31/2025","8:45 PM","75 min.","Yorkville","Lively Free Flow","","Sauna..",13,20,7,213
"07/31/2025","9:00 PM","75 min.","Yorkville","Lively Free Flow","","Sauna...",6,15,9,222
"07/31/2025","9:30 PM","75 min.","Yorkville","Lively Free Flow","","Sauna....",14,25,11,233
"07/31/2025","9:45 PM","75 min.","Yorkville","Lively Free Flow","","Sauna.....",9,20,11,244
"08/01/2025","7:00 AM","75 min.","Yorkville","Guided Down: Unwind","","Sauna*",42,52,10,10
"08/01/2025","8:15 AM","75 min.","Yorkville","Guided Up: Feel Good Now","","Sauna*",48,52,4,14
"08/01/2025","9:30 AM","75 min.","Yorkville","Guided Down: Pure Presence","","Sauna*",32,52,20,34
"08/01/2025","10:45 AM","75 min.","Yorkville","Guided Up: Arctic Tundra","","Sauna*",39,52,13,47
"08/01/2025","12:00 PM","75 min.","Yorkville","Free Flow","","Sauna..",16,33,17,64
"08/01/2025","12:30 PM","75 min.","Yorkville","Free Flow","","Sauna...",20,33,13,77
"08/01/2025","1:00 PM","75 min.","Yorkville","Free Flow","","Sauna....",25,33,8,85
"08/01/2025","1:30 PM","75 min.","Yorkville","Free Flow","","Sauna.....",27,33,6,91
"08/01/2025","2:00 PM","75 min.","Yorkville","Free Flow","","Sauna..",26,33,7,98
"08/01/2025","2:30 PM","75 min.","Yorkville","Free Flow","","Sauna...",28,33,5,103
"08/01/2025","3:00 PM","75 min.","Yorkville","Free Flow","","Sauna....",26,33,7,110
"08/01/2025","3:30 PM","75 min.","Yorkville","Free Flow","","Sauna..",24,33,9,119
"08/01/2025","4:00 PM","75 min.","Yorkville","Free Flow","","Sauna...",16,20,4,123
"08/01/2025","4:30 PM","75 min.","Yorkville","Free Flow","","Sauna....",21,33,12,135
"08/01/2025","5:00 PM","75 min.","Yorkville","Free Flow","","Sauna.....",9,20,11,146
"08/01/2025","5:15 PM","75 min.","Yorkville","Lively Free Flow","","Sauna..",1,33,32,178
"08/01/2025","6:30 PM","75 min.","Yorkville","Guided All Around: Rose, Thorn, Bud","","Sauna*",18,52,34,212
"08/01/2025","7:45 PM","75 min.","Yorkville","Guided All Around: Reset","","Sauna*",11,52,41,253
"08/01/2025","9:00 PM","120 min.","Yorkville","Social","","Sauna..",30,53,23,276
"08/01/2025","9:30 PM","120 min.","Yorkville","Social","","Sauna...",45,52,7,283
"08/02/2025","8:00 AM","75 min.","Yorkville","Guided Down: Deep Stretch","","Sauna*",36,52,16,16
"08/02/2025","9:15 AM","75 min.","Yorkville","Guided Down: Sound Immersion","","Sauna*",30,52,22,38
"08/02/2025","10:30 AM","75 min.","Yorkville","Guided All Around: Reset","","Sauna*",26,52,26,64
"08/02/2025","11:45 AM","75 min.","Yorkville","Guided Up: Self-Care Sweat","","Sauna*",24,52,28,92
"08/02/2025","1:00 PM","75 min.","Yorkville","Lively Free Flow","","Sauna.....",0,30,30,122
"08/02/2025","1:30 PM","75 min.","Yorkville","Lively Free Flow","","Sauna..",21,30,9,131
"08/02/2025","2:00 PM","75 min.","Yorkville","Lively Free Flow","","Sauna...",29,35,6,137
"08/02/2025","2:30 PM","75 min.","Yorkville","Lively Free Flow","","Sauna....",27,30,3,140
"08/02/2025","3:00 PM","75 min.","Yorkville","Lively Free Flow","","Sauna..",15,30,15,155
"08/02/2025","3:30 PM","75 min.","Yorkville","Lively Free Flow","","Sauna...",29,35,6,161
"08/02/2025","4:00 PM","75 min.","Yorkville","Lively Free Flow","","Sauna....",22,30,8,169
"08/02/2025","4:30 PM","75 min.","Yorkville","Lively Free Flow","","Sauna..",17,30,13,182
"08/02/2025","5:00 PM","75 min.","Yorkville","Lively Free Flow","","Sauna...",27,35,8,190
"08/02/2025","5:30 PM","75 min.","Yorkville","Lively Free Flow","","Sauna....",23,30,7,197
"08/02/2025","6:00 PM","75 min.","Yorkville","Lively Free Flow","","Sauna..",22,30,8,205
"08/02/2025","6:30 PM","75 min.","Yorkville","Lively Free Flow","","Sauna.....",17,35,18,223
"08/02/2025","7:45 PM","75 min.","Yorkville","Guided Down: Pure Presence","","Sauna*",25,52,27,250
"08/02/2025","9:00 PM","120 min.","Yorkville","Beat Drop: DJ Takeover","","Sauna..",17,53,36,286
"08/02/2025","9:30 PM","120 min.","Yorkville","Beat Drop: DJ Takeover","","Sauna...",42,52,10,296
"08/03/2025","7:00 AM","75 min.","Yorkville","Quieter Free Flow","","Sauna..",42,53,11,11
"08/03/2025","8:30 AM","75 min.","Yorkville","Free Flow","","Sauna..",33,53,20,31
"08/03/2025","10:15 AM","75 min.","Yorkville","Guided All Around: Gratitude","","Sauna*",26,52,26,57
"08/03/2025","11:30 AM","75 min.","Yorkville","Guided All Around: Acceptance","","Sauna*",30,52,22,79
"08/03/2025","12:45 PM","75 min.","Yorkville","Lively Free Flow","","Sauna...",6,20,14,93
"08/03/2025","1:00 PM","75 min.","Yorkville","Lively Free Flow","","Sauna....",11,20,9,102
"08/03/2025","1:30 PM","75 min.","Yorkville","Lively Free Flow","","Sauna.....",27,35,8,110
"08/03/2025","2:00 PM","75 min.","Yorkville","Lively Free Flow","","Sauna..",12,20,8,118
"08/03/2025","2:30 PM","75 min.","Yorkville","Lively Free Flow","","Sauna...",28,40,12,130
"08/03/2025","3:00 PM","75 min.","Yorkville","Lively Free Flow","","Sauna....",17,35,18,148
"08/03/2025","3:30 PM","75 min.","Yorkville","Lively Free Flow","","Sauna..",11,20,9,157
"08/03/2025","4:00 PM","75 min.","Yorkville","Lively Free Flow","","Sauna...",9,40,31,188
"08/03/2025","5:15 PM","75 min.","Yorkville","Guided All Around: Reset","","Sauna*",33,52,19,207
"08/03/2025","6:30 PM","75 min.","Yorkville","Guided Down: Sound Immersion","","Sauna*",25,52,27,234
"08/03/2025","7:45 PM","75 min.","Yorkville","Free Flow","","Sauna...",1,20,19,253
"08/03/2025","8:00 PM","75 min.","Yorkville","Free Flow","","Sauna.",20,25,5,258
"08/03/2025","8:15 PM","75 min.","Yorkville","Free Flow","","Sauna....",22,25,3,261
"08/03/2025","8:30 PM","75 min.","Yorkville","Free Flow","","Sauna",6,20,14,275
"08/03/2025","8:45 PM","75 min.","Yorkville","Free Flow","","Sauna.....",9,15,6,281
"08/03/2025","9:15 PM","75 min.","Yorkville","Free Flow","","Sauna..",16,25,9,290
"08/03/2025","9:30 PM","75 min.","Yorkville","Free Flow","","Sauna...",16,20,4,294
"07/21/2025","7:00 AM","75 min.","Yorkville","Quieter Free Flow","","Sauna..",24,33,9,9
"07/21/2025","7:30 AM","75 min.","Yorkville","Quieter Free Flow","","Sauna...",30,33,3,12
"07/21/2025","8:00 AM","75 min.","Yorkville","Quieter Free Flow","","Sauna....",29,33,4,16
"07/21/2025","8:30 AM","75 min.","Yorkville","Quieter Free Flow","","Sauna..",31,33,2,18
"07/21/2025","9:00 AM","75 min.","Yorkville","Quieter Free Flow","","Sauna...",32,33,1,19
"07/21/2025","9:30 AM","75 min.","Yorkville","Quieter Free Flow","","Sauna....",29,33,4,23
"07/21/2025","10:00 AM","75 min.","Yorkville","Quieter Free Flow","","Sauna..",28,33,5,28
"07/21/2025","10:15 AM","75 min.","Yorkville","Quieter Free Flow","","Sauna...",28,33,5,33
"07/21/2025","12:00 PM","60 min.","Yorkville","Guided All Around: Sound Immersion - 60 min","","Sauna*",44,60,16,49
"07/21/2025","1:15 PM","75 min.","Yorkville","Free Flow","","Sauna.....",25,33,8,57
"07/21/2025","1:45 PM","75 min.","Yorkville","Free Flow","","Sauna..",30,33,3,60
"07/21/2025","2:15 PM","75 min.","Yorkville","Free Flow","","Sauna...",22,33,11,71
"07/21/2025","2:45 PM","75 min.","Yorkville","Free Flow","","Sauna....",29,33,4,75
"07/21/2025","3:15 PM","75 min.","Yorkville","Free Flow","","Sauna..",30,33,3,78
"07/21/2025","3:45 PM","75 min.","Yorkville","Free Flow","","Sauna.",32,33,1,79
"07/21/2025","4:15 PM","75 min.","Yorkville","Free Flow","","Sauna...",29,33,4,83
"07/21/2025","4:45 PM","75 min.","Yorkville","Free Flow","","Sauna....",16,33,17,100
"07/21/2025","5:15 PM","75 min.","Yorkville","Lively Free Flow","","Sauna.",15,33,18,118
"07/21/2025","6:30 PM","75 min.","Yorkville","Guided Down: Deep Stretch","","Sauna*",23,52,29,147
"07/21/2025","7:45 PM","75 min.","Yorkville","Guided All Around: Release","","Sauna*",33,52,19,166
"07/21/2025","9:00 PM","75 min.","Yorkville","Guided All Around: Journey Through the Elements","","Sauna*",33,52,19,185
"07/22/2025","7:00 AM","60 min.","Yorkville","Guided Up: Arctic Tundra - 60 min","","Sauna*",51,60,9,9
"07/22/2025","8:30 AM","75 min.","Yorkville","Quieter Free Flow","","Sauna..",15,33,18,27
"07/22/2025","9:00 AM","75 min.","Yorkville","Quieter Free Flow","","Sauna...",26,33,7,34
"07/22/2025","9:30 AM","75 min.","Yorkville","Quieter Free Flow","","Sauna....",30,33,3,37
"07/22/2025","10:00 AM","75 min.","Yorkville","Quieter Free Flow","","Sauna..",29,33,4,41
"07/22/2025","10:15 AM","75 min.","Yorkville","Quieter Free Flow","","Sauna...",19,33,14,55
"07/22/2025","12:00 PM","60 min.","Yorkville","Guided Down: Pure Presence - 60 min","","Sauna*",44,52,8,63
"07/22/2025","1:15 PM","75 min.","Yorkville","Guided All Around: Release","","Sauna*",39,52,13,76
"07/22/2025","2:30 PM","75 min.","Yorkville","Free Flow","","Sauna....",26,33,7,83
"07/22/2025","3:00 PM","75 min.","Yorkville","Free Flow","","Sauna.....",28,33,5,88
"07/22/2025","3:30 PM","75 min.","Yorkville","Free Flow","","Sauna.",25,33,8,96
"07/22/2025","4:00 PM","75 min.","Yorkville","Free Flow","","Sauna..",23,33,10,106
"07/22/2025","4:30 PM","75 min.","Yorkville","Free Flow","","Sauna...",27,33,6,112
"07/22/2025","5:00 PM","75 min.","Yorkville","Free Flow","","Sauna....",29,33,4,116
"07/22/2025","5:30 PM","75 min.","Yorkville","Lively Free Flow","","Sauna.....",11,33,22,138
"07/22/2025","6:45 PM","75 min.","Yorkville","Guided Down: Sound Immersion","","Sauna*",19,60,41,179
"07/22/2025","8:00 PM","75 min.","Yorkville","Quieter Free Flow","","Sauna....",0,25,25,204
"07/22/2025","8:15 PM","75 min.","Yorkville","Quieter Free Flow","","Sauna.....",10,20,10,214
"07/22/2025","8:30 PM","75 min.","Yorkville","Quieter Free Flow","","Sauna.",14,25,11,225
"07/22/2025","8:45 PM","75 min.","Yorkville","Quieter Free Flow","","Sauna..",13,20,7,232
"07/22/2025","9:00 PM","75 min.","Yorkville","Quieter Free Flow","","Sauna...",0,15,15,247
"07/22/2025","9:30 PM","75 min.","Yorkville","Quieter Free Flow","","Sauna....",4,25,21,268
"07/22/2025","9:45 PM","75 min.","Yorkville","Quieter Free Flow","","Sauna.....",0,20,20,288
"07/23/2025","7:00 AM","60 min.","Yorkville","Guided All Around: Reset - 60 min","","Sauna*",48,60,12,12
"07/23/2025","8:30 AM","75 min.","Yorkville","Free Flow","","Sauna..",27,33,6,18
"07/23/2025","9:00 AM","75 min.","Yorkville","Free Flow","","Sauna...",32,33,1,19
"07/23/2025","9:30 AM","75 min.","Yorkville","Free Flow","","Sauna....",28,33,5,24
"07/23/2025","10:00 AM","75 min.","Yorkville","Free Flow","","Sauna..",25,33,8,32
"07/23/2025","10:15 AM","75 min.","Yorkville","Free Flow","","Sauna...",26,33,7,39
"07/23/2025","12:00 PM","60 min.","Yorkville","Guided Down: Pure Presence - 60 min","","Sauna..",52,60,8,47
"07/23/2025","3:00 PM","75 min.","Yorkville","Free Flow","","Sauna...",15,33,18,65
"07/23/2025","3:15 PM","75 min.","Yorkville","Free Flow","","Sauna....",29,33,4,69
"07/23/2025","3:45 PM","75 min.","Yorkville","Free Flow","","Sauna..",31,33,2,71
"07/23/2025","4:15 PM","75 min.","Yorkville","Free Flow","","Sauna.....",22,33,11,82
"07/23/2025","5:30 PM","75 min.","Yorkville","Guided Down: Sound Immersion","","Sauna*",27,52,25,107
"07/23/2025","6:45 PM","75 min.","Yorkville","Guided All Around: Acceptance","","Sauna*",6,52,46,153
"07/23/2025","8:00 PM","75 min.","Yorkville","Free Flow","","Sauna....",3,25,22,175
"07/23/2025","8:15 PM","75 min.","Yorkville","Free Flow","","Sauna.....",15,20,5,180
"07/23/2025","8:30 PM","75 min.","Yorkville","Free Flow","","Sauna.",15,25,10,190
"07/23/2025","8:45 PM","75 min.","Yorkville","Free Flow","","Sauna..",18,20,2,192
"07/23/2025","9:00 PM","75 min.","Yorkville","Free Flow","","Sauna...",5,15,10,202
"07/23/2025","9:30 PM","75 min.","Yorkville","Free Flow","","Sauna....",18,25,7,209
"07/23/2025","9:45 PM","75 min.","Yorkville","Free Flow","","Sauna.....",10,20,10,219
"07/24/2025","7:00 AM","60 min.","Yorkville","Guided Down: Sound Immersion - 60 min","","Sauna..",46,60,14,14
"07/24/2025","8:30 AM","75 min.","Yorkville","Free Flow","","Sauna..",24,33,9,23
"07/24/2025","9:00 AM","75 min.","Yorkville","Free Flow","","Sauna...",29,33,4,27
"07/24/2025","9:30 AM","75 min.","Yorkville","Free Flow","","Sauna....",27,33,6,33
"07/24/2025","10:00 AM","75 min.","Yorkville","Free Flow","","Sauna..",30,33,3,36
"07/24/2025","10:15 AM","75 min.","Yorkville","Free Flow","","Sauna...",22,33,11,47
"07/24/2025","12:00 PM","60 min.","Yorkville","Guided All Around: Reset - 60 min","","Sauna*",41,60,19,66
"07/24/2025","1:45 PM","75 min.","Yorkville","Free Flow","","Sauna.....",23,33,10,76
"07/24/2025","2:15 PM","75 min.","Yorkville","Free Flow","","Sauna..",27,33,6,82
"07/24/2025","2:45 PM","75 min.","Yorkville","Free Flow","","Sauna...",30,33,3,85
"07/24/2025","3:15 PM","75 min.","Yorkville","Free Flow","","Sauna....",27,33,6,91
"07/24/2025","3:45 PM","75 min.","Yorkville","Free Flow","","Sauna..",31,33,2,93
"07/24/2025","4:15 PM","75 min.","Yorkville","Free Flow","","Sauna.....",24,33,9,102
"07/24/2025","5:30 PM","75 min.","Yorkville","Guided Up: Arctic Tundra","","Sauna*",36,52,16,118
"07/24/2025","6:45 PM","75 min.","Yorkville","Guided All Around: Heart Opener","","Sauna*",,,,118
"07/24/2025","8:00 PM","75 min.","Yorkville","Lively Free Flow","","Sauna....",1,25,24,142
"07/24/2025","8:15 PM","75 min.","Yorkville","Lively Free Flow","","Sauna.....",7,20,13,155
"07/24/2025","8:30 PM","75 min.","Yorkville","Lively Free Flow","","Sauna.",11,25,14,169
"07/24/2025","8:45 PM","75 min.","Yorkville","Lively Free Flow","","Sauna..",15,20,5,174
"07/24/2025","9:00 PM","75 min.","Yorkville","Lively Free Flow","","Sauna...",6,15,9,183
"07/24/2025","9:30 PM","75 min.","Yorkville","Lively Free Flow","","Sauna.....",18,25,7,190
"07/24/2025","9:45 PM","75 min.","Yorkville","Lively Free Flow","","Sauna",13,20,7,197
"07/25/2025","7:00 AM","75 min.","Yorkville","Guided Down: Unwind","","Sauna*",43,52,9,9
"07/25/2025","8:15 AM","75 min.","Yorkville","Free Flow","","Sauna..",30,33,3,12
"07/25/2025","9:30 AM","75 min.","Yorkville","Guided Down: Self-Care Sweat","","Sauna*",18,52,34,46
"07/25/2025","10:45 AM","75 min.","Yorkville","Guided Up: Arctic Tundra","","Sauna*",36,52,16,62
"07/25/2025","12:00 PM","75 min.","Yorkville","Free Flow","","Sauna..",23,33,10,72
"07/25/2025","12:30 PM","75 min.","Yorkville","Free Flow","","Sauna...",30,33,3,75
"07/25/2025","1:00 PM","75 min.","Yorkville","Free Flow","","Sauna....",25,33,8,83
"07/25/2025","1:30 PM","75 min.","Yorkville","Free Flow","","Sauna.....",30,33,3,86
"07/25/2025","2:00 PM","75 min.","Yorkville","Free Flow","","Sauna..",27,33,6,92
"07/25/2025","2:30 PM","75 min.","Yorkville","Free Flow","","Sauna...",26,33,7,99
"07/25/2025","3:00 PM","75 min.","Yorkville","Free Flow","","Sauna....",25,33,8,107
"07/25/2025","3:30 PM","75 min.","Yorkville","Free Flow","","Sauna..",18,33,15,122
"07/25/2025","4:00 PM","75 min.","Yorkville","Free Flow","","Sauna...",9,20,11,133
"07/25/2025","4:30 PM","75 min.","Yorkville","Free Flow","","Sauna....",20,33,13,146
"07/25/2025","5:00 PM","75 min.","Yorkville","Free Flow","","Sauna.....",7,20,13,159
"07/25/2025","5:15 PM","75 min.","Yorkville","Lively Free Flow","","Sauna..",6,33,27,186
"07/25/2025","6:30 PM","75 min.","Yorkville","Guided All Around: Acceptance","","Sauna*",17,52,35,221
"07/25/2025","7:45 PM","75 min.","Yorkville","Guided All Around: Release","","Sauna*",22,52,30,251
"07/25/2025","9:00 PM","120 min.","Yorkville","Social","","Sauna..",12,53,41,292
"07/25/2025","9:30 PM","120 min.","Yorkville","Social","","Sauna...",30,52,22,314
"07/26/2025","8:00 AM","75 min.","Yorkville","Guided Down: Rose, Thorn, Bud","","Sauna*",45,52,7,7
"07/26/2025","9:15 AM","75 min.","Yorkville","Guided All Around: Reset","","Sauna*",39,52,13,20
"07/26/2025","10:30 AM","75 min.","Yorkville","Guided Down: Self-Care Sweat","","Sauna*",,,,20
"07/26/2025","11:45 AM","75 min.","Yorkville","Guided Down: Sound Immersion","","Sauna*",11,52,41,61
"07/26/2025","1:00 PM","75 min.","Yorkville","Lively Free Flow","","Sauna.....",2,30,28,89
"07/26/2025","1:30 PM","75 min.","Yorkville","Lively Free Flow","","Sauna..",20,30,10,99
"07/26/2025","2:00 PM","75 min.","Yorkville","Lively Free Flow","","Sauna...",23,35,12,111
"07/26/2025","2:30 PM","75 min.","Yorkville","Lively Free Flow","","Sauna....",21,30,9,120
"07/26/2025","3:00 PM","75 min.","Yorkville","Lively Free Flow","","Sauna..",28,30,2,122
"07/26/2025","3:30 PM","75 min.","Yorkville","Lively Free Flow","","Sauna...",22,35,13,135
"07/26/2025","4:00 PM","75 min.","Yorkville","Lively Free Flow","","Sauna....",20,30,10,145
"07/26/2025","4:30 PM","75 min.","Yorkville","Lively Free Flow","","Sauna..",26,30,4,149
"07/26/2025","5:00 PM","75 min.","Yorkville","Lively Free Flow","","Sauna...",33,35,2,151
"07/26/2025","5:30 PM","75 min.","Yorkville","Lively Free Flow","","Sauna....",22,30,8,159
"07/26/2025","6:00 PM","75 min.","Yorkville","Lively Free Flow","","Sauna..",22,30,8,167
"07/26/2025","6:30 PM","75 min.","Yorkville","Lively Free Flow","","Sauna.....",31,35,4,171
"07/26/2025","7:45 PM","75 min.","Yorkville","Guided Down: Unwind","","Sauna*",28,52,24,195
"07/26/2025","9:00 PM","120 min.","Yorkville","Social","","Sauna..",18,53,35,230
"07/26/2025","9:30 PM","120 min.","Yorkville","Social","","Sauna...",37,52,15,245
"07/27/2025","7:00 AM","75 min.","Yorkville","Quieter Free Flow","","Sauna..",40,53,13,13
"07/27/2025","8:30 AM","75 min.","Yorkville","Free Flow","","Sauna..",26,53,27,40
"07/27/2025","10:15 AM","75 min.","Yorkville","Guided All Around: Rose, Thorn, Bud","","Sauna*",27,52,25,65
"07/27/2025","11:30 AM","75 min.","Yorkville","Guided Down: Self-Care Sweat","","Sauna*",15,52,37,102
"07/27/2025","12:45 PM","75 min.","Yorkville","Lively Free Flow","","Sauna...",0,20,20,122
"07/27/2025","1:00 PM","75 min.","Yorkville","Lively Free Flow","","Sauna....",0,20,20,142
"07/27/2025","1:30 PM","75 min.","Yorkville","Lively Free Flow","","Sauna.....",25,35,10,152
"07/27/2025","2:00 PM","75 min.","Yorkville","Lively Free Flow","","Sauna..",14,20,6,158
"07/27/2025","2:30 PM","75 min.","Yorkville","Lively Free Flow","","Sauna...",25,40,15,173
"07/27/2025","3:00 PM","75 min.","Yorkville","Lively Free Flow","","Sauna....",18,35,17,190
"07/27/2025","3:30 PM","75 min.","Yorkville","Lively Free Flow","","Sauna..",7,20,13,203
"07/27/2025","4:00 PM","75 min.","Yorkville","Lively Free Flow","","Sauna...",26,40,14,217
"07/27/2025","5:15 PM","75 min.","Yorkville","Guided Down: Sound Immersion","","Sauna*",35,52,17,234
"07/27/2025","6:30 PM","75 min.","Yorkville","Guided All Around: Loving Kindness","","Sauna*",41,52,11,245
"07/27/2025","7:45 PM","75 min.","Yorkville","Free Flow","","Sauna...",1,20,19,264
"07/27/2025","8:00 PM","75 min.","Yorkville","Free Flow","","Sauna.",1,25,24,288
"07/27/2025","8:15 PM","75 min.","Yorkville","Free Flow","","Sauna....",16,25,9,297
"07/27/2025","8:30 PM","75 min.","Yorkville","Free Flow","","Sauna",16,20,4,301
"07/27/2025","8:45 PM","75 min.","Yorkville","Free Flow","","Sauna.....",11,15,4,305
"07/27/2025","9:15 PM","75 min.","Yorkville","Free Flow","","Sauna..",16,25,9,314
"07/27/2025","9:30 PM","75 min.","Yorkville","Free Flow","","Sauna...",14,20,6,320
"07/14/2025","7:00 AM","75 min.","Yorkville","Quieter Free Flow","","Sauna..",29,33,4,4
"07/14/2025","7:30 AM","75 min.","Yorkville","Quieter Free Flow","","Sauna...",30,33,3,7
"07/14/2025","8:00 AM","75 min.","Yorkville","Quieter Free Flow","","Sauna....",29,33,4,11
"07/14/2025","8:30 AM","75 min.","Yorkville","Quieter Free Flow","","Sauna..",30,33,3,14
"07/14/2025","9:00 AM","75 min.","Yorkville","Quieter Free Flow","","Sauna...",31,33,2,16
"07/14/2025","9:30 AM","75 min.","Yorkville","Quieter Free Flow","","Sauna....",32,33,1,17
"07/14/2025","10:00 AM","75 min.","Yorkville","Quieter Free Flow","","Sauna..",28,33,5,22
"07/14/2025","10:15 AM","75 min.","Yorkville","Quieter Free Flow","","Sauna...",22,33,11,33
"07/14/2025","12:00 PM","60 min.","Yorkville","Guided All Around: Loving Kindness - 60 min","","Sauna*",42,60,18,51
"07/14/2025","1:15 PM","75 min.","Yorkville","Free Flow","","Sauna.....",16,33,17,68
"07/14/2025","1:45 PM","75 min.","Yorkville","Free Flow","","Sauna..",29,33,4,72
"07/14/2025","2:15 PM","75 min.","Yorkville","Free Flow","","Sauna...",31,33,2,74
"07/14/2025","2:45 PM","75 min.","Yorkville","Free Flow","","Sauna....",31,33,2,76
"07/14/2025","3:15 PM","75 min.","Yorkville","Free Flow","","Sauna..",22,33,11,87
"07/14/2025","3:45 PM","75 min.","Yorkville","Free Flow","","Sauna.",29,33,4,91
"07/14/2025","4:15 PM","75 min.","Yorkville","Free Flow","","Sauna...",30,33,3,94
"07/14/2025","4:45 PM","75 min.","Yorkville","Free Flow","","Sauna....",24,33,9,103
"07/14/2025","5:15 PM","75 min.","Yorkville","Lively Free Flow","","Sauna.",19,33,14,117
"07/14/2025","6:30 PM","75 min.","Yorkville","Guided All Around: Release","","Sauna*",18,52,34,151
"07/14/2025","7:45 PM","75 min.","Yorkville","Guided All Around: Gratitude","","Sauna*",23,52,29,180
"07/14/2025","9:00 PM","120 min.","Yorkville","Comedy Night","","Sauna.",2,75,73,253
"07/15/2025","7:00 AM","60 min.","Yorkville","Guided Up: Arctic Tundra - 60 min","","Sauna*",50,60,10,10
"07/15/2025","8:30 AM","75 min.","Yorkville","Quieter Free Flow","","Sauna..",28,33,5,15
"07/15/2025","9:00 AM","75 min.","Yorkville","Quieter Free Flow","","Sauna...",29,33,4,19
"07/15/2025","9:30 AM","75 min.","Yorkville","Quieter Free Flow","","Sauna....",33,33,0,19
"07/15/2025","10:00 AM","75 min.","Yorkville","Quieter Free Flow","","Sauna..",29,33,4,23
"07/15/2025","10:15 AM","75 min.","Yorkville","Quieter Free Flow","","Sauna...",24,33,9,32
"07/15/2025","12:00 PM","60 min.","Yorkville","Guided Down: Pure Presence - 60 min","","Sauna*",39,52,13,45
"07/15/2025","1:15 PM","75 min.","Yorkville","Free Flow","","Sauna",26,33,7,52
"07/15/2025","1:45 PM","75 min.","Yorkville","Free Flow","","Sauna.....",33,33,0,52
"07/15/2025","2:00 PM","75 min.","Yorkville","Free Flow","","Sauna.",16,20,4,56
"07/15/2025","2:30 PM","75 min.","Yorkville","Free Flow","","Sauna....",22,33,11,67
"07/15/2025","3:00 PM","75 min.","Yorkville","Free Flow","","Sauna.....",25,33,8,75
"07/15/2025","3:30 PM","75 min.","Yorkville","Free Flow","","Sauna.",32,33,1,76
"07/15/2025","4:00 PM","75 min.","Yorkville","Free Flow","","Sauna..",29,33,4,80
"07/15/2025","4:30 PM","75 min.","Yorkville","Free Flow","","Sauna...",26,33,7,87
"07/15/2025","5:00 PM","75 min.","Yorkville","Free Flow","","Sauna....",29,33,4,91
"07/15/2025","5:30 PM","75 min.","Yorkville","Lively Free Flow","","Sauna.....",2,33,31,122
"07/15/2025","6:45 PM","75 min.","Yorkville","Guided All Around: Release","","Sauna*",21,60,39,161
"07/15/2025","8:00 PM","75 min.","Yorkville","Quieter Free Flow","","Sauna....",3,25,22,183
"07/15/2025","8:15 PM","75 min.","Yorkville","Quieter Free Flow","","Sauna.....",13,20,7,190
"07/15/2025","8:30 PM","75 min.","Yorkville","Quieter Free Flow","","Sauna.",12,25,13,203
"07/15/2025","8:45 PM","75 min.","Yorkville","Quieter Free Flow","","Sauna..",18,20,2,205
"07/15/2025","9:00 PM","75 min.","Yorkville","Quieter Free Flow","","Sauna...",0,15,15,220
"07/15/2025","9:30 PM","75 min.","Yorkville","Quieter Free Flow","","Sauna....",15,25,10,230
"07/15/2025","9:45 PM","75 min.","Yorkville","Quieter Free Flow","","Sauna.....",7,20,13,243
"07/16/2025","7:00 AM","60 min.","Yorkville","Guided Up: Awakening - 60 min","","Sauna*",54,60,6,6
"07/16/2025","8:30 AM","75 min.","Yorkville","Free Flow","","Sauna..",24,33,9,15
"07/16/2025","9:00 AM","75 min.","Yorkville","Free Flow","","Sauna...",28,33,5,20
"07/16/2025","9:30 AM","75 min.","Yorkville","Free Flow","","Sauna....",31,33,2,22
"07/16/2025","10:00 AM","75 min.","Yorkville","Free Flow","","Sauna..",32,33,1,23
"07/16/2025","10:15 AM","75 min.","Yorkville","Free Flow","","Sauna...",24,33,9,32
"07/16/2025","12:00 PM","60 min.","Yorkville","Guided All Around: Loving Kindness - 60 min","","Sauna..",46,60,14,46
"07/16/2025","2:45 PM","75 min.","Yorkville","Free Flow","","Sauna...",11,33,22,68
"07/16/2025","3:15 PM","75 min.","Yorkville","Free Flow","","Sauna....",29,33,4,72
"07/16/2025","3:45 PM","75 min.","Yorkville","Free Flow","","Sauna..",29,33,4,76
"07/16/2025","4:15 PM","75 min.","Yorkville","Free Flow","","Sauna.....",24,33,9,85
"07/16/2025","5:30 PM","75 min.","Yorkville","Guided Up: Self-Care Sweat","","Sauna*",28,52,24,109
"07/16/2025","6:45 PM","75 min.","Yorkville","Guided All Around: Acceptance","","Sauna*",23,52,29,138
"07/16/2025","8:00 PM","75 min.","Yorkville","Free Flow","","Sauna....",1,25,24,162
"07/16/2025","8:15 PM","75 min.","Yorkville","Free Flow","","Sauna.....",3,20,17,179
"07/16/2025","8:30 PM","75 min.","Yorkville","Free Flow","","Sauna.",16,25,9,188
"07/16/2025","8:45 PM","75 min.","Yorkville","Free Flow","","Sauna..",10,20,10,198
"07/16/2025","9:00 PM","75 min.","Yorkville","Free Flow","","Sauna...",4,15,11,209
"07/16/2025","9:30 PM","75 min.","Yorkville","Free Flow","","Sauna....",10,25,15,224
"07/16/2025","9:45 PM","75 min.","Yorkville","Free Flow","","Sauna.....",11,20,9,233
"07/17/2025","7:00 AM","60 min.","Yorkville","Guided Down: Sound Immersion - 60 min","","Sauna..",50,60,10,10
"07/17/2025","8:30 AM","75 min.","Yorkville","Free Flow","","Sauna..",27,33,6,16
"07/17/2025","9:00 AM","75 min.","Yorkville","Free Flow","","Sauna...",29,33,4,20
"07/17/2025","9:30 AM","75 min.","Yorkville","Free Flow","","Sauna....",28,33,5,25
"07/17/2025","10:00 AM","75 min.","Yorkville","Free Flow","","Sauna..",31,33,2,27
"07/17/2025","10:15 AM","75 min.","Yorkville","Free Flow","","Sauna...",31,33,2,29
"07/17/2025","12:00 PM","60 min.","Yorkville","Guided Down: Pure Presence - 60 min","","Sauna*",50,60,10,39
"07/17/2025","1:45 PM","75 min.","Yorkville","Free Flow","","Sauna.....",20,33,13,52
"07/17/2025","2:15 PM","75 min.","Yorkville","Free Flow","","Sauna..",28,33,5,57
"07/17/2025","2:45 PM","75 min.","Yorkville","Free Flow","","Sauna...",29,33,4,61
"07/17/2025","3:15 PM","75 min.","Yorkville","Free Flow","","Sauna....",27,33,6,67
"07/17/2025","3:45 PM","75 min.","Yorkville","Free Flow","","Sauna..",27,33,6,73
"07/17/2025","4:15 PM","75 min.","Yorkville","Free Flow","","Sauna.....",21,33,12,85
"07/17/2025","5:30 PM","75 min.","Yorkville","Guided Down: Unwind","","Sauna*",30,52,22,107
"07/17/2025","6:45 PM","75 min.","Yorkville","Guided All Around: Inner Power","","Sauna*",4,52,48,155
"07/17/2025","8:00 PM","75 min.","Yorkville","Lively Free Flow","","Sauna....",1,25,24,179
"07/17/2025","8:15 PM","75 min.","Yorkville","Lively Free Flow","","Sauna.....",5,20,15,194
"07/17/2025","8:30 PM","75 min.","Yorkville","Lively Free Flow","","Sauna.",11,25,14,208
"07/17/2025","8:45 PM","75 min.","Yorkville","Lively Free Flow","","Sauna..",9,20,11,219
"07/17/2025","9:00 PM","75 min.","Yorkville","Lively Free Flow","","Sauna...",0,15,15,234
"07/17/2025","9:30 PM","75 min.","Yorkville","Lively Free Flow","","Sauna....",17,25,8,242
"07/17/2025","9:45 PM","75 min.","Yorkville","Lively Free Flow","","Sauna.....",15,20,5,247
"07/18/2025","7:00 AM","75 min.","Yorkville","Guided Down: Unwind","","Sauna*",43,52,9,9
"07/18/2025","8:15 AM","75 min.","Yorkville","Guided Down: Senses","","Sauna*",49,52,3,12
"07/18/2025","9:30 AM","75 min.","Yorkville","Guided Down: Pure Presence","","Sauna*",44,52,8,20
"07/18/2025","10:45 AM","75 min.","Yorkville","Guided Up: Arctic Tundra","","Sauna*",46,52,6,26
"07/18/2025","12:00 PM","75 min.","Yorkville","Free Flow","","Sauna..",23,33,10,36
"07/18/2025","12:30 PM","75 min.","Yorkville","Free Flow","","Sauna...",30,33,3,39
"07/18/2025","1:00 PM","75 min.","Yorkville","Free Flow","","Sauna....",27,33,6,45
"07/18/2025","1:30 PM","75 min.","Yorkville","Free Flow","","Sauna.....",25,33,8,53
"07/18/2025","2:00 PM","75 min.","Yorkville","Free Flow","","Sauna..",27,33,6,59
"07/18/2025","2:30 PM","75 min.","Yorkville","Free Flow","","Sauna...",28,33,5,64
"07/18/2025","3:00 PM","75 min.","Yorkville","Free Flow","","Sauna....",32,33,1,65
"07/18/2025","3:30 PM","75 min.","Yorkville","Free Flow","","Sauna..",22,33,11,76
"07/18/2025","4:00 PM","75 min.","Yorkville","Free Flow","","Sauna...",17,20,3,79
"07/18/2025","4:30 PM","75 min.","Yorkville","Free Flow","","Sauna....",20,33,13,92
"07/18/2025","5:00 PM","75 min.","Yorkville","Free Flow","","Sauna.....",11,20,9,101
"07/18/2025","5:15 PM","75 min.","Yorkville","Lively Free Flow","","Sauna..",10,33,23,124
"07/18/2025","6:30 PM","75 min.","Yorkville","Guided All Around: Rose, Thorn, Bud","","Sauna*",19,52,33,157
"07/18/2025","7:45 PM","75 min.","Yorkville","Guided All Around: Reflect","","Sauna*",19,52,33,190
"07/18/2025","9:00 PM","120 min.","Yorkville","Social","","Sauna..",29,53,24,214
"07/18/2025","9:30 PM","120 min.","Yorkville","Social","","Sauna...",38,52,14,228
"07/19/2025","8:00 AM","75 min.","Yorkville","Guided Down: Embodied","","Sauna*",38,52,14,14
"07/19/2025","9:15 AM","75 min.","Yorkville","Guided Down: Sound Immersion","","Sauna*",31,52,21,35
"07/19/2025","10:30 AM","75 min.","Yorkville","Guided All Around: Reset","","Sauna*",29,52,23,58
"07/19/2025","11:45 AM","75 min.","Yorkville","Guided Up: Self-Care Sweat","","Sauna*",27,52,25,83
"07/19/2025","1:00 PM","75 min.","Yorkville","Lively Free Flow","","Sauna.....",15,30,15,98
"07/19/2025","1:30 PM","75 min.","Yorkville","Lively Free Flow","","Sauna..",13,30,17,115
"07/19/2025","2:00 PM","75 min.","Yorkville","Lively Free Flow","","Sauna...",24,35,11,126
"07/19/2025","2:30 PM","75 min.","Yorkville","Lively Free Flow","","Sauna....",27,30,3,129
"07/19/2025","3:00 PM","75 min.","Yorkville","Lively Free Flow","","Sauna..",16,30,14,143
"07/19/2025","3:30 PM","75 min.","Yorkville","Lively Free Flow","","Sauna...",24,35,11,154
"07/19/2025","4:00 PM","75 min.","Yorkville","Lively Free Flow","","Sauna....",11,30,19,173
"07/19/2025","4:30 PM","75 min.","Yorkville","Lively Free Flow","","Sauna..",24,30,6,179
"07/19/2025","5:00 PM","75 min.","Yorkville","Lively Free Flow","","Sauna...",29,35,6,185
"07/19/2025","5:30 PM","75 min.","Yorkville","Lively Free Flow","","Sauna....",26,30,4,189
"07/19/2025","6:00 PM","75 min.","Yorkville","Lively Free Flow","","Sauna..",23,30,7,196
"07/19/2025","6:30 PM","75 min.","Yorkville","Lively Free Flow","","Sauna.....",20,35,15,211
"07/19/2025","7:45 PM","75 min.","Yorkville","Guided Down: Sound Immersion","","Sauna*",25,52,27,238
"07/19/2025","9:00 PM","120 min.","Yorkville","Social","","Sauna..",35,53,18,256
"07/19/2025","9:30 PM","120 min.","Yorkville","Social","","Sauna...",40,52,12,268
"07/20/2025","7:00 AM","75 min.","Yorkville","Quieter Free Flow","","Sauna..",40,53,13,13
"07/20/2025","8:30 AM","75 min.","Yorkville","Free Flow","","Sauna..",17,53,36,49
"07/20/2025","10:15 AM","75 min.","Yorkville","Guided All Around: Gratitude","","Sauna*",34,52,18,67
"07/20/2025","11:30 AM","75 min.","Yorkville","Guided All Around: Reset","","Sauna*",29,52,23,90
"07/20/2025","12:45 PM","75 min.","Yorkville","Lively Free Flow","","Sauna...",9,20,11,101
"07/20/2025","1:00 PM","75 min.","Yorkville","Lively Free Flow","","Sauna....",0,20,20,121
"07/20/2025","1:30 PM","75 min.","Yorkville","Lively Free Flow","","Sauna.....",26,35,9,130
"07/20/2025","2:00 PM","75 min.","Yorkville","Lively Free Flow","","Sauna..",0,20,20,150
"07/20/2025","2:30 PM","75 min.","Yorkville","Lively Free Flow","","Sauna...",24,40,16,166
"07/20/2025","3:00 PM","75 min.","Yorkville","Lively Free Flow","","Sauna....",31,35,4,170
"07/20/2025","3:30 PM","75 min.","Yorkville","Lively Free Flow","","Sauna..",9,20,11,181
"07/20/2025","4:00 PM","75 min.","Yorkville","Lively Free Flow","","Sauna...",20,40,20,201
"07/20/2025","5:15 PM","75 min.","Yorkville","Guided Down: Embodied","","Sauna*",30,52,22,223
"07/20/2025","6:30 PM","75 min.","Yorkville","Guided Down: Sound Immersion","","Sauna*",21,52,31,254
"07/20/2025","7:45 PM","75 min.","Yorkville","Free Flow","","Sauna...",1,20,19,273
"07/20/2025","8:00 PM","75 min.","Yorkville","Free Flow","","Sauna.",11,25,14,287
"07/20/2025","8:15 PM","75 min.","Yorkville","Free Flow","","Sauna....",18,25,7,294
"07/20/2025","8:30 PM","75 min.","Yorkville","Free Flow","","Sauna",6,20,14,308
"07/20/2025","8:45 PM","75 min.","Yorkville","Free Flow","","Sauna.....",9,15,6,314
"07/20/2025","9:15 PM","75 min.","Yorkville","Free Flow","","Sauna..",15,25,10,324
"07/20/2025","9:30 PM","75 min.","Yorkville","Free Flow","","Sauna...",13,20,7,331
"07/07/2025","7:00 AM","75 min.","Yorkville","Quieter Free Flow","","Sauna..",24,33,9,9
"07/07/2025","7:30 AM","75 min.","Yorkville","Quieter Free Flow","","Sauna...",28,33,5,14
"07/07/2025","8:00 AM","75 min.","Yorkville","Quieter Free Flow","","Sauna....",28,33,5,19
"07/07/2025","8:30 AM","75 min.","Yorkville","Quieter Free Flow","","Sauna..",31,33,2,21
"07/07/2025","9:00 AM","75 min.","Yorkville","Quieter Free Flow","","Sauna...",30,33,3,24
"07/07/2025","9:30 AM","75 min.","Yorkville","Quieter Free Flow","","Sauna....",32,33,1,25
"07/07/2025","10:00 AM","75 min.","Yorkville","Quieter Free Flow","","Sauna..",33,33,0,25
"07/07/2025","10:15 AM","75 min.","Yorkville","Quieter Free Flow","","Sauna...",19,33,14,39
"07/07/2025","12:00 PM","60 min.","Yorkville","Guided All Around: Sound Immersion - 60 min","","Sauna*",37,60,23,62
"07/07/2025","1:15 PM","75 min.","Yorkville","Free Flow","","Sauna.....",22,33,11,73
"07/07/2025","1:45 PM","75 min.","Yorkville","Free Flow","","Sauna..",29,33,4,77
"07/07/2025","2:15 PM","75 min.","Yorkville","Free Flow","","Sauna...",23,33,10,87
"07/07/2025","2:45 PM","75 min.","Yorkville","Free Flow","","Sauna....",31,33,2,89
"07/07/2025","3:15 PM","75 min.","Yorkville","Free Flow","","Sauna..",30,33,3,92
"07/07/2025","3:45 PM","75 min.","Yorkville","Free Flow","","Sauna.",30,33,3,95
"07/07/2025","4:15 PM","75 min.","Yorkville","Free Flow","","Sauna...",27,33,6,101
"07/07/2025","4:45 PM","75 min.","Yorkville","Free Flow","","Sauna....",27,33,6,107
"07/07/2025","5:15 PM","75 min.","Yorkville","Lively Free Flow","","Sauna.",23,33,10,117
"07/07/2025","6:30 PM","75 min.","Yorkville","Guided All Around: Hardwiring Happiness","","Sauna*",20,52,32,149
"07/07/2025","7:45 PM","75 min.","Yorkville","Guided All Around: Reset","","Sauna*",19,52,33,182
"07/07/2025","9:00 PM","120 min.","Yorkville","Friend(ship): A Guided Social","","Sauna*",19,52,33,215
"07/08/2025","7:00 AM","60 min.","Yorkville","Guided Up: Arctic Tundra - 60 min","","Sauna*",56,60,4,4
"07/08/2025","8:30 AM","75 min.","Yorkville","Quieter Free Flow","","Sauna..",27,33,6,10
"07/08/2025","9:00 AM","75 min.","Yorkville","Quieter Free Flow","","Sauna...",30,33,3,13
"07/08/2025","9:30 AM","75 min.","Yorkville","Quieter Free Flow","","Sauna....",29,33,4,17
"07/08/2025","10:00 AM","75 min.","Yorkville","Quieter Free Flow","","Sauna..",29,33,4,21
"07/08/2025","10:15 AM","75 min.","Yorkville","Quieter Free Flow","","Sauna...",27,33,6,27
"07/08/2025","12:00 PM","60 min.","Yorkville","Guided Down: Pure Presence - 60 min","","Sauna*",45,52,7,34
"07/08/2025","1:15 PM","75 min.","Yorkville","Guided All Around: Release","","Sauna*",36,52,16,50
"07/08/2025","2:30 PM","75 min.","Yorkville","Free Flow","","Sauna....",13,33,20,70
"07/08/2025","3:00 PM","75 min.","Yorkville","Free Flow","","Sauna.....",26,33,7,77
"07/08/2025","3:30 PM","75 min.","Yorkville","Free Flow","","Sauna.",30,33,3,80
"07/08/2025","4:00 PM","75 min.","Yorkville","Free Flow","","Sauna..",24,33,9,89
"07/08/2025","4:30 PM","75 min.","Yorkville","Free Flow","","Sauna...",24,33,9,98
"07/08/2025","5:00 PM","75 min.","Yorkville","Free Flow","","Sauna....",31,33,2,100
"07/08/2025","5:30 PM","75 min.","Yorkville","Lively Free Flow","","Sauna.....",11,33,22,122
"07/08/2025","6:45 PM","75 min.","Yorkville","Guided All Around: Journey Through the Elements","","Sauna*",33,60,27,149
"07/08/2025","8:00 PM","75 min.","Yorkville","Quieter Free Flow","","Sauna....",0,25,25,174
"07/08/2025","8:15 PM","75 min.","Yorkville","Quieter Free Flow","","Sauna.....",9,20,11,185
"07/08/2025","8:30 PM","75 min.","Yorkville","Quieter Free Flow","","Sauna.",15,25,10,195
"07/08/2025","8:45 PM","75 min.","Yorkville","Quieter Free Flow","","Sauna..",10,20,10,205
"07/08/2025","9:00 PM","75 min.","Yorkville","Quieter Free Flow","","Sauna...",0,15,15,220
"07/08/2025","9:30 PM","75 min.","Yorkville","Quieter Free Flow","","Sauna....",0,25,25,245
"07/08/2025","9:45 PM","75 min.","Yorkville","Quieter Free Flow","","Sauna.....",20,20,0,245
"07/09/2025","7:00 AM","60 min.","Yorkville","Guided All Around: Reset - 60 min","","Sauna*",50,60,10,10
"07/09/2025","8:30 AM","75 min.","Yorkville","Free Flow","","Sauna..",27,33,6,16
"07/09/2025","9:00 AM","75 min.","Yorkville","Free Flow","","Sauna...",30,33,3,19
"07/09/2025","9:30 AM","75 min.","Yorkville","Free Flow","","Sauna....",31,33,2,21
"07/09/2025","10:00 AM","75 min.","Yorkville","Free Flow","","Sauna..",31,33,2,23
"07/09/2025","10:15 AM","75 min.","Yorkville","Free Flow","","Sauna...",28,33,5,28
"07/09/2025","12:00 PM","60 min.","Yorkville","Guided Down: Pure Presence - 60 min","","Sauna..",40,60,20,48
"07/09/2025","1:45 PM","75 min.","Yorkville","Free Flow","","Sauna.....",18,33,15,63
"07/09/2025","2:15 PM","75 min.","Yorkville","Free Flow","","Sauna..",32,33,1,64
"07/09/2025","2:45 PM","75 min.","Yorkville","Free Flow","","Sauna...",32,33,1,65
"07/09/2025","3:15 PM","75 min.","Yorkville","Free Flow","","Sauna....",31,33,2,67
"07/09/2025","3:45 PM","75 min.","Yorkville","Free Flow","","Sauna..",29,33,4,71
"07/09/2025","4:15 PM","75 min.","Yorkville","Free Flow","","Sauna.....",20,33,13,84
"07/09/2025","5:30 PM","75 min.","Yorkville","Guided Down: Sound Immersion","","Sauna*",29,52,23,107
"07/09/2025","6:45 PM","75 min.","Yorkville","Guided All Around: Reset","","Sauna*",12,52,40,147
"07/09/2025","8:00 PM","75 min.","Yorkville","Free Flow","","Sauna....",1,25,24,171
"07/09/2025","8:15 PM","75 min.","Yorkville","Free Flow","","Sauna.....",6,20,14,185
"07/09/2025","8:30 PM","75 min.","Yorkville","Free Flow","","Sauna.",9,25,16,201
"07/09/2025","8:45 PM","75 min.","Yorkville","Free Flow","","Sauna..",13,20,7,208
"07/09/2025","9:00 PM","75 min.","Yorkville","Free Flow","","Sauna...",5,15,10,218
"07/09/2025","9:30 PM","75 min.","Yorkville","Free Flow","","Sauna....",15,25,10,228
"07/09/2025","9:45 PM","75 min.","Yorkville","Free Flow","","Sauna.....",11,20,9,237
"07/10/2025","7:00 AM","60 min.","Yorkville","Guided Down: Sound Immersion - 60 min","","Sauna..",40,60,20,20
"07/10/2025","8:30 AM","75 min.","Yorkville","Free Flow","","Sauna..",27,33,6,26
"07/10/2025","9:00 AM","75 min.","Yorkville","Free Flow","","Sauna...",26,33,7,33
"07/10/2025","9:30 AM","75 min.","Yorkville","Free Flow","","Sauna....",29,33,4,37
"07/10/2025","10:00 AM","75 min.","Yorkville","Free Flow","","Sauna..",31,33,2,39
"07/10/2025","10:15 AM","75 min.","Yorkville","Free Flow","","Sauna...",26,33,7,46
"07/10/2025","12:00 PM","60 min.","Yorkville","Guided Up: Feel Good Now - 60 min","","Sauna*",50,60,10,56
"07/10/2025","1:45 PM","75 min.","Yorkville","Free Flow","","Sauna.....",25,33,8,64
"07/10/2025","2:15 PM","75 min.","Yorkville","Free Flow","","Sauna..",24,33,9,73
"07/10/2025","2:45 PM","75 min.","Yorkville","Free Flow","","Sauna...",22,33,11,84
"07/10/2025","3:15 PM","75 min.","Yorkville","Free Flow","","Sauna....",29,33,4,88
"07/10/2025","3:45 PM","75 min.","Yorkville","Free Flow","","Sauna..",26,33,7,95
"07/10/2025","4:15 PM","75 min.","Yorkville","Free Flow","","Sauna.....",15,33,18,113
"07/10/2025","5:30 PM","75 min.","Yorkville","Guided Up: Arctic Tundra","","Sauna*",35,52,17,130
"07/10/2025","6:45 PM","75 min.","Yorkville","Guided All Around: Loving Kindness","","Sauna*",9,52,43,173
"07/10/2025","8:00 PM","75 min.","Yorkville","Lively Free Flow","","Sauna....",9,25,16,189
"07/10/2025","8:15 PM","75 min.","Yorkville","Lively Free Flow","","Sauna.....",16,20,4,193
"07/10/2025","8:30 PM","75 min.","Yorkville","Lively Free Flow","","Sauna.",16,25,9,202
"07/10/2025","8:45 PM","75 min.","Yorkville","Lively Free Flow","","Sauna..",11,20,9,211
"07/10/2025","9:00 PM","75 min.","Yorkville","Lively Free Flow","","Sauna...",0,15,15,226
"07/10/2025","9:30 PM","75 min.","Yorkville","Lively Free Flow","","Sauna....",1,25,24,250
"07/10/2025","9:45 PM","75 min.","Yorkville","Lively Free Flow","","Sauna.....",0,20,20,270
"07/11/2025","7:00 AM","75 min.","Yorkville","Guided Down: Unwind","","Sauna*",48,52,4,4
"07/11/2025","8:15 AM","75 min.","Yorkville","Guided Down: Senses","","Sauna*",42,52,10,14
"07/11/2025","9:30 AM","75 min.","Yorkville","Guided Down: Self-Care Sweat","","Sauna*",41,52,11,25
"07/11/2025","10:45 AM","75 min.","Yorkville","Free Flow","","Sauna.....",28,33,5,30
"07/11/2025","11:15 AM","75 min.","Yorkville","Free Flow","","Sauna....",25,25,0,30
"07/11/2025","11:45 AM","75 min.","Yorkville","Free Flow","","Sauna",18,20,2,32
"07/11/2025","12:00 PM","75 min.","Yorkville","Free Flow","","Sauna..",24,33,9,41
"07/11/2025","12:30 PM","75 min.","Yorkville","Free Flow","","Sauna...",30,33,3,44
"07/11/2025","1:00 PM","75 min.","Yorkville","Free Flow","","Sauna....",27,33,6,50
"07/11/2025","1:30 PM","75 min.","Yorkville","Free Flow","","Sauna.....",27,33,6,56
"07/11/2025","2:00 PM","75 min.","Yorkville","Free Flow","","Sauna..",27,33,6,62
"07/11/2025","2:30 PM","75 min.","Yorkville","Free Flow","","Sauna...",23,33,10,72
"07/11/2025","3:00 PM","75 min.","Yorkville","Free Flow","","Sauna....",22,33,11,83
"07/11/2025","3:30 PM","75 min.","Yorkville","Free Flow","","Sauna..",24,33,9,92
"07/11/2025","4:00 PM","75 min.","Yorkville","Free Flow","","Sauna...",8,20,12,104
"07/11/2025","4:30 PM","75 min.","Yorkville","Free Flow","","Sauna....",16,33,17,121
"07/11/2025","5:00 PM","75 min.","Yorkville","Free Flow","","Sauna.....",5,20,15,136
"07/11/2025","5:15 PM","75 min.","Yorkville","Lively Free Flow","","Sauna..",12,33,21,157
"07/11/2025","6:30 PM","75 min.","Yorkville","Guided You + Me: Relationship","","Sauna*",21,52,31,188
"07/11/2025","7:45 PM","75 min.","Yorkville","Guided Up: Awakening","","Sauna*",34,52,18,206
"07/11/2025","9:00 PM","120 min.","Yorkville","Social","","Sauna..",1,53,52,258
"07/11/2025","9:30 PM","120 min.","Yorkville","Social","","Sauna...",26,52,26,284
"07/12/2025","8:00 AM","75 min.","Yorkville","Guided Down: Unwind","","Sauna*",42,52,10,10
"07/12/2025","9:15 AM","75 min.","Yorkville","Guided All Around: Rose, Thorn, Bud","","Sauna*",38,52,14,24
"07/12/2025","10:30 AM","75 min.","Yorkville","Guided Down: Self-Care Sweat","","Sauna*",24,52,28,52
"07/12/2025","11:45 AM","75 min.","Yorkville","Guided Down: Sound Immersion","","Sauna*",24,52,28,80
"07/12/2025","1:00 PM","75 min.","Yorkville","Lively Free Flow","","Sauna.....",19,30,11,91
"07/12/2025","1:30 PM","75 min.","Yorkville","Lively Free Flow","","Sauna..",25,30,5,96
"07/12/2025","2:00 PM","75 min.","Yorkville","Lively Free Flow","","Sauna...",21,35,14,110
"07/12/2025","2:30 PM","75 min.","Yorkville","Lively Free Flow","","Sauna....",22,30,8,118
"07/12/2025","3:00 PM","75 min.","Yorkville","Lively Free Flow","","Sauna..",17,30,13,131
"07/12/2025","3:30 PM","75 min.","Yorkville","Lively Free Flow","","Sauna...",26,35,9,140
"07/12/2025","4:00 PM","75 min.","Yorkville","Lively Free Flow","","Sauna....",24,30,6,146
"07/12/2025","4:30 PM","75 min.","Yorkville","Lively Free Flow","","Sauna..",28,30,2,148
"07/12/2025","5:00 PM","75 min.","Yorkville","Lively Free Flow","","Sauna...",21,35,14,162
"07/12/2025","5:30 PM","75 min.","Yorkville","Lively Free Flow","","Sauna....",24,30,6,168
"07/12/2025","6:00 PM","75 min.","Yorkville","Lively Free Flow","","Sauna..",23,30,7,175
"07/12/2025","6:30 PM","75 min.","Yorkville","Lively Free Flow","","Sauna.....",34,35,1,176
"07/12/2025","7:45 PM","75 min.","Yorkville","Guided Down: Pure Presence","","Sauna*",26,52,26,202
"07/12/2025","9:00 PM","120 min.","Yorkville","Social","","Sauna..",16,53,37,239
"07/12/2025","9:30 PM","120 min.","Yorkville","Social","","Sauna...",51,52,1,240
"07/13/2025","7:00 AM","75 min.","Yorkville","Quieter Free Flow","","Sauna..",34,53,19,19
"07/13/2025","8:30 AM","75 min.","Yorkville","Free Flow","","Sauna..",35,53,18,37
"07/13/2025","10:15 AM","75 min.","Yorkville","Guided All Around: Reset","","Sauna*",7,52,45,82
"07/13/2025","11:30 AM","75 min.","Yorkville","Guided Up: Feel Good Now","","Sauna*",22,52,30,112
"07/13/2025","12:45 PM","75 min.","Yorkville","Lively Free Flow","","Sauna...",2,20,18,130
"07/13/2025","1:00 PM","75 min.","Yorkville","Lively Free Flow","","Sauna....",6,20,14,144
"07/13/2025","1:30 PM","75 min.","Yorkville","Lively Free Flow","","Sauna.....",29,35,6,150
"07/13/2025","2:00 PM","75 min.","Yorkville","Lively Free Flow","","Sauna..",13,20,7,157
"07/13/2025","2:30 PM","75 min.","Yorkville","Lively Free Flow","","Sauna...",31,40,9,166
"07/13/2025","3:00 PM","75 min.","Yorkville","Lively Free Flow","","Sauna....",24,35,11,177
"07/13/2025","3:30 PM","75 min.","Yorkville","Lively Free Flow","","Sauna..",8,20,12,189
"07/13/2025","4:00 PM","75 min.","Yorkville","Lively Free Flow","","Sauna...",18,40,22,211
"07/13/2025","5:15 PM","75 min.","Yorkville","Guided Up: Awakening","","Sauna*",42,52,10,221
"07/13/2025","6:30 PM","75 min.","Yorkville","Guided All Around: Loving Kindness","","Sauna*",33,52,19,240
"07/13/2025","7:45 PM","75 min.","Yorkville","Free Flow","","Sauna...",3,20,17,257
"07/13/2025","8:00 PM","75 min.","Yorkville","Free Flow","","Sauna.",6,25,19,276
"07/13/2025","8:15 PM","75 min.","Yorkville","Free Flow","","Sauna....",16,25,9,285
"07/13/2025","8:30 PM","75 min.","Yorkville","Free Flow","","Sauna",5,20,15,300
"07/13/2025","8:45 PM","75 min.","Yorkville","Free Flow","","Sauna.....",9,15,6,306
"07/13/2025","9:15 PM","75 min.","Yorkville","Free Flow","","Sauna..",11,25,14,320
"07/13/2025","9:30 PM","75 min.","Yorkville","Free Flow","","Sauna...",0,20,20,340
"06/30/2025","7:00 AM","75 min.","Yorkville","Free Flow","","Sauna..",28,33,5,5
"06/30/2025","7:30 AM","75 min.","Yorkville","Free Flow","","Sauna...",33,33,0,5
"06/30/2025","8:00 AM","75 min.","Yorkville","Free Flow","","Sauna....",28,33,5,10
"06/30/2025","8:30 AM","75 min.","Yorkville","Free Flow","","Sauna..",27,33,6,16
"06/30/2025","9:00 AM","75 min.","Yorkville","Free Flow","","Sauna...",29,33,4,20
"06/30/2025","9:30 AM","75 min.","Yorkville","Free Flow","","Sauna....",26,33,7,27
"06/30/2025","10:00 AM","75 min.","Yorkville","Free Flow","","Sauna..",23,33,10,37
"06/30/2025","10:15 AM","75 min.","Yorkville","Free Flow","","Sauna...",15,33,18,55
"06/30/2025","12:00 PM","60 min.","Yorkville","Guided All Around: Loving Kindness - 60 min","","Sauna*",33,60,27,82
"06/30/2025","1:15 PM","75 min.","Yorkville","Free Flow","","Sauna.....",10,33,23,105
"06/30/2025","1:45 PM","75 min.","Yorkville","Free Flow","","Sauna..",23,33,10,115
"06/30/2025","2:15 PM","75 min.","Yorkville","Free Flow","","Sauna...",22,33,11,126
"06/30/2025","2:45 PM","75 min.","Yorkville","Free Flow","","Sauna....",24,33,9,135
"06/30/2025","3:15 PM","75 min.","Yorkville","Free Flow","","Sauna..",21,33,12,147
"06/30/2025","3:45 PM","75 min.","Yorkville","Free Flow","","Sauna.",28,33,5,152
"06/30/2025","4:15 PM","75 min.","Yorkville","Free Flow","","Sauna...",27,33,6,158
"06/30/2025","4:45 PM","75 min.","Yorkville","Free Flow","","Sauna....",16,33,17,175
"06/30/2025","5:15 PM","75 min.","Yorkville","Lively Free Flow","","Sauna.",11,33,22,197
"06/30/2025","6:30 PM","75 min.","Yorkville","Guided All Around: Release","","Sauna*",1,52,51,248
"06/30/2025","7:45 PM","75 min.","Yorkville","Guided All Around: Rose, Thorn, Bud","","Sauna*",21,52,31,279
"06/30/2025","9:00 PM","75 min.","Yorkville","Guided Down: Embodied","","Sauna*",31,52,21,300
"07/01/2025","7:00 AM","60 min.","Yorkville","Guided Up: Arctic Tundra - 60 min","","Sauna*",50,60,10,10
"07/01/2025","8:30 AM","75 min.","Yorkville","Free Flow","","Sauna..",18,33,15,25
"07/01/2025","9:00 AM","75 min.","Yorkville","Free Flow","","Sauna...",26,33,7,32
"07/01/2025","9:30 AM","75 min.","Yorkville","Free Flow","","Sauna....",23,33,10,42
"07/01/2025","10:00 AM","75 min.","Yorkville","Free Flow","","Sauna..",20,33,13,55
"07/01/2025","10:15 AM","75 min.","Yorkville","Free Flow","","Sauna...",12,33,21,76
"07/01/2025","12:00 PM","60 min.","Yorkville","Guided Down: Pure Presence - 60 min","","Sauna*",18,52,34,110
"07/01/2025","1:15 PM","75 min.","Yorkville","Guided Up: Awakening","","Sauna*",25,52,27,137
"07/01/2025","2:30 PM","75 min.","Yorkville","Lively Free Flow","","Sauna....",0,33,33,170
"07/01/2025","3:00 PM","75 min.","Yorkville","Lively Free Flow","","Sauna.....",13,33,20,190
"07/01/2025","3:30 PM","75 min.","Yorkville","Lively Free Flow","","Sauna.",22,33,11,201
"07/01/2025","4:00 PM","75 min.","Yorkville","Lively Free Flow","","Sauna..",22,33,11,212
"07/01/2025","4:30 PM","75 min.","Yorkville","Lively Free Flow","","Sauna...",20,33,13,225
"07/01/2025","5:00 PM","75 min.","Yorkville","Lively Free Flow","","Sauna....",23,33,10,235
"07/01/2025","5:30 PM","75 min.","Yorkville","Lively Free Flow","","Sauna.....",22,33,11,246
"07/01/2025","6:45 PM","75 min.","Yorkville","Guided All Around: Journey Through the Elements","","Sauna*",20,60,40,286
"07/01/2025","8:00 PM","75 min.","Yorkville","Free Flow","","Sauna....",11,25,14,300
"07/01/2025","8:15 PM","75 min.","Yorkville","Free Flow","","Sauna.....",13,20,7,307
"07/01/2025","8:30 PM","75 min.","Yorkville","Free Flow","","Sauna.",21,25,4,311
"07/01/2025","8:45 PM","75 min.","Yorkville","Free Flow","","Sauna..",15,20,5,316
"07/01/2025","9:00 PM","75 min.","Yorkville","Free Flow","","Sauna...",12,15,3,319
"07/01/2025","9:30 PM","75 min.","Yorkville","Free Flow","","Sauna....",17,25,8,327
"07/01/2025","9:45 PM","75 min.","Yorkville","Free Flow","","Sauna.....",20,20,0,327
"07/02/2025","7:00 AM","60 min.","Yorkville","Guided Up: Awakening - 60 min","","Sauna*",57,60,3,3
"07/02/2025","8:30 AM","75 min.","Yorkville","Free Flow","","Sauna..",26,33,7,10
"07/02/2025","9:00 AM","75 min.","Yorkville","Free Flow","","Sauna...",29,33,4,14
"07/02/2025","9:30 AM","75 min.","Yorkville","Free Flow","","Sauna....",30,33,3,17
"07/02/2025","10:00 AM","75 min.","Yorkville","Free Flow","","Sauna..",31,33,2,19
"07/02/2025","10:15 AM","75 min.","Yorkville","Free Flow","","Sauna...",26,33,7,26
"07/02/2025","12:00 PM","60 min.","Yorkville","Guided All Around: Heart Opener - 60 min","","Sauna..",52,60,8,34
"07/02/2025","2:30 PM","75 min.","Yorkville","Free Flow","","Sauna..",25,33,8,42
"07/02/2025","2:45 PM","75 min.","Yorkville","Free Flow","","Sauna...",25,33,8,50
"07/02/2025","3:15 PM","75 min.","Yorkville","Free Flow","","Sauna....",28,33,5,55
"07/02/2025","3:45 PM","75 min.","Yorkville","Free Flow","","Sauna..",20,33,13,68
"07/02/2025","4:15 PM","75 min.","Yorkville","Free Flow","","Sauna.....",21,33,12,80
"07/02/2025","5:30 PM","75 min.","Yorkville","Guided Up: Self-Care Sweat","","Sauna*",35,52,17,97
"07/02/2025","6:45 PM","75 min.","Yorkville","Guided All Around: Reset","","Sauna*",28,52,24,121
"07/02/2025","8:00 PM","75 min.","Yorkville","Free Flow","","Sauna....",15,25,10,131
"07/02/2025","8:15 PM","75 min.","Yorkville","Free Flow","","Sauna.....",11,20,9,140
"07/02/2025","8:30 PM","75 min.","Yorkville","Free Flow","","Sauna.",20,25,5,145
"07/02/2025","8:45 PM","75 min.","Yorkville","Free Flow","","Sauna..",1,20,19,164
"07/02/2025","9:00 PM","75 min.","Yorkville","Free Flow","","Sauna...",0,15,15,179
"07/02/2025","9:30 PM","75 min.","Yorkville","Free Flow","","Sauna....",0,25,25,204
"07/02/2025","9:45 PM","75 min.","Yorkville","Free Flow","","Sauna.....",20,20,0,204
"07/03/2025","7:00 AM","60 min.","Yorkville","Guided Down: Sound Immersion - 60 min","","Sauna..",45,60,15,15
"07/03/2025","8:30 AM","75 min.","Yorkville","Free Flow","","Sauna..",24,33,9,24
"07/03/2025","9:00 AM","75 min.","Yorkville","Free Flow","","Sauna...",30,33,3,27
"07/03/2025","9:30 AM","75 min.","Yorkville","Free Flow","","Sauna....",30,33,3,30
"07/03/2025","10:00 AM","75 min.","Yorkville","Free Flow","","Sauna..",28,33,5,35
"07/03/2025","10:15 AM","75 min.","Yorkville","Free Flow","","Sauna...",25,33,8,43
"07/03/2025","12:00 PM","60 min.","Yorkville","Guided Down: Senses - 60 min","","Sauna*",51,60,9,52
"07/03/2025","1:45 PM","75 min.","Yorkville","Free Flow","","Sauna.....",23,33,10,62
"07/03/2025","2:15 PM","75 min.","Yorkville","Free Flow","","Sauna..",23,33,10,72
"07/03/2025","2:45 PM","75 min.","Yorkville","Free Flow","","Sauna...",23,33,10,82
"07/03/2025","3:15 PM","75 min.","Yorkville","Free Flow","","Sauna....",28,33,5,87
"07/03/2025","3:45 PM","75 min.","Yorkville","Free Flow","","Sauna..",31,33,2,89
"07/03/2025","4:15 PM","75 min.","Yorkville","Free Flow","","Sauna.....",12,33,21,110
"07/03/2025","5:30 PM","75 min.","Yorkville","Guided All Around: Acceptance","","Sauna*",17,52,35,145
"07/03/2025","6:45 PM","75 min.","Yorkville","Guided Down: Deep Stretch","","Sauna*",21,52,31,176
"07/03/2025","8:00 PM","75 min.","Yorkville","Lively Free Flow","","Sauna....",0,25,25,201
"07/03/2025","8:15 PM","75 min.","Yorkville","Lively Free Flow","","Sauna.....",7,20,13,214
"07/03/2025","8:30 PM","75 min.","Yorkville","Lively Free Flow","","Sauna.",16,25,9,223
"07/03/2025","8:45 PM","75 min.","Yorkville","Lively Free Flow","","Sauna..",16,20,4,227
"07/03/2025","9:00 PM","75 min.","Yorkville","Lively Free Flow","","Sauna...",0,15,15,242
"07/03/2025","9:30 PM","75 min.","Yorkville","Lively Free Flow","","Sauna....",18,25,7,249
"07/03/2025","9:45 PM","75 min.","Yorkville","Lively Free Flow","","Sauna.....",12,20,8,257
"07/04/2025","7:00 AM","75 min.","Yorkville","Guided Down: Unwind","","Sauna*",42,52,10,10
"07/04/2025","8:15 AM","75 min.","Yorkville","Guided Down: Senses","","Sauna*",51,52,1,11
"07/04/2025","9:30 AM","75 min.","Yorkville","Guided Down: Pure Presence","","Sauna*",45,52,7,18
"07/04/2025","10:45 AM","75 min.","Yorkville","Guided Up: Arctic Tundra","","Sauna*",43,52,9,27
"07/04/2025","12:00 PM","75 min.","Yorkville","Free Flow","","Sauna..",11,33,22,49
"07/04/2025","12:30 PM","75 min.","Yorkville","Free Flow","","Sauna...",29,33,4,53
"07/04/2025","1:00 PM","75 min.","Yorkville","Free Flow","","Sauna....",31,33,2,55
"07/04/2025","1:30 PM","75 min.","Yorkville","Free Flow","","Sauna.....",30,33,3,58
"07/04/2025","2:00 PM","75 min.","Yorkville","Free Flow","","Sauna..",24,33,9,67
"07/04/2025","2:30 PM","75 min.","Yorkville","Free Flow","","Sauna...",28,33,5,72
"07/04/2025","3:00 PM","75 min.","Yorkville","Free Flow","","Sauna....",24,33,9,81
"07/04/2025","3:30 PM","75 min.","Yorkville","Free Flow","","Sauna..",23,33,10,91
"07/04/2025","4:00 PM","75 min.","Yorkville","Free Flow","","Sauna...",5,20,15,106
"07/04/2025","4:30 PM","75 min.","Yorkville","Free Flow","","Sauna....",24,33,9,115
"07/04/2025","5:00 PM","75 min.","Yorkville","Free Flow","","Sauna.....",13,20,7,122
"07/04/2025","5:15 PM","75 min.","Yorkville","Lively Free Flow","","Sauna..",11,33,22,144
"07/04/2025","6:30 PM","75 min.","Yorkville","Guided All Around: Rose, Thorn, Bud","","Sauna*",30,52,22,166
"07/04/2025","7:45 PM","75 min.","Yorkville","Guided All Around: Reflect","","Sauna*",3,52,49,215
"07/04/2025","9:00 PM","120 min.","Yorkville","Social","","Sauna..",18,53,35,250
"07/04/2025","9:30 PM","120 min.","Yorkville","Social","","Sauna...",40,52,12,262
"07/05/2025","8:00 AM","75 min.","Yorkville","Guided Down: Embodied","","Sauna*",41,52,11,11
"07/05/2025","9:15 AM","75 min.","Yorkville","Guided Down: Sound Immersion","","Sauna*",39,52,13,24
"07/05/2025","10:30 AM","75 min.","Yorkville","Guided All Around: Reset","","Sauna*",24,52,28,52
"07/05/2025","11:45 AM","75 min.","Yorkville","Guided Down: Pure Presence","","Sauna*",38,52,14,66
"07/05/2025","1:00 PM","75 min.","Yorkville","Lively Free Flow","","Sauna.....",16,30,14,80
"07/05/2025","1:30 PM","75 min.","Yorkville","Lively Free Flow","","Sauna..",21,30,9,89
"07/05/2025","2:00 PM","75 min.","Yorkville","Lively Free Flow","","Sauna...",17,35,18,107
"07/05/2025","2:30 PM","75 min.","Yorkville","Lively Free Flow","","Sauna....",26,30,4,111
"07/05/2025","3:00 PM","75 min.","Yorkville","Lively Free Flow","","Sauna..",15,30,15,126
"07/05/2025","3:30 PM","75 min.","Yorkville","Lively Free Flow","","Sauna...",27,35,8,134
"07/05/2025","4:00 PM","75 min.","Yorkville","Lively Free Flow","","Sauna....",27,30,3,137
"07/05/2025","4:30 PM","75 min.","Yorkville","Lively Free Flow","","Sauna..",23,30,7,144
"07/05/2025","5:00 PM","75 min.","Yorkville","Lively Free Flow","","Sauna...",24,35,11,155
"07/05/2025","5:30 PM","75 min.","Yorkville","Lively Free Flow","","Sauna....",28,30,2,157
"07/05/2025","6:00 PM","75 min.","Yorkville","Lively Free Flow","","Sauna..",18,30,12,169
"07/05/2025","6:30 PM","75 min.","Yorkville","Lively Free Flow","","Sauna.....",25,35,10,179
"07/05/2025","7:45 PM","75 min.","Yorkville","Guided All Around: Reset","","Sauna*",30,52,22,201
"07/05/2025","9:00 PM","120 min.","Yorkville","Beat Drop: DJ Takeover","","Sauna..",19,53,34,235
"07/05/2025","9:30 PM","120 min.","Yorkville","Beat Drop: DJ Takeover","","Sauna...",30,52,22,257
"07/06/2025","7:00 AM","75 min.","Yorkville","Quieter Free Flow","","Sauna..",32,53,21,21
"07/06/2025","8:30 AM","75 min.","Yorkville","Free Flow","","Sauna..",32,53,21,42
"07/06/2025","10:15 AM","75 min.","Yorkville","Guided All Around: Rose, Thorn, Bud","","Sauna*",27,52,25,67
"07/06/2025","11:30 AM","75 min.","Yorkville","Guided All Around: Reset","","Sauna*",31,52,21,88
"07/06/2025","12:45 PM","75 min.","Yorkville","Lively Free Flow","","Sauna...",4,20,16,104
"07/06/2025","1:00 PM","75 min.","Yorkville","Lively Free Flow","","Sauna....",10,20,10,114
"07/06/2025","1:30 PM","75 min.","Yorkville","Lively Free Flow","","Sauna.....",33,35,2,116
"07/06/2025","2:00 PM","75 min.","Yorkville","Lively Free Flow","","Sauna..",14,20,6,122
"07/06/2025","2:30 PM","75 min.","Yorkville","Lively Free Flow","","Sauna...",37,40,3,125
"07/06/2025","3:00 PM","75 min.","Yorkville","Lively Free Flow","","Sauna....",28,35,7,132
"07/06/2025","3:30 PM","75 min.","Yorkville","Lively Free Flow","","Sauna..",13,20,7,139
"07/06/2025","4:00 PM","75 min.","Yorkville","Lively Free Flow","","Sauna...",24,40,16,155
"07/06/2025","5:15 PM","75 min.","Yorkville","Guided All Around: Loving Kindness","","Sauna*",43,52,9,164
"07/06/2025","6:30 PM","75 min.","Yorkville","Guided Down: Sound Immersion","","Sauna*",32,52,20,184
"07/06/2025","7:45 PM","75 min.","Yorkville","Free Flow","","Sauna...",0,20,20,204
"07/06/2025","8:00 PM","75 min.","Yorkville","Free Flow","","Sauna.",7,25,18,222
"07/06/2025","8:15 PM","75 min.","Yorkville","Free Flow","","Sauna....",15,25,10,232
"07/06/2025","8:30 PM","75 min.","Yorkville","Free Flow","","Sauna",15,20,5,237
"07/06/2025","8:45 PM","75 min.","Yorkville","Free Flow","","Sauna.....",8,15,7,244
"07/06/2025","9:15 PM","75 min.","Yorkville","Free Flow","","Sauna..",9,25,16,260
"07/06/2025","9:30 PM","75 min.","Yorkville","Free Flow","","Sauna...",20,20,0,260
"06/23/2025","7:00 AM","75 min.","Yorkville","Quieter Free Flow","","Sauna..",21,33,12,12
"06/23/2025","10:00 AM","75 min.","Yorkville","Quieter Free Flow","","Sauna..",22,33,11,23
"06/23/2025","10:15 AM","75 min.","Yorkville","Quieter Free Flow","","Sauna...",25,33,8,31
"06/23/2025","12:00 PM","60 min.","Yorkville","Guided All Around: Sound Immersion - 60 min","","Sauna*",34,60,26,57
"06/23/2025","1:15 PM","75 min.","Yorkville","Free Flow","","Sauna.....",26,33,7,64
"06/23/2025","1:45 PM","75 min.","Yorkville","Free Flow","","Sauna..",31,33,2,66
"06/23/2025","2:15 PM","75 min.","Yorkville","Free Flow","","Sauna...",25,33,8,74
"06/23/2025","2:45 PM","75 min.","Yorkville","Free Flow","","Sauna....",26,33,7,81
"06/23/2025","3:15 PM","75 min.","Yorkville","Free Flow","","Sauna..",28,33,5,86
"06/23/2025","3:45 PM","75 min.","Yorkville","Free Flow","","Sauna.",28,33,5,91
"06/23/2025","4:15 PM","75 min.","Yorkville","Free Flow","","Sauna...",19,33,14,105
"06/23/2025","4:45 PM","75 min.","Yorkville","Free Flow","","Sauna....",30,33,3,108
"06/23/2025","5:15 PM","75 min.","Yorkville","Lively Free Flow","","Sauna.",19,33,14,122
"06/23/2025","6:30 PM","75 min.","Yorkville","Guided All Around: Gratitude","","Sauna*",39,52,13,135
"06/23/2025","7:45 PM","75 min.","Yorkville","Guided All Around: Journey Through the Elements","","Sauna*",22,52,30,165
"06/23/2025","9:00 PM","90 min.","Yorkville","Guided All Around: Space for Women","","Sauna*",38,52,14,179
"06/24/2025","7:00 AM","60 min.","Yorkville","Guided Up: Arctic Tundra - 60 min","","Sauna*",50,60,10,10
"06/24/2025","8:30 AM","75 min.","Yorkville","Quieter Free Flow","","Sauna..",30,33,3,13
"06/24/2025","9:00 AM","75 min.","Yorkville","Quieter Free Flow","","Sauna...",28,33,5,18
"06/24/2025","9:30 AM","75 min.","Yorkville","Quieter Free Flow","","Sauna....",29,33,4,22
"06/24/2025","10:00 AM","75 min.","Yorkville","Quieter Free Flow","","Sauna..",31,33,2,24
"06/24/2025","10:15 AM","75 min.","Yorkville","Quieter Free Flow","","Sauna...",29,33,4,28
"06/24/2025","12:00 PM","75 min.","Yorkville","Free Flow","","Sauna.",28,33,5,33
"06/24/2025","1:15 PM","75 min.","Yorkville","Guided All Around: Reset","","Sauna*",46,52,6,39
"06/24/2025","2:30 PM","75 min.","Yorkville","Free Flow","","Sauna....",28,33,5,44
"06/24/2025","3:00 PM","75 min.","Yorkville","Free Flow","","Sauna.....",30,33,3,47
"06/24/2025","3:30 PM","75 min.","Yorkville","Free Flow","","Sauna.",27,33,6,53
"06/24/2025","4:00 PM","75 min.","Yorkville","Free Flow","","Sauna..",25,33,8,61
"06/24/2025","4:30 PM","75 min.","Yorkville","Free Flow","","Sauna...",26,33,7,68
"06/24/2025","5:00 PM","75 min.","Yorkville","Free Flow","","Sauna....",25,33,8,76
"06/24/2025","5:30 PM","75 min.","Yorkville","Lively Free Flow","","Sauna.....",21,33,12,88
"06/24/2025","6:45 PM","75 min.","Yorkville","Guided Down: Rose, Thorn, Bud","","Sauna*",33,60,27,115
"06/24/2025","8:00 PM","75 min.","Yorkville","Free Flow","","Sauna.",0,25,25,140
"06/24/2025","9:00 PM","120 min.","Yorkville","Runner's Night","","Sauna...",7,52,45,185
"06/24/2025","9:15 PM","120 min.","Yorkville","Runner's Night","","Sauna..",44,53,9,194
"06/25/2025","7:00 AM","60 min.","Yorkville","Guided Down: Senses - 60 min","","Sauna*",44,60,16,16
"06/25/2025","10:00 AM","75 min.","Yorkville","Free Flow","","Sauna..",26,33,7,23
"06/25/2025","10:15 AM","75 min.","Yorkville","Free Flow","","Sauna...",26,33,7,30
"06/25/2025","12:00 PM","60 min.","Yorkville","Guided Down: Pure Presence - 60 min","","Sauna..",48,60,12,42
"06/25/2025","1:45 PM","75 min.","Yorkville","Free Flow","","Sauna.....",23,33,10,52
"06/25/2025","2:15 PM","75 min.","Yorkville","Free Flow","","Sauna..",28,33,5,57
"06/25/2025","2:45 PM","75 min.","Yorkville","Free Flow","","Sauna...",32,33,1,58
"06/25/2025","3:15 PM","75 min.","Yorkville","Free Flow","","Sauna....",24,33,9,67
"06/25/2025","3:45 PM","75 min.","Yorkville","Free Flow","","Sauna..",33,33,0,67
"06/25/2025","4:15 PM","75 min.","Yorkville","Free Flow","","Sauna.....",24,33,9,76
"06/25/2025","5:30 PM","75 min.","Yorkville","Guided Up: Awakening","","Sauna*",34,52,18,94
"06/25/2025","6:45 PM","75 min.","Yorkville","Guided All Around: Reset","","Sauna*",26,52,26,120
"06/25/2025","8:00 PM","75 min.","Yorkville","Free Flow","","Sauna....",1,25,24,144
"06/25/2025","8:15 PM","75 min.","Yorkville","Free Flow","","Sauna.....",7,20,13,157
"06/25/2025","8:30 PM","75 min.","Yorkville","Free Flow","","Sauna..",17,25,8,165
"06/25/2025","8:45 PM","75 min.","Yorkville","Free Flow","","Sauna.",15,20,5,170
"06/25/2025","9:00 PM","75 min.","Yorkville","Free Flow","","Sauna",1,15,14,184
"06/25/2025","9:30 PM","75 min.","Yorkville","Free Flow","","Sauna...",9,25,16,200
"06/25/2025","9:45 PM","75 min.","Yorkville","Free Flow","","Sauna.....",11,20,9,209
"06/26/2025","7:00 AM","60 min.","Yorkville","Guided Down: Sound Immersion - 60 min","","Sauna..",45,60,15,15
"06/26/2025","8:30 AM","75 min.","Yorkville","Free Flow","","Sauna..",23,33,10,25
"06/26/2025","9:00 AM","75 min.","Yorkville","Free Flow","","Sauna...",30,33,3,28
"06/26/2025","9:30 AM","75 min.","Yorkville","Free Flow","","Sauna....",31,33,2,30
"06/26/2025","10:00 AM","75 min.","Yorkville","Free Flow","","Sauna..",33,33,0,30
"06/26/2025","10:15 AM","75 min.","Yorkville","Free Flow","","Sauna...",26,33,7,37
"06/26/2025","12:00 PM","60 min.","Yorkville","Guided Up: Feel Good Now - 60 min","","Sauna*",50,60,10,47
"06/26/2025","1:45 PM","75 min.","Yorkville","Free Flow","","Sauna.....",24,33,9,56
"06/26/2025","2:15 PM","75 min.","Yorkville","Free Flow","","Sauna..",25,33,8,64
"06/26/2025","2:45 PM","75 min.","Yorkville","Free Flow","","Sauna...",24,33,9,73
"06/26/2025","3:15 PM","75 min.","Yorkville","Free Flow","","Sauna....",29,33,4,77
"06/26/2025","3:45 PM","75 min.","Yorkville","Free Flow","","Sauna..",27,33,6,83
"06/26/2025","4:15 PM","75 min.","Yorkville","Free Flow","","Sauna.....",22,33,11,94
"06/26/2025","5:30 PM","75 min.","Yorkville","Guided Up: Arctic Tundra","","Sauna*",37,52,15,109
"06/26/2025","6:45 PM","75 min.","Yorkville","Guided All Around: Rose, Thorn, Bud","","Sauna*",22,52,30,139
"06/26/2025","8:00 PM","75 min.","Yorkville","Lively Free Flow","","Sauna....",0,25,25,164
"06/26/2025","8:15 PM","75 min.","Yorkville","Lively Free Flow","","Sauna.....",5,20,15,179
"06/26/2025","8:30 PM","75 min.","Yorkville","Lively Free Flow","","Sauna.",7,25,18,197
"06/26/2025","8:45 PM","75 min.","Yorkville","Lively Free Flow","","Sauna..",16,20,4,201
"06/26/2025","9:00 PM","75 min.","Yorkville","Lively Free Flow","","Sauna...",3,15,12,213
"06/26/2025","9:30 PM","75 min.","Yorkville","Lively Free Flow","","Sauna....",15,25,10,223
"06/26/2025","9:45 PM","75 min.","Yorkville","Lively Free Flow","","Sauna.....",20,20,0,223
"06/27/2025","7:00 AM","75 min.","Yorkville","Guided Down: Unwind","","Sauna*",37,52,15,15
"06/27/2025","10:30 AM","75 min.","Yorkville","Guided Down: Pure Presence","","Sauna*",28,52,24,39
"06/27/2025","11:45 AM","75 min.","Yorkville","Guided Up: Arctic Tundra","","Sauna*",43,52,9,48
"06/27/2025","1:00 PM","75 min.","Yorkville","Free Flow","","Sauna....",9,33,24,72
"06/27/2025","1:30 PM","75 min.","Yorkville","Free Flow","","Sauna.....",23,33,10,82
"06/27/2025","2:00 PM","75 min.","Yorkville","Free Flow","","Sauna..",21,33,12,94
"06/27/2025","2:30 PM","75 min.","Yorkville","Free Flow","","Sauna...",27,33,6,100
"06/27/2025","3:00 PM","75 min.","Yorkville","Free Flow","","Sauna....",25,33,8,108
"06/27/2025","3:30 PM","75 min.","Yorkville","Free Flow","","Sauna..",22,33,11,119
"06/27/2025","4:00 PM","75 min.","Yorkville","Free Flow","","Sauna...",14,20,6,125
"06/27/2025","4:30 PM","75 min.","Yorkville","Free Flow","","Sauna....",25,33,8,133
"06/27/2025","5:00 PM","75 min.","Yorkville","Free Flow","","Sauna.....",9,20,11,144
"06/27/2025","5:15 PM","75 min.","Yorkville","Lively Free Flow","","Sauna..",0,33,33,177
"06/27/2025","6:30 PM","75 min.","Yorkville","Guided Down: Sound Immersion","","Sauna*",16,52,36,213
"06/27/2025","7:45 PM","75 min.","Yorkville","Guided Up: Feel Good Now","","Sauna*",27,52,25,238
"06/27/2025","9:00 PM","120 min.","Yorkville","Social","","Sauna..",8,53,45,283
"06/27/2025","9:30 PM","120 min.","Yorkville","Social","","Sauna...",46,52,6,289
"06/28/2025","8:00 AM","75 min.","Yorkville","Guided Down: Rose, Thorn, Bud","","Sauna*",41,52,11,11
"06/28/2025","9:15 AM","75 min.","Yorkville","Guided All Around: Reset","","Sauna*",39,52,13,24
"06/28/2025","10:30 AM","75 min.","Yorkville","Guided All Around: Loving Kindness","","Sauna*",29,52,23,47
"06/28/2025","11:45 AM","75 min.","Yorkville","Guided Down: Sound Immersion","","Sauna*",22,52,30,77
"06/28/2025","1:00 PM","75 min.","Yorkville","Lively Free Flow","","Sauna.....",4,30,26,103
"06/28/2025","1:30 PM","75 min.","Yorkville","Lively Free Flow","","Sauna..",21,30,9,112
"06/28/2025","2:00 PM","75 min.","Yorkville","Lively Free Flow","","Sauna...",27,35,8,120
"06/28/2025","2:30 PM","75 min.","Yorkville","Lively Free Flow","","Sauna....",24,30,6,126
"06/28/2025","3:00 PM","75 min.","Yorkville","Lively Free Flow","","Sauna..",22,30,8,134
"06/28/2025","3:30 PM","75 min.","Yorkville","Lively Free Flow","","Sauna...",26,35,9,143
"06/28/2025","4:00 PM","75 min.","Yorkville","Lively Free Flow","","Sauna....",15,30,15,158
"06/28/2025","4:30 PM","75 min.","Yorkville","Lively Free Flow","","Sauna..",24,30,6,164
"06/28/2025","5:00 PM","75 min.","Yorkville","Lively Free Flow","","Sauna...",31,35,4,168
"06/28/2025","5:30 PM","75 min.","Yorkville","Lively Free Flow","","Sauna....",26,30,4,172
"06/28/2025","6:00 PM","75 min.","Yorkville","Lively Free Flow","","Sauna..",29,30,1,173
"06/28/2025","6:30 PM","75 min.","Yorkville","Lively Free Flow","","Sauna.....",19,35,16,189
"06/28/2025","7:45 PM","75 min.","Yorkville","Guided All Around: Rose, Thorn, Bud","","Sauna*",29,60,31,220
"06/28/2025","9:00 PM","120 min.","Yorkville","Social","","Sauna..",31,53,22,242
"06/28/2025","9:30 PM","120 min.","Yorkville","Social","","Sauna...",32,52,20,262
"06/29/2025","7:00 AM","75 min.","Yorkville","Quieter Free Flow","","Sauna..",28,53,25,25
"06/29/2025","8:30 AM","75 min.","Yorkville","Free Flow","","Sauna..",34,53,19,44
"06/29/2025","10:15 AM","75 min.","Yorkville","Guided All Around: Gratitude","","Sauna*",31,52,21,65
"06/29/2025","11:30 AM","75 min.","Yorkville","Guided All Around: Reset","","Sauna*",35,52,17,82
"06/29/2025","12:45 PM","75 min.","Yorkville","Lively Free Flow","","Sauna...",1,20,19,101
"06/29/2025","1:00 PM","75 min.","Yorkville","Lively Free Flow","","Sauna....",14,20,6,107
"06/29/2025","1:30 PM","75 min.","Yorkville","Lively Free Flow","","Sauna.....",27,35,8,115
"06/29/2025","2:00 PM","75 min.","Yorkville","Lively Free Flow","","Sauna..",17,20,3,118
"06/29/2025","2:30 PM","75 min.","Yorkville","Lively Free Flow","","Sauna...",37,40,3,121
"06/29/2025","3:00 PM","75 min.","Yorkville","Lively Free Flow","","Sauna....",27,35,8,129
"06/29/2025","3:30 PM","75 min.","Yorkville","Lively Free Flow","","Sauna..",14,20,6,135
"06/29/2025","4:00 PM","75 min.","Yorkville","Lively Free Flow","","Sauna...",26,40,14,149
"06/29/2025","5:15 PM","75 min.","Yorkville","Guided All Around: Release","","Sauna*",39,52,13,162
"06/29/2025","6:30 PM","75 min.","Yorkville","Guided All Around: Loving Kindness","","Sauna*",34,52,18,180
"06/29/2025","7:45 PM","75 min.","Yorkville","Free Flow","","Sauna...",10,20,10,190
"06/29/2025","8:00 PM","75 min.","Yorkville","Free Flow","","Sauna.",16,25,9,199
"06/29/2025","8:15 PM","75 min.","Yorkville","Free Flow","","Sauna....",21,25,4,203
"06/29/2025","8:30 PM","75 min.","Yorkville","Free Flow","","Sauna",12,20,8,211
"06/29/2025","8:45 PM","75 min.","Yorkville","Free Flow","","Sauna.....",0,15,15,226
"06/29/2025","9:15 PM","75 min.","Yorkville","Free Flow","","Sauna..",25,25,0,226
"06/29/2025","9:30 PM","75 min.","Yorkville","Free Flow","","Sauna...",20,20,0,226
"06/16/2025","7:00 AM","75 min.","Yorkville","Quieter Free Flow","","Sauna..",18,33,15,15
"06/16/2025","7:30 AM","75 min.","Yorkville","Quieter Free Flow","","Sauna...",31,33,2,17
"06/16/2025","8:00 AM","75 min.","Yorkville","Quieter Free Flow","","Sauna....",31,33,2,19
"06/16/2025","8:30 AM","75 min.","Yorkville","Quieter Free Flow","","Sauna..",27,33,6,25
"06/16/2025","9:00 AM","75 min.","Yorkville","Quieter Free Flow","","Sauna...",30,33,3,28
"06/16/2025","9:30 AM","75 min.","Yorkville","Quieter Free Flow","","Sauna....",31,33,2,30
"06/16/2025","10:00 AM","75 min.","Yorkville","Quieter Free Flow","","Sauna..",28,33,5,35
"06/16/2025","10:15 AM","75 min.","Yorkville","Quieter Free Flow","","Sauna...",27,33,6,41
"06/16/2025","12:00 PM","60 min.","Yorkville","Guided All Around: Loving Kindness - 60 min","","Sauna*",43,60,17,58
"06/16/2025","1:15 PM","75 min.","Yorkville","Free Flow","","Sauna.....",24,33,9,67
"06/16/2025","1:45 PM","75 min.","Yorkville","Free Flow","","Sauna..",29,33,4,71
"06/16/2025","2:15 PM","75 min.","Yorkville","Free Flow","","Sauna...",30,33,3,74
"06/16/2025","2:45 PM","75 min.","Yorkville","Free Flow","","Sauna....",29,33,4,78
"06/16/2025","3:15 PM","75 min.","Yorkville","Free Flow","","Sauna..",28,33,5,83
"06/16/2025","3:45 PM","75 min.","Yorkville","Free Flow","","Sauna.",25,33,8,91
"06/16/2025","4:15 PM","75 min.","Yorkville","Free Flow","","Sauna...",26,33,7,98
"06/16/2025","4:45 PM","75 min.","Yorkville","Free Flow","","Sauna....",18,33,15,113
"06/16/2025","5:15 PM","75 min.","Yorkville","Lively Free Flow","","Sauna.",7,33,26,139
"06/16/2025","6:30 PM","75 min.","Yorkville","Guided Down: Self-Care Sweat","","Sauna*",12,52,40,179
"06/16/2025","7:45 PM","75 min.","Yorkville","Guided All Around: Gratitude","","Sauna*",14,52,38,217
"06/16/2025","9:00 PM","75 min.","Yorkville","Guided Down: Embodied","","Sauna*",22,52,30,247
"06/17/2025","7:00 AM","75 min.","Yorkville","Quieter Free Flow","","Sauna.",14,20,6,6
"06/17/2025","7:30 AM","75 min.","Yorkville","Quieter Free Flow","","Sauna.....",19,20,1,7
"06/17/2025","8:00 AM","75 min.","Yorkville","Quieter Free Flow","","Sauna....",18,20,2,9
"06/17/2025","8:30 AM","75 min.","Yorkville","Quieter Free Flow","","Sauna..",26,33,7,16
"06/17/2025","9:00 AM","75 min.","Yorkville","Quieter Free Flow","","Sauna...",31,33,2,18
"06/17/2025","9:30 AM","75 min.","Yorkville","Quieter Free Flow","","Sauna....",31,33,2,20
"06/17/2025","10:00 AM","75 min.","Yorkville","Quieter Free Flow","","Sauna..",31,33,2,22
"06/17/2025","10:15 AM","75 min.","Yorkville","Quieter Free Flow","","Sauna...",19,33,14,36
"06/17/2025","12:00 PM","60 min.","Yorkville","Guided Down: Pure Presence - 60 min","","Sauna*",33,52,19,55
"06/17/2025","1:15 PM","75 min.","Yorkville","Guided All Around: Reset","","Sauna*",41,52,11,66
"06/17/2025","2:30 PM","75 min.","Yorkville","Free Flow","","Sauna....",19,33,14,80
"06/17/2025","3:00 PM","75 min.","Yorkville","Free Flow","","Sauna.....",31,33,2,82
"06/17/2025","3:30 PM","75 min.","Yorkville","Free Flow","","Sauna.",26,33,7,89
"06/17/2025","4:00 PM","75 min.","Yorkville","Free Flow","","Sauna..",25,33,8,97
"06/17/2025","4:30 PM","75 min.","Yorkville","Free Flow","","Sauna...",31,33,2,99
"06/17/2025","5:00 PM","75 min.","Yorkville","Free Flow","","Sauna....",24,33,9,108
"06/17/2025","5:30 PM","75 min.","Yorkville","Lively Free Flow","","Sauna.....",2,33,31,139
"06/17/2025","6:45 PM","75 min.","Yorkville","Guided Up: Feel Good Now","","Sauna*",34,60,26,165
"06/17/2025","8:00 PM","75 min.","Yorkville","Quieter Free Flow","","Sauna....",5,25,20,185
"06/17/2025","8:15 PM","75 min.","Yorkville","Quieter Free Flow","","Sauna.....",15,20,5,190
"06/17/2025","8:30 PM","75 min.","Yorkville","Quieter Free Flow","","Sauna.",17,25,8,198
"06/17/2025","8:45 PM","75 min.","Yorkville","Quieter Free Flow","","Sauna..",9,20,11,209
"06/17/2025","9:00 PM","75 min.","Yorkville","Quieter Free Flow","","Sauna...",1,15,14,223
"06/17/2025","9:30 PM","75 min.","Yorkville","Quieter Free Flow","","Sauna....",14,25,11,234
"06/17/2025","9:45 PM","75 min.","Yorkville","Quieter Free Flow","","Sauna.....",1,20,19,253
"06/18/2025","7:00 AM","60 min.","Yorkville","Guided Up: Awakening - 60 min","","Sauna*",52,60,8,8
"06/18/2025","8:30 AM","75 min.","Yorkville","Free Flow","","Sauna..",27,33,6,14
"06/18/2025","9:00 AM","75 min.","Yorkville","Free Flow","","Sauna...",30,33,3,17
"06/18/2025","9:30 AM","75 min.","Yorkville","Free Flow","","Sauna....",26,33,7,24
"06/18/2025","10:00 AM","75 min.","Yorkville","Free Flow","","Sauna..",31,33,2,26
"06/18/2025","10:15 AM","75 min.","Yorkville","Free Flow","","Sauna...",29,33,4,30
"06/18/2025","12:00 PM","60 min.","Yorkville","Guided Up: Feel Good Now - 60 min","","Sauna..",41,60,19,49
"06/18/2025","3:15 PM","75 min.","Yorkville","Free Flow","","Sauna....",18,33,15,64
"06/18/2025","3:45 PM","75 min.","Yorkville","Free Flow","","Sauna..",20,33,13,77
"06/18/2025","4:15 PM","75 min.","Yorkville","Free Flow","","Sauna.....",20,33,13,90
"06/18/2025","5:30 PM","75 min.","Yorkville","Guided Down: Sound Immersion","","Sauna*",10,52,42,132
"06/18/2025","6:45 PM","75 min.","Yorkville","Guided All Around: Reset","","Sauna*",26,52,26,158
"06/18/2025","8:00 PM","75 min.","Yorkville","Free Flow","","Sauna....",1,25,24,182
"06/18/2025","8:15 PM","75 min.","Yorkville","Free Flow","","Sauna.....",7,20,13,195
"06/18/2025","8:30 PM","75 min.","Yorkville","Free Flow","","Sauna...",9,25,16,211
"06/18/2025","8:45 PM","75 min.","Yorkville","Free Flow","","Sauna.",4,20,16,227
"06/18/2025","9:00 PM","75 min.","Yorkville","Free Flow","","Sauna",2,15,13,240
"06/18/2025","9:30 PM","75 min.","Yorkville","Free Flow","","Sauna..",12,25,13,253
"06/18/2025","9:45 PM","75 min.","Yorkville","Free Flow","","Sauna.....",10,20,10,263
"06/19/2025","7:00 AM","60 min.","Yorkville","Guided Down: Sound Immersion - 60 min","","Sauna..",50,60,10,10
"06/19/2025","8:30 AM","75 min.","Yorkville","Free Flow","","Sauna..",23,33,10,20
"06/19/2025","9:00 AM","75 min.","Yorkville","Free Flow","","Sauna...",29,33,4,24
"06/19/2025","9:30 AM","75 min.","Yorkville","Free Flow","","Sauna....",32,33,1,25
"06/19/2025","10:00 AM","75 min.","Yorkville","Free Flow","","Sauna..",26,33,7,32
"06/19/2025","10:15 AM","75 min.","Yorkville","Free Flow","","Sauna...",23,33,10,42
"06/19/2025","12:00 PM","60 min.","Yorkville","Guided Up: Feel Good Now - 60 min","","Sauna*",39,60,21,63
"06/19/2025","1:45 PM","75 min.","Yorkville","Free Flow","","Sauna.....",19,33,14,77
"06/19/2025","2:15 PM","75 min.","Yorkville","Free Flow","","Sauna..",29,33,4,81
"06/19/2025","2:45 PM","75 min.","Yorkville","Free Flow","","Sauna...",27,33,6,87
"06/19/2025","3:15 PM","75 min.","Yorkville","Free Flow","","Sauna....",25,33,8,95
"06/19/2025","3:45 PM","75 min.","Yorkville","Free Flow","","Sauna..",23,33,10,105
"06/19/2025","4:15 PM","75 min.","Yorkville","Free Flow","","Sauna.....",25,33,8,113
"06/19/2025","5:30 PM","75 min.","Yorkville","Guided All Around: Release","","Sauna*",11,52,41,154
"06/19/2025","6:45 PM","75 min.","Yorkville","Guided All Around: Inner Power","","Sauna*",3,52,49,203
"06/19/2025","8:00 PM","75 min.","Yorkville","Lively Free Flow","","Sauna....",7,25,18,221
"06/19/2025","8:15 PM","75 min.","Yorkville","Lively Free Flow","","Sauna.....",15,20,5,226
"06/19/2025","8:30 PM","75 min.","Yorkville","Lively Free Flow","","Sauna.",15,25,10,236
"06/19/2025","8:45 PM","75 min.","Yorkville","Lively Free Flow","","Sauna..",16,20,4,240
"06/19/2025","9:00 PM","75 min.","Yorkville","Lively Free Flow","","Sauna...",1,15,14,254
"06/19/2025","9:30 PM","75 min.","Yorkville","Lively Free Flow","","Sauna....",14,25,11,265
"06/19/2025","9:45 PM","75 min.","Yorkville","Lively Free Flow","","Sauna.....",6,20,14,279
"06/20/2025","7:00 AM","120 min.","Yorkville","Summer Solstice: Morning Beat Drop","","Sauna.",75,120,45,45
"06/20/2025","9:30 AM","75 min.","Yorkville","Guided Down: Pure Presence","","Sauna*",43,52,9,54
"06/20/2025","10:45 AM","75 min.","Yorkville","Guided Up: Arctic Tundra","","Sauna*",39,52,13,67
"06/20/2025","12:00 PM","75 min.","Yorkville","Free Flow","","Sauna..",22,33,11,78
"06/20/2025","12:30 PM","75 min.","Yorkville","Free Flow","","Sauna...",25,33,8,86
"06/20/2025","1:00 PM","75 min.","Yorkville","Free Flow","","Sauna....",27,33,6,92
"06/20/2025","1:30 PM","75 min.","Yorkville","Free Flow","","Sauna.....",25,33,8,100
"06/20/2025","2:00 PM","75 min.","Yorkville","Free Flow","","Sauna..",26,33,7,107
"06/20/2025","2:30 PM","75 min.","Yorkville","Free Flow","","Sauna...",28,33,5,112
"06/20/2025","3:00 PM","75 min.","Yorkville","Free Flow","","Sauna....",21,33,12,124
"06/20/2025","3:30 PM","75 min.","Yorkville","Free Flow","","Sauna..",15,33,18,142
"06/20/2025","4:00 PM","75 min.","Yorkville","Free Flow","","Sauna...",10,20,10,152
"06/20/2025","4:30 PM","75 min.","Yorkville","Free Flow","","Sauna....",19,33,14,166
"06/20/2025","5:00 PM","75 min.","Yorkville","Free Flow","","Sauna.....",3,20,17,183
"06/20/2025","5:15 PM","75 min.","Yorkville","Lively Free Flow","","Sauna..",18,33,15,198
"06/20/2025","6:30 PM","75 min.","Yorkville","Guided All Around: Rose, Thorn, Bud","","Sauna*",5,52,47,245
"06/20/2025","7:45 PM","75 min.","Yorkville","Guided All Around: Reflect","","Sauna*",12,52,40,285
"06/21/2025","8:00 AM","75 min.","Yorkville","Guided Down: Deep Stretch","","Sauna*",33,52,19,19
"06/21/2025","9:15 AM","75 min.","Yorkville","Guided All Around: Loving Kindness","","Sauna*",45,52,7,26
"06/21/2025","10:30 AM","75 min.","Yorkville","Guided All Around: Release","","Sauna*",20,52,32,58
"06/21/2025","11:45 AM","75 min.","Yorkville","Guided Up: Self-Care Sweat","","Sauna*",17,52,35,93
"06/21/2025","1:00 PM","75 min.","Yorkville","Lively Free Flow","","Sauna.....",13,30,17,110
"06/21/2025","1:30 PM","75 min.","Yorkville","Lively Free Flow","","Sauna..",18,30,12,122
"06/21/2025","2:00 PM","75 min.","Yorkville","Lively Free Flow","","Sauna...",23,35,12,134
"06/21/2025","2:30 PM","75 min.","Yorkville","Lively Free Flow","","Sauna....",19,30,11,145
"06/21/2025","3:00 PM","75 min.","Yorkville","Lively Free Flow","","Sauna..",22,30,8,153
"06/21/2025","3:30 PM","75 min.","Yorkville","Lively Free Flow","","Sauna...",29,35,6,159
"06/21/2025","4:00 PM","75 min.","Yorkville","Lively Free Flow","","Sauna....",19,30,11,170
"06/21/2025","4:30 PM","75 min.","Yorkville","Lively Free Flow","","Sauna..",25,30,5,175
"06/21/2025","5:00 PM","75 min.","Yorkville","Lively Free Flow","","Sauna...",28,35,7,182
"06/21/2025","5:30 PM","75 min.","Yorkville","Lively Free Flow","","Sauna....",20,30,10,192
"06/21/2025","6:00 PM","75 min.","Yorkville","Lively Free Flow","","Sauna..",18,30,12,204
"06/21/2025","6:30 PM","75 min.","Yorkville","Lively Free Flow","","Sauna.....",16,35,19,223
"06/21/2025","7:45 PM","75 min.","Yorkville","Guided Down: Pure Presence","","Sauna*",22,52,30,253
"06/21/2025","9:00 PM","120 min.","Yorkville","Social","","Sauna..",23,53,30,283
"06/21/2025","9:30 PM","120 min.","Yorkville","Social","","Sauna...",22,52,30,313
"06/22/2025","7:00 AM","75 min.","Yorkville","Quieter Free Flow","","Sauna..",28,53,25,25
"06/22/2025","8:30 AM","75 min.","Yorkville","Free Flow","","Sauna..",24,53,29,54
"06/22/2025","10:15 AM","75 min.","Yorkville","Guided All Around: Rose, Thorn, Bud","","Sauna*",10,52,42,96
"06/22/2025","11:30 AM","75 min.","Yorkville","Guided All Around: Reset","","Sauna*",14,52,38,134
"06/22/2025","12:45 PM","75 min.","Yorkville","Lively Free Flow","","Sauna...",2,20,18,152
"06/22/2025","1:00 PM","75 min.","Yorkville","Lively Free Flow","","Sauna....",9,20,11,163
"06/22/2025","1:30 PM","75 min.","Yorkville","Lively Free Flow","","Sauna.....",25,35,10,173
"06/22/2025","2:00 PM","75 min.","Yorkville","Lively Free Flow","","Sauna..",11,20,9,182
"06/22/2025","2:30 PM","75 min.","Yorkville","Lively Free Flow","","Sauna...",34,40,6,188
"06/22/2025","3:00 PM","75 min.","Yorkville","Lively Free Flow","","Sauna....",31,35,4,192
"06/22/2025","3:30 PM","75 min.","Yorkville","Lively Free Flow","","Sauna..",11,20,9,201
"06/22/2025","4:00 PM","75 min.","Yorkville","Lively Free Flow","","Sauna...",21,40,19,220
"06/22/2025","5:15 PM","75 min.","Yorkville","Guided Down: Senses","","Sauna*",32,52,20,240
"06/22/2025","6:30 PM","75 min.","Yorkville","Guided Down: Sound Immersion","","Sauna*",23,52,29,269
"06/22/2025","7:45 PM","75 min.","Yorkville","Free Flow","","Sauna...",3,20,17,286
"06/22/2025","8:00 PM","75 min.","Yorkville","Free Flow","","Sauna.",11,25,14,300
"06/22/2025","8:15 PM","75 min.","Yorkville","Free Flow","","Sauna....",17,25,8,308
"06/22/2025","8:30 PM","75 min.","Yorkville","Free Flow","","Sauna",18,20,2,310
"06/22/2025","8:45 PM","75 min.","Yorkville","Free Flow","","Sauna.....",11,15,4,314
"06/22/2025","9:15 PM","75 min.","Yorkville","Free Flow","","Sauna..",23,25,2,316
"06/22/2025","9:30 PM","75 min.","Yorkville","Free Flow","","Sauna...",8,20,12,328
"06/09/2025","7:00 AM","75 min.","Yorkville","Quieter Free Flow","","Sauna..",23,33,10,10
"06/09/2025","7:30 AM","75 min.","Yorkville","Quieter Free Flow","","Sauna...",30,33,3,13
"06/09/2025","8:00 AM","75 min.","Yorkville","Quieter Free Flow","","Sauna....",26,33,7,20
"06/09/2025","8:30 AM","75 min.","Yorkville","Quieter Free Flow","","Sauna..",29,33,4,24
"06/09/2025","9:00 AM","75 min.","Yorkville","Quieter Free Flow","","Sauna...",25,33,8,32
"06/09/2025","9:30 AM","75 min.","Yorkville","Quieter Free Flow","","Sauna....",33,33,0,32
"06/09/2025","10:00 AM","75 min.","Yorkville","Quieter Free Flow","","Sauna..",24,33,9,41
"06/09/2025","10:15 AM","75 min.","Yorkville","Quieter Free Flow","","Sauna...",25,33,8,49
"06/09/2025","12:00 PM","60 min.","Yorkville","Guided All Around: Sound Immersion - 60 min","","Sauna*",27,60,33,82
"06/09/2025","1:15 PM","75 min.","Yorkville","Free Flow","","Sauna.....",26,33,7,89
"06/09/2025","1:45 PM","75 min.","Yorkville","Free Flow","","Sauna..",31,33,2,91
"06/09/2025","2:15 PM","75 min.","Yorkville","Free Flow","","Sauna...",28,33,5,96
"06/09/2025","2:45 PM","75 min.","Yorkville","Free Flow","","Sauna....",28,33,5,101
"06/09/2025","3:15 PM","75 min.","Yorkville","Free Flow","","Sauna..",20,33,13,114
"06/09/2025","3:45 PM","75 min.","Yorkville","Free Flow","","Sauna.",24,33,9,123
"06/09/2025","4:15 PM","75 min.","Yorkville","Free Flow","","Sauna...",25,33,8,131
"06/09/2025","4:45 PM","75 min.","Yorkville","Free Flow","","Sauna....",28,33,5,136
"06/09/2025","5:15 PM","75 min.","Yorkville","Lively Free Flow","","Sauna.",9,33,24,160
"06/09/2025","6:30 PM","75 min.","Yorkville","Guided Down: Deep Stretch","","Sauna*",10,52,42,202
"06/09/2025","7:45 PM","75 min.","Yorkville","Guided All Around: Reset","","Sauna*",3,52,49,251
"06/09/2025","9:00 PM","75 min.","Yorkville","Guided All Around: Journey Through the Elements","","Sauna*",24,52,28,279
"06/10/2025","7:00 AM","75 min.","Yorkville","Quieter Free Flow","","Sauna.",32,33,1,1
"06/10/2025","7:30 AM","75 min.","Yorkville","Quieter Free Flow","","Sauna.....",25,25,0,1
"06/10/2025","8:00 AM","75 min.","Yorkville","Quieter Free Flow","","Sauna....",29,30,1,2
"06/10/2025","8:30 AM","75 min.","Yorkville","Quieter Free Flow","","Sauna..",28,33,5,7
"06/10/2025","9:00 AM","75 min.","Yorkville","Quieter Free Flow","","Sauna...",30,33,3,10
"06/10/2025","9:30 AM","75 min.","Yorkville","Quieter Free Flow","","Sauna....",31,33,2,12
"06/10/2025","10:00 AM","75 min.","Yorkville","Quieter Free Flow","","Sauna..",27,33,6,18
"06/10/2025","10:15 AM","75 min.","Yorkville","Quieter Free Flow","","Sauna...",27,33,6,24
"06/10/2025","12:00 PM","60 min.","Yorkville","Guided Down: Pure Presence - 60 min","","Sauna*",44,52,8,32
"06/10/2025","1:15 PM","75 min.","Yorkville","Guided Down: Deep Stretch","","Sauna*",43,52,9,41
"06/10/2025","2:30 PM","75 min.","Yorkville","Free Flow","","Sauna....",19,33,14,55
"06/10/2025","3:00 PM","75 min.","Yorkville","Free Flow","","Sauna.....",26,33,7,62
"06/10/2025","3:30 PM","75 min.","Yorkville","Free Flow","","Sauna.",23,33,10,72
"06/10/2025","4:00 PM","75 min.","Yorkville","Free Flow","","Sauna..",28,33,5,77
"06/10/2025","4:30 PM","75 min.","Yorkville","Free Flow","","Sauna...",29,33,4,81
"06/10/2025","5:00 PM","75 min.","Yorkville","Free Flow","","Sauna....",12,33,21,102
"06/10/2025","5:30 PM","75 min.","Yorkville","Lively Free Flow","","Sauna.....",8,33,25,127
"06/10/2025","6:45 PM","75 min.","Yorkville","Guided All Around: Journey Through the Elements","","Sauna*",20,60,40,167
"06/10/2025","8:00 PM","75 min.","Yorkville","Quieter Free Flow","","Sauna....",1,25,24,191
"06/10/2025","8:15 PM","75 min.","Yorkville","Quieter Free Flow","","Sauna.....",0,20,20,211
"06/10/2025","8:30 PM","75 min.","Yorkville","Quieter Free Flow","","Sauna.",13,25,12,223
"06/10/2025","8:45 PM","75 min.","Yorkville","Quieter Free Flow","","Sauna..",12,20,8,231
"06/10/2025","9:00 PM","75 min.","Yorkville","Quieter Free Flow","","Sauna...",5,15,10,241
"06/10/2025","9:30 PM","75 min.","Yorkville","Quieter Free Flow","","Sauna....",12,25,13,254
"06/10/2025","9:45 PM","75 min.","Yorkville","Quieter Free Flow","","Sauna.....",8,20,12,266
"06/11/2025","7:00 AM","60 min.","Yorkville","Guided All Around: Reset - 60 min","","Sauna*",50,60,10,10
"06/11/2025","8:30 AM","75 min.","Yorkville","Free Flow","","Sauna..",26,33,7,17
"06/11/2025","9:00 AM","75 min.","Yorkville","Free Flow","","Sauna...",27,33,6,23
"06/11/2025","9:30 AM","75 min.","Yorkville","Free Flow","","Sauna....",26,33,7,30
"06/11/2025","10:00 AM","75 min.","Yorkville","Free Flow","","Sauna..",30,33,3,33
"06/11/2025","10:15 AM","75 min.","Yorkville","Free Flow","","Sauna...",28,33,5,38
"06/11/2025","12:00 PM","60 min.","Yorkville","Guided Down: Pure Presence - 60 min","","Sauna..",41,60,19,57
"06/11/2025","1:45 PM","75 min.","Yorkville","Free Flow","","Sauna.....",21,33,12,69
"06/11/2025","2:15 PM","75 min.","Yorkville","Free Flow","","Sauna..",28,33,5,74
"06/11/2025","2:45 PM","75 min.","Yorkville","Free Flow","","Sauna...",31,33,2,76
"06/11/2025","3:15 PM","75 min.","Yorkville","Free Flow","","Sauna....",25,33,8,84
"06/11/2025","3:45 PM","75 min.","Yorkville","Free Flow","","Sauna..",30,33,3,87
"06/11/2025","4:15 PM","75 min.","Yorkville","Free Flow","","Sauna.....",26,33,7,94
"06/11/2025","5:30 PM","75 min.","Yorkville","Guided Up: Self-Care Sweat","","Sauna*",21,52,31,125
"06/11/2025","8:45 PM","75 min.","Yorkville","Free Flow","","Sauna..",1,20,19,144
"06/11/2025","9:00 PM","75 min.","Yorkville","Free Flow","","Sauna...",0,15,15,159
"06/11/2025","9:30 PM","75 min.","Yorkville","Free Flow","","Sauna....",0,25,25,184
"06/11/2025","9:45 PM","75 min.","Yorkville","Free Flow","","Sauna.....",14,20,6,190
"06/12/2025","7:00 AM","60 min.","Yorkville","Guided Down: Sound Immersion - 60 min","","Sauna..",48,60,12,12
"06/12/2025","8:30 AM","75 min.","Yorkville","Free Flow","","Sauna..",29,33,4,16
"06/12/2025","9:00 AM","75 min.","Yorkville","Free Flow","","Sauna...",26,33,7,23
"06/12/2025","9:30 AM","75 min.","Yorkville","Free Flow","","Sauna....",32,33,1,24
"06/12/2025","10:00 AM","75 min.","Yorkville","Free Flow","","Sauna..",31,33,2,26
"06/12/2025","10:15 AM","75 min.","Yorkville","Free Flow","","Sauna...",29,33,4,30
"06/12/2025","12:00 PM","60 min.","Yorkville","Guided Up: Feel Good Now - 60 min","","Sauna*",38,60,22,52
"06/12/2025","1:45 PM","75 min.","Yorkville","Free Flow","","Sauna.....",24,33,9,61
"06/12/2025","2:15 PM","75 min.","Yorkville","Free Flow","","Sauna..",24,33,9,70
"06/12/2025","2:45 PM","75 min.","Yorkville","Free Flow","","Sauna...",25,33,8,78
"06/12/2025","3:15 PM","75 min.","Yorkville","Free Flow","","Sauna....",22,33,11,89
"06/12/2025","3:45 PM","75 min.","Yorkville","Free Flow","","Sauna..",24,33,9,98
"06/12/2025","4:15 PM","75 min.","Yorkville","Free Flow","","Sauna.....",19,33,14,112
"06/12/2025","5:30 PM","75 min.","Yorkville","Guided Up: Arctic Tundra","","Sauna*",33,52,19,131
"06/12/2025","6:45 PM","75 min.","Yorkville","Guided All Around: Heart Opener","","Sauna*",12,52,40,171
"06/12/2025","8:00 PM","75 min.","Yorkville","Lively Free Flow","","Sauna....",0,25,25,196
"06/12/2025","8:15 PM","75 min.","Yorkville","Lively Free Flow","","Sauna.....",6,20,14,210
"06/12/2025","8:30 PM","75 min.","Yorkville","Lively Free Flow","","Sauna.",10,25,15,225
"06/12/2025","8:45 PM","75 min.","Yorkville","Lively Free Flow","","Sauna..",16,20,4,229
"06/12/2025","9:00 PM","75 min.","Yorkville","Lively Free Flow","","Sauna...",2,15,13,242
"06/12/2025","9:30 PM","75 min.","Yorkville","Lively Free Flow","","Sauna....",13,25,12,254
"06/12/2025","9:45 PM","75 min.","Yorkville","Lively Free Flow","","Sauna.....",10,20,10,264
"06/13/2025","7:00 AM","75 min.","Yorkville","Guided Down: Unwind","","Sauna*",38,52,14,14
"06/13/2025","8:15 AM","75 min.","Yorkville","Guided Down: Senses","","Sauna*",47,52,5,19
"06/13/2025","9:30 AM","75 min.","Yorkville","Guided Down: Self-Care Sweat","","Sauna*",38,52,14,33
"06/13/2025","10:45 AM","75 min.","Yorkville","Guided Up: Arctic Tundra","","Sauna*",49,52,3,36
"06/13/2025","12:00 PM","75 min.","Yorkville","Free Flow","","Sauna..",23,33,10,46
"06/13/2025","12:30 PM","75 min.","Yorkville","Free Flow","","Sauna...",31,33,2,48
"06/13/2025","1:00 PM","75 min.","Yorkville","Free Flow","","Sauna....",27,33,6,54
"06/13/2025","1:30 PM","75 min.","Yorkville","Free Flow","","Sauna.....",20,33,13,67
"06/13/2025","2:00 PM","75 min.","Yorkville","Free Flow","","Sauna..",14,33,19,86
"06/13/2025","2:30 PM","75 min.","Yorkville","Free Flow","","Sauna...",17,33,16,102
"06/13/2025","3:00 PM","75 min.","Yorkville","Free Flow","","Sauna....",25,33,8,110
"06/13/2025","3:30 PM","75 min.","Yorkville","Free Flow","","Sauna..",17,33,16,126
"06/13/2025","4:00 PM","75 min.","Yorkville","Free Flow","","Sauna...",12,20,8,134
"06/13/2025","4:30 PM","75 min.","Yorkville","Free Flow","","Sauna....",8,33,25,159
"06/13/2025","4:45 PM","75 min.","Yorkville","Free Flow","","Sauna.....",1,20,19,178
"06/13/2025","6:00 PM","75 min.","Yorkville","Guided Down: Sound Immersion","","Sauna*",18,52,34,212
"06/13/2025","7:15 PM","75 min.","Yorkville","Guided Up: Awakening","","Sauna*",19,52,33,245
"06/14/2025","8:00 AM","75 min.","Yorkville","Guided Down: Rose, Thorn, Bud","","Sauna*",41,52,11,11
"06/14/2025","9:15 AM","75 min.","Yorkville","Guided Down: Sound Immersion","","Sauna*",17,52,35,46
"06/14/2025","10:30 AM","75 min.","Yorkville","Guided Up: Awakening","","Sauna*",14,52,38,84
"06/14/2025","11:45 AM","75 min.","Yorkville","Guided Down: Sound Immersion","","Sauna*",24,52,28,112
"06/14/2025","1:00 PM","75 min.","Yorkville","Lively Free Flow","","Sauna.....",10,30,20,132
"06/14/2025","1:30 PM","75 min.","Yorkville","Lively Free Flow","","Sauna..",26,30,4,136
"06/14/2025","2:00 PM","75 min.","Yorkville","Lively Free Flow","","Sauna...",28,35,7,143
"06/14/2025","2:30 PM","75 min.","Yorkville","Lively Free Flow","","Sauna....",25,30,5,148
"06/14/2025","3:00 PM","75 min.","Yorkville","Lively Free Flow","","Sauna..",14,30,16,164
"06/14/2025","3:30 PM","75 min.","Yorkville","Lively Free Flow","","Sauna...",28,35,7,171
"06/14/2025","4:00 PM","75 min.","Yorkville","Lively Free Flow","","Sauna....",25,30,5,176
"06/14/2025","4:30 PM","75 min.","Yorkville","Lively Free Flow","","Sauna..",28,30,2,178
"06/14/2025","5:00 PM","75 min.","Yorkville","Lively Free Flow","","Sauna...",31,35,4,182
"06/14/2025","5:30 PM","75 min.","Yorkville","Lively Free Flow","","Sauna....",22,30,8,190
"06/14/2025","6:00 PM","75 min.","Yorkville","Lively Free Flow","","Sauna..",20,30,10,200
"06/14/2025","6:30 PM","75 min.","Yorkville","Lively Free Flow","","Sauna.....",19,35,16,216
"06/14/2025","7:45 PM","75 min.","Yorkville","Guided All Around: Rose, Thorn, Bud","","Sauna*",38,60,22,238
"06/14/2025","9:00 PM","120 min.","Yorkville","Social","","Sauna..",15,53,38,276
"06/14/2025","9:30 PM","120 min.","Yorkville","Social","","Sauna...",42,52,10,286
"06/15/2025","7:00 AM","75 min.","Yorkville","Quieter Free Flow","","Sauna..",29,53,24,24
"06/15/2025","8:30 AM","75 min.","Yorkville","Free Flow","","Sauna..",33,53,20,44
"06/15/2025","10:15 AM","75 min.","Yorkville","Guided Down: Unwind","","Sauna*",30,52,22,66
"06/15/2025","11:30 AM","75 min.","Yorkville","Guided Up: Feel Good Now","","Sauna*",37,52,15,81
"06/15/2025","12:45 PM","75 min.","Yorkville","Lively Free Flow","","Sauna...",5,20,15,96
"06/15/2025","1:00 PM","75 min.","Yorkville","Lively Free Flow","","Sauna....",6,20,14,110
"06/15/2025","1:30 PM","75 min.","Yorkville","Lively Free Flow","","Sauna.....",30,35,5,115
"06/15/2025","2:00 PM","75 min.","Yorkville","Lively Free Flow","","Sauna..",14,20,6,121
"06/15/2025","2:30 PM","75 min.","Yorkville","Lively Free Flow","","Sauna...",32,40,8,129
"06/15/2025","3:00 PM","75 min.","Yorkville","Lively Free Flow","","Sauna....",24,35,11,140
"06/15/2025","3:30 PM","75 min.","Yorkville","Lively Free Flow","","Sauna..",6,20,14,154
"06/15/2025","4:00 PM","75 min.","Yorkville","Lively Free Flow","","Sauna...",27,40,13,167
"06/15/2025","5:15 PM","75 min.","Yorkville","Guided All Around: Reset","","Sauna*",32,52,20,187
"06/15/2025","6:30 PM","75 min.","Yorkville","Guided All Around: Loving Kindness","","Sauna*",37,52,15,202
"06/15/2025","7:45 PM","75 min.","Yorkville","Free Flow","","Sauna...",4,20,16,218
"06/15/2025","8:00 PM","75 min.","Yorkville","Free Flow","","Sauna.",20,25,5,223
"06/15/2025","8:15 PM","75 min.","Yorkville","Free Flow","","Sauna....",13,25,12,235
"06/15/2025","8:30 PM","75 min.","Yorkville","Free Flow","","Sauna",6,20,14,249
"06/15/2025","8:45 PM","75 min.","Yorkville","Free Flow","","Sauna.....",9,15,6,255
"06/15/2025","9:15 PM","75 min.","Yorkville","Free Flow","","Sauna...",7,20,13,268
"06/15/2025","9:30 PM","75 min.","Yorkville","Free Flow","","Sauna....",10,20,10,278
"06/02/2025","7:00 AM","75 min.","Yorkville","Quieter Free Flow","","Sauna..",21,33,12,12
"06/02/2025","7:30 AM","75 min.","Yorkville","Quieter Free Flow","","Sauna...",30,33,3,15
"06/02/2025","8:00 AM","75 min.","Yorkville","Quieter Free Flow","","Sauna....",27,33,6,21
"06/02/2025","8:30 AM","75 min.","Yorkville","Quieter Free Flow","","Sauna..",25,33,8,29
"06/02/2025","9:00 AM","75 min.","Yorkville","Quieter Free Flow","","Sauna...",31,33,2,31
"06/02/2025","9:30 AM","75 min.","Yorkville","Quieter Free Flow","","Sauna....",27,33,6,37
"06/02/2025","10:00 AM","75 min.","Yorkville","Quieter Free Flow","","Sauna..",28,33,5,42
"06/02/2025","10:15 AM","75 min.","Yorkville","Quieter Free Flow","","Sauna...",26,33,7,49
"06/02/2025","12:00 PM","60 min.","Yorkville","Guided All Around: Loving Kindness - 60 min","","Sauna*",46,60,14,63
"06/02/2025","1:15 PM","75 min.","Yorkville","Free Flow","","Sauna.....",23,33,10,73
"06/02/2025","1:45 PM","75 min.","Yorkville","Free Flow","","Sauna..",31,33,2,75
"06/02/2025","2:15 PM","75 min.","Yorkville","Free Flow","","Sauna...",27,33,6,81
"06/02/2025","2:45 PM","75 min.","Yorkville","Free Flow","","Sauna....",30,33,3,84
"06/02/2025","3:15 PM","75 min.","Yorkville","Free Flow","","Sauna..",27,33,6,90
"06/02/2025","3:45 PM","75 min.","Yorkville","Free Flow","","Sauna.",29,33,4,94
"06/02/2025","4:15 PM","75 min.","Yorkville","Free Flow","","Sauna...",20,33,13,107
"06/02/2025","4:45 PM","75 min.","Yorkville","Free Flow","","Sauna....",26,33,7,114
"06/02/2025","5:15 PM","75 min.","Yorkville","Lively Free Flow","","Sauna.",3,33,30,144
"06/02/2025","6:30 PM","75 min.","Yorkville","Guided All Around: Hardwiring Happiness","","Sauna*",19,52,33,177
"06/02/2025","7:45 PM","75 min.","Yorkville","Guided All Around: Gratitude","","Sauna*",8,52,44,221
"06/02/2025","9:00 PM","75 min.","Yorkville","Guided Down: Embodied","","Sauna*",18,52,34,255
"06/03/2025","7:00 AM","60 min.","Yorkville","Guided Up: Arctic Tundra - 60 min","","Sauna*",53,60,7,7
"06/03/2025","8:30 AM","75 min.","Yorkville","Quieter Free Flow","","Sauna..",19,33,14,21
"06/03/2025","9:00 AM","75 min.","Yorkville","Quieter Free Flow","","Sauna...",26,33,7,28
"06/03/2025","9:30 AM","75 min.","Yorkville","Quieter Free Flow","","Sauna....",26,33,7,35
"06/03/2025","10:00 AM","75 min.","Yorkville","Quieter Free Flow","","Sauna..",33,33,0,35
"06/03/2025","10:15 AM","75 min.","Yorkville","Quieter Free Flow","","Sauna...",26,33,7,42
"06/03/2025","12:00 PM","60 min.","Yorkville","Guided Down: Pure Presence - 60 min","","Sauna*",43,52,9,51
"06/03/2025","1:15 PM","75 min.","Yorkville","Guided Up: Awakening","","Sauna*",42,52,10,61
"06/03/2025","2:30 PM","75 min.","Yorkville","Free Flow","","Sauna....",13,33,20,81
"06/03/2025","3:00 PM","75 min.","Yorkville","Free Flow","","Sauna.....",31,33,2,83
"06/03/2025","3:30 PM","75 min.","Yorkville","Free Flow","","Sauna.",28,33,5,88
"06/03/2025","4:00 PM","75 min.","Yorkville","Free Flow","","Sauna..",30,33,3,91
"06/03/2025","4:30 PM","75 min.","Yorkville","Free Flow","","Sauna...",28,33,5,96
"06/03/2025","5:00 PM","75 min.","Yorkville","Free Flow","","Sauna....",20,33,13,109
"06/03/2025","5:30 PM","75 min.","Yorkville","Lively Free Flow","","Sauna.....",19,33,14,123
"06/03/2025","6:45 PM","75 min.","Yorkville","Guided Down: Deep Stretch","","Sauna*",21,60,39,162
"06/03/2025","8:00 PM","75 min.","Yorkville","Quieter Free Flow","","Sauna....",0,25,25,187
"06/03/2025","8:15 PM","75 min.","Yorkville","Quieter Free Flow","","Sauna.....",9,20,11,198
"06/03/2025","8:30 PM","75 min.","Yorkville","Quieter Free Flow","","Sauna.",15,25,10,208
"06/03/2025","8:45 PM","75 min.","Yorkville","Quieter Free Flow","","Sauna..",18,20,2,210
"06/03/2025","9:00 PM","75 min.","Yorkville","Quieter Free Flow","","Sauna...",5,15,10,220
"06/03/2025","9:30 PM","75 min.","Yorkville","Quieter Free Flow","","Sauna....",14,25,11,231
"06/03/2025","9:45 PM","75 min.","Yorkville","Quieter Free Flow","","Sauna.....",13,20,7,238
"06/04/2025","7:00 AM","60 min.","Yorkville","Guided Up: Awakening - 60 min","","Sauna*",55,60,5,5
"06/04/2025","8:30 AM","75 min.","Yorkville","Free Flow","","Sauna..",23,33,10,15
"06/04/2025","9:00 AM","75 min.","Yorkville","Free Flow","","Sauna...",30,33,3,18
"06/04/2025","9:30 AM","75 min.","Yorkville","Free Flow","","Sauna....",29,33,4,22
"06/04/2025","10:00 AM","75 min.","Yorkville","Free Flow","","Sauna..",27,33,6,28
"06/04/2025","10:15 AM","75 min.","Yorkville","Free Flow","","Sauna...",23,33,10,38
"06/04/2025","12:00 PM","60 min.","Yorkville","Guided All Around: Heart Opener - 60 min","","Sauna*",42,60,18,56
"06/04/2025","1:45 PM","75 min.","Yorkville","Free Flow","","Sauna.....",24,33,9,65
"06/04/2025","2:15 PM","75 min.","Yorkville","Free Flow","","Sauna..",28,33,5,70
"06/04/2025","2:45 PM","75 min.","Yorkville","Free Flow","","Sauna...",33,33,0,70
"06/04/2025","3:15 PM","75 min.","Yorkville","Free Flow","","Sauna....",29,33,4,74
"06/04/2025","3:45 PM","75 min.","Yorkville","Free Flow","","Sauna..",25,33,8,82
"06/04/2025","4:15 PM","75 min.","Yorkville","Free Flow","","Sauna.....",24,33,9,91
"06/04/2025","5:30 PM","75 min.","Yorkville","Guided Down: Sound Immersion","","Sauna*",24,52,28,119
"06/04/2025","6:45 PM","75 min.","Yorkville","Guided All Around: Reset","","Sauna*",19,52,33,152
"06/04/2025","8:00 PM","75 min.","Yorkville","Free Flow","","Sauna....",7,25,18,170
"06/04/2025","8:15 PM","75 min.","Yorkville","Free Flow","","Sauna.....",9,20,11,181
"06/04/2025","8:30 PM","75 min.","Yorkville","Free Flow","","Sauna.",1,25,24,205
"06/04/2025","8:45 PM","75 min.","Yorkville","Free Flow","","Sauna..",16,20,4,209
"06/04/2025","9:00 PM","75 min.","Yorkville","Free Flow","","Sauna...",4,15,11,220
"06/04/2025","9:30 PM","75 min.","Yorkville","Free Flow","","Sauna....",12,25,13,233
"06/04/2025","9:45 PM","75 min.","Yorkville","Free Flow","","Sauna.....",9,20,11,244
"06/05/2025","7:00 AM","60 min.","Yorkville","Guided Down: Sound Immersion - 60 min","","Sauna*",53,60,7,7
"06/05/2025","8:30 AM","75 min.","Yorkville","Free Flow","","Sauna..",25,33,8,15
"06/05/2025","9:00 AM","75 min.","Yorkville","Free Flow","","Sauna...",27,33,6,21
"06/05/2025","9:30 AM","75 min.","Yorkville","Free Flow","","Sauna....",30,33,3,24
"06/05/2025","10:00 AM","75 min.","Yorkville","Free Flow","","Sauna..",25,33,8,32
"06/05/2025","10:15 AM","75 min.","Yorkville","Free Flow","","Sauna...",26,33,7,39
"06/05/2025","12:00 PM","60 min.","Yorkville","Guided Down: Senses - 60 min","","Sauna*",50,60,10,49
"06/05/2025","1:45 PM","75 min.","Yorkville","Free Flow","","Sauna.....",22,33,11,60
"06/05/2025","2:15 PM","75 min.","Yorkville","Free Flow","","Sauna..",24,33,9,69
"06/05/2025","2:45 PM","75 min.","Yorkville","Free Flow","","Sauna...",26,33,7,76
"06/05/2025","3:15 PM","75 min.","Yorkville","Free Flow","","Sauna....",21,33,12,88
"06/05/2025","3:45 PM","75 min.","Yorkville","Free Flow","","Sauna..",24,33,9,97
"06/05/2025","4:15 PM","75 min.","Yorkville","Free Flow","","Sauna.....",11,33,22,119
"06/05/2025","5:30 PM","75 min.","Yorkville","Guided All Around: Acceptance","","Sauna*",12,52,40,159
"06/05/2025","6:45 PM","75 min.","Yorkville","Guided All Around: Inner Power","","Sauna*",11,52,41,200
"06/05/2025","8:00 PM","75 min.","Yorkville","Lively Free Flow","","Sauna....",6,25,19,219
"06/05/2025","8:15 PM","75 min.","Yorkville","Lively Free Flow","","Sauna.....",14,20,6,225
"06/05/2025","8:30 PM","75 min.","Yorkville","Lively Free Flow","","Sauna.",14,25,11,236
"06/05/2025","8:45 PM","75 min.","Yorkville","Lively Free Flow","","Sauna..",19,20,1,237
"06/05/2025","9:00 PM","75 min.","Yorkville","Lively Free Flow","","Sauna...",6,15,9,246
"06/05/2025","9:30 PM","75 min.","Yorkville","Lively Free Flow","","Sauna....",12,25,13,259
"06/05/2025","9:45 PM","75 min.","Yorkville","Lively Free Flow","","Sauna.....",17,20,3,262
"06/06/2025","7:00 AM","75 min.","Yorkville","Guided Down: Unwind","","Sauna*",43,52,9,9
"06/06/2025","8:15 AM","75 min.","Yorkville","Guided Up: Feel Good Now","","Sauna*",50,52,2,11
"06/06/2025","9:30 AM","75 min.","Yorkville","Guided Down: Pure Presence","","Sauna*",35,52,17,28
"06/06/2025","10:45 AM","75 min.","Yorkville","Guided Up: Arctic Tundra","","Sauna*",43,52,9,37
"06/06/2025","12:00 PM","75 min.","Yorkville","Free Flow","","Sauna..",17,33,16,53
"06/06/2025","12:30 PM","75 min.","Yorkville","Free Flow","","Sauna...",26,33,7,60
"06/06/2025","1:00 PM","75 min.","Yorkville","Free Flow","","Sauna....",22,33,11,71
"06/06/2025","1:30 PM","75 min.","Yorkville","Free Flow","","Sauna.....",31,33,2,73
"06/06/2025","2:00 PM","75 min.","Yorkville","Free Flow","","Sauna..",18,33,15,88
"06/06/2025","2:30 PM","75 min.","Yorkville","Free Flow","","Sauna...",18,33,15,103
"06/06/2025","3:00 PM","75 min.","Yorkville","Free Flow","","Sauna....",29,33,4,107
"06/06/2025","3:30 PM","75 min.","Yorkville","Free Flow","","Sauna..",19,33,14,121
"06/06/2025","4:00 PM","75 min.","Yorkville","Free Flow","","Sauna...",8,20,12,133
"06/06/2025","4:30 PM","75 min.","Yorkville","Free Flow","","Sauna....",23,33,10,143
"06/06/2025","5:00 PM","75 min.","Yorkville","Free Flow","","Sauna.....",13,20,7,150
"06/06/2025","5:15 PM","75 min.","Yorkville","Lively Free Flow","","Sauna..",13,33,20,170
"06/06/2025","6:30 PM","75 min.","Yorkville","Guided All Around: Rose, Thorn, Bud","","Sauna*",31,52,21,191
"06/06/2025","7:45 PM","75 min.","Yorkville","Guided All Around: Reflect","","Sauna*",20,52,32,223
"06/06/2025","9:00 PM","120 min.","Yorkville","Social","","Sauna..",3,53,50,273
"06/06/2025","9:30 PM","120 min.","Yorkville","Social","","Sauna...",20,52,32,305
"06/07/2025","8:00 AM","75 min.","Yorkville","Guided Down: Deep Stretch","","Sauna*",39,52,13,13
"06/07/2025","9:15 AM","75 min.","Yorkville","Guided All Around: Rose, Thorn, Bud","","Sauna*",36,52,16,29
"06/07/2025","10:30 AM","75 min.","Yorkville","Guided All Around: Release","","Sauna*",33,52,19,48
"06/07/2025","11:45 AM","75 min.","Yorkville","Guided Up: Self-Care Sweat","","Sauna*",24,52,28,76
"06/07/2025","1:00 PM","75 min.","Yorkville","Lively Free Flow","","Sauna.....",10,30,20,96
"06/07/2025","1:30 PM","75 min.","Yorkville","Lively Free Flow","","Sauna..",28,30,2,98
"06/07/2025","2:00 PM","75 min.","Yorkville","Lively Free Flow","","Sauna...",30,35,5,103
"06/07/2025","2:30 PM","75 min.","Yorkville","Lively Free Flow","","Sauna....",20,30,10,113
"06/07/2025","3:00 PM","75 min.","Yorkville","Lively Free Flow","","Sauna..",18,30,12,125
"06/07/2025","3:30 PM","75 min.","Yorkville","Lively Free Flow","","Sauna...",28,35,7,132
"06/07/2025","4:00 PM","75 min.","Yorkville","Lively Free Flow","","Sauna....",27,30,3,135
"06/07/2025","4:30 PM","75 min.","Yorkville","Lively Free Flow","","Sauna..",28,30,2,137
"06/07/2025","5:00 PM","75 min.","Yorkville","Lively Free Flow","","Sauna...",20,35,15,152
"06/07/2025","5:30 PM","75 min.","Yorkville","Lively Free Flow","","Sauna....",20,30,10,162
"06/07/2025","6:00 PM","75 min.","Yorkville","Lively Free Flow","","Sauna..",19,30,11,173
"06/07/2025","6:30 PM","75 min.","Yorkville","Lively Free Flow","","Sauna.....",18,35,17,190
"06/07/2025","7:45 PM","75 min.","Yorkville","Guided Down: Pure Presence","","Sauna*",30,52,22,212
"06/07/2025","9:00 PM","120 min.","Yorkville","Beat Drop: DJ Takeover","","Sauna..",5,53,48,260
"06/07/2025","9:30 PM","120 min.","Yorkville","Beat Drop: DJ Takeover","","Sauna...",27,52,25,285
"06/08/2025","7:00 AM","75 min.","Yorkville","Quieter Free Flow","","Sauna..",36,53,17,17
"06/08/2025","8:30 AM","75 min.","Yorkville","Free Flow","","Sauna..",24,53,29,46
"06/08/2025","10:15 AM","75 min.","Yorkville","Guided All Around: Gratitude","","Sauna*",21,52,31,77
"06/08/2025","11:30 AM","75 min.","Yorkville","Guided Up: Feel Good Now","","Sauna*",15,52,37,114
"06/08/2025","12:45 PM","75 min.","Yorkville","Lively Free Flow","","Sauna...",0,20,20,134
"06/08/2025","1:00 PM","75 min.","Yorkville","Lively Free Flow","","Sauna....",0,20,20,154
"06/08/2025","1:30 PM","75 min.","Yorkville","Lively Free Flow","","Sauna.....",24,35,11,165
"06/08/2025","2:00 PM","75 min.","Yorkville","Lively Free Flow","","Sauna..",2,20,18,183
"06/08/2025","2:30 PM","75 min.","Yorkville","Lively Free Flow","","Sauna...",30,40,10,193
"06/08/2025","3:00 PM","75 min.","Yorkville","Lively Free Flow","","Sauna....",17,35,18,211
"06/08/2025","3:30 PM","75 min.","Yorkville","Lively Free Flow","","Sauna..",9,20,11,222
"06/08/2025","4:00 PM","75 min.","Yorkville","Lively Free Flow","","Sauna...",19,40,21,243
"06/08/2025","5:15 PM","75 min.","Yorkville","Guided All Around: Reset","","Sauna*",21,52,31,274
"06/08/2025","6:30 PM","75 min.","Yorkville","Guided All Around: Loving Kindness","","Sauna*",35,52,17,291
"06/08/2025","7:45 PM","75 min.","Yorkville","Free Flow","","Sauna...",1,20,19,310
"06/08/2025","8:00 PM","75 min.","Yorkville","Free Flow","","Sauna.",0,25,25,335
"06/08/2025","8:15 PM","75 min.","Yorkville","Free Flow","","Sauna....",13,25,12,347
"06/08/2025","8:30 PM","75 min.","Yorkville","Free Flow","","Sauna",10,20,10,357
"06/08/2025","8:45 PM","75 min.","Yorkville","Free Flow","","Sauna.....",5,15,10,367
"06/08/2025","9:15 PM","75 min.","Yorkville","Free Flow","","Sauna..",13,25,12,379
"06/08/2025","9:30 PM","75 min.","Yorkville","Free Flow","","Sauna...",20,20,0,379
"05/26/2025","7:00 AM","75 min.","Yorkville","Quieter Free Flow","","Sauna..",16,33,17,17
"05/26/2025","7:30 AM","75 min.","Yorkville","Quieter Free Flow","","Sauna...",31,33,2,19
"05/26/2025","8:00 AM","75 min.","Yorkville","Quieter Free Flow","","Sauna....",30,33,3,22
"05/26/2025","8:30 AM","75 min.","Yorkville","Quieter Free Flow","","Sauna..",31,33,2,24
"05/26/2025","9:00 AM","75 min.","Yorkville","Quieter Free Flow","","Sauna...",24,33,9,33
"05/26/2025","9:30 AM","75 min.","Yorkville","Quieter Free Flow","","Sauna....",23,33,10,43
"05/26/2025","10:00 AM","75 min.","Yorkville","Quieter Free Flow","","Sauna..",27,33,6,49
"05/26/2025","10:15 AM","75 min.","Yorkville","Quieter Free Flow","","Sauna...",12,33,21,70
"05/26/2025","12:00 PM","75 min.","Yorkville","Guided All Around: Sound Immersion","","Sauna..",35,60,25,95
"05/26/2025","2:00 PM","75 min.","Yorkville","Free Flow","","Sauna..",21,33,12,107
"05/26/2025","2:30 PM","75 min.","Yorkville","Free Flow","","Sauna...",29,33,4,111
"05/26/2025","3:00 PM","75 min.","Yorkville","Free Flow","","Sauna....",23,33,10,121
"05/26/2025","3:30 PM","75 min.","Yorkville","Free Flow","","Sauna..",23,33,10,131
"05/26/2025","4:00 PM","75 min.","Yorkville","Free Flow","","Sauna.",27,33,6,137
"05/26/2025","4:30 PM","75 min.","Yorkville","Free Flow","","Sauna...",30,33,3,140
"05/26/2025","5:00 PM","75 min.","Yorkville","Free Flow","","Sauna....",20,33,13,153
"05/26/2025","5:30 PM","75 min.","Yorkville","Lively Free Flow","","Sauna.",4,33,29,182
"05/26/2025","7:15 PM","90 min.","Yorkville","Guided All Around: Space for Women","","Sauna..",35,60,25,207
"05/26/2025","9:15 PM","75 min.","Yorkville","Guided All Around: Journey Through the Elements","","Sauna..",34,60,26,233
"05/27/2025","7:00 AM","75 min.","Yorkville","Guided Up: Arctic Tundra","","Sauna..",49,60,11,11
"05/27/2025","8:30 AM","75 min.","Yorkville","Quieter Free Flow","","Sauna..",29,33,4,15
"05/27/2025","9:00 AM","75 min.","Yorkville","Quieter Free Flow","","Sauna...",27,33,6,21
"05/27/2025","9:30 AM","75 min.","Yorkville","Quieter Free Flow","","Sauna....",29,33,4,25
"05/27/2025","10:00 AM","75 min.","Yorkville","Quieter Free Flow","","Sauna..",27,33,6,31
"05/27/2025","10:15 AM","75 min.","Yorkville","Quieter Free Flow","","Sauna...",22,33,11,42
"05/27/2025","12:00 PM","75 min.","Yorkville","Guided Up: Feel Good Now","","Sauna..",36,52,16,58
"05/27/2025","1:15 PM","75 min.","Yorkville","Guided All Around: Release","","Sauna..",44,52,8,66
"05/27/2025","2:30 PM","75 min.","Yorkville","Free Flow","","Sauna....",16,33,17,83
"05/27/2025","3:00 PM","75 min.","Yorkville","Free Flow","","Sauna.....",31,33,2,85
"05/27/2025","3:30 PM","75 min.","Yorkville","Free Flow","","Sauna..",24,33,9,94
"05/27/2025","4:00 PM","75 min.","Yorkville","Free Flow","","Sauna.",31,33,2,96
"05/27/2025","4:30 PM","75 min.","Yorkville","Free Flow","","Sauna...",25,33,8,104
"05/27/2025","5:00 PM","75 min.","Yorkville","Free Flow","","Sauna....",25,33,8,112
"05/27/2025","5:30 PM","75 min.","Yorkville","Lively Free Flow","","Sauna.",4,33,29,141
"05/27/2025","6:45 PM","75 min.","Yorkville","Guided Up: Feel Good Now","","Sauna..",29,52,23,164
"05/27/2025","8:00 PM","75 min.","Yorkville","Quieter Free Flow","","Sauna....",8,25,17,181
"05/27/2025","8:15 PM","75 min.","Yorkville","Quieter Free Flow","","Sauna...",12,20,8,189
"05/27/2025","8:30 PM","75 min.","Yorkville","Quieter Free Flow","","Sauna.",7,25,18,207
"05/27/2025","8:45 PM","75 min.","Yorkville","Quieter Free Flow","","Sauna.....",18,20,2,209
"05/27/2025","9:00 PM","75 min.","Yorkville","Quieter Free Flow","","Sauna..",3,15,12,221
"05/27/2025","9:30 PM","75 min.","Yorkville","Quieter Free Flow","","Sauna...",5,25,20,241
"05/27/2025","9:45 PM","75 min.","Yorkville","Quieter Free Flow","","Sauna....",9,20,11,252
"05/28/2025","7:00 AM","75 min.","Yorkville","Guided Down: Sound Immersion","","Sauna..",47,60,13,13
"05/28/2025","8:30 AM","75 min.","Yorkville","Free Flow","","Sauna..",26,33,7,20
"05/28/2025","9:00 AM","75 min.","Yorkville","Free Flow","","Sauna...",28,33,5,25
"05/28/2025","9:30 AM","75 min.","Yorkville","Free Flow","","Sauna....",25,33,8,33
"05/28/2025","10:00 AM","75 min.","Yorkville","Free Flow","","Sauna..",28,33,5,38
"05/28/2025","10:15 AM","75 min.","Yorkville","Free Flow","","Sauna...",25,33,8,46
"05/28/2025","12:00 PM","75 min.","Yorkville","Guided Down: Sound Immersion","","Sauna..",42,58,16,62
"05/28/2025","2:00 PM","75 min.","Yorkville","Free Flow","","Sauna..",13,33,20,82
"05/28/2025","2:30 PM","75 min.","Yorkville","Free Flow","","Sauna...",23,33,10,92
"05/28/2025","3:00 PM","75 min.","Yorkville","Free Flow","","Sauna....",25,33,8,100
"05/28/2025","3:30 PM","75 min.","Yorkville","Free Flow","","Sauna..",30,33,3,103
"05/28/2025","3:45 PM","75 min.","Yorkville","Free Flow","","Sauna...",26,33,7,110
"05/28/2025","5:30 PM","75 min.","Yorkville","Guided Up: Self-Care Sweat","","Sauna..",17,60,43,153
"05/28/2025","7:15 PM","75 min.","Yorkville","Guided All Around: Reset","","Sauna..",19,60,41,194
"05/28/2025","9:00 PM","75 min.","Yorkville","Free Flow","","Sauna..",1,53,52,246
"05/28/2025","9:30 PM","75 min.","Yorkville","Free Flow","","Sauna....",27,52,25,271
"05/29/2025","7:00 AM","75 min.","Yorkville","Guided Down: Sound Immersion","","Sauna..",45,60,15,15
"05/29/2025","8:30 AM","75 min.","Yorkville","Free Flow","","Sauna..",25,33,8,23
"05/29/2025","9:00 AM","75 min.","Yorkville","Free Flow","","Sauna...",20,33,13,36
"05/29/2025","9:30 AM","75 min.","Yorkville","Free Flow","","Sauna....",31,33,2,38
"05/29/2025","10:00 AM","75 min.","Yorkville","Free Flow","","Sauna..",30,33,3,41
"05/29/2025","10:15 AM","75 min.","Yorkville","Free Flow","","Sauna...",30,33,3,44
"05/29/2025","12:00 PM","75 min.","Yorkville","Guided All Around: Journey Through the Elements","","Sauna..",32,60,28,72
"05/29/2025","2:00 PM","75 min.","Yorkville","Free Flow","","Sauna..",18,33,15,87
"05/29/2025","2:30 PM","75 min.","Yorkville","Free Flow","","Sauna...",25,33,8,95
"05/29/2025","3:00 PM","75 min.","Yorkville","Free Flow","","Sauna....",25,33,8,103
"05/29/2025","3:30 PM","75 min.","Yorkville","Free Flow","","Sauna..",24,33,9,112
"05/29/2025","3:45 PM","75 min.","Yorkville","Free Flow","","Sauna.",14,33,19,131
"05/29/2025","5:30 PM","75 min.","Yorkville","Guided Up: Arctic Tundra","","Sauna..",47,60,13,144
"05/29/2025","7:15 PM","75 min.","Yorkville","Guided All Around: Reset","","Sauna..",5,60,55,199
"05/29/2025","9:00 PM","75 min.","Yorkville","Lively Free Flow","","Sauna..",1,53,52,251
"05/29/2025","9:30 PM","75 min.","Yorkville","Lively Free Flow","","Sauna...",28,52,24,275
"05/30/2025","7:00 AM","75 min.","Yorkville","Guided Down: Pure Presence","","Sauna..",43,60,17,17
"05/30/2025","8:15 AM","75 min.","Yorkville","Guided Down: Senses","","Sauna",47,52,5,22
"05/30/2025","9:30 AM","75 min.","Yorkville","Guided All Around: Reset","","Sauna..",45,52,7,29
"05/30/2025","10:45 AM","75 min.","Yorkville","Guided Up: Arctic Tundra","","Sauna..",48,52,4,33
"05/30/2025","12:00 PM","75 min.","Yorkville","Free Flow","","Sauna....",12,33,21,54
"05/30/2025","12:30 PM","75 min.","Yorkville","Free Flow","","Sauna...",29,33,4,58
"05/30/2025","1:00 PM","75 min.","Yorkville","Free Flow","","Sauna.",28,33,5,63
"05/30/2025","1:30 PM","75 min.","Yorkville","Free Flow","","Sauna.....",21,33,12,75
"05/30/2025","2:00 PM","75 min.","Yorkville","Free Flow","","Sauna..",25,33,8,83
"05/30/2025","2:30 PM","75 min.","Yorkville","Free Flow","","Sauna...",26,33,7,90
"05/30/2025","3:00 PM","75 min.","Yorkville","Free Flow","","Sauna....",28,33,5,95
"05/30/2025","3:30 PM","75 min.","Yorkville","Free Flow","","Sauna..",20,33,13,108
"05/30/2025","4:00 PM","75 min.","Yorkville","Free Flow","","Sauna...",3,20,17,125
"05/30/2025","4:30 PM","75 min.","Yorkville","Free Flow","","Sauna....",18,33,15,140
"05/30/2025","5:00 PM","75 min.","Yorkville","Free Flow","","Sauna..",12,20,8,148
"05/30/2025","5:15 PM","75 min.","Yorkville","Lively Free Flow","","Sauna...",8,33,25,173
"05/30/2025","6:30 PM","75 min.","Yorkville","Guided Down: Sound Immersion","","Sauna..",14,52,38,211
"05/30/2025","7:45 PM","75 min.","Yorkville","Guided Down: Pure Presence","","Sauna",17,52,35,246
"05/30/2025","9:00 PM","120 min.","Yorkville","Social","","Sauna..",1,53,52,298
"05/30/2025","9:30 PM","120 min.","Yorkville","Social","","Sauna...",29,52,23,321
"05/31/2025","8:00 AM","75 min.","Yorkville","Guided Up: Awakening","","Sauna..",49,60,11,11
"05/31/2025","9:45 AM","75 min.","Yorkville","Guided Down: Self-Care Sweat","","Sauna..",10,60,50,61
"05/31/2025","11:30 AM","75 min.","Yorkville","Guided Down: Sound Immersion","","Sauna..",29,60,31,92
"05/31/2025","1:30 PM","75 min.","Yorkville","Lively Free Flow","","Sauna..",2,40,38,130
"05/31/2025","2:00 PM","75 min.","Yorkville","Lively Free Flow","","Sauna...",12,30,18,148
"05/31/2025","2:30 PM","75 min.","Yorkville","Lively Free Flow","","Sauna....",17,30,13,161
"05/31/2025","3:00 PM","75 min.","Yorkville","Lively Free Flow","","Sauna..",19,35,16,177
"05/31/2025","3:30 PM","75 min.","Yorkville","Lively Free Flow","","Sauna...",22,30,8,185
"05/31/2025","4:00 PM","75 min.","Yorkville","Lively Free Flow","","Sauna....",20,30,10,195
"05/31/2025","4:30 PM","75 min.","Yorkville","Lively Free Flow","","Sauna..",20,35,15,210
"05/31/2025","5:00 PM","75 min.","Yorkville","Lively Free Flow","","Sauna...",21,35,14,224
"05/31/2025","5:30 PM","75 min.","Yorkville","Lively Free Flow","","Sauna....",15,30,15,239
"05/31/2025","6:00 PM","75 min.","Yorkville","Lively Free Flow","","Sauna..",4,35,31,270
"05/31/2025","7:45 PM","75 min.","Yorkville","Guided All Around: Reset","","Sauna..",15,60,45,315
"05/31/2025","9:30 PM","120 min.","Yorkville","Social","","Sauna..",28,53,25,340
"05/31/2025","9:45 PM","120 min.","Yorkville","Social","","Sauna...",42,52,10,350
"06/01/2025","7:00 AM","75 min.","Yorkville","Quieter Free Flow","","Sauna..",30,53,23,23
"06/01/2025","8:30 AM","75 min.","Yorkville","Free Flow","","Sauna..",28,53,25,48
"06/01/2025","10:15 AM","75 min.","Yorkville","Guided All Around: Rose, Thorn, Bud","","Sauna*",7,52,45,93
"06/01/2025","11:30 AM","75 min.","Yorkville","Guided Up: Feel Good Now","","Sauna*",26,52,26,119
"06/01/2025","12:45 PM","75 min.","Yorkville","Lively Free Flow","","Sauna...",2,20,18,137
"06/01/2025","1:00 PM","75 min.","Yorkville","Lively Free Flow","","Sauna....",4,20,16,153
"06/01/2025","1:30 PM","75 min.","Yorkville","Lively Free Flow","","Sauna.....",29,35,6,159
"06/01/2025","2:00 PM","75 min.","Yorkville","Lively Free Flow","","Sauna..",5,20,15,174
"06/01/2025","2:30 PM","75 min.","Yorkville","Lively Free Flow","","Sauna...",24,40,16,190
"06/01/2025","3:00 PM","75 min.","Yorkville","Lively Free Flow","","Sauna....",17,35,18,208
"06/01/2025","3:30 PM","75 min.","Yorkville","Lively Free Flow","","Sauna..",9,20,11,219
"06/01/2025","4:00 PM","75 min.","Yorkville","Lively Free Flow","","Sauna...",18,40,22,241
"06/01/2025","5:15 PM","75 min.","Yorkville","Guided All Around: Heart Opener","","Sauna*",11,52,41,282
"06/01/2025","6:30 PM","75 min.","Yorkville","Guided All Around: Loving Kindness","","Sauna*",21,52,31,313
"06/01/2025","7:45 PM","75 min.","Yorkville","Free Flow","","Sauna...",1,20,19,332
"06/01/2025","8:00 PM","75 min.","Yorkville","Free Flow","","Sauna.",1,25,24,356
"06/01/2025","8:15 PM","75 min.","Yorkville","Free Flow","","Sauna....",6,25,19,375
"06/01/2025","8:30 PM","75 min.","Yorkville","Free Flow","","Sauna",7,20,13,388
"06/01/2025","8:45 PM","75 min.","Yorkville","Free Flow","","Sauna.....",3,15,12,400
"06/01/2025","9:15 PM","75 min.","Yorkville","Free Flow","","Sauna..",20,25,5,405
"06/01/2025","9:30 PM","75 min.","Yorkville","Free Flow","","Sauna...",10,20,10,415
"05/19/2025","7:00 AM","75 min.","Yorkville","Free Flow","","Sauna..",25,33,8,8
"05/19/2025","7:30 AM","75 min.","Yorkville","Free Flow","","Sauna...",29,33,4,12
"05/19/2025","8:00 AM","75 min.","Yorkville","Free Flow","","Sauna....",27,33,6,18
"05/19/2025","8:30 AM","75 min.","Yorkville","Free Flow","","Sauna..",26,33,7,25
"05/19/2025","9:00 AM","75 min.","Yorkville","Free Flow","","Sauna...",18,33,15,40
"05/19/2025","9:30 AM","75 min.","Yorkville","Free Flow","","Sauna....",16,33,17,57
"05/19/2025","10:00 AM","75 min.","Yorkville","Free Flow","","Sauna..",19,33,14,71
"05/19/2025","10:15 AM","75 min.","Yorkville","Free Flow","","Sauna...",0,33,33,104
"05/19/2025","12:00 PM","75 min.","Yorkville","Guided All Around: Loving Kindness","","Sauna..",5,52,47,151
"05/19/2025","1:15 PM","75 min.","Yorkville","Lively Free Flow","","Sauna.....",2,33,31,182
"05/19/2025","1:45 PM","75 min.","Yorkville","Lively Free Flow","","Sauna..",1,33,32,214
"05/19/2025","2:15 PM","75 min.","Yorkville","Lively Free Flow","","Sauna...",6,33,27,241
"05/19/2025","2:45 PM","75 min.","Yorkville","Lively Free Flow","","Sauna....",15,33,18,259
"05/19/2025","3:15 PM","75 min.","Yorkville","Lively Free Flow","","Sauna..",19,33,14,273
"05/19/2025","3:45 PM","75 min.","Yorkville","Lively Free Flow","","Sauna.",5,33,28,301
"05/19/2025","4:15 PM","75 min.","Yorkville","Lively Free Flow","","Sauna...",9,33,24,325
"05/19/2025","4:45 PM","75 min.","Yorkville","Lively Free Flow","","Sauna....",1,33,32,357
"05/19/2025","5:15 PM","75 min.","Yorkville","Lively Free Flow","","Sauna.",2,33,31,388
"05/19/2025","6:30 PM","75 min.","Yorkville","Guided All Around: Hardwiring Happiness","","Sauna..",6,52,46,434
"05/19/2025","7:45 PM","75 min.","Yorkville","Guided Up: Awakening","","Sauna",34,52,18,452
"05/19/2025","9:00 PM","75 min.","Yorkville","Guided Down: Embodied","","Sauna..",36,60,24,476
"05/20/2025","7:00 AM","75 min.","Yorkville","Guided Up: Arctic Tundra","","Sauna..",49,60,11,11
"05/20/2025","8:30 AM","75 min.","Yorkville","Quieter Free Flow","","Sauna..",28,33,5,16
"05/20/2025","9:00 AM","75 min.","Yorkville","Quieter Free Flow","","Sauna...",27,33,6,22
"05/20/2025","9:30 AM","75 min.","Yorkville","Quieter Free Flow","","Sauna....",31,33,2,24
"05/20/2025","10:00 AM","75 min.","Yorkville","Quieter Free Flow","","Sauna..",31,33,2,26
"05/20/2025","10:15 AM","75 min.","Yorkville","Quieter Free Flow","","Sauna...",19,33,14,40
"05/20/2025","12:00 PM","75 min.","Yorkville","Guided Up: Feel Good Now","","Sauna..",44,60,16,56
"05/20/2025","1:45 PM","75 min.","Yorkville","Guided Down: Senses","","Sauna..",47,60,13,69
"05/20/2025","3:30 PM","75 min.","Yorkville","Free Flow","","Sauna..",23,33,10,79
"05/20/2025","4:00 PM","75 min.","Yorkville","Free Flow","","Sauna.",23,33,10,89
"05/20/2025","4:30 PM","75 min.","Yorkville","Free Flow","","Sauna...",26,33,7,96
"05/20/2025","5:00 PM","75 min.","Yorkville","Free Flow","","Sauna....",19,33,14,110
"05/20/2025","5:30 PM","75 min.","Yorkville","Lively Free Flow","","Sauna.",12,33,21,131
"05/20/2025","7:15 PM","75 min.","Yorkville","Guided All Around: Journey Through the Elements","","Sauna..",12,60,48,179
"05/20/2025","9:00 PM","120 min.","Yorkville","Runner's Night","","Sauna..",16,53,37,216
"05/20/2025","9:15 PM","120 min.","Yorkville","Runner's Night","","Sauna...",39,52,13,229
"05/21/2025","7:00 AM","75 min.","Yorkville","Guided Up: Awakening","","Sauna..",55,60,5,5
"05/21/2025","8:30 AM","75 min.","Yorkville","Free Flow","","Sauna..",26,33,7,12
"05/21/2025","9:00 AM","75 min.","Yorkville","Free Flow","","Sauna...",30,33,3,15
"05/21/2025","9:30 AM","75 min.","Yorkville","Free Flow","","Sauna....",25,33,8,23
"05/21/2025","10:00 AM","75 min.","Yorkville","Free Flow","","Sauna..",29,33,4,27
"05/21/2025","10:15 AM","75 min.","Yorkville","Free Flow","","Sauna...",22,33,11,38
"05/21/2025","12:00 PM","75 min.","Yorkville","Guided Down: Sound Immersion","","Sauna..",34,60,26,64
"05/21/2025","1:15 PM","75 min.","Yorkville","Free Flow","","Sauna.",23,33,10,74
"05/21/2025","1:30 PM","75 min.","Yorkville","Free Flow","","Sauna",31,33,2,76
"05/21/2025","1:45 PM","75 min.","Yorkville","Free Flow","","Sauna..",30,33,3,79
"05/21/2025","2:15 PM","75 min.","Yorkville","Free Flow","","Sauna...",29,33,4,83
"05/21/2025","2:45 PM","75 min.","Yorkville","Free Flow","","Sauna....",32,33,1,84
"05/21/2025","3:15 PM","75 min.","Yorkville","Free Flow","","Sauna..",29,33,4,88
"05/21/2025","3:45 PM","75 min.","Yorkville","Free Flow","","Sauna...",21,33,12,100
"05/21/2025","4:15 PM","75 min.","Yorkville","Free Flow","","Sauna",24,33,9,109
"05/21/2025","5:30 PM","75 min.","Yorkville","Guided Down: Sound Immersion","","Sauna..",40,60,20,129
"05/21/2025","6:45 PM","75 min.","Yorkville","Guided All Around: Reset","","Sauna..",21,52,31,160
"05/21/2025","8:00 PM","75 min.","Yorkville","Free Flow","","Sauna....",8,25,17,177
"05/21/2025","8:15 PM","75 min.","Yorkville","Free Flow","","Sauna...",11,20,9,186
"05/21/2025","8:30 PM","75 min.","Yorkville","Free Flow","","Sauna.",5,25,20,206
"05/21/2025","8:45 PM","75 min.","Yorkville","Free Flow","","Sauna",16,20,4,210
"05/21/2025","9:00 PM","75 min.","Yorkville","Free Flow","","Sauna..",0,15,15,225
"05/21/2025","9:30 PM","75 min.","Yorkville","Free Flow","","Sauna....",16,25,9,234
"05/21/2025","9:45 PM","75 min.","Yorkville","Free Flow","","Sauna.....",7,20,13,247
"05/22/2025","7:00 AM","75 min.","Yorkville","Guided Down: Sound Immersion","","Sauna..",44,60,16,16
"05/22/2025","10:15 AM","75 min.","Yorkville","Free Flow","","Sauna...",24,33,9,25
"05/22/2025","12:00 PM","75 min.","Yorkville","Guided Up: Feel Good Now","","Sauna..",50,60,10,35
"05/22/2025","2:00 PM","75 min.","Yorkville","Free Flow","","Sauna..",16,33,17,52
"05/22/2025","2:30 PM","75 min.","Yorkville","Free Flow","","Sauna...",26,33,7,59
"05/22/2025","3:00 PM","75 min.","Yorkville","Free Flow","","Sauna....",28,33,5,64
"05/22/2025","3:30 PM","75 min.","Yorkville","Free Flow","","Sauna..",29,33,4,68
"05/22/2025","3:45 PM","75 min.","Yorkville","Free Flow","","Sauna.",1,33,32,100
"05/22/2025","5:30 PM","75 min.","Yorkville","Guided Down: Senses","","Sauna..",31,60,29,129
"05/22/2025","7:15 PM","75 min.","Yorkville","Guided All Around: Inner Power","","Sauna..",,,,129
"05/22/2025","9:00 PM","75 min.","Yorkville","Lively Free Flow","","Sauna..",1,53,52,181
"05/22/2025","9:30 PM","75 min.","Yorkville","Lively Free Flow","","Sauna...",29,52,23,204
"05/23/2025","7:00 AM","75 min.","Yorkville","Members Only: Unwind","","Sauna..",45,60,15,15
"05/23/2025","8:45 AM","75 min.","Yorkville","Guided Down: Rose, Thorn, Bud","","Sauna..",53,60,7,22
"05/23/2025","10:30 AM","75 min.","Yorkville","Guided Up: Feel Good Now","","Sauna..",42,60,18,40
"05/23/2025","12:15 PM","75 min.","Yorkville","Guided Up: Arctic Tundra","","Sauna..",55,60,5,45
"05/23/2025","2:00 PM","75 min.","Yorkville","Free Flow","","Sauna..",11,33,22,67
"05/23/2025","2:30 PM","75 min.","Yorkville","Free Flow","","Sauna...",4,33,29,96
"05/23/2025","3:00 PM","75 min.","Yorkville","Free Flow","","Sauna....",12,33,21,117
"05/23/2025","3:30 PM","75 min.","Yorkville","Free Flow","","Sauna..",22,33,11,128
"05/23/2025","4:00 PM","75 min.","Yorkville","Free Flow","","Sauna...",20,33,13,141
"05/23/2025","4:30 PM","75 min.","Yorkville","Free Flow","","Sauna....",11,33,22,163
"05/23/2025","5:00 PM","75 min.","Yorkville","Free Flow","","Sauna..",9,33,24,187
"05/23/2025","5:30 PM","75 min.","Yorkville","Lively Free Flow","","Sauna...",2,33,31,218
"05/23/2025","7:15 PM","75 min.","Yorkville","Guided All Around: Rose, Thorn, Bud","","Sauna..",9,60,51,269
"05/23/2025","9:00 PM","120 min.","Yorkville","Social","","Sauna..",5,53,48,317
"05/23/2025","9:30 PM","120 min.","Yorkville","Social","","Sauna...",2,52,50,367
"05/24/2025","8:00 AM","75 min.","Yorkville","Guided Down: Deep Stretch","","Sauna..",38,52,14,14
"05/24/2025","9:15 AM","75 min.","Yorkville","Guided All Around: Reset","","Sauna..",22,52,30,44
"05/24/2025","10:30 AM","75 min.","Yorkville","Guided Down: Embodied","","Sauna..",21,52,31,75
"05/24/2025","11:45 AM","75 min.","Yorkville","Guided Down: Sound Immersion","","Sauna",12,52,40,115
"05/24/2025","1:00 PM","75 min.","Yorkville","Lively Free Flow","","Sauna.....",1,30,29,144
"05/24/2025","1:30 PM","75 min.","Yorkville","Lively Free Flow","","Sauna..",1,30,29,173
"05/24/2025","2:00 PM","75 min.","Yorkville","Lively Free Flow","","Sauna...",24,35,11,184
"05/24/2025","2:30 PM","75 min.","Yorkville","Lively Free Flow","","Sauna....",17,30,13,197
"05/24/2025","3:00 PM","75 min.","Yorkville","Lively Free Flow","","Sauna..",23,30,7,204
"05/24/2025","3:30 PM","75 min.","Yorkville","Lively Free Flow","","Sauna...",19,35,16,220
"05/24/2025","4:00 PM","75 min.","Yorkville","Lively Free Flow","","Sauna....",10,30,20,240
"05/24/2025","4:30 PM","75 min.","Yorkville","Lively Free Flow","","Sauna..",13,30,17,257
"05/24/2025","5:00 PM","75 min.","Yorkville","Lively Free Flow","","Sauna...",24,35,11,268
"05/24/2025","5:30 PM","75 min.","Yorkville","Lively Free Flow","","Sauna....",18,30,12,280
"05/24/2025","6:00 PM","75 min.","Yorkville","Lively Free Flow","","Sauna..",14,30,16,296
"05/24/2025","6:30 PM","75 min.","Yorkville","Lively Free Flow","","Sauna...",1,35,34,330
"05/24/2025","7:45 PM","75 min.","Yorkville","Guided Down: Pure Presence","","Sauna..",5,60,55,385
"05/24/2025","9:00 PM","120 min.","Yorkville","Social","","Sauna..",18,53,35,420
"05/24/2025","9:30 PM","120 min.","Yorkville","Social","","Sauna...",40,52,12,432
"05/25/2025","7:00 AM","75 min.","Yorkville","Quieter Free Flow","","Sauna..",27,53,26,26
"05/25/2025","8:30 AM","75 min.","Yorkville","Free Flow","","Sauna..",27,53,26,52
"05/25/2025","10:15 AM","75 min.","Yorkville","Guided All Around: Rose, Thorn, Bud","","Sauna..",,,,52
"05/25/2025","11:30 AM","75 min.","Yorkville","Guided All Around: Reset","","Sauna..",,,,52
"05/25/2025","12:45 PM","75 min.","Yorkville","Lively Free Flow","","Sauna....",3,20,17,69
"05/25/2025","1:00 PM","75 min.","Yorkville","Lively Free Flow","","Sauna...",10,20,10,79
"05/25/2025","1:30 PM","75 min.","Yorkville","Lively Free Flow","","Sauna.....",7,35,28,107
"05/25/2025","2:00 PM","75 min.","Yorkville","Lively Free Flow","","Sauna..",10,20,10,117
"05/25/2025","2:30 PM","75 min.","Yorkville","Lively Free Flow","","Sauna...",26,40,14,131
"05/25/2025","3:00 PM","75 min.","Yorkville","Lively Free Flow","","Sauna....",17,35,18,149
"05/25/2025","3:30 PM","75 min.","Yorkville","Lively Free Flow","","Sauna..",4,20,16,165
"05/25/2025","4:00 PM","75 min.","Yorkville","Lively Free Flow","","Sauna...",13,40,27,192
"05/25/2025","5:15 PM","75 min.","Yorkville","Guided Up: Self-Care Sweat","","Sauna..",11,52,41,233
"05/25/2025","6:30 PM","75 min.","Yorkville","Guided Down: Sound Immersion","","Sauna..",19,52,33,266
"05/25/2025","7:45 PM","75 min.","Yorkville","Free Flow","","Sauna....",2,20,18,284
"05/25/2025","8:00 PM","75 min.","Yorkville","Free Flow","","Sauna...",6,25,19,303
"05/25/2025","8:15 PM","75 min.","Yorkville","Free Flow","","Sauna.",16,25,9,312
"05/25/2025","8:30 PM","75 min.","Yorkville","Free Flow","","Sauna",10,20,10,322
"05/25/2025","8:45 PM","75 min.","Yorkville","Free Flow","","Sauna.....",5,15,10,332
"05/25/2025","9:15 PM","75 min.","Yorkville","Free Flow","","Sauna..",4,25,21,353
"05/25/2025","9:30 PM","75 min.","Yorkville","Free Flow","","Sauna...",2,20,18,371
"05/12/2025","7:00 AM","75 min.","Yorkville","Quieter Free Flow","","Sauna..",17,33,16,16
"05/12/2025","7:30 AM","75 min.","Yorkville","Quieter Free Flow","","Sauna...",31,33,2,18
"05/12/2025","8:00 AM","75 min.","Yorkville","Quieter Free Flow","","Sauna....",25,33,8,26
"05/12/2025","8:30 AM","75 min.","Yorkville","Quieter Free Flow","","Sauna..",31,33,2,28
"05/12/2025","9:00 AM","75 min.","Yorkville","Quieter Free Flow","","Sauna...",32,33,1,29
"05/12/2025","9:30 AM","75 min.","Yorkville","Quieter Free Flow","","Sauna....",32,33,1,30
"05/12/2025","10:00 AM","75 min.","Yorkville","Quieter Free Flow","","Sauna..",25,33,8,38
"05/12/2025","10:15 AM","75 min.","Yorkville","Quieter Free Flow","","Sauna...",26,33,7,45
"05/12/2025","12:00 PM","75 min.","Yorkville","Guided All Around: Sound Immersion","","Sauna..",27,60,33,78
"05/12/2025","2:00 PM","75 min.","Yorkville","Free Flow","","Sauna..",25,33,8,86
"05/12/2025","2:30 PM","75 min.","Yorkville","Free Flow","","Sauna...",27,33,6,92
"05/12/2025","3:00 PM","75 min.","Yorkville","Free Flow","","Sauna....",31,33,2,94
"05/12/2025","3:30 PM","75 min.","Yorkville","Free Flow","","Sauna..",27,33,6,100
"05/12/2025","4:00 PM","75 min.","Yorkville","Free Flow","","Sauna.",31,33,2,102
"05/12/2025","4:30 PM","75 min.","Yorkville","Free Flow","","Sauna...",19,33,14,116
"05/12/2025","5:00 PM","75 min.","Yorkville","Free Flow","","Sauna....",21,33,12,128
"05/12/2025","5:30 PM","75 min.","Yorkville","Lively Free Flow","","Sauna.",7,33,26,154
"05/12/2025","7:15 PM","75 min.","Yorkville","Guided Down: Self-Care Sweat","","Sauna..",11,60,49,203
"05/12/2025","9:00 PM","75 min.","Yorkville","Guided All Around: Journey Through the Elements","","Sauna..",26,60,34,237
"05/13/2025","7:00 AM","75 min.","Yorkville","Guided Up: Arctic Tundra","","Sauna..",53,60,7,7
"05/13/2025","8:30 AM","75 min.","Yorkville","Quieter Free Flow","","Sauna..",24,33,9,16
"05/13/2025","9:00 AM","75 min.","Yorkville","Quieter Free Flow","","Sauna...",31,33,2,18
"05/13/2025","9:30 AM","75 min.","Yorkville","Quieter Free Flow","","Sauna....",30,33,3,21
"05/13/2025","10:00 AM","75 min.","Yorkville","Quieter Free Flow","","Sauna..",29,33,4,25
"05/13/2025","10:15 AM","75 min.","Yorkville","Quieter Free Flow","","Sauna...",25,33,8,33
"05/13/2025","12:00 PM","75 min.","Yorkville","Guided Down: Pure Presence","","Sauna..",42,52,10,43
"05/13/2025","1:15 PM","75 min.","Yorkville","Guided All Around: Release","","Sauna..",41,52,11,54
"05/13/2025","2:30 PM","75 min.","Yorkville","Free Flow","","Sauna.",17,33,16,70
"05/13/2025","3:00 PM","75 min.","Yorkville","Free Flow","","Sauna",27,33,6,76
"05/13/2025","3:30 PM","75 min.","Yorkville","Free Flow","","Sauna..",27,33,6,82
"05/13/2025","4:00 PM","75 min.","Yorkville","Free Flow","","Sauna.",28,33,5,87
"05/13/2025","4:30 PM","75 min.","Yorkville","Free Flow","","Sauna...",25,33,8,95
"05/13/2025","5:00 PM","75 min.","Yorkville","Free Flow","","Sauna....",23,33,10,105
"05/13/2025","5:30 PM","75 min.","Yorkville","Lively Free Flow","","Sauna.",16,33,17,122
"05/13/2025","6:45 PM","75 min.","Yorkville","Guided Down: Deep Stretch","","Sauna..",26,58,32,154
"05/13/2025","8:00 PM","75 min.","Yorkville","Free Flow","","Sauna...",1,25,24,178
"05/13/2025","8:15 PM","75 min.","Yorkville","Free Flow","","Sauna....",8,20,12,190
"05/13/2025","8:30 PM","75 min.","Yorkville","Free Flow","","Sauna.....",18,25,7,197
"05/13/2025","8:45 PM","75 min.","Yorkville","Free Flow","","Sauna",12,20,8,205
"05/13/2025","9:00 PM","75 min.","Yorkville","Free Flow","","Sauna..",1,15,14,219
"05/13/2025","9:30 PM","75 min.","Yorkville","Free Flow","","Sauna...",14,25,11,230
"05/13/2025","9:45 PM","75 min.","Yorkville","Free Flow","","Sauna.....",7,20,13,243
"05/14/2025","7:00 AM","75 min.","Yorkville","Guided Down: Sound Immersion","","Sauna..",52,60,8,8
"05/14/2025","8:30 AM","75 min.","Yorkville","Free Flow","","Sauna..",27,33,6,14
"05/14/2025","9:00 AM","75 min.","Yorkville","Free Flow","","Sauna...",32,33,1,15
"05/14/2025","9:30 AM","75 min.","Yorkville","Free Flow","","Sauna....",24,33,9,24
"05/14/2025","10:00 AM","75 min.","Yorkville","Free Flow","","Sauna..",25,33,8,32
"05/14/2025","10:15 AM","75 min.","Yorkville","Free Flow","","Sauna...",21,33,12,44
"05/14/2025","12:00 PM","75 min.","Yorkville","Free Flow","","Sauna..",34,40,6,50
"05/14/2025","2:00 PM","75 min.","Yorkville","Free Flow","","Sauna..",20,33,13,63
"05/14/2025","2:30 PM","75 min.","Yorkville","Free Flow","","Sauna...",31,33,2,65
"05/14/2025","3:00 PM","75 min.","Yorkville","Free Flow","","Sauna....",29,33,4,69
"05/14/2025","3:30 PM","75 min.","Yorkville","Free Flow","","Sauna..",26,33,7,76
"05/14/2025","3:45 PM","75 min.","Yorkville","Free Flow","","Sauna...",27,33,6,82
"05/14/2025","5:30 PM","75 min.","Yorkville","Guided Up: Self-Care Sweat","","Sauna..",40,60,20,102
"05/14/2025","7:15 PM","75 min.","Yorkville","Guided All Around: Reset","","Sauna..",28,60,32,134
"05/14/2025","9:00 PM","75 min.","Yorkville","Free Flow","","Sauna..",25,53,28,162
"05/14/2025","9:30 PM","75 min.","Yorkville","Free Flow","","Sauna....",38,52,14,176
"05/15/2025","7:00 AM","75 min.","Yorkville","Guided Down: Pure Presence","","Sauna..",43,60,17,17
"05/15/2025","8:30 AM","75 min.","Yorkville","Free Flow","","Sauna..",25,33,8,25
"05/15/2025","9:00 AM","75 min.","Yorkville","Free Flow","","Sauna...",28,33,5,30
"05/15/2025","9:30 AM","75 min.","Yorkville","Free Flow","","Sauna....",29,33,4,34
"05/15/2025","10:00 AM","75 min.","Yorkville","Free Flow","","Sauna..",19,33,14,48
"05/15/2025","10:15 AM","75 min.","Yorkville","Free Flow","","Sauna...",17,33,16,64
"05/15/2025","12:00 PM","75 min.","Yorkville","Guided Down: Embodied","","Sauna..",49,60,11,75
"05/15/2025","2:00 PM","75 min.","Yorkville","Free Flow","","Sauna..",14,33,19,94
"05/15/2025","2:30 PM","75 min.","Yorkville","Free Flow","","Sauna...",28,33,5,99
"05/15/2025","3:00 PM","75 min.","Yorkville","Free Flow","","Sauna....",27,33,6,105
"05/15/2025","3:30 PM","75 min.","Yorkville","Free Flow","","Sauna..",28,33,5,110
"05/15/2025","3:45 PM","75 min.","Yorkville","Free Flow","","Sauna.",21,33,12,122
"05/15/2025","5:30 PM","75 min.","Yorkville","Guided Up: Arctic Tundra","","Sauna..",45,60,15,137
"05/15/2025","7:15 PM","75 min.","Yorkville","Guided All Around: Heart Opener","","Sauna..",,,,137
"05/15/2025","9:00 PM","75 min.","Yorkville","Lively Free Flow","","Sauna..",4,53,49,186
"05/15/2025","9:30 PM","75 min.","Yorkville","Lively Free Flow","","Sauna...",32,52,20,206
"05/16/2025","7:00 AM","75 min.","Yorkville","Guided Down: Pure Presence","","Sauna..",47,60,13,13
"05/16/2025","8:15 AM","75 min.","Yorkville","Guided Down: Senses","","Sauna",47,52,5,18
"05/16/2025","9:30 AM","75 min.","Yorkville","Guided Down: Self-Care Sweat","","Sauna..",46,52,6,24
"05/16/2025","10:45 AM","75 min.","Yorkville","Guided Up: Arctic Tundra","","Sauna..",40,52,12,36
"05/16/2025","12:00 PM","75 min.","Yorkville","Free Flow","","Sauna...",21,33,12,48
"05/16/2025","12:30 PM","75 min.","Yorkville","Free Flow","","Sauna..",26,33,7,55
"05/16/2025","1:00 PM","75 min.","Yorkville","Free Flow","","Sauna.",26,33,7,62
"05/16/2025","1:30 PM","75 min.","Yorkville","Free Flow","","Sauna....",24,33,9,71
"05/16/2025","2:00 PM","75 min.","Yorkville","Free Flow","","Sauna..",20,33,13,84
"05/16/2025","2:30 PM","75 min.","Yorkville","Free Flow","","Sauna...",23,33,10,94
"05/16/2025","3:00 PM","75 min.","Yorkville","Free Flow","","Sauna....",20,33,13,107
"05/16/2025","3:30 PM","75 min.","Yorkville","Free Flow","","Sauna..",17,33,16,123
"05/16/2025","4:00 PM","75 min.","Yorkville","Free Flow","","Sauna...",6,20,14,137
"05/16/2025","4:30 PM","75 min.","Yorkville","Free Flow","","Sauna....",5,33,28,165
"05/16/2025","5:00 PM","75 min.","Yorkville","Free Flow","","Sauna..",8,20,12,177
"05/16/2025","5:15 PM","75 min.","Yorkville","Lively Free Flow","","Sauna...",15,33,18,195
"05/16/2025","6:30 PM","75 min.","Yorkville","Guided Down: Sound Immersion","","Sauna..",27,52,25,220
"05/16/2025","7:45 PM","75 min.","Yorkville","Guided Down: Pure Presence","","Sauna",26,52,26,246
"05/16/2025","9:00 PM","120 min.","Yorkville","Social","","Sauna..",11,53,42,288
"05/16/2025","9:30 PM","120 min.","Yorkville","Social","","Sauna...",31,52,21,309
"05/17/2025","8:00 AM","75 min.","Yorkville","Guided All Around: Rose, Thorn, Bud","","Sauna..",48,60,12,12
"05/17/2025","9:45 AM","75 min.","Yorkville","Guided All Around: Release","","Sauna..",32,60,28,40
"05/17/2025","11:30 AM","75 min.","Yorkville","Guided Down: Sound Immersion","","Sauna..",1,60,59,99
"05/17/2025","1:30 PM","75 min.","Yorkville","Lively Free Flow","","Sauna..",12,40,28,127
"05/17/2025","2:00 PM","75 min.","Yorkville","Lively Free Flow","","Sauna...",7,30,23,150
"05/17/2025","2:30 PM","75 min.","Yorkville","Lively Free Flow","","Sauna....",21,30,9,159
"05/17/2025","3:00 PM","75 min.","Yorkville","Lively Free Flow","","Sauna..",11,35,24,183
"05/17/2025","3:30 PM","75 min.","Yorkville","Lively Free Flow","","Sauna...",15,30,15,198
"05/17/2025","4:00 PM","75 min.","Yorkville","Lively Free Flow","","Sauna....",21,30,9,207
"05/17/2025","4:30 PM","75 min.","Yorkville","Lively Free Flow","","Sauna..",19,35,16,223
"05/17/2025","5:00 PM","75 min.","Yorkville","Lively Free Flow","","Sauna...",14,35,21,244
"05/17/2025","5:30 PM","75 min.","Yorkville","Lively Free Flow","","Sauna....",24,30,6,250
"05/17/2025","6:00 PM","75 min.","Yorkville","Lively Free Flow","","Sauna..",17,35,18,268
"05/17/2025","7:45 PM","75 min.","Yorkville","Guided All Around: Reset","","Sauna..",26,60,34,302
"05/17/2025","9:30 PM","120 min.","Yorkville","Social","","Sauna..",10,53,43,345
"05/17/2025","9:45 PM","120 min.","Yorkville","Social","","Sauna...",2,52,50,395
"05/18/2025","7:00 AM","75 min.","Yorkville","Quieter Free Flow","","Sauna..",27,53,26,26
"05/18/2025","8:30 AM","75 min.","Yorkville","Free Flow","","Sauna..",27,53,26,52
"05/18/2025","10:15 AM","75 min.","Yorkville","Guided Down: Unwind","","Sauna..",15,60,45,97
"05/18/2025","12:00 PM","75 min.","Yorkville","Guided Up: Feel Good Now","","Sauna..",29,60,31,128
"05/18/2025","2:00 PM","75 min.","Yorkville","Lively Free Flow","","Sauna..",7,40,33,161
"05/18/2025","2:30 PM","75 min.","Yorkville","Lively Free Flow","","Sauna...",16,35,19,180
"05/18/2025","3:00 PM","75 min.","Yorkville","Lively Free Flow","","Sauna....",8,20,12,192
"05/18/2025","3:30 PM","75 min.","Yorkville","Lively Free Flow","","Sauna..",28,40,12,204
"05/18/2025","4:00 PM","75 min.","Yorkville","Lively Free Flow","","Sauna...",0,35,35,239
"05/18/2025","5:45 PM","75 min.","Yorkville","Guided All Around: Heart Opener","","Sauna..",18,60,42,281
"05/18/2025","7:30 PM","75 min.","Yorkville","Guided All Around: Loving Kindness","","Sauna..",31,60,29,310
"05/18/2025","9:15 PM","75 min.","Yorkville","Free Flow","","Sauna..",42,53,11,321
"05/18/2025","9:30 PM","75 min.","Yorkville","Free Flow","","Sauna...",39,52,13,334
"05/05/2025","7:00 AM","75 min.","Yorkville","Quieter Free Flow","","Sauna..",23,33,10,10
"05/05/2025","7:30 AM","75 min.","Yorkville","Quieter Free Flow","","Sauna...",31,33,2,12
"05/05/2025","8:00 AM","75 min.","Yorkville","Quieter Free Flow","","Sauna....",32,33,1,13
"05/05/2025","8:30 AM","75 min.","Yorkville","Quieter Free Flow","","Sauna..",27,33,6,19
"05/05/2025","9:00 AM","75 min.","Yorkville","Quieter Free Flow","","Sauna...",29,33,4,23
"05/05/2025","9:30 AM","75 min.","Yorkville","Quieter Free Flow","","Sauna....",21,33,12,35
"05/05/2025","10:00 AM","75 min.","Yorkville","Quieter Free Flow","","Sauna..",21,33,12,47
"05/05/2025","10:15 AM","75 min.","Yorkville","Quieter Free Flow","","Sauna...",20,33,13,60
"05/05/2025","12:00 PM","75 min.","Yorkville","Guided All Around: Loving Kindness","","Sauna..",35,60,25,85
"05/05/2025","2:00 PM","75 min.","Yorkville","Free Flow","","Sauna..",16,33,17,102
"05/05/2025","2:30 PM","75 min.","Yorkville","Free Flow","","Sauna...",21,33,12,114
"05/05/2025","3:00 PM","75 min.","Yorkville","Free Flow","","Sauna....",24,33,9,123
"05/05/2025","3:30 PM","75 min.","Yorkville","Free Flow","","Sauna..",27,33,6,129
"05/05/2025","4:00 PM","75 min.","Yorkville","Free Flow","","Sauna.",19,33,14,143
"05/05/2025","4:30 PM","75 min.","Yorkville","Free Flow","","Sauna...",25,33,8,151
"05/05/2025","5:00 PM","75 min.","Yorkville","Free Flow","","Sauna....",10,33,23,174
"05/05/2025","5:30 PM","75 min.","Yorkville","Lively Free Flow","","Sauna.",0,33,33,207
"05/05/2025","7:15 PM","75 min.","Yorkville","Guided Down: Deep Stretch","","Sauna..",13,58,45,252
"05/05/2025","9:00 PM","75 min.","Yorkville","Guided Down: Embodied","","Sauna..",27,60,33,285
"05/06/2025","7:00 AM","75 min.","Yorkville","Guided Up: Arctic Tundra","","Sauna..",50,60,10,10
"05/06/2025","8:30 AM","75 min.","Yorkville","Quieter Free Flow","","Sauna..",29,33,4,14
"05/06/2025","9:00 AM","75 min.","Yorkville","Quieter Free Flow","","Sauna...",29,33,4,18
"05/06/2025","9:30 AM","75 min.","Yorkville","Quieter Free Flow","","Sauna....",26,33,7,25
"05/06/2025","10:00 AM","75 min.","Yorkville","Quieter Free Flow","","Sauna..",26,33,7,32
"05/06/2025","10:15 AM","75 min.","Yorkville","Quieter Free Flow","","Sauna...",26,33,7,39
"05/06/2025","12:00 PM","75 min.","Yorkville","Guided Down: Senses","","Sauna..",47,60,13,52
"05/06/2025","1:45 PM","75 min.","Yorkville","Free Flow","","Sauna..",24,33,9,61
"05/06/2025","3:30 PM","75 min.","Yorkville","Free Flow","","Sauna..",14,33,19,80
"05/06/2025","4:00 PM","75 min.","Yorkville","Free Flow","","Sauna.",30,33,3,83
"05/06/2025","4:30 PM","75 min.","Yorkville","Free Flow","","Sauna...",20,33,13,96
"05/06/2025","5:00 PM","75 min.","Yorkville","Free Flow","","Sauna....",15,33,18,114
"05/06/2025","5:30 PM","75 min.","Yorkville","Lively Free Flow","","Sauna.",2,33,31,145
"05/06/2025","7:15 PM","75 min.","Yorkville","Guided Up: Feel Good Now","","Sauna..",9,60,51,196
"05/06/2025","9:00 PM","75 min.","Yorkville","Quieter Free Flow","","Sauna..",7,53,46,242
"05/06/2025","9:30 PM","75 min.","Yorkville","Quieter Free Flow","","Sauna...",21,52,31,273
"05/07/2025","7:00 AM","60 min.","Yorkville","Guided Up: Awakening - 60 min","","Sauna..",37,60,23,23
"05/07/2025","8:30 AM","75 min.","Yorkville","Free Flow","","Sauna..",21,33,12,35
"05/07/2025","9:00 AM","75 min.","Yorkville","Free Flow","","Sauna...",29,33,4,39
"05/07/2025","9:30 AM","75 min.","Yorkville","Free Flow","","Sauna....",27,33,6,45
"05/07/2025","10:00 AM","75 min.","Yorkville","Free Flow","","Sauna..",22,33,11,56
"05/07/2025","10:15 AM","75 min.","Yorkville","Free Flow","","Sauna...",28,33,5,61
"05/07/2025","12:00 PM","60 min.","Yorkville","Guided Down: Self-Care Sweat - 60 min","","Sauna..",46,60,14,75
"05/07/2025","1:15 PM","75 min.","Yorkville","Free Flow","","Sauna.",28,33,5,80
"05/07/2025","1:30 PM","75 min.","Yorkville","Free Flow","","Sauna....",25,33,8,88
"05/07/2025","1:45 PM","75 min.","Yorkville","Free Flow","","Sauna...",28,33,5,93
"05/07/2025","2:15 PM","75 min.","Yorkville","Free Flow","","Sauna..",30,33,3,96
"05/07/2025","2:45 PM","75 min.","Yorkville","Free Flow","","Sauna.",30,33,3,99
"05/07/2025","3:15 PM","75 min.","Yorkville","Free Flow","","Sauna....",29,33,4,103
"05/07/2025","3:45 PM","75 min.","Yorkville","Free Flow","","Sauna...",30,33,3,106
"05/07/2025","4:15 PM","75 min.","Yorkville","Free Flow","","Sauna..",23,33,10,116
"05/07/2025","5:30 PM","75 min.","Yorkville","Guided Down: Sound Immersion","","Sauna..",37,52,15,131
"05/07/2025","6:45 PM","75 min.","Yorkville","Guided Up: Awakening","","Sauna..",24,52,28,159
"05/07/2025","8:00 PM","75 min.","Yorkville","Free Flow","","Sauna.",6,25,19,178
"05/07/2025","8:15 PM","75 min.","Yorkville","Free Flow","","Sauna",9,20,11,189
"05/07/2025","8:30 PM","75 min.","Yorkville","Free Flow","","Sauna...",13,20,7,196
"05/07/2025","8:45 PM","75 min.","Yorkville","Free Flow","","Sauna.....",0,15,15,211
"05/07/2025","9:00 PM","75 min.","Yorkville","Free Flow","","Sauna..",0,35,35,246
"05/07/2025","9:30 PM","75 min.","Yorkville","Free Flow","","Sauna....",3,20,17,263
"05/07/2025","9:45 PM","75 min.","Yorkville","Free Flow","","Sauna",9,20,11,274
"05/08/2025","7:00 AM","75 min.","Yorkville","Guided Down: Sound Immersion","","Sauna..",37,60,23,23
"05/08/2025","8:30 AM","75 min.","Yorkville","Free Flow","","Sauna..",26,33,7,30
"05/08/2025","9:00 AM","75 min.","Yorkville","Free Flow","","Sauna...",32,33,1,31
"05/08/2025","9:30 AM","75 min.","Yorkville","Free Flow","","Sauna....",32,33,1,32
"05/08/2025","10:00 AM","75 min.","Yorkville","Free Flow","","Sauna..",31,33,2,34
"05/08/2025","10:15 AM","75 min.","Yorkville","Free Flow","","Sauna...",31,33,2,36
"05/08/2025","12:00 PM","60 min.","Yorkville","Guided All Around: Gratitude - 60 min","","Sauna..",42,60,18,54
"05/08/2025","1:15 PM","75 min.","Yorkville","Free Flow","","Sauna.",18,33,15,69
"05/08/2025","1:30 PM","75 min.","Yorkville","Free Flow","","Sauna...",29,33,4,73
"05/08/2025","1:45 PM","75 min.","Yorkville","Free Flow","","Sauna....",31,33,2,75
"05/08/2025","2:15 PM","75 min.","Yorkville","Free Flow","","Sauna..",25,33,8,83
"05/08/2025","2:45 PM","75 min.","Yorkville","Free Flow","","Sauna...",26,33,7,90
"05/08/2025","3:15 PM","75 min.","Yorkville","Free Flow","","Sauna....",27,33,6,96
"05/08/2025","3:45 PM","75 min.","Yorkville","Free Flow","","Sauna.",26,33,7,103
"05/08/2025","4:15 PM","75 min.","Yorkville","Free Flow","","Sauna..",19,33,14,117
"05/08/2025","5:30 PM","75 min.","Yorkville","Guided Down: Senses","","Sauna..",27,52,25,142
"05/08/2025","6:45 PM","75 min.","Yorkville","Guided All Around: Inner Power","","Sauna..",3,52,49,191
"05/08/2025","8:00 PM","75 min.","Yorkville","Lively Free Flow","","Sauna.....",3,25,22,213
"05/08/2025","8:15 PM","75 min.","Yorkville","Lively Free Flow","","Sauna....",6,20,14,227
"05/08/2025","8:30 PM","75 min.","Yorkville","Lively Free Flow","","Sauna.",14,25,11,238
"05/08/2025","8:45 PM","75 min.","Yorkville","Lively Free Flow","","Sauna",14,20,6,244
"05/08/2025","9:00 PM","75 min.","Yorkville","Lively Free Flow","","Sauna..",0,15,15,259
"05/08/2025","9:30 PM","75 min.","Yorkville","Lively Free Flow","","Sauna...",11,25,14,273
"05/08/2025","9:45 PM","75 min.","Yorkville","Lively Free Flow","","Sauna.....",12,20,8,281
"05/09/2025","6:30 AM","90 min.","Yorkville","Sunrise Beat Drop","","Private",58,100,42,42
"05/09/2025","8:45 AM","75 min.","Yorkville","Guided Down: Pure Presence","","Sauna..",39,60,21,63
"05/09/2025","10:30 AM","75 min.","Yorkville","Guided Up: Feel Good Now","","Sauna..",37,60,23,86
"05/09/2025","12:15 PM","75 min.","Yorkville","Free Flow","","Sauna..",26,33,7,93
"05/09/2025","2:00 PM","75 min.","Yorkville","Free Flow","","Sauna..",7,33,26,119
"05/09/2025","2:30 PM","75 min.","Yorkville","Free Flow","","Sauna...",23,33,10,129
"05/09/2025","3:00 PM","75 min.","Yorkville","Free Flow","","Sauna....",16,33,17,146
"05/09/2025","3:30 PM","75 min.","Yorkville","Free Flow","","Sauna..",19,33,14,160
"05/09/2025","4:00 PM","75 min.","Yorkville","Free Flow","","Sauna...",14,33,19,179
"05/09/2025","4:30 PM","75 min.","Yorkville","Free Flow","","Sauna....",25,33,8,187
"05/09/2025","5:00 PM","75 min.","Yorkville","Free Flow","","Sauna..",0,33,33,220
"05/09/2025","5:30 PM","75 min.","Yorkville","Lively Free Flow","","Sauna...",1,33,32,252
"05/09/2025","7:15 PM","75 min.","Yorkville","Guided All Around: Rose, Thorn, Bud","","Sauna..",21,60,39,291
"05/09/2025","9:00 PM","120 min.","Yorkville","Social","","Sauna..",6,53,47,338
"05/09/2025","9:30 PM","120 min.","Yorkville","Social","","Sauna...",33,52,19,357
"05/10/2025","9:45 AM","75 min.","Yorkville","Guided All Around: Reset","","Sauna..",7,60,53,53
"05/10/2025","11:30 AM","75 min.","Yorkville","Guided Down: Deep Stretch","","Sauna..",11,58,47,100
"05/10/2025","1:30 PM","75 min.","Yorkville","Lively Free Flow","","Sauna..",13,40,27,127
"05/10/2025","2:00 PM","75 min.","Yorkville","Lively Free Flow","","Sauna...",20,30,10,137
"05/10/2025","2:30 PM","75 min.","Yorkville","Lively Free Flow","","Sauna....",14,30,16,153
"05/10/2025","3:00 PM","75 min.","Yorkville","Lively Free Flow","","Sauna..",24,35,11,164
"05/10/2025","3:30 PM","75 min.","Yorkville","Lively Free Flow","","Sauna...",21,30,9,173
"05/10/2025","4:00 PM","75 min.","Yorkville","Lively Free Flow","","Sauna....",22,30,8,181
"05/10/2025","4:30 PM","75 min.","Yorkville","Lively Free Flow","","Sauna..",29,35,6,187
"05/10/2025","5:00 PM","75 min.","Yorkville","Lively Free Flow","","Sauna...",28,35,7,194
"05/10/2025","5:30 PM","75 min.","Yorkville","Lively Free Flow","","Sauna....",20,30,10,204
"05/10/2025","6:00 PM","75 min.","Yorkville","Lively Free Flow","","Sauna..",22,35,13,217
"05/10/2025","7:45 PM","75 min.","Yorkville","Guided Down: Pure Presence","","Sauna..",33,60,27,244
"05/10/2025","9:30 PM","120 min.","Yorkville","Beat Drop: DJ Takeover","","Sauna..",3,53,50,294
"05/10/2025","9:45 PM","120 min.","Yorkville","Beat Drop: DJ Takeover","","Sauna...",16,52,36,330
"05/11/2025","7:00 AM","75 min.","Yorkville","Quieter Free Flow","","Sauna..",29,53,24,24
"05/11/2025","8:30 AM","75 min.","Yorkville","Free Flow","","Sauna..",13,53,40,64
"05/11/2025","10:15 AM","75 min.","Yorkville","Mothership: Gratitude","","Sauna..",,,,64
"05/11/2025","11:30 AM","75 min.","Yorkville","Guided All Around: Reset","","Sauna..",,,,64
"05/11/2025","12:45 PM","75 min.","Yorkville","Free Flow","","Sauna",10,20,10,74
"05/11/2025","1:00 PM","75 min.","Yorkville","Free Flow","","Sauna.",6,20,14,88
"05/11/2025","1:30 PM","75 min.","Yorkville","Free Flow","","Sauna.....",14,35,21,109
"05/11/2025","2:00 PM","75 min.","Yorkville","Lively Free Flow","","Sauna..",6,20,14,123
"05/11/2025","2:30 PM","75 min.","Yorkville","Lively Free Flow","","Sauna...",31,40,9,132
"05/11/2025","3:00 PM","75 min.","Yorkville","Lively Free Flow","","Sauna....",29,35,6,138
"05/11/2025","3:30 PM","75 min.","Yorkville","Lively Free Flow","","Sauna..",11,20,9,147
"05/11/2025","4:00 PM","75 min.","Yorkville","Lively Free Flow","","Sauna...",22,40,18,165
"05/11/2025","5:15 PM","75 min.","Yorkville","Guided All Around: Inner Power","","Sauna..",12,52,40,205
"05/11/2025","6:30 PM","75 min.","Yorkville","Guided Down: Sound Immersion","","Sauna..",28,52,24,229
"05/11/2025","7:45 PM","75 min.","Yorkville","Free Flow","","Sauna..",0,20,20,249
"05/11/2025","8:00 PM","75 min.","Yorkville","Free Flow","","Sauna...",17,25,8,257
"05/11/2025","8:15 PM","75 min.","Yorkville","Free Flow","","Sauna.",23,25,2,259
"05/11/2025","8:30 PM","75 min.","Yorkville","Free Flow","","Sauna",14,20,6,265
"05/11/2025","8:45 PM","75 min.","Yorkville","Free Flow","","Sauna.....",3,15,12,277
"05/11/2025","9:15 PM","75 min.","Yorkville","Free Flow","","Sauna..",5,25,20,297
"05/11/2025","9:30 PM","75 min.","Yorkville","Free Flow","","Sauna...",6,20,14,311
"04/28/2025","7:00 AM","75 min.","Yorkville","Quieter Free Flow","","Sauna..",16,33,17,17
"04/28/2025","7:30 AM","75 min.","Yorkville","Quieter Free Flow","","Sauna...",31,33,2,19
"04/28/2025","8:00 AM","75 min.","Yorkville","Quieter Free Flow","","Sauna....",32,33,1,20
"04/28/2025","8:30 AM","75 min.","Yorkville","Quieter Free Flow","","Sauna..",30,33,3,23
"04/28/2025","9:00 AM","75 min.","Yorkville","Quieter Free Flow","","Sauna...",29,33,4,27
"04/28/2025","9:30 AM","75 min.","Yorkville","Quieter Free Flow","","Sauna....",30,33,3,30
"04/28/2025","10:00 AM","75 min.","Yorkville","Quieter Free Flow","","Sauna..",29,33,4,34
"04/28/2025","10:15 AM","75 min.","Yorkville","Quieter Free Flow","","Sauna...",23,33,10,44
"04/28/2025","12:00 PM","75 min.","Yorkville","Guided Down: Sound Immersion","","Sauna..",43,60,17,61
"04/28/2025","1:15 PM","75 min.","Yorkville","Free Flow","","Sauna.",25,33,8,69
"04/28/2025","1:45 PM","75 min.","Yorkville","Free Flow","","Sauna...",28,33,5,74
"04/28/2025","2:00 PM","75 min.","Yorkville","Free Flow","","Sauna..",23,33,10,84
"04/28/2025","2:45 PM","75 min.","Yorkville","Free Flow","","Sauna....",28,33,5,89
"04/28/2025","3:15 PM","75 min.","Yorkville","Free Flow","","Sauna..",31,33,2,91
"04/28/2025","3:45 PM","75 min.","Yorkville","Free Flow","","Sauna.",29,33,4,95
"04/28/2025","4:15 PM","75 min.","Yorkville","Free Flow","","Sauna...",20,33,13,108
"04/28/2025","4:45 PM","75 min.","Yorkville","Free Flow","","Sauna....",30,33,3,111
"04/28/2025","5:15 PM","75 min.","Yorkville","Lively Free Flow","","Sauna.",1,33,32,143
"04/28/2025","6:30 PM","75 min.","Yorkville","Guided Down: Self-Care Sweat","","Sauna",19,52,33,176
"04/28/2025","7:45 PM","75 min.","Yorkville","Guided Down: Embodied","","Sauna",32,52,20,196
"04/28/2025","9:00 PM","120 min.","Yorkville","Friend(ship): A Guided Social","","Sauna",8,52,44,240
"04/29/2025","7:00 AM","75 min.","Yorkville","Guided Up: Arctic Tundra","","Sauna..",43,60,17,17
"04/29/2025","8:30 AM","75 min.","Yorkville","Quieter Free Flow","","Sauna..",28,33,5,22
"04/29/2025","9:00 AM","75 min.","Yorkville","Quieter Free Flow","","Sauna...",30,33,3,25
"04/29/2025","9:30 AM","75 min.","Yorkville","Quieter Free Flow","","Sauna....",27,33,6,31
"04/29/2025","10:00 AM","75 min.","Yorkville","Quieter Free Flow","","Sauna..",28,33,5,36
"04/29/2025","10:15 AM","75 min.","Yorkville","Quieter Free Flow","","Sauna...",22,33,11,47
"04/29/2025","12:00 PM","75 min.","Yorkville","Guided Down: Rose, Thorn, Bud","","Sauna..",47,60,13,60
"04/29/2025","3:30 PM","75 min.","Yorkville","Free Flow","","Sauna..",39,53,14,74
"04/29/2025","4:00 PM","75 min.","Yorkville","Free Flow","","Sauna.",25,33,8,82
"04/29/2025","4:30 PM","75 min.","Yorkville","Free Flow","","Sauna...",26,33,7,89
"04/29/2025","5:00 PM","75 min.","Yorkville","Free Flow","","Sauna....",26,33,7,96
"04/29/2025","5:30 PM","75 min.","Yorkville","Lively Free Flow","","Sauna.",18,33,15,111
"04/29/2025","7:15 PM","75 min.","Yorkville","Guided Down: Deep Stretch","","Sauna..",12,58,46,157
"04/29/2025","9:00 PM","120 min.","Yorkville","Runner's Night","","Sauna..",11,53,42,199
"04/29/2025","9:15 PM","120 min.","Yorkville","Runner's Night","","Sauna...",25,52,27,226
"04/30/2025","7:00 AM","75 min.","Yorkville","Guided Down: Sound Immersion","Stuart Campbell","Sauna..",42,60,18,18
"04/30/2025","8:30 AM","75 min.","Yorkville","Free Flow","","Sauna..",26,33,7,25
"04/30/2025","9:00 AM","75 min.","Yorkville","Free Flow","","Sauna...",30,33,3,28
"04/30/2025","9:30 AM","75 min.","Yorkville","Free Flow","","Sauna....",32,33,1,29
"04/30/2025","10:00 AM","75 min.","Yorkville","Free Flow","","Sauna..",30,33,3,32
"04/30/2025","10:15 AM","75 min.","Yorkville","Free Flow","","Sauna...",21,33,12,44
"04/30/2025","12:00 PM","75 min.","Yorkville","Guided All Around: Reset","","Sauna..",46,60,14,58
"04/30/2025","2:00 PM","75 min.","Yorkville","Free Flow","","Sauna..",28,33,5,63
"04/30/2025","2:30 PM","75 min.","Yorkville","Free Flow","","Sauna...",26,33,7,70
"04/30/2025","3:00 PM","75 min.","Yorkville","Free Flow","","Sauna....",24,33,9,79
"04/30/2025","3:30 PM","75 min.","Yorkville","Free Flow","","Sauna..",28,33,5,84
"04/30/2025","3:45 PM","75 min.","Yorkville","Free Flow","","Sauna...",19,33,14,98
"04/30/2025","5:30 PM","75 min.","Yorkville","Guided Up: Self-Care Sweat","","Sauna..",38,60,22,120
"04/30/2025","7:15 PM","75 min.","Yorkville","Guided All Around: A-Z Emotions","","Sauna..",27,60,33,153
"04/30/2025","9:00 PM","75 min.","Yorkville","Free Flow","","Sauna..",0,53,53,206
"04/30/2025","9:30 PM","75 min.","Yorkville","Free Flow","","Sauna....",25,52,27,233
"05/01/2025","7:00 AM","75 min.","Yorkville","Guided Down: Sound Immersion","","Sauna..",43,60,17,17
"05/01/2025","8:30 AM","75 min.","Yorkville","Free Flow","","Sauna..",18,33,15,32
"05/01/2025","9:00 AM","75 min.","Yorkville","Free Flow","","Sauna...",31,33,2,34
"05/01/2025","9:30 AM","75 min.","Yorkville","Free Flow","","Sauna....",23,33,10,44
"05/01/2025","10:00 AM","75 min.","Yorkville","Free Flow","","Sauna..",28,33,5,49
"05/01/2025","10:15 AM","75 min.","Yorkville","Free Flow","","Sauna...",19,33,14,63
"05/01/2025","12:00 PM","75 min.","Yorkville","Guided Down: Unwind","","Sauna..",49,60,11,74
"05/01/2025","2:00 PM","75 min.","Yorkville","Free Flow","","Sauna..",4,33,29,103
"05/01/2025","2:30 PM","75 min.","Yorkville","Free Flow","","Sauna...",26,33,7,110
"05/01/2025","3:00 PM","75 min.","Yorkville","Free Flow","","Sauna....",30,33,3,113
"05/01/2025","3:30 PM","75 min.","Yorkville","Free Flow","","Sauna..",24,33,9,122
"05/01/2025","3:45 PM","75 min.","Yorkville","Free Flow","","Sauna.",17,33,16,138
"05/01/2025","5:30 PM","75 min.","Yorkville","Guided Up: Arctic Tundra","","Sauna..",42,60,18,156
"05/01/2025","7:15 PM","75 min.","Yorkville","Guided All Around: Heart Opener","","Sauna..",,,,156
"05/01/2025","9:00 PM","75 min.","Yorkville","Lively Free Flow","","Sauna..",10,53,43,199
"05/01/2025","9:30 PM","75 min.","Yorkville","Lively Free Flow","","Sauna...",36,52,16,215
"05/02/2025","7:00 AM","75 min.","Yorkville","Guided Down: Pure Presence","","Sauna..",38,60,22,22
"05/02/2025","8:45 AM","75 min.","Yorkville","Guided Down: Self-Care Sweat","","Sauna..",36,60,24,46
"05/02/2025","10:30 AM","75 min.","Yorkville","Guided Down: Senses","","Sauna..",33,60,27,73
"05/02/2025","12:15 PM","75 min.","Yorkville","Guided Up: Arctic Tundra","","Sauna..",48,60,12,85
"05/02/2025","2:00 PM","75 min.","Yorkville","Free Flow","","Sauna..",2,33,31,116
"05/02/2025","2:30 PM","75 min.","Yorkville","Free Flow","","Sauna...",15,33,18,134
"05/02/2025","3:00 PM","75 min.","Yorkville","Free Flow","","Sauna....",21,33,12,146
"05/02/2025","3:30 PM","75 min.","Yorkville","Free Flow","","Sauna..",21,33,12,158
"05/02/2025","4:00 PM","75 min.","Yorkville","Free Flow","","Sauna...",16,33,17,175
"05/02/2025","4:30 PM","75 min.","Yorkville","Free Flow","","Sauna....",10,33,23,198
"05/02/2025","5:00 PM","75 min.","Yorkville","Free Flow","","Sauna..",15,33,18,216
"05/02/2025","5:30 PM","75 min.","Yorkville","Lively Free Flow","","Sauna...",3,33,30,246
"05/02/2025","7:15 PM","75 min.","Yorkville","Guided Down: Sound Immersion","","Sauna..",,,,246
"05/02/2025","9:00 PM","120 min.","Yorkville","Social","","Sauna..",1,53,52,298
"05/02/2025","9:30 PM","120 min.","Yorkville","Social","","Sauna...",14,52,38,336
"05/03/2025","8:00 AM","75 min.","Yorkville","Guided Down: Deep Stretch","","Sauna..",34,58,24,24
"05/03/2025","9:15 AM","75 min.","Yorkville","Guided All Around: Rose, Thorn, Bud","","Sauna",23,52,29,53
"05/03/2025","10:30 AM","75 min.","Yorkville","Guided Down: Self-Care Sweat","","Sauna",4,52,48,101
"05/03/2025","11:45 AM","75 min.","Yorkville","Guided Down: Sound Immersion","","Sauna",22,52,30,131
"05/03/2025","1:00 PM","75 min.","Yorkville","Lively Free Flow","","Sauna.",2,33,31,162
"05/03/2025","1:30 PM","75 min.","Yorkville","Lively Free Flow","","Sauna..",20,40,20,182
"05/03/2025","2:00 PM","75 min.","Yorkville","Lively Free Flow","","Sauna...",6,30,24,206
"05/03/2025","2:30 PM","75 min.","Yorkville","Lively Free Flow","","Sauna....",20,30,10,216
"05/03/2025","3:00 PM","75 min.","Yorkville","Lively Free Flow","","Sauna..",19,35,16,232
"05/03/2025","3:30 PM","75 min.","Yorkville","Lively Free Flow","","Sauna...",17,30,13,245
"05/03/2025","4:00 PM","75 min.","Yorkville","Lively Free Flow","","Sauna....",16,30,14,259
"05/03/2025","4:30 PM","75 min.","Yorkville","Lively Free Flow","","Sauna..",17,35,18,277
"05/03/2025","5:00 PM","75 min.","Yorkville","Lively Free Flow","","Sauna...",13,35,22,299
"05/03/2025","5:30 PM","75 min.","Yorkville","Lively Free Flow","","Sauna....",24,30,6,305
"05/03/2025","6:00 PM","75 min.","Yorkville","Lively Free Flow","","Sauna..",21,35,14,319
"05/03/2025","6:30 PM","75 min.","Yorkville","Lively Free Flow","","Sauna.",13,33,20,339
"05/03/2025","7:45 PM","75 min.","Yorkville","Guided All Around: Gratitude","","Sauna..",1,60,59,398
"05/03/2025","9:00 PM","120 min.","Yorkville","Social","","Sauna...",2,52,50,448
"05/03/2025","9:30 PM","120 min.","Yorkville","Social","","Sauna..",37,53,16,464
"05/04/2025","7:00 AM","75 min.","Yorkville","Quieter Free Flow","","Sauna..",33,53,20,20
"05/04/2025","8:30 AM","75 min.","Yorkville","Free Flow","","Sauna..",38,53,15,35
"05/04/2025","10:15 AM","75 min.","Yorkville","Guided All Around: Reset","","Sauna..",11,60,49,84
"05/04/2025","12:00 PM","75 min.","Yorkville","Guided Up: Feel Good Now","","Sauna..",18,60,42,126
"05/04/2025","2:00 PM","75 min.","Yorkville","Lively Free Flow","","Sauna..",7,40,33,159
"05/04/2025","2:30 PM","75 min.","Yorkville","Lively Free Flow","","Sauna...",7,35,28,187
"05/04/2025","3:00 PM","75 min.","Yorkville","Lively Free Flow","","Sauna....",0,20,20,207
"05/04/2025","3:30 PM","75 min.","Yorkville","Lively Free Flow","","Sauna..",21,40,19,226
"05/04/2025","4:00 PM","75 min.","Yorkville","Lively Free Flow","","Sauna...",1,35,34,260
"05/04/2025","5:45 PM","75 min.","Yorkville","Guided Down: Sound Immersion","","Sauna..",14,60,46,306
"05/04/2025","7:30 PM","75 min.","Yorkville","Guided Down: Pure Presence","","Sauna..",18,60,42,348
"05/04/2025","9:15 PM","75 min.","Yorkville","Free Flow","","Sauna..",7,53,46,394
"05/04/2025","9:30 PM","75 min.","Yorkville","Free Flow","","Sauna...",52,52,0,394
"04/21/2025","7:00 AM","75 min.","Yorkville","Free Flow","","Sauna..",25,33,8,8
"04/21/2025","7:30 AM","75 min.","Yorkville","Free Flow","","Sauna...",29,33,4,12
"04/21/2025","8:00 AM","75 min.","Yorkville","Free Flow","","Sauna....",28,33,5,17
"04/21/2025","8:30 AM","75 min.","Yorkville","Free Flow","","Sauna..",22,33,11,28
"04/21/2025","9:00 AM","75 min.","Yorkville","Free Flow","","Sauna...",29,33,4,32
"04/21/2025","9:30 AM","75 min.","Yorkville","Free Flow","","Sauna....",24,33,9,41
"04/21/2025","10:00 AM","75 min.","Yorkville","Free Flow","","Sauna..",23,33,10,51
"04/21/2025","10:15 AM","75 min.","Yorkville","Free Flow","","Sauna...",17,33,16,67
"04/21/2025","12:00 PM","75 min.","Yorkville","Guided All Around: Loving Kindness","","Sauna..",4,60,56,123
"04/21/2025","2:00 PM","75 min.","Yorkville","Lively Free Flow","","Sauna..",8,33,25,148
"04/21/2025","2:30 PM","75 min.","Yorkville","Lively Free Flow","","Sauna...",16,33,17,165
"04/21/2025","3:00 PM","75 min.","Yorkville","Lively Free Flow","","Sauna....",24,33,9,174
"04/21/2025","3:30 PM","75 min.","Yorkville","Lively Free Flow","","Sauna..",24,33,9,183
"04/21/2025","4:00 PM","75 min.","Yorkville","Lively Free Flow","","Sauna.",24,33,9,192
"04/21/2025","4:30 PM","75 min.","Yorkville","Lively Free Flow","","Sauna...",29,33,4,196
"04/21/2025","5:00 PM","75 min.","Yorkville","Lively Free Flow","","Sauna....",13,33,20,216
"04/21/2025","5:30 PM","75 min.","Yorkville","Lively Free Flow","","Sauna.",0,33,33,249
"04/21/2025","7:15 PM","75 min.","Yorkville","Guided All Around: Release","","Sauna..",8,60,52,301
"04/21/2025","9:00 PM","75 min.","Yorkville","Guided Up: Feel Good Now","","Sauna..",38,60,22,323
"04/22/2025","7:00 AM","75 min.","Yorkville","Guided Up: Arctic Tundra","","Sauna..",47,60,13,13
"04/22/2025","8:30 AM","75 min.","Yorkville","Quieter Free Flow","","Sauna..",19,33,14,27
"04/22/2025","9:00 AM","75 min.","Yorkville","Quieter Free Flow","","Sauna...",30,33,3,30
"04/22/2025","9:30 AM","75 min.","Yorkville","Quieter Free Flow","","Sauna....",32,33,1,31
"04/22/2025","10:00 AM","75 min.","Yorkville","Quieter Free Flow","","Sauna..",30,33,3,34
"04/22/2025","10:15 AM","75 min.","Yorkville","Quieter Free Flow","","Sauna...",25,33,8,42
"04/22/2025","12:00 PM","75 min.","Yorkville","Guided Down: Unwind","","Sauna..",46,60,14,56
"04/22/2025","1:45 PM","75 min.","Yorkville","Guided Up: Awakening","","Sauna..",41,60,19,75
"04/22/2025","3:30 PM","75 min.","Yorkville","Free Flow","","Sauna..",38,53,15,90
"04/22/2025","4:00 PM","75 min.","Yorkville","Free Flow","","Sauna.",25,33,8,98
"04/22/2025","4:30 PM","75 min.","Yorkville","Free Flow","","Sauna...",29,33,4,102
"04/22/2025","5:00 PM","75 min.","Yorkville","Free Flow","","Sauna....",24,33,9,111
"04/22/2025","5:30 PM","75 min.","Yorkville","Lively Free Flow","","Sauna.",12,33,21,132
"04/22/2025","7:15 PM","75 min.","Yorkville","Guided All Around: Journey Through the Elements","","Sauna..",3,60,57,189
"04/22/2025","9:00 PM","75 min.","Yorkville","Quieter Free Flow","","Sauna..",24,53,29,218
"04/22/2025","9:30 PM","75 min.","Yorkville","Quieter Free Flow","","Sauna...",31,52,21,239
"04/23/2025","7:00 AM","75 min.","Yorkville","Guided Down: Sound Immersion","Stuart Campbell","Sauna..",39,60,21,21
"04/23/2025","8:30 AM","75 min.","Yorkville","Free Flow","","Sauna..",26,33,7,28
"04/23/2025","9:00 AM","75 min.","Yorkville","Free Flow","","Sauna...",28,33,5,33
"04/23/2025","9:30 AM","75 min.","Yorkville","Free Flow","","Sauna....",30,33,3,36
"04/23/2025","10:00 AM","75 min.","Yorkville","Free Flow","","Sauna..",33,33,0,36
"04/23/2025","10:15 AM","75 min.","Yorkville","Free Flow","","Sauna...",23,33,10,46
"04/23/2025","12:00 PM","75 min.","Yorkville","Guided Up: Feel Good Now","","Sauna..",45,60,15,61
"04/23/2025","2:00 PM","75 min.","Yorkville","Free Flow","","Sauna..",21,33,12,73
"04/23/2025","2:30 PM","75 min.","Yorkville","Free Flow","","Sauna...",28,33,5,78
"04/23/2025","3:00 PM","75 min.","Yorkville","Free Flow","","Sauna....",29,33,4,82
"04/23/2025","3:30 PM","75 min.","Yorkville","Free Flow","","Sauna..",28,33,5,87
"04/23/2025","3:45 PM","75 min.","Yorkville","Free Flow","","Sauna...",16,33,17,104
"04/23/2025","5:30 PM","75 min.","Yorkville","Guided Down: Sound Immersion","","Sauna..",14,60,46,150
"04/23/2025","7:15 PM","75 min.","Yorkville","Guided All Around: Reset","","Sauna..",3,60,57,207
"04/23/2025","9:00 PM","75 min.","Yorkville","Free Flow","","Sauna..",5,53,48,255
"04/23/2025","9:30 PM","75 min.","Yorkville","Free Flow","","Sauna....",24,52,28,283
"04/24/2025","7:00 AM","75 min.","Yorkville","Guided Down: Sound Immersion","","Sauna..",26,60,34,34
"04/24/2025","8:30 AM","75 min.","Yorkville","Free Flow","","Sauna..",24,33,9,43
"04/24/2025","9:00 AM","75 min.","Yorkville","Free Flow","","Sauna...",18,33,15,58
"04/24/2025","9:30 AM","75 min.","Yorkville","Free Flow","","Sauna....",30,33,3,61
"04/24/2025","10:00 AM","75 min.","Yorkville","Free Flow","","Sauna..",30,33,3,64
"04/24/2025","10:15 AM","75 min.","Yorkville","Free Flow","","Sauna...",15,33,18,82
"04/24/2025","12:00 PM","75 min.","Yorkville","Guided Down: Rose, Thorn, Bud","","Sauna..",40,60,20,102
"04/24/2025","2:00 PM","75 min.","Yorkville","Free Flow","","Sauna..",14,33,19,121
"04/24/2025","2:30 PM","75 min.","Yorkville","Free Flow","","Sauna...",26,33,7,128
"04/24/2025","3:00 PM","75 min.","Yorkville","Free Flow","","Sauna....",28,33,5,133
"04/24/2025","3:30 PM","75 min.","Yorkville","Free Flow","","Sauna..",23,33,10,143
"04/24/2025","3:45 PM","75 min.","Yorkville","Free Flow","","Sauna.",19,33,14,157
"04/24/2025","5:30 PM","75 min.","Yorkville","Guided Down: Sound Immersion","","Sauna..",,,,157
"04/24/2025","7:15 PM","75 min.","Yorkville","Guided Up: Awakening","","Sauna..",37,60,23,180
"04/24/2025","9:00 PM","75 min.","Yorkville","Lively Free Flow","","Sauna..",21,53,32,212
"04/24/2025","9:30 PM","75 min.","Yorkville","Lively Free Flow","","Sauna...",24,52,28,240
"04/25/2025","7:00 AM","75 min.","Yorkville","Guided All Around: Reset","","Sauna..",45,60,15,15
"04/25/2025","8:45 AM","75 min.","Yorkville","Guided Down: Pure Presence","","Sauna..",50,60,10,25
"04/25/2025","10:30 AM","75 min.","Yorkville","Guided Up: Feel Good Now","","Sauna..",46,60,14,39
"04/25/2025","12:15 PM","75 min.","Yorkville","Guided Up: Arctic Tundra","","Sauna..",42,60,18,57
"04/25/2025","2:00 PM","75 min.","Yorkville","Free Flow","","Sauna..",1,33,32,89
"04/25/2025","2:30 PM","75 min.","Yorkville","Free Flow","","Sauna...",10,33,23,112
"04/25/2025","3:00 PM","75 min.","Yorkville","Free Flow","","Sauna....",26,33,7,119
"04/25/2025","3:30 PM","75 min.","Yorkville","Free Flow","","Sauna..",23,33,10,129
"04/25/2025","4:00 PM","75 min.","Yorkville","Free Flow","","Sauna...",25,33,8,137
"04/25/2025","4:30 PM","75 min.","Yorkville","Free Flow","","Sauna....",12,33,21,158
"04/25/2025","5:00 PM","75 min.","Yorkville","Free Flow","","Sauna..",5,33,28,186
"04/25/2025","5:30 PM","75 min.","Yorkville","Lively Free Flow","","Sauna...",1,33,32,218
"04/25/2025","7:15 PM","75 min.","Yorkville","Guided All Around: Rose, Thorn, Bud","","Sauna..",4,60,56,274
"04/25/2025","9:00 PM","120 min.","Yorkville","Social","","Sauna..",3,53,50,324
"04/25/2025","9:30 PM","120 min.","Yorkville","Social","","Sauna...",13,52,39,363
"04/26/2025","8:00 AM","75 min.","Yorkville","Guided Down: Deep Stretch","","Sauna..",43,58,15,15
"04/26/2025","9:45 AM","75 min.","Yorkville","Guided All Around: Reset","","Sauna..",18,60,42,57
"04/26/2025","11:30 AM","75 min.","Yorkville","Guided Down: Embodied","","Sauna..",6,60,54,111
"04/26/2025","1:30 PM","75 min.","Yorkville","Lively Free Flow","","Sauna..",1,40,39,150
"04/26/2025","2:00 PM","75 min.","Yorkville","Lively Free Flow","","Sauna...",15,30,15,165
"04/26/2025","2:30 PM","75 min.","Yorkville","Lively Free Flow","","Sauna....",13,30,17,182
"04/26/2025","3:00 PM","75 min.","Yorkville","Lively Free Flow","","Sauna..",13,35,22,204
"04/26/2025","3:30 PM","75 min.","Yorkville","Lively Free Flow","","Sauna...",22,30,8,212
"04/26/2025","4:00 PM","75 min.","Yorkville","Lively Free Flow","","Sauna....",15,30,15,227
"04/26/2025","4:30 PM","75 min.","Yorkville","Lively Free Flow","","Sauna..",27,35,8,235
"04/26/2025","5:00 PM","75 min.","Yorkville","Lively Free Flow","","Sauna...",9,35,26,261
"04/26/2025","5:30 PM","75 min.","Yorkville","Lively Free Flow","","Sauna....",16,30,14,275
"04/26/2025","6:00 PM","75 min.","Yorkville","Lively Free Flow","","Sauna..",11,35,24,299
"04/26/2025","7:45 PM","75 min.","Yorkville","Guided All Around: Hero's Journey","","Sauna..",2,60,58,357
"04/26/2025","9:30 PM","180 min.","Yorkville","Summerdaze Social","","Private",16,180,164,521
"04/27/2025","7:00 AM","75 min.","Yorkville","Quieter Free Flow","","Sauna..",34,53,19,19
"04/27/2025","8:30 AM","75 min.","Yorkville","Free Flow","","Sauna..",29,53,24,43
"04/27/2025","10:15 AM","75 min.","Yorkville","Guided All Around: Rose, Thorn, Bud","","Sauna..",24,60,36,79
"04/27/2025","12:00 PM","75 min.","Yorkville","Guided All Around: Reset","","Sauna..",18,60,42,121
"04/27/2025","2:00 PM","75 min.","Yorkville","Lively Free Flow","","Sauna..",9,40,31,152
"04/27/2025","2:30 PM","75 min.","Yorkville","Lively Free Flow","","Sauna...",17,35,18,170
"04/27/2025","3:00 PM","75 min.","Yorkville","Lively Free Flow","","Sauna....",8,20,12,182
"04/27/2025","3:30 PM","75 min.","Yorkville","Lively Free Flow","","Sauna..",24,40,16,198
"04/27/2025","4:00 PM","75 min.","Yorkville","Lively Free Flow","","Sauna...",13,35,22,220
"04/27/2025","5:45 PM","75 min.","Yorkville","Guided Down: Sound Immersion","","Sauna..",7,60,53,273
"04/27/2025","7:30 PM","75 min.","Yorkville","Guided All Around: Loving Kindness","","Sauna..",8,60,52,325
"04/27/2025","9:30 PM","75 min.","Yorkville","Free Flow","","Sauna...",22,52,30,355
"04/27/2025","9:45 PM","75 min.","Yorkville","Free Flow","","Sauna..",40,53,13,368
"04/14/2025","7:00 AM","75 min.","Yorkville","Quieter Free Flow","","Sauna..",12,33,21,21
"04/14/2025","7:30 AM","75 min.","Yorkville","Quieter Free Flow","","Sauna...",27,33,6,27
"04/14/2025","8:00 AM","75 min.","Yorkville","Quieter Free Flow","","Sauna....",27,33,6,33
"04/14/2025","8:30 AM","75 min.","Yorkville","Quieter Free Flow","","Sauna..",27,33,6,39
"04/14/2025","9:00 AM","75 min.","Yorkville","Quieter Free Flow","","Sauna...",22,33,11,50
"04/14/2025","9:30 AM","75 min.","Yorkville","Quieter Free Flow","","Sauna....",29,33,4,54
"04/14/2025","10:00 AM","75 min.","Yorkville","Quieter Free Flow","","Sauna..",30,33,3,57
"04/14/2025","10:15 AM","75 min.","Yorkville","Quieter Free Flow","","Sauna...",26,33,7,64
"04/14/2025","12:00 PM","75 min.","Yorkville","Guided All Around: Loving Kindness","","Sauna..",32,60,28,92
"04/14/2025","3:30 PM","75 min.","Yorkville","Free Flow","","Sauna..",13,33,20,112
"04/14/2025","4:00 PM","75 min.","Yorkville","Free Flow","","Sauna.",18,33,15,127
"04/14/2025","4:30 PM","75 min.","Yorkville","Free Flow","","Sauna...",20,33,13,140
"04/14/2025","5:00 PM","75 min.","Yorkville","Free Flow","","Sauna....",13,33,20,160
"04/14/2025","5:30 PM","75 min.","Yorkville","Lively Free Flow","","Sauna.",3,33,30,190
"04/14/2025","7:15 PM","90 min.","Yorkville","Guided All Around: Space for Women","","Sauna..",3,60,57,247
"04/14/2025","9:15 PM","75 min.","Yorkville","Guided Down: Embodied","","Sauna..",6,60,54,301
"04/15/2025","7:00 AM","75 min.","Yorkville","Guided Up: Arctic Tundra","","Sauna..",42,60,18,18
"04/15/2025","8:30 AM","75 min.","Yorkville","Quieter Free Flow","","Sauna..",25,33,8,26
"04/15/2025","9:00 AM","75 min.","Yorkville","Quieter Free Flow","","Sauna...",26,33,7,33
"04/15/2025","9:30 AM","75 min.","Yorkville","Quieter Free Flow","","Sauna....",19,33,14,47
"04/15/2025","10:00 AM","75 min.","Yorkville","Quieter Free Flow","","Sauna..",26,33,7,54
"04/15/2025","10:15 AM","75 min.","Yorkville","Quieter Free Flow","","Sauna...",21,33,12,66
"04/15/2025","12:00 PM","75 min.","Yorkville","Guided Down: Sound Immersion","","Sauna..",38,60,22,88
"04/15/2025","1:45 PM","75 min.","Yorkville","Guided All Around: Release","","Sauna..",43,60,17,105
"04/15/2025","3:30 PM","75 min.","Yorkville","Free Flow","","Sauna..",38,53,15,120
"04/15/2025","4:00 PM","75 min.","Yorkville","Free Flow","","Sauna.",25,33,8,128
"04/15/2025","4:30 PM","75 min.","Yorkville","Free Flow","","Sauna...",18,33,15,143
"04/15/2025","5:00 PM","75 min.","Yorkville","Free Flow","","Sauna....",11,33,22,165
"04/15/2025","5:30 PM","75 min.","Yorkville","Lively Free Flow","","Sauna.",0,33,33,198
"04/15/2025","7:15 PM","75 min.","Yorkville","Guided Up: Feel Good Now","","Sauna..",22,60,38,236
"04/15/2025","9:00 PM","75 min.","Yorkville","Quieter Free Flow","","Sauna..",6,53,47,283
"04/15/2025","9:30 PM","75 min.","Yorkville","Quieter Free Flow","","Sauna...",36,52,16,299
"04/16/2025","7:00 AM","75 min.","Yorkville","Guided Down: Sound Immersion","Stuart Campbell","Sauna..",44,60,16,16
"04/16/2025","8:30 AM","75 min.","Yorkville","Free Flow","","Sauna..",19,33,14,30
"04/16/2025","9:00 AM","75 min.","Yorkville","Free Flow","","Sauna...",27,33,6,36
"04/16/2025","9:30 AM","75 min.","Yorkville","Free Flow","","Sauna....",30,33,3,39
"04/16/2025","10:00 AM","75 min.","Yorkville","Free Flow","","Sauna..",30,33,3,42
"04/16/2025","10:15 AM","75 min.","Yorkville","Free Flow","","Sauna...",21,33,12,54
"04/16/2025","12:00 PM","75 min.","Yorkville","Guided Down: Deep Stretch","","Sauna..",46,58,12,66
"04/16/2025","2:00 PM","75 min.","Yorkville","Free Flow","","Sauna..",13,33,20,86
"04/16/2025","2:30 PM","75 min.","Yorkville","Free Flow","","Sauna...",29,33,4,90
"04/16/2025","3:00 PM","75 min.","Yorkville","Free Flow","","Sauna....",29,33,4,94
"04/16/2025","3:30 PM","75 min.","Yorkville","Free Flow","","Sauna..",27,33,6,100
"04/16/2025","3:45 PM","75 min.","Yorkville","Free Flow","","Sauna...",16,33,17,117
"04/16/2025","5:30 PM","75 min.","Yorkville","Guided Up: Self-Care Sweat","","Sauna..",36,60,24,141
"04/16/2025","7:15 PM","75 min.","Yorkville","Guided All Around: Reset","","Sauna..",3,60,57,198
"04/16/2025","9:00 PM","75 min.","Yorkville","Free Flow","","Sauna..",4,53,49,247
"04/16/2025","9:30 PM","75 min.","Yorkville","Free Flow","","Sauna....",25,52,27,274
"04/17/2025","7:00 AM","75 min.","Yorkville","Guided Down: Sound Immersion","","Sauna..",31,60,29,29
"04/17/2025","8:30 AM","75 min.","Yorkville","Free Flow","","Sauna..",22,33,11,40
"04/17/2025","9:00 AM","75 min.","Yorkville","Free Flow","","Sauna...",27,33,6,46
"04/17/2025","9:30 AM","75 min.","Yorkville","Free Flow","","Sauna....",26,33,7,53
"04/17/2025","10:00 AM","75 min.","Yorkville","Free Flow","","Sauna..",24,33,9,62
"04/17/2025","10:15 AM","75 min.","Yorkville","Free Flow","","Sauna...",19,33,14,76
"04/17/2025","12:00 PM","75 min.","Yorkville","Guided Down: Unwind","","Sauna..",43,60,17,93
"04/17/2025","2:00 PM","75 min.","Yorkville","Free Flow","","Sauna..",16,33,17,110
"04/17/2025","2:30 PM","75 min.","Yorkville","Free Flow","","Sauna...",25,33,8,118
"04/17/2025","3:00 PM","75 min.","Yorkville","Free Flow","","Sauna....",27,33,6,124
"04/17/2025","3:30 PM","75 min.","Yorkville","Free Flow","","Sauna..",23,33,10,134
"04/17/2025","3:45 PM","75 min.","Yorkville","Free Flow","","Sauna.",21,33,12,146
"04/17/2025","5:30 PM","75 min.","Yorkville","Guided Up: Arctic Tundra","","Sauna..",39,60,21,167
"04/17/2025","7:15 PM","75 min.","Yorkville","Guided All Around: Heart Opener","","Sauna..",9,60,51,218
"04/17/2025","9:00 PM","75 min.","Yorkville","Lively Free Flow","","Sauna..",2,53,51,269
"04/17/2025","9:30 PM","75 min.","Yorkville","Lively Free Flow","","Sauna...",22,52,30,299
"04/18/2025","7:00 AM","75 min.","Yorkville","Guided Down: Pure Presence","","Sauna..",35,60,25,25
"04/18/2025","8:45 AM","75 min.","Yorkville","Guided Down: Rose, Thorn, Bud","","Sauna..",28,60,32,57
"04/18/2025","10:30 AM","75 min.","Yorkville","Guided Down: Senses","","Sauna..",2,60,58,115
"04/18/2025","12:15 PM","75 min.","Yorkville","Guided Up: Arctic Tundra","","Sauna..",5,60,55,170
"04/18/2025","2:00 PM","75 min.","Yorkville","Lively Free Flow","","Sauna..",0,33,33,203
"04/18/2025","2:30 PM","75 min.","Yorkville","Lively Free Flow","","Sauna...",0,33,33,236
"04/18/2025","3:00 PM","75 min.","Yorkville","Lively Free Flow","","Sauna....",0,33,33,269
"04/18/2025","3:30 PM","75 min.","Yorkville","Lively Free Flow","","Sauna..",1,33,32,301
"04/18/2025","4:00 PM","75 min.","Yorkville","Lively Free Flow","","Sauna...",2,33,31,332
"04/18/2025","4:30 PM","75 min.","Yorkville","Lively Free Flow","","Sauna....",0,33,33,365
"04/18/2025","5:00 PM","75 min.","Yorkville","Lively Free Flow","","Sauna..",4,33,29,394
"04/18/2025","5:30 PM","75 min.","Yorkville","Lively Free Flow","","Sauna...",6,33,27,421
"04/18/2025","7:15 PM","75 min.","Yorkville","Guided Down: Sound Immersion","","Sauna..",,,,421
"04/18/2025","9:00 PM","120 min.","Yorkville","Social","","Sauna..",13,53,40,461
"04/18/2025","9:30 PM","120 min.","Yorkville","Social","","Sauna...",20,52,32,493
"04/19/2025","8:00 AM","75 min.","Yorkville","Guided Down: Embodied","","Sauna..",40,60,20,20
"04/19/2025","9:45 AM","75 min.","Yorkville","Guided Down: Self-Care Sweat","","Sauna..",12,60,48,68
"04/19/2025","11:30 AM","75 min.","Yorkville","Guided Down: Deep Stretch","","Sauna..",3,58,55,123
"04/19/2025","1:30 PM","75 min.","Yorkville","Lively Free Flow","","Sauna..",4,40,36,159
"04/19/2025","2:00 PM","75 min.","Yorkville","Lively Free Flow","","Sauna...",16,30,14,173
"04/19/2025","2:30 PM","75 min.","Yorkville","Lively Free Flow","","Sauna....",23,30,7,180
"04/19/2025","3:00 PM","75 min.","Yorkville","Lively Free Flow","","Sauna..",26,35,9,189
"04/19/2025","3:30 PM","75 min.","Yorkville","Lively Free Flow","","Sauna...",18,30,12,201
"04/19/2025","4:00 PM","75 min.","Yorkville","Lively Free Flow","","Sauna....",9,30,21,222
"04/19/2025","4:30 PM","75 min.","Yorkville","Lively Free Flow","","Sauna..",23,35,12,234
"04/19/2025","5:00 PM","75 min.","Yorkville","Lively Free Flow","","Sauna...",22,35,13,247
"04/19/2025","5:30 PM","75 min.","Yorkville","Lively Free Flow","","Sauna....",14,30,16,263
"04/19/2025","6:00 PM","75 min.","Yorkville","Lively Free Flow","","Sauna..",9,35,26,289
"04/19/2025","7:45 PM","75 min.","Yorkville","Guided Down: Pure Presence","","Sauna..",22,60,38,327
"04/19/2025","9:30 PM","120 min.","Yorkville","Social","","Sauna..",14,53,39,366
"04/19/2025","9:45 PM","120 min.","Yorkville","Social","","Sauna...",43,52,9,375
"04/20/2025","7:00 AM","75 min.","Yorkville","Quieter Free Flow","","Sauna..",42,53,11,11
"04/20/2025","8:30 AM","75 min.","Yorkville","Free Flow","","Sauna..",32,53,21,32
"04/20/2025","10:15 AM","75 min.","Yorkville","Guided All Around: Reset","","Sauna..",32,60,28,60
"04/20/2025","12:00 PM","75 min.","Yorkville","Guided Up: Feel Good Now","","Sauna..",27,60,33,93
"04/20/2025","2:00 PM","75 min.","Yorkville","Lively Free Flow","","Sauna..",3,40,37,130
"04/20/2025","2:30 PM","75 min.","Yorkville","Lively Free Flow","","Sauna...",10,35,25,155
"04/20/2025","3:00 PM","75 min.","Yorkville","Lively Free Flow","","Sauna....",10,20,10,165
"04/20/2025","3:30 PM","75 min.","Yorkville","Lively Free Flow","","Sauna..",29,40,11,176
"04/20/2025","4:00 PM","75 min.","Yorkville","Lively Free Flow","","Sauna...",16,35,19,195
"04/20/2025","5:45 PM","75 min.","Yorkville","Guided Down: Senses","","Sauna..",22,60,38,233
"04/20/2025","7:30 PM","75 min.","Yorkville","Guided All Around: Loving Kindness","","Sauna..",38,60,22,255
"04/20/2025","9:15 PM","75 min.","Yorkville","Free Flow","","Sauna..",32,53,21,276
"04/20/2025","9:30 PM","75 min.","Yorkville","Free Flow","","Sauna...",38,52,14,290
"04/07/2025","7:00 AM","75 min.","Yorkville","Quieter Free Flow","","Sauna..",19,33,14,14
"04/07/2025","7:30 AM","75 min.","Yorkville","Quieter Free Flow","","Sauna...",31,33,2,16
"04/07/2025","8:00 AM","75 min.","Yorkville","Quieter Free Flow","","Sauna....",32,33,1,17
"04/07/2025","8:30 AM","75 min.","Yorkville","Quieter Free Flow","","Sauna..",27,33,6,23
"04/07/2025","9:00 AM","75 min.","Yorkville","Quieter Free Flow","","Sauna...",26,33,7,30
"04/07/2025","9:30 AM","75 min.","Yorkville","Quieter Free Flow","","Sauna....",29,33,4,34
"04/07/2025","10:00 AM","75 min.","Yorkville","Quieter Free Flow","","Sauna..",29,33,4,38
"04/07/2025","10:15 AM","75 min.","Yorkville","Quieter Free Flow","","Sauna...",26,33,7,45
"04/07/2025","12:00 PM","75 min.","Yorkville","Guided Up: Feel Good Now","","Sauna..",47,60,13,58
"04/07/2025","2:00 PM","75 min.","Yorkville","Free Flow","","Sauna..",20,33,13,71
"04/07/2025","2:30 PM","75 min.","Yorkville","Free Flow","","Sauna...",20,33,13,84
"04/07/2025","3:00 PM","75 min.","Yorkville","Free Flow","","Sauna....",23,33,10,94
"04/07/2025","3:30 PM","75 min.","Yorkville","Free Flow","","Sauna..",28,33,5,99
"04/07/2025","4:00 PM","75 min.","Yorkville","Free Flow","","Sauna.",22,33,11,110
"04/07/2025","4:30 PM","75 min.","Yorkville","Free Flow","","Sauna...",16,33,17,127
"04/07/2025","5:00 PM","75 min.","Yorkville","Free Flow","","Sauna....",18,33,15,142
"04/07/2025","5:30 PM","75 min.","Yorkville","Lively Free Flow","","Sauna.",6,33,27,169
"04/07/2025","7:15 PM","75 min.","Yorkville","Guided Down: Self-Care Sweat","","Sauna..",,,,169
"04/07/2025","9:00 PM","120 min.","Yorkville","Comedy Night","","Sauna..",3,72,69,238
"04/08/2025","7:00 AM","75 min.","Yorkville","Guided Up: Arctic Tundra","","Sauna..",51,60,9,9
"04/08/2025","8:30 AM","75 min.","Yorkville","Quieter Free Flow","","Sauna..",17,33,16,25
"04/08/2025","9:00 AM","75 min.","Yorkville","Quieter Free Flow","","Sauna...",31,33,2,27
"04/08/2025","9:30 AM","75 min.","Yorkville","Quieter Free Flow","","Sauna....",29,33,4,31
"04/08/2025","10:00 AM","75 min.","Yorkville","Quieter Free Flow","","Sauna..",28,33,5,36
"04/08/2025","10:15 AM","75 min.","Yorkville","Quieter Free Flow","","Sauna...",20,33,13,49
"04/08/2025","12:00 PM","75 min.","Yorkville","Guided Down: Rose, Thorn, Bud","","Sauna..",40,60,20,69
"04/08/2025","1:45 PM","75 min.","Yorkville","Guided Up: Awakening","","Sauna..",49,60,11,80
"04/08/2025","3:30 PM","75 min.","Yorkville","Free Flow","","Sauna..",32,53,21,101
"04/08/2025","4:00 PM","75 min.","Yorkville","Free Flow","","Sauna.",24,33,9,110
"04/08/2025","4:30 PM","75 min.","Yorkville","Free Flow","","Sauna...",24,33,9,119
"04/08/2025","5:00 PM","75 min.","Yorkville","Free Flow","","Sauna....",12,33,21,140
"04/08/2025","5:30 PM","75 min.","Yorkville","Lively Free Flow","","Sauna.",4,33,29,169
"04/08/2025","7:15 PM","75 min.","Yorkville","Guided Down: Deep Stretch","","Sauna..",,,,169
"04/08/2025","9:00 PM","75 min.","Yorkville","Quieter Free Flow","","Sauna..",8,53,45,214
"04/08/2025","9:30 PM","75 min.","Yorkville","Quieter Free Flow","","Sauna...",32,52,20,234
"04/09/2025","7:00 AM","75 min.","Yorkville","Guided Down: Sound Immersion","Stuart Campbell","Sauna..",45,60,15,15
"04/09/2025","8:30 AM","75 min.","Yorkville","Free Flow","","Sauna..",29,33,4,19
"04/09/2025","9:00 AM","75 min.","Yorkville","Free Flow","","Sauna...",32,33,1,20
"04/09/2025","9:30 AM","75 min.","Yorkville","Free Flow","","Sauna....",28,33,5,25
"04/09/2025","10:00 AM","75 min.","Yorkville","Free Flow","","Sauna..",29,33,4,29
"04/09/2025","10:15 AM","75 min.","Yorkville","Free Flow","","Sauna...",23,33,10,39
"04/09/2025","12:00 PM","75 min.","Yorkville","Guided All Around: Journey Through the Elements","","Sauna..",42,60,18,57
"04/09/2025","2:00 PM","75 min.","Yorkville","Free Flow","","Sauna..",21,33,12,69
"04/09/2025","2:30 PM","75 min.","Yorkville","Free Flow","","Sauna...",20,33,13,82
"04/09/2025","3:00 PM","75 min.","Yorkville","Free Flow","","Sauna....",29,33,4,86
"04/09/2025","3:30 PM","75 min.","Yorkville","Free Flow","","Sauna..",29,33,4,90
"04/09/2025","3:45 PM","75 min.","Yorkville","Free Flow","","Sauna...",23,33,10,100
"04/09/2025","5:30 PM","75 min.","Yorkville","Guided Down: Sound Immersion","","Sauna..",5,60,55,155
"04/09/2025","7:15 PM","75 min.","Yorkville","Guided All Around: Reset","","Sauna..",12,60,48,203
"04/09/2025","9:00 PM","75 min.","Yorkville","Free Flow","","Sauna..",1,53,52,255
"04/09/2025","9:30 PM","75 min.","Yorkville","Free Flow","","Sauna....",14,52,38,293
"04/10/2025","7:00 AM","75 min.","Yorkville","Guided Down: Sound Immersion","","Sauna..",43,60,17,17
"04/10/2025","8:30 AM","75 min.","Yorkville","Free Flow","","Sauna..",26,33,7,24
"04/10/2025","9:00 AM","75 min.","Yorkville","Free Flow","","Sauna...",29,33,4,28
"04/10/2025","9:30 AM","75 min.","Yorkville","Free Flow","","Sauna....",30,33,3,31
"04/10/2025","10:00 AM","75 min.","Yorkville","Free Flow","","Sauna..",29,33,4,35
"04/10/2025","10:15 AM","75 min.","Yorkville","Free Flow","","Sauna...",27,33,6,41
"04/10/2025","12:00 PM","75 min.","Yorkville","Guided Up: Awakening","","Sauna..",42,60,18,59
"04/10/2025","2:00 PM","75 min.","Yorkville","Free Flow","","Sauna..",16,33,17,76
"04/10/2025","2:30 PM","75 min.","Yorkville","Free Flow","","Sauna...",30,33,3,79
"04/10/2025","3:00 PM","75 min.","Yorkville","Free Flow","","Sauna....",27,33,6,85
"04/10/2025","3:30 PM","75 min.","Yorkville","Free Flow","","Sauna..",29,33,4,89
"04/10/2025","3:45 PM","75 min.","Yorkville","Free Flow","","Sauna.",16,33,17,106
"04/10/2025","5:30 PM","75 min.","Yorkville","Guided Down: Senses","","Sauna..",26,60,34,140
"04/10/2025","7:15 PM","75 min.","Yorkville","Guided Up: Feel Good Now","","Sauna..",17,60,43,183
"04/10/2025","9:00 PM","75 min.","Yorkville","Lively Free Flow","","Sauna..",2,53,51,234
"04/10/2025","9:30 PM","75 min.","Yorkville","Lively Free Flow","","Sauna...",18,52,34,268
"04/11/2025","7:00 AM","75 min.","Yorkville","Guided All Around: Reset","","Sauna..",36,60,24,24
"04/11/2025","8:45 AM","75 min.","Yorkville","Guided Down: Pure Presence","","Sauna..",49,60,11,35
"04/11/2025","10:30 AM","75 min.","Yorkville","Guided Up: Feel Good Now","","Sauna..",35,60,25,60
"04/11/2025","12:15 PM","75 min.","Yorkville","Guided Up: Arctic Tundra","","Sauna..",48,60,12,72
"04/11/2025","2:00 PM","75 min.","Yorkville","Free Flow","","Sauna..",3,33,30,102
"04/11/2025","2:30 PM","75 min.","Yorkville","Free Flow","","Sauna...",10,33,23,125
"04/11/2025","3:00 PM","75 min.","Yorkville","Free Flow","","Sauna....",19,33,14,139
"04/11/2025","3:30 PM","75 min.","Yorkville","Free Flow","","Sauna..",17,33,16,155
"04/11/2025","4:00 PM","75 min.","Yorkville","Free Flow","","Sauna...",13,33,20,175
"04/11/2025","4:30 PM","75 min.","Yorkville","Free Flow","","Sauna....",3,33,30,205
"04/11/2025","5:00 PM","75 min.","Yorkville","Free Flow","","Sauna..",0,33,33,238
"04/11/2025","5:30 PM","75 min.","Yorkville","Lively Free Flow","","Sauna...",0,33,33,271
"04/11/2025","7:15 PM","75 min.","Yorkville","Guided All Around: Rose, Thorn, Bud","","Sauna..",3,60,57,328
"04/11/2025","9:00 PM","120 min.","Yorkville","Social","","Sauna..",0,53,53,381
"04/11/2025","9:30 PM","120 min.","Yorkville","Social","","Sauna...",2,52,50,431
"04/12/2025","8:00 AM","75 min.","Yorkville","Guided Down: Deep Stretch","","Sauna..",29,58,29,29
"04/12/2025","9:45 AM","75 min.","Yorkville","Guided All Around: Reset","","Sauna..",,,,29
"04/12/2025","11:30 AM","75 min.","Yorkville","Guided Down: Embodied","","Sauna..",28,60,32,61
"04/12/2025","3:30 PM","75 min.","Yorkville","Lively Free Flow","","Sauna...",0,30,30,91
"04/12/2025","4:00 PM","75 min.","Yorkville","Lively Free Flow","","Sauna....",4,30,26,117
"04/12/2025","4:30 PM","75 min.","Yorkville","Lively Free Flow","","Sauna..",0,35,35,152
"04/12/2025","5:00 PM","75 min.","Yorkville","Lively Free Flow","","Sauna...",8,35,27,179
"04/12/2025","5:30 PM","75 min.","Yorkville","Lively Free Flow","","Sauna....",13,30,17,196
"04/12/2025","6:00 PM","75 min.","Yorkville","Lively Free Flow","","Sauna..",3,35,32,228
"04/12/2025","7:45 PM","75 min.","Yorkville","Guided Down: Rose, Thorn, Bud","","Sauna..",,,,228
"04/12/2025","9:30 PM","120 min.","Yorkville","Beat Drop: DJ Takeover","","Sauna..",3,53,50,278
"04/12/2025","9:45 PM","120 min.","Yorkville","Beat Drop: DJ Takeover","","Sauna...",3,52,49,327
"04/13/2025","7:00 AM","75 min.","Yorkville","Quieter Free Flow","","Sauna..",28,53,25,25
"04/13/2025","8:30 AM","75 min.","Yorkville","Free Flow","","Sauna..",12,53,41,66
"04/13/2025","10:15 AM","75 min.","Yorkville","Guided All Around: Rose, Thorn, Bud","","Sauna..",15,60,45,111
"04/13/2025","12:00 PM","75 min.","Yorkville","Guided All Around: Reset","","Sauna..",,,,111
"04/13/2025","2:00 PM","75 min.","Yorkville","Lively Free Flow","","Sauna..",2,40,38,149
"04/13/2025","2:30 PM","75 min.","Yorkville","Lively Free Flow","","Sauna...",20,35,15,164
"04/13/2025","3:00 PM","75 min.","Yorkville","Lively Free Flow","","Sauna....",4,20,16,180
"04/13/2025","3:30 PM","75 min.","Yorkville","Lively Free Flow","","Sauna..",27,40,13,193
"04/13/2025","4:00 PM","75 min.","Yorkville","Lively Free Flow","","Sauna...",19,35,16,209
"04/13/2025","5:15 PM","75 min.","Yorkville","Guided All Around: Release","","Sauna..",14,51,37,246
"04/13/2025","6:30 PM","75 min.","Yorkville","Guided All Around: Loving Kindness","","Sauna..",10,51,41,287
"04/13/2025","7:45 PM","75 min.","Yorkville","Free Flow","","Sauna..",1,25,24,311
"04/13/2025","8:00 PM","75 min.","Yorkville","Free Flow","","Sauna...",4,20,16,327
"04/13/2025","8:15 PM","75 min.","Yorkville","Free Flow","","Sauna.",19,25,6,333
"04/13/2025","8:30 PM","75 min.","Yorkville","Free Flow","","Sauna....",13,20,7,340
"04/13/2025","8:45 PM","75 min.","Yorkville","Free Flow","","Sauna",12,15,3,343
"04/13/2025","9:15 PM","75 min.","Yorkville","Free Flow","","Sauna..",14,25,11,354
"04/13/2025","9:30 PM","75 min.","Yorkville","Free Flow","","Sauna...",14,30,16,370
"03/31/2025","7:00 AM","75 min.","Yorkville","Quieter Free Flow","","Sauna..",22,33,11,11
"03/31/2025","7:30 AM","75 min.","Yorkville","Quieter Free Flow","","Sauna...",28,33,5,16
"03/31/2025","8:00 AM","75 min.","Yorkville","Quieter Free Flow","","Sauna....",30,33,3,19
"03/31/2025","8:30 AM","75 min.","Yorkville","Quieter Free Flow","","Sauna..",19,33,14,33
"03/31/2025","10:15 AM","75 min.","Yorkville","Guided All Around: Gratitude","","Sauna..",9,60,51,84
"03/31/2025","2:00 PM","75 min.","Yorkville","Free Flow","","Sauna..",15,33,18,102
"03/31/2025","2:30 PM","75 min.","Yorkville","Free Flow","","Sauna...",22,33,11,113
"03/31/2025","3:00 PM","75 min.","Yorkville","Free Flow","","Sauna....",26,33,7,120
"03/31/2025","3:30 PM","75 min.","Yorkville","Free Flow","","Sauna..",24,33,9,129
"03/31/2025","4:00 PM","75 min.","Yorkville","Free Flow","","Sauna.",30,33,3,132
"03/31/2025","4:30 PM","75 min.","Yorkville","Free Flow","","Sauna...",21,33,12,144
"03/31/2025","5:00 PM","75 min.","Yorkville","Free Flow","","Sauna....",11,33,22,166
"03/31/2025","5:30 PM","75 min.","Yorkville","Lively Free Flow","","Sauna.",1,33,32,198
"03/31/2025","7:15 PM","75 min.","Yorkville","Guided All Around: Reset","","Sauna..",1,60,59,257
"03/31/2025","9:00 PM","75 min.","Yorkville","Guided Down: Embodied","","Sauna..",8,60,52,309
"04/01/2025","7:00 AM","75 min.","Yorkville","Guided Up: Arctic Tundra","","Sauna..",49,60,11,11
"04/01/2025","8:30 AM","75 min.","Yorkville","Quieter Free Flow","","Sauna..",24,33,9,20
"04/01/2025","9:00 AM","75 min.","Yorkville","Quieter Free Flow","","Sauna...",30,33,3,23
"04/01/2025","9:30 AM","75 min.","Yorkville","Quieter Free Flow","","Sauna....",28,33,5,28
"04/01/2025","10:00 AM","75 min.","Yorkville","Quieter Free Flow","","Sauna..",27,33,6,34
"04/01/2025","10:15 AM","75 min.","Yorkville","Quieter Free Flow","","Sauna...",31,33,2,36
"04/01/2025","12:00 PM","75 min.","Yorkville","Guided All Around: Release","","Sauna..",43,60,17,53
"04/01/2025","1:45 PM","75 min.","Yorkville","Guided Down: Deep Stretch","","Sauna..",37,60,23,76
"04/01/2025","3:30 PM","75 min.","Yorkville","Free Flow","","Sauna..",37,53,16,92
"04/01/2025","4:00 PM","75 min.","Yorkville","Free Flow","","Sauna.",21,33,12,104
"04/01/2025","4:30 PM","75 min.","Yorkville","Free Flow","","Sauna...",30,33,3,107
"04/01/2025","5:00 PM","75 min.","Yorkville","Free Flow","","Sauna....",13,33,20,127
"04/01/2025","5:30 PM","75 min.","Yorkville","Lively Free Flow","","Sauna.",7,33,26,153
"04/01/2025","7:15 PM","75 min.","Yorkville","Guided All Around: Journey Through the Elements","","Sauna..",12,60,48,201
"04/01/2025","9:00 PM","75 min.","Yorkville","Quieter Free Flow","","Sauna..",7,53,46,247
"04/01/2025","9:30 PM","75 min.","Yorkville","Quieter Free Flow","","Sauna...",17,52,35,282
"04/02/2025","7:00 AM","75 min.","Yorkville","Guided Down: Pure Presence","","Sauna..",42,60,18,18
"04/02/2025","8:30 AM","75 min.","Yorkville","Free Flow","","Sauna..",30,33,3,21
"04/02/2025","9:00 AM","75 min.","Yorkville","Free Flow","","Sauna...",32,33,1,22
"04/02/2025","9:30 AM","75 min.","Yorkville","Free Flow","","Sauna....",30,33,3,25
"04/02/2025","10:00 AM","75 min.","Yorkville","Free Flow","","Sauna..",26,33,7,32
"04/02/2025","10:15 AM","75 min.","Yorkville","Free Flow","","Sauna...",27,33,6,38
"04/02/2025","12:00 PM","75 min.","Yorkville","Guided Up: Feel Good Now","","Sauna..",44,60,16,54
"04/02/2025","2:00 PM","75 min.","Yorkville","Free Flow","","Sauna..",25,33,8,62
"04/02/2025","2:30 PM","75 min.","Yorkville","Free Flow","","Sauna...",27,33,6,68
"04/02/2025","3:00 PM","75 min.","Yorkville","Free Flow","","Sauna....",31,33,2,70
"04/02/2025","3:30 PM","75 min.","Yorkville","Free Flow","","Sauna..",30,33,3,73
"04/02/2025","3:45 PM","75 min.","Yorkville","Free Flow","","Sauna...",24,33,9,82
"04/02/2025","5:30 PM","75 min.","Yorkville","Guided Down: Sound Immersion","","Sauna..",31,60,29,111
"04/02/2025","7:15 PM","75 min.","Yorkville","Guided Up: Feel Good Now","","Sauna..",15,60,45,156
"04/02/2025","9:00 PM","75 min.","Yorkville","Free Flow","","Sauna..",20,53,33,189
"04/02/2025","9:30 PM","75 min.","Yorkville","Free Flow","","Sauna....",34,52,18,207
"04/03/2025","7:00 AM","75 min.","Yorkville","Guided Down: Sound Immersion","","Sauna..",38,60,22,22
"04/03/2025","8:30 AM","75 min.","Yorkville","Free Flow","","Sauna..",24,33,9,31
"04/03/2025","9:00 AM","75 min.","Yorkville","Free Flow","","Sauna...",29,33,4,35
"04/03/2025","9:30 AM","75 min.","Yorkville","Free Flow","","Sauna....",26,33,7,42
"04/03/2025","10:00 AM","75 min.","Yorkville","Free Flow","","Sauna..",27,33,6,48
"04/03/2025","10:15 AM","75 min.","Yorkville","Free Flow","","Sauna...",17,33,16,64
"04/03/2025","12:00 PM","75 min.","Yorkville","Guided Up: Awakening","","Sauna..",41,60,19,83
"04/03/2025","2:00 PM","75 min.","Yorkville","Free Flow","","Sauna..",21,33,12,95
"04/03/2025","2:30 PM","75 min.","Yorkville","Free Flow","","Sauna...",25,33,8,103
"04/03/2025","3:00 PM","75 min.","Yorkville","Free Flow","","Sauna....",27,33,6,109
"04/03/2025","3:30 PM","75 min.","Yorkville","Free Flow","","Sauna..",29,33,4,113
"04/03/2025","3:45 PM","75 min.","Yorkville","Free Flow","","Sauna.",28,33,5,118
"04/03/2025","5:30 PM","75 min.","Yorkville","Guided Up: Arctic Tundra","","Sauna..",42,60,18,136
"04/03/2025","7:15 PM","75 min.","Yorkville","Guided All Around: Heart Opener","","Sauna..",,,,136
"04/03/2025","9:00 PM","75 min.","Yorkville","Lively Free Flow","","Sauna..",2,53,51,187
"04/03/2025","9:30 PM","75 min.","Yorkville","Lively Free Flow","","Sauna...",19,52,33,220
"04/04/2025","7:00 AM","75 min.","Yorkville","Guided Down: Pure Presence","","Sauna..",45,60,15,15
"04/04/2025","8:45 AM","75 min.","Yorkville","Guided Down: Self-Care Sweat","","Sauna..",42,60,18,33
"04/04/2025","10:30 AM","75 min.","Yorkville","Guided Down: Senses","","Sauna..",40,60,20,53
"04/04/2025","12:15 PM","75 min.","Yorkville","Guided Up: Arctic Tundra","","Sauna..",37,60,23,76
"04/04/2025","2:00 PM","75 min.","Yorkville","Free Flow","","Sauna..",3,33,30,106
"04/04/2025","2:30 PM","75 min.","Yorkville","Free Flow","","Sauna...",8,33,25,131
"04/04/2025","3:00 PM","75 min.","Yorkville","Free Flow","","Sauna....",25,33,8,139
"04/04/2025","3:30 PM","75 min.","Yorkville","Free Flow","","Sauna..",24,33,9,148
"04/04/2025","4:00 PM","75 min.","Yorkville","Free Flow","","Sauna...",9,33,24,172
"04/04/2025","4:30 PM","75 min.","Yorkville","Free Flow","","Sauna....",9,33,24,196
"04/04/2025","5:00 PM","75 min.","Yorkville","Free Flow","","Sauna..",8,33,25,221
"04/04/2025","5:30 PM","75 min.","Yorkville","Lively Free Flow","","Sauna...",3,33,30,251
"04/04/2025","7:15 PM","75 min.","Yorkville","Guided All Around: Journey Through the Elements","","Sauna..",5,60,55,306
"04/04/2025","9:00 PM","120 min.","Yorkville","Social","","Sauna..",0,53,53,359
"04/04/2025","9:30 PM","120 min.","Yorkville","Social","","Sauna...",3,52,49,408
"04/05/2025","8:00 AM","75 min.","Yorkville","Guided Down: Embodied","","Sauna..",32,60,28,28
"04/05/2025","9:45 AM","75 min.","Yorkville","Guided All Around: Reset","","Sauna..",16,60,44,72
"04/05/2025","11:30 AM","75 min.","Yorkville","Guided All Around: Journey Through the Elements","","Sauna..",2,60,58,130
"04/05/2025","1:30 PM","75 min.","Yorkville","Lively Free Flow","","Sauna..",2,40,38,168
"04/05/2025","2:00 PM","75 min.","Yorkville","Lively Free Flow","","Sauna...",0,30,30,198
"04/05/2025","2:30 PM","75 min.","Yorkville","Lively Free Flow","","Sauna....",10,30,20,218
"04/05/2025","3:00 PM","75 min.","Yorkville","Lively Free Flow","","Sauna..",1,35,34,252
"04/05/2025","3:30 PM","75 min.","Yorkville","Lively Free Flow","","Sauna...",10,30,20,272
"04/05/2025","4:00 PM","75 min.","Yorkville","Lively Free Flow","","Sauna....",14,30,16,288
"04/05/2025","4:30 PM","75 min.","Yorkville","Lively Free Flow","","Sauna..",8,35,27,315
"04/05/2025","5:00 PM","75 min.","Yorkville","Lively Free Flow","","Sauna...",22,35,13,328
"04/05/2025","5:30 PM","75 min.","Yorkville","Lively Free Flow","","Sauna....",6,30,24,352
"04/05/2025","6:00 PM","75 min.","Yorkville","Lively Free Flow","","Sauna..",4,35,31,383
"04/05/2025","7:45 PM","75 min.","Yorkville","Guided Down: Sound Immersion","Stuart Campbell","Sauna..",17,60,43,426
"04/05/2025","9:30 PM","120 min.","Yorkville","Social","","Sauna..",1,53,52,478
"04/05/2025","9:45 PM","120 min.","Yorkville","Social","","Sauna...",34,52,18,496
"04/06/2025","7:00 AM","75 min.","Yorkville","Quieter Free Flow","","Sauna..",36,53,17,17
"04/06/2025","8:30 AM","75 min.","Yorkville","Free Flow","","Sauna..",11,53,42,59
"04/06/2025","10:15 AM","75 min.","Yorkville","Guided All Around: Reset","","Sauna..",3,60,57,116
"04/06/2025","12:00 PM","75 min.","Yorkville","Guided Up: Feel Good Now","","Sauna..",,,,116
"04/06/2025","2:00 PM","75 min.","Yorkville","Lively Free Flow","","Sauna..",1,40,39,155
"04/06/2025","2:30 PM","75 min.","Yorkville","Lively Free Flow","","Sauna...",0,35,35,190
"04/06/2025","3:00 PM","75 min.","Yorkville","Lively Free Flow","","Sauna....",0,20,20,210
"04/06/2025","3:30 PM","75 min.","Yorkville","Lively Free Flow","","Sauna..",4,40,36,246
"04/06/2025","4:00 PM","75 min.","Yorkville","Lively Free Flow","","Sauna...",2,35,33,279
"04/06/2025","5:45 PM","75 min.","Yorkville","Guided All Around: Reset","","Sauna..",4,60,56,335
"04/06/2025","7:30 PM","75 min.","Yorkville","Guided All Around: Loving Kindness","","Sauna..",28,60,32,367
"04/06/2025","9:15 PM","75 min.","Yorkville","Free Flow","","Sauna..",14,53,39,406
"04/06/2025","9:30 PM","75 min.","Yorkville","Free Flow","","Sauna...",38,52,14,420
"03/24/2025","7:00 AM","75 min.","Yorkville","Quieter Free Flow","","Sauna..",18,33,15,15
"03/24/2025","7:30 AM","75 min.","Yorkville","Quieter Free Flow","","Sauna...",31,33,2,17
"03/24/2025","8:00 AM","75 min.","Yorkville","Quieter Free Flow","","Sauna....",32,33,1,18
"03/24/2025","8:30 AM","75 min.","Yorkville","Quieter Free Flow","","Sauna..",27,33,6,24
"03/24/2025","9:00 AM","75 min.","Yorkville","Quieter Free Flow","","Sauna...",28,33,5,29
"03/24/2025","9:30 AM","75 min.","Yorkville","Quieter Free Flow","","Sauna....",23,33,10,39
"03/24/2025","10:00 AM","75 min.","Yorkville","Quieter Free Flow","","Sauna..",27,33,6,45
"03/24/2025","10:15 AM","75 min.","Yorkville","Quieter Free Flow","","Sauna...",21,33,12,57
"03/24/2025","12:00 PM","75 min.","Yorkville","Guided Down: Sound Immersion","","Sauna..",29,60,31,88
"03/24/2025","2:00 PM","75 min.","Yorkville","Free Flow","","Sauna..",13,33,20,108
"03/24/2025","2:30 PM","75 min.","Yorkville","Free Flow","","Sauna...",20,33,13,121
"03/24/2025","3:00 PM","75 min.","Yorkville","Free Flow","","Sauna....",22,33,11,132
"03/24/2025","3:30 PM","75 min.","Yorkville","Free Flow","","Sauna..",28,33,5,137
"03/24/2025","4:00 PM","75 min.","Yorkville","Free Flow","","Sauna.",24,33,9,146
"03/24/2025","4:30 PM","75 min.","Yorkville","Free Flow","","Sauna...",24,33,9,155
"03/24/2025","5:00 PM","75 min.","Yorkville","Free Flow","","Sauna....",15,33,18,173
"03/24/2025","5:30 PM","75 min.","Yorkville","Lively Free Flow","","Sauna.",3,33,30,203
"03/24/2025","7:15 PM","75 min.","Yorkville","Guided All Around: Release","","Sauna..",18,60,42,245
"03/24/2025","9:00 PM","75 min.","Yorkville","Guided All Around: Journey Through the Elements","","Sauna..",19,60,41,286
"03/25/2025","7:00 AM","75 min.","Yorkville","Guided Up: Arctic Tundra","","Sauna..",45,60,15,15
"03/25/2025","8:30 AM","75 min.","Yorkville","Quieter Free Flow","","Sauna..",29,33,4,19
"03/25/2025","9:00 AM","75 min.","Yorkville","Quieter Free Flow","","Sauna...",32,33,1,20
"03/25/2025","9:30 AM","75 min.","Yorkville","Quieter Free Flow","","Sauna....",28,33,5,25
"03/25/2025","10:00 AM","75 min.","Yorkville","Quieter Free Flow","","Sauna..",22,33,11,36
"03/25/2025","10:15 AM","75 min.","Yorkville","Quieter Free Flow","","Sauna...",22,33,11,47
"03/25/2025","12:00 PM","75 min.","Yorkville","Guided Down: Rose, Thorn, Bud","","Sauna..",34,60,26,73
"03/25/2025","4:30 PM","75 min.","Yorkville","Free Flow","","Sauna...",12,33,21,94
"03/25/2025","5:00 PM","75 min.","Yorkville","Free Flow","","Sauna....",16,33,17,111
"03/25/2025","5:30 PM","75 min.","Yorkville","Lively Free Flow","","Sauna.",2,33,31,142
"03/25/2025","7:15 PM","75 min.","Yorkville","Guided Up: Feel Good Now","","Sauna..",19,60,41,183
"03/25/2025","9:00 PM","75 min.","Yorkville","Quieter Free Flow","","Sauna..",12,53,41,224
"03/25/2025","9:30 PM","75 min.","Yorkville","Quieter Free Flow","","Sauna...",32,52,20,244
"03/26/2025","7:00 AM","75 min.","Yorkville","Guided Down: Pure Presence","","Sauna..",41,60,19,19
"03/26/2025","10:15 AM","75 min.","Yorkville","Free Flow","","Sauna...",18,33,15,34
"03/26/2025","12:00 PM","75 min.","Yorkville","Guided Down: Deep Stretch","","Sauna..",32,58,26,60
"03/26/2025","2:00 PM","75 min.","Yorkville","Free Flow","","Sauna..",21,33,12,72
"03/26/2025","2:30 PM","75 min.","Yorkville","Free Flow","","Sauna...",24,33,9,81
"03/26/2025","3:00 PM","75 min.","Yorkville","Free Flow","","Sauna....",16,33,17,98
"03/26/2025","3:30 PM","75 min.","Yorkville","Free Flow","","Sauna..",30,33,3,101
"03/26/2025","3:45 PM","75 min.","Yorkville","Free Flow","","Sauna...",18,33,15,116
"03/26/2025","5:30 PM","75 min.","Yorkville","Guided Up: Self-Care Sweat","","Sauna..",22,60,38,154
"03/26/2025","7:15 PM","75 min.","Yorkville","Guided All Around: Reset","","Sauna..",5,60,55,209
"03/26/2025","9:00 PM","75 min.","Yorkville","Free Flow","","Sauna..",1,53,52,261
"03/26/2025","9:30 PM","75 min.","Yorkville","Free Flow","","Sauna....",15,52,37,298
"03/27/2025","7:00 AM","75 min.","Yorkville","Guided Down: Sound Immersion","","Sauna..",43,60,17,17
"03/27/2025","8:30 AM","75 min.","Yorkville","Free Flow","","Sauna..",28,33,5,22
"03/27/2025","9:00 AM","75 min.","Yorkville","Free Flow","","Sauna...",26,33,7,29
"03/27/2025","9:30 AM","75 min.","Yorkville","Free Flow","","Sauna....",25,33,8,37
"03/27/2025","10:00 AM","75 min.","Yorkville","Free Flow","","Sauna..",23,33,10,47
"03/27/2025","10:15 AM","75 min.","Yorkville","Free Flow","","Sauna...",22,33,11,58
"03/27/2025","12:00 PM","75 min.","Yorkville","Guided Up: Feel Good Now","","Sauna..",42,60,18,76
"03/27/2025","2:00 PM","75 min.","Yorkville","Free Flow","","Sauna..",16,33,17,93
"03/27/2025","2:30 PM","75 min.","Yorkville","Free Flow","","Sauna...",29,33,4,97
"03/27/2025","3:00 PM","75 min.","Yorkville","Free Flow","","Sauna....",31,33,2,99
"03/27/2025","3:30 PM","75 min.","Yorkville","Free Flow","","Sauna..",22,33,11,110
"03/27/2025","3:45 PM","75 min.","Yorkville","Free Flow","","Sauna.",22,33,11,121
"03/27/2025","5:30 PM","75 min.","Yorkville","Guided Down: Sound Immersion","","Sauna..",21,60,39,160
"03/27/2025","7:15 PM","75 min.","Yorkville","Guided All Around: Inner Power","","Sauna..",2,60,58,218
"03/27/2025","9:00 PM","75 min.","Yorkville","Lively Free Flow","","Sauna..",1,53,52,270
"03/27/2025","9:30 PM","75 min.","Yorkville","Lively Free Flow","","Sauna...",6,52,46,316
"03/28/2025","8:45 AM","75 min.","Yorkville","Guided Down: Self-Care Sweat","","Sauna..",48,60,12,12
"03/28/2025","10:30 AM","75 min.","Yorkville","Guided All Around: A-Z Emotions","","Sauna..",40,60,20,32
"03/28/2025","12:15 PM","75 min.","Yorkville","Guided Up: Arctic Tundra","","Sauna..",42,60,18,50
"03/28/2025","2:00 PM","75 min.","Yorkville","Free Flow","","Sauna..",4,33,29,79
"03/28/2025","2:30 PM","75 min.","Yorkville","Free Flow","","Sauna...",19,33,14,93
"03/28/2025","3:00 PM","75 min.","Yorkville","Free Flow","","Sauna....",19,33,14,107
"03/28/2025","3:30 PM","75 min.","Yorkville","Free Flow","","Sauna..",15,33,18,125
"03/28/2025","4:00 PM","75 min.","Yorkville","Free Flow","","Sauna...",12,33,21,146
"03/28/2025","4:30 PM","75 min.","Yorkville","Free Flow","","Sauna....",1,33,32,178
"03/28/2025","5:00 PM","75 min.","Yorkville","Free Flow","","Sauna..",2,33,31,209
"03/28/2025","5:30 PM","75 min.","Yorkville","Lively Free Flow","","Sauna...",1,33,32,241
"03/28/2025","7:15 PM","75 min.","Yorkville","Guided All Around: Rose, Thorn, Bud","","Sauna..",,,,241
"03/28/2025","9:00 PM","120 min.","Yorkville","Social","","Sauna..",2,53,51,292
"03/28/2025","9:30 PM","120 min.","Yorkville","Social","","Sauna...",5,52,47,339
"03/29/2025","8:00 AM","75 min.","Yorkville","Guided Down: Deep Stretch","","Sauna..",32,58,26,26
"03/29/2025","9:45 AM","75 min.","Yorkville","Guided All Around: Reset","","Sauna..",1,60,59,85
"03/29/2025","11:30 AM","75 min.","Yorkville","Guided Down: Embodied","","Sauna..",7,60,53,138
"03/29/2025","1:30 PM","75 min.","Yorkville","Lively Free Flow","","Sauna..",0,40,40,178
"03/29/2025","2:00 PM","75 min.","Yorkville","Lively Free Flow","","Sauna...",1,30,29,207
"03/29/2025","2:30 PM","75 min.","Yorkville","Lively Free Flow","","Sauna....",0,30,30,237
"03/29/2025","3:00 PM","75 min.","Yorkville","Lively Free Flow","","Sauna..",0,35,35,272
"03/29/2025","3:30 PM","75 min.","Yorkville","Lively Free Flow","","Sauna...",8,30,22,294
"03/29/2025","4:00 PM","75 min.","Yorkville","Lively Free Flow","","Sauna....",13,30,17,311
"03/29/2025","4:30 PM","75 min.","Yorkville","Lively Free Flow","","Sauna..",19,35,16,327
"03/29/2025","5:00 PM","75 min.","Yorkville","Lively Free Flow","","Sauna...",10,35,25,352
"03/29/2025","5:30 PM","75 min.","Yorkville","Lively Free Flow","","Sauna....",14,30,16,368
"03/29/2025","6:00 PM","75 min.","Yorkville","Lively Free Flow","","Sauna..",4,35,31,399
"03/29/2025","7:45 PM","75 min.","Yorkville","Guided Down: Pure Presence","","Sauna..",5,60,55,454
"03/29/2025","9:30 PM","120 min.","Yorkville","Social","","Sauna..",4,53,49,503
"03/29/2025","9:45 PM","120 min.","Yorkville","Social","","Sauna...",11,52,41,544
"03/30/2025","7:00 AM","75 min.","Yorkville","Quieter Free Flow","","Sauna..",26,53,27,27
"03/30/2025","8:30 AM","75 min.","Yorkville","Free Flow","","Sauna..",14,53,39,66
"03/30/2025","10:15 AM","75 min.","Yorkville","Guided All Around: Rose, Thorn, Bud","","Sauna..",14,60,46,112
"03/30/2025","12:00 PM","75 min.","Yorkville","Guided All Around: Reset","","Sauna..",,,,112
"03/30/2025","2:00 PM","75 min.","Yorkville","Lively Free Flow","","Sauna..",3,40,37,149
"03/30/2025","2:30 PM","75 min.","Yorkville","Lively Free Flow","","Sauna...",0,35,35,184
"03/30/2025","3:00 PM","75 min.","Yorkville","Lively Free Flow","","Sauna....",0,20,20,204
"03/30/2025","3:30 PM","75 min.","Yorkville","Lively Free Flow","","Sauna..",1,40,39,243
"03/30/2025","4:00 PM","75 min.","Yorkville","Lively Free Flow","","Sauna...",0,35,35,278
"03/30/2025","5:45 PM","75 min.","Yorkville","Guided Up: Awakening","","Sauna..",31,60,29,307
"03/30/2025","7:30 PM","75 min.","Yorkville","Guided Down: Sound Immersion","","Sauna..",1,60,59,366
"03/30/2025","9:15 PM","75 min.","Yorkville","Free Flow","","Sauna..",9,53,44,410
"03/30/2025","9:30 PM","75 min.","Yorkville","Free Flow","","Sauna...",33,52,19,429
"03/17/2025","8:30 AM","75 min.","Yorkville","Quieter Free Flow","","Sauna..",22,33,11,11
"03/17/2025","9:00 AM","75 min.","Yorkville","Quieter Free Flow","","Sauna...",29,33,4,15
"03/17/2025","9:30 AM","75 min.","Yorkville","Quieter Free Flow","","Sauna....",27,33,6,21
"03/17/2025","10:00 AM","75 min.","Yorkville","Quieter Free Flow","","Sauna..",24,33,9,30
"03/17/2025","10:15 AM","75 min.","Yorkville","Quieter Free Flow","","Sauna...",28,33,5,35
"03/17/2025","12:00 PM","75 min.","Yorkville","Guided Down: Sound Immersion","","Sauna..",22,60,38,73
"03/17/2025","2:00 PM","75 min.","Yorkville","Free Flow","","Sauna..",28,33,5,78
"03/17/2025","2:30 PM","75 min.","Yorkville","Free Flow","","Sauna...",29,33,4,82
"03/17/2025","3:00 PM","75 min.","Yorkville","Free Flow","","Sauna....",25,33,8,90
"03/17/2025","3:30 PM","75 min.","Yorkville","Free Flow","","Sauna..",27,33,6,96
"03/17/2025","4:00 PM","75 min.","Yorkville","Free Flow","","Sauna.",26,33,7,103
"03/17/2025","4:30 PM","75 min.","Yorkville","Free Flow","","Sauna...",17,33,16,119
"03/17/2025","5:00 PM","75 min.","Yorkville","Free Flow","","Sauna....",12,33,21,140
"03/17/2025","5:30 PM","75 min.","Yorkville","Lively Free Flow","","Sauna.",1,33,32,172
"03/17/2025","7:15 PM","75 min.","Yorkville","Guided Down: Deep Stretch","","Sauna..",23,58,35,207
"03/17/2025","9:00 PM","75 min.","Yorkville","Guided Down: Embodied","","Sauna..",30,60,30,237
"03/18/2025","7:00 AM","75 min.","Yorkville","Guided Up: Arctic Tundra","","Sauna..",49,60,11,11
"03/18/2025","8:30 AM","75 min.","Yorkville","Quieter Free Flow","","Sauna..",21,33,12,23
"03/18/2025","9:00 AM","75 min.","Yorkville","Quieter Free Flow","","Sauna...",26,33,7,30
"03/18/2025","9:30 AM","75 min.","Yorkville","Quieter Free Flow","","Sauna....",29,33,4,34
"03/18/2025","10:00 AM","75 min.","Yorkville","Quieter Free Flow","","Sauna..",33,33,0,34
"03/18/2025","10:15 AM","75 min.","Yorkville","Quieter Free Flow","","Sauna...",32,33,1,35
"03/18/2025","12:00 PM","75 min.","Yorkville","Free Flow","","Sauna..",30,35,5,40
"03/18/2025","1:45 PM","75 min.","Yorkville","Guided All Around: Release","","Sauna..",34,60,26,66
"03/18/2025","3:30 PM","75 min.","Yorkville","Free Flow","","Sauna..",39,53,14,80
"03/18/2025","4:00 PM","75 min.","Yorkville","Free Flow","","Sauna.",26,33,7,87
"03/18/2025","4:30 PM","75 min.","Yorkville","Free Flow","","Sauna...",20,33,13,100
"03/18/2025","5:00 PM","75 min.","Yorkville","Free Flow","","Sauna....",11,33,22,122
"03/18/2025","5:30 PM","75 min.","Yorkville","Lively Free Flow","","Sauna.",5,33,28,150
"03/18/2025","7:15 PM","75 min.","Yorkville","Guided Down: Deep Stretch","","Sauna..",24,58,34,184
"03/18/2025","9:00 PM","75 min.","Yorkville","Quieter Free Flow","","Sauna..",13,53,40,224
"03/18/2025","9:30 PM","75 min.","Yorkville","Quieter Free Flow","","Sauna...",26,52,26,250
"03/19/2025","7:00 AM","75 min.","Yorkville","Guided Down: Sound Immersion","Stuart Campbell","Sauna..",36,60,24,24
"03/19/2025","8:30 AM","75 min.","Yorkville","Free Flow","","Sauna..",30,33,3,27
"03/19/2025","9:00 AM","75 min.","Yorkville","Free Flow","","Sauna...",27,33,6,33
"03/19/2025","9:30 AM","75 min.","Yorkville","Free Flow","","Sauna....",30,33,3,36
"03/19/2025","10:00 AM","75 min.","Yorkville","Free Flow","","Sauna..",27,33,6,42
"03/19/2025","10:15 AM","75 min.","Yorkville","Free Flow","","Sauna...",28,33,5,47
"03/19/2025","12:00 PM","75 min.","Yorkville","Guided All Around: Journey Through the Elements","","Sauna..",44,60,16,63
"03/19/2025","2:00 PM","75 min.","Yorkville","Free Flow","","Sauna..",24,33,9,72
"03/19/2025","2:30 PM","75 min.","Yorkville","Free Flow","","Sauna...",29,33,4,76
"03/19/2025","3:00 PM","75 min.","Yorkville","Free Flow","","Sauna....",31,33,2,78
"03/19/2025","3:30 PM","75 min.","Yorkville","Free Flow","","Sauna..",32,33,1,79
"03/19/2025","3:45 PM","75 min.","Yorkville","Free Flow","","Sauna...",19,33,14,93
"03/19/2025","5:30 PM","75 min.","Yorkville","Guided Down: Sound Immersion","","Sauna..",16,60,44,137
"03/19/2025","7:15 PM","75 min.","Yorkville","Guided Up: Feel Good Now","","Sauna..",5,60,55,192
"03/19/2025","9:00 PM","75 min.","Yorkville","Free Flow","","Sauna..",12,53,41,233
"03/19/2025","9:30 PM","75 min.","Yorkville","Free Flow","","Sauna....",25,52,27,260
"03/20/2025","7:00 AM","75 min.","Yorkville","Guided Down: Sound Immersion","","Sauna..",42,60,18,18
"03/20/2025","8:30 AM","75 min.","Yorkville","Free Flow","","Sauna..",26,33,7,25
"03/20/2025","9:00 AM","75 min.","Yorkville","Free Flow","","Sauna...",29,33,4,29
"03/20/2025","9:30 AM","75 min.","Yorkville","Free Flow","","Sauna....",23,33,10,39
"03/20/2025","10:00 AM","75 min.","Yorkville","Free Flow","","Sauna..",29,33,4,43
"03/20/2025","10:15 AM","75 min.","Yorkville","Free Flow","","Sauna...",24,33,9,52
"03/20/2025","12:00 PM","75 min.","Yorkville","Guided All Around: Rose, Thorn, Bud","","Sauna..",45,60,15,67
"03/20/2025","2:00 PM","75 min.","Yorkville","Free Flow","","Sauna..",26,33,7,74
"03/20/2025","2:30 PM","75 min.","Yorkville","Free Flow","","Sauna...",25,33,8,82
"03/20/2025","3:00 PM","75 min.","Yorkville","Free Flow","","Sauna....",26,33,7,89
"03/20/2025","3:30 PM","75 min.","Yorkville","Free Flow","","Sauna..",28,33,5,94
"03/20/2025","3:45 PM","75 min.","Yorkville","Free Flow","","Sauna.",15,33,18,112
"03/20/2025","5:30 PM","75 min.","Yorkville","Guided Up: Arctic Tundra","","Sauna..",39,60,21,133
"03/20/2025","7:15 PM","75 min.","Yorkville","Guided All Around: Heart Opener","","Sauna..",2,60,58,191
"03/20/2025","9:00 PM","75 min.","Yorkville","Lively Free Flow","","Sauna..",9,53,44,235
"03/20/2025","9:30 PM","75 min.","Yorkville","Lively Free Flow","","Sauna...",26,52,26,261
"03/21/2025","7:00 AM","75 min.","Yorkville","Guided Down: Pure Presence","","Sauna..",47,60,13,13
"03/21/2025","8:45 AM","75 min.","Yorkville","Guided Down: Pure Presence","","Sauna..",50,60,10,23
"03/21/2025","10:30 AM","75 min.","Yorkville","Guided Down: Senses","","Sauna..",42,60,18,41
"03/21/2025","12:15 PM","75 min.","Yorkville","Guided Up: Arctic Tundra","","Sauna..",44,60,16,57
"03/21/2025","2:00 PM","75 min.","Yorkville","Lively Free Flow: DJ Takeover","","Sauna..",0,33,33,90
"03/21/2025","2:30 PM","75 min.","Yorkville","Lively Free Flow: DJ Takeover","","Sauna...",1,33,32,122
"03/21/2025","3:00 PM","75 min.","Yorkville","Lively Free Flow: DJ Takeover","","Sauna.",15,33,18,140
"03/21/2025","3:30 PM","75 min.","Yorkville","Lively Free Flow","","Sauna..",14,33,19,159
"03/21/2025","4:00 PM","75 min.","Yorkville","Lively Free Flow","","Sauna...",22,33,11,170
"03/21/2025","4:30 PM","75 min.","Yorkville","Lively Free Flow","","Sauna....",15,33,18,188
"03/21/2025","5:00 PM","75 min.","Yorkville","Free Flow","","Sauna..",0,33,33,221
"03/21/2025","5:30 PM","75 min.","Yorkville","Lively Free Flow","","Sauna...",0,33,33,254
"03/21/2025","7:15 PM","75 min.","Yorkville","Guided You + Me: Relationship","","Sauna..",12,58,46,300
"03/21/2025","9:00 PM","120 min.","Yorkville","Social","","Sauna..",0,53,53,353
"03/21/2025","9:30 PM","120 min.","Yorkville","Social","","Sauna...",4,52,48,401
"03/22/2025","8:00 AM","75 min.","Yorkville","Guided Up: Self-Care Sweat","","Sauna..",42,60,18,18
"03/22/2025","9:45 AM","75 min.","Yorkville","Guided All Around: Reset","","Sauna..",1,60,59,77
"03/22/2025","11:30 AM","75 min.","Yorkville","Guided Down: Sound Immersion","","Sauna..",3,60,57,134
"03/22/2025","1:30 PM","75 min.","Yorkville","Lively Free Flow","","Sauna..",2,40,38,172
"03/22/2025","2:00 PM","75 min.","Yorkville","Lively Free Flow","","Sauna...",0,30,30,202
"03/22/2025","2:30 PM","75 min.","Yorkville","Lively Free Flow","","Sauna....",7,30,23,225
"03/22/2025","3:00 PM","75 min.","Yorkville","Lively Free Flow","","Sauna..",10,35,25,250
"03/22/2025","3:30 PM","75 min.","Yorkville","Lively Free Flow","","Sauna...",2,30,28,278
"03/22/2025","4:00 PM","75 min.","Yorkville","Lively Free Flow","","Sauna....",1,30,29,307
"03/22/2025","4:30 PM","75 min.","Yorkville","Lively Free Flow","","Sauna..",18,35,17,324
"03/22/2025","5:00 PM","75 min.","Yorkville","Lively Free Flow","","Sauna...",17,35,18,342
"03/22/2025","5:30 PM","75 min.","Yorkville","Lively Free Flow","","Sauna....",10,30,20,362
"03/22/2025","6:00 PM","75 min.","Yorkville","Lively Free Flow","","Sauna..",13,35,22,384
"03/22/2025","7:45 PM","75 min.","Yorkville","Guided Down: Sound Immersion","","Sauna..",,,,384
"03/22/2025","9:30 PM","120 min.","Yorkville","Social","","Sauna..",0,53,53,437
"03/22/2025","9:45 PM","120 min.","Yorkville","Social","","Sauna...",13,52,39,476
"03/23/2025","7:00 AM","75 min.","Yorkville","Quieter Free Flow","","Sauna..",29,53,24,24
"03/23/2025","8:30 AM","75 min.","Yorkville","Free Flow","","Sauna..",22,53,31,55
"03/23/2025","10:15 AM","75 min.","Yorkville","Guided All Around: Reset","","Sauna..",6,60,54,109
"03/23/2025","12:00 PM","75 min.","Yorkville","Guided Up: Feel Good Now","","Sauna..",,,,109
"03/23/2025","2:00 PM","75 min.","Yorkville","Lively Free Flow","","Sauna..",11,40,29,138
"03/23/2025","2:30 PM","75 min.","Yorkville","Lively Free Flow","","Sauna...",8,35,27,165
"03/23/2025","3:00 PM","75 min.","Yorkville","Lively Free Flow","","Sauna....",2,20,18,183
"03/23/2025","3:30 PM","75 min.","Yorkville","Lively Free Flow","","Sauna..",8,40,32,215
"03/23/2025","4:00 PM","75 min.","Yorkville","Lively Free Flow","","Sauna...",1,35,34,249
"03/23/2025","5:45 PM","75 min.","Yorkville","Guided Down: Rose, Thorn, Bud","","Sauna..",,,,249
"03/23/2025","7:30 PM","75 min.","Yorkville","Guided All Around: Loving Kindness","","Sauna..",5,60,55,304
"03/23/2025","9:15 PM","75 min.","Yorkville","Free Flow","","Sauna..",11,53,42,346
"03/23/2025","9:30 PM","75 min.","Yorkville","Free Flow","","Sauna...",19,52,33,379
"03/10/2025","7:00 AM","75 min.","Yorkville","Quieter Free Flow","","Sauna..",28,33,5,5
"03/10/2025","7:30 AM","75 min.","Yorkville","Quieter Free Flow","","Sauna...",30,33,3,8
"03/10/2025","8:00 AM","75 min.","Yorkville","Quieter Free Flow","","Sauna....",31,33,2,10
"03/10/2025","8:30 AM","75 min.","Yorkville","Quieter Free Flow","","Sauna..",26,33,7,17
"03/10/2025","9:00 AM","75 min.","Yorkville","Quieter Free Flow","","Sauna...",31,33,2,19
"03/10/2025","9:30 AM","75 min.","Yorkville","Quieter Free Flow","","Sauna....",33,33,0,19
"03/10/2025","10:00 AM","75 min.","Yorkville","Quieter Free Flow","","Sauna..",25,33,8,27
"03/10/2025","10:15 AM","75 min.","Yorkville","Quieter Free Flow","","Sauna...",24,33,9,36
"03/10/2025","12:00 PM","75 min.","Yorkville","Guided Down: Rose, Thorn, Bud","","Sauna..",39,60,21,57
"03/10/2025","2:00 PM","75 min.","Yorkville","Free Flow","","Sauna..",13,33,20,77
"03/10/2025","2:30 PM","75 min.","Yorkville","Free Flow","","Sauna...",27,33,6,83
"03/10/2025","3:00 PM","75 min.","Yorkville","Free Flow","","Sauna....",29,33,4,87
"03/10/2025","3:30 PM","75 min.","Yorkville","Free Flow","","Sauna..",32,33,1,88
"03/10/2025","4:00 PM","75 min.","Yorkville","Free Flow","","Sauna.",20,33,13,101
"03/10/2025","4:30 PM","75 min.","Yorkville","Free Flow","","Sauna...",22,33,11,112
"03/10/2025","5:00 PM","75 min.","Yorkville","Free Flow","","Sauna....",6,33,27,139
"03/10/2025","5:30 PM","75 min.","Yorkville","Lively Free Flow","","Sauna.",2,33,31,170
"03/10/2025","7:15 PM","75 min.","Yorkville","Guided Down: Pure Presence","","Sauna..",6,60,54,224
"03/10/2025","9:00 PM","75 min.","Yorkville","Guided All Around: Journey Through the Elements","","Sauna..",24,60,36,260
"03/11/2025","7:00 AM","75 min.","Yorkville","Guided Up: Arctic Tundra","","Sauna..",50,60,10,10
"03/11/2025","8:30 AM","75 min.","Yorkville","Quieter Free Flow","","Sauna..",22,33,11,21
"03/11/2025","9:00 AM","75 min.","Yorkville","Quieter Free Flow","","Sauna...",30,33,3,24
"03/11/2025","9:30 AM","75 min.","Yorkville","Quieter Free Flow","","Sauna....",32,33,1,25
"03/11/2025","10:00 AM","75 min.","Yorkville","Quieter Free Flow","","Sauna..",26,33,7,32
"03/11/2025","10:15 AM","75 min.","Yorkville","Quieter Free Flow","","Sauna...",11,33,22,54
"03/11/2025","12:00 PM","75 min.","Yorkville","Guided All Around: Reset","","Sauna..",43,60,17,71
"03/11/2025","1:45 PM","75 min.","Yorkville","Guided Up: Awakening","","Sauna..",51,60,9,80
"03/11/2025","3:30 PM","75 min.","Yorkville","Free Flow","","Sauna..",35,53,18,98
"03/11/2025","4:00 PM","75 min.","Yorkville","Free Flow","","Sauna.",31,33,2,100
"03/11/2025","4:30 PM","75 min.","Yorkville","Free Flow","","Sauna...",26,33,7,107
"03/11/2025","5:00 PM","75 min.","Yorkville","Free Flow","","Sauna....",19,33,14,121
"03/11/2025","5:30 PM","75 min.","Yorkville","Lively Free Flow","","Sauna.",6,33,27,148
"03/11/2025","7:15 PM","75 min.","Yorkville","Guided All Around: Journey Through the Elements","","Sauna..",29,60,31,179
"03/11/2025","9:00 PM","75 min.","Yorkville","Quieter Free Flow","","Sauna..",0,53,53,232
"03/11/2025","9:30 PM","75 min.","Yorkville","Quieter Free Flow","","Sauna...",36,52,16,248
"03/12/2025","7:00 AM","75 min.","Yorkville","Guided Down: Sound Immersion","Stuart Campbell","Sauna..",47,60,13,13
"03/12/2025","8:30 AM","75 min.","Yorkville","Free Flow","","Sauna..",26,33,7,20
"03/12/2025","9:00 AM","75 min.","Yorkville","Free Flow","","Sauna...",27,33,6,26
"03/12/2025","9:30 AM","75 min.","Yorkville","Free Flow","","Sauna....",31,33,2,28
"03/12/2025","10:00 AM","75 min.","Yorkville","Free Flow","","Sauna..",31,33,2,30
"03/12/2025","10:15 AM","75 min.","Yorkville","Free Flow","","Sauna...",29,33,4,34
"03/12/2025","12:00 PM","75 min.","Yorkville","Guided Down: Rose, Thorn, Bud","","Sauna..",46,60,14,48
"03/12/2025","2:00 PM","75 min.","Yorkville","Free Flow","","Sauna..",9,33,24,72
"03/12/2025","2:30 PM","75 min.","Yorkville","Free Flow","","Sauna...",26,33,7,79
"03/12/2025","3:00 PM","75 min.","Yorkville","Free Flow","","Sauna....",22,33,11,90
"03/12/2025","3:30 PM","75 min.","Yorkville","Free Flow","","Sauna..",31,33,2,92
"03/12/2025","3:45 PM","75 min.","Yorkville","Free Flow","","Sauna...",20,33,13,105
"03/12/2025","5:30 PM","75 min.","Yorkville","Guided Up: Self-Care Sweat","","Sauna..",11,60,49,154
"03/12/2025","7:15 PM","75 min.","Yorkville","Guided All Around: A-Z Emotions","","Sauna..",3,60,57,211
"03/12/2025","9:00 PM","75 min.","Yorkville","Free Flow","","Sauna..",18,53,35,246
"03/12/2025","9:30 PM","75 min.","Yorkville","Free Flow","","Sauna....",20,52,32,278
"03/13/2025","7:00 AM","75 min.","Yorkville","Guided Down: Sound Immersion","","Sauna..",40,60,20,20
"03/13/2025","8:30 AM","75 min.","Yorkville","Free Flow","","Sauna..",27,33,6,26
"03/13/2025","9:00 AM","75 min.","Yorkville","Free Flow","","Sauna...",32,33,1,27
"03/13/2025","9:30 AM","75 min.","Yorkville","Free Flow","","Sauna....",28,33,5,32
"03/13/2025","10:00 AM","75 min.","Yorkville","Free Flow","","Sauna..",29,33,4,36
"03/13/2025","10:15 AM","75 min.","Yorkville","Free Flow","","Sauna...",22,33,11,47
"03/13/2025","12:00 PM","75 min.","Yorkville","Guided All Around: Loving Kindness","","Sauna..",45,60,15,62
"03/13/2025","2:00 PM","75 min.","Yorkville","Free Flow","","Sauna..",22,33,11,73
"03/13/2025","2:30 PM","75 min.","Yorkville","Free Flow","","Sauna...",23,33,10,83
"03/13/2025","3:00 PM","75 min.","Yorkville","Free Flow","","Sauna....",23,33,10,93
"03/13/2025","3:30 PM","75 min.","Yorkville","Free Flow","","Sauna..",23,33,10,103
"03/13/2025","3:45 PM","75 min.","Yorkville","Free Flow","","Sauna.",21,33,12,115
"03/13/2025","5:30 PM","75 min.","Yorkville","Guided Up: Feel Good Now","","Sauna..",24,60,36,151
"03/13/2025","7:15 PM","75 min.","Yorkville","Guided All Around: Inner Power","","Sauna..",5,60,55,206
"03/13/2025","9:00 PM","75 min.","Yorkville","Lively Free Flow","","Sauna..",7,53,46,252
"03/13/2025","9:30 PM","75 min.","Yorkville","Lively Free Flow","","Sauna...",26,52,26,278
"03/14/2025","7:00 AM","75 min.","Yorkville","Guided All Around: Reset","","Sauna..",42,60,18,18
"03/14/2025","8:45 AM","75 min.","Yorkville","Guided Down: Pure Presence","","Sauna..",57,60,3,21
"03/14/2025","10:30 AM","75 min.","Yorkville","Guided Up: Feel Good Now","","Sauna..",47,60,13,34
"03/14/2025","12:15 PM","75 min.","Yorkville","Guided Up: Arctic Tundra","","Sauna..",43,60,17,51
"03/14/2025","2:00 PM","75 min.","Yorkville","Free Flow","","Sauna..",1,33,32,83
"03/14/2025","2:30 PM","75 min.","Yorkville","Free Flow","","Sauna...",5,33,28,111
"03/14/2025","3:00 PM","75 min.","Yorkville","Free Flow","","Sauna....",20,33,13,124
"03/14/2025","3:30 PM","75 min.","Yorkville","Free Flow","","Sauna..",17,33,16,140
"03/14/2025","4:00 PM","75 min.","Yorkville","Free Flow","","Sauna...",16,33,17,157
"03/14/2025","4:30 PM","75 min.","Yorkville","Free Flow","","Sauna....",7,33,26,183
"03/14/2025","5:00 PM","75 min.","Yorkville","Free Flow","","Sauna..",9,33,24,207
"03/14/2025","5:30 PM","75 min.","Yorkville","Lively Free Flow","","Sauna...",6,33,27,234
"03/14/2025","7:15 PM","75 min.","Yorkville","Guided All Around: Rose, Thorn, Bud","","Sauna..",2,60,58,292
"03/14/2025","9:00 PM","120 min.","Yorkville","Social","","Sauna..",2,53,51,343
"03/14/2025","9:30 PM","120 min.","Yorkville","Social","","Sauna...",3,52,49,392
"03/15/2025","8:00 AM","75 min.","Yorkville","Guided Down: Embodied","","Sauna..",38,60,22,22
"03/15/2025","9:45 AM","75 min.","Yorkville","Guided All Around: Reset","","Sauna..",22,60,38,60
"03/15/2025","11:30 AM","75 min.","Yorkville","Guided Down: Deep Stretch","","Sauna..",,,,60
"03/15/2025","1:30 PM","75 min.","Yorkville","Lively Free Flow","","Sauna..",0,40,40,100
"03/15/2025","2:00 PM","75 min.","Yorkville","Lively Free Flow","","Sauna...",7,30,23,123
"03/15/2025","2:30 PM","75 min.","Yorkville","Lively Free Flow","","Sauna....",11,30,19,142
"03/15/2025","3:00 PM","75 min.","Yorkville","Lively Free Flow","","Sauna..",8,35,27,169
"03/15/2025","3:30 PM","75 min.","Yorkville","Lively Free Flow","","Sauna...",13,30,17,186
"03/15/2025","4:00 PM","75 min.","Yorkville","Lively Free Flow","","Sauna....",18,30,12,198
"03/15/2025","4:30 PM","75 min.","Yorkville","Lively Free Flow","","Sauna..",15,35,20,218
"03/15/2025","5:00 PM","75 min.","Yorkville","Lively Free Flow","","Sauna...",18,35,17,235
"03/15/2025","5:30 PM","75 min.","Yorkville","Lively Free Flow","","Sauna....",13,30,17,252
"03/15/2025","6:00 PM","75 min.","Yorkville","Lively Free Flow","","Sauna..",8,35,27,279
"03/15/2025","7:45 PM","75 min.","Yorkville","Guided Down: Sound Immersion","","Sauna..",7,60,53,332
"03/15/2025","9:30 PM","120 min.","Yorkville","Beat Drop: DJ Takeover","","Sauna..",2,53,51,383
"03/15/2025","9:45 PM","120 min.","Yorkville","Beat Drop: DJ Takeover","","Sauna...",17,52,35,418
"03/16/2025","7:00 AM","75 min.","Yorkville","Quieter Free Flow","","Sauna..",30,53,23,23
"03/16/2025","8:30 AM","75 min.","Yorkville","Free Flow","","Sauna..",26,53,27,50
"03/16/2025","10:15 AM","75 min.","Yorkville","Guided All Around: Rose, Thorn, Bud","","Sauna..",23,60,37,87
"03/16/2025","12:00 PM","75 min.","Yorkville","Guided Up: Feel Good Now","","Sauna..",10,60,50,137
"03/16/2025","2:00 PM","75 min.","Yorkville","Lively Free Flow","","Sauna..",1,40,39,176
"03/16/2025","2:30 PM","75 min.","Yorkville","Lively Free Flow","","Sauna...",0,35,35,211
"03/16/2025","3:00 PM","75 min.","Yorkville","Lively Free Flow","","Sauna....",0,20,20,231
"03/16/2025","3:30 PM","75 min.","Yorkville","Lively Free Flow","","Sauna..",1,40,39,270
"03/16/2025","4:00 PM","75 min.","Yorkville","Lively Free Flow","","Sauna...",1,35,34,304
"03/16/2025","5:45 PM","90 min.","Yorkville","Guided All Around: Space for Men","","Sauna..",38,60,22,326
"03/16/2025","7:45 PM","75 min.","Yorkville","Guided Down: Pure Presence","","Sauna..",,,,326
"03/16/2025","9:15 PM","75 min.","Yorkville","Free Flow","","Sauna..",5,53,48,374
"03/16/2025","9:30 PM","75 min.","Yorkville","Free Flow","","Sauna...",31,52,21,395
"03/03/2025","7:00 AM","75 min.","Yorkville","Quieter Free Flow","","Sauna..",24,33,9,9
"03/03/2025","7:30 AM","75 min.","Yorkville","Quieter Free Flow","","Sauna...",32,33,1,10
"03/03/2025","8:00 AM","75 min.","Yorkville","Quieter Free Flow","","Sauna....",32,33,1,11
"03/03/2025","8:30 AM","75 min.","Yorkville","Quieter Free Flow","","Sauna..",28,33,5,16
"03/03/2025","9:00 AM","75 min.","Yorkville","Quieter Free Flow","","Sauna...",29,33,4,20
"03/03/2025","9:30 AM","75 min.","Yorkville","Quieter Free Flow","","Sauna....",33,33,0,20
"03/03/2025","10:00 AM","75 min.","Yorkville","Quieter Free Flow","","Sauna..",24,33,9,29
"03/03/2025","10:15 AM","75 min.","Yorkville","Quieter Free Flow","","Sauna...",25,33,8,37
"03/03/2025","12:00 PM","75 min.","Yorkville","Guided Down: Sound Immersion","","Sauna..",40,60,20,57
"03/03/2025","2:00 PM","75 min.","Yorkville","Free Flow","","Sauna..",23,33,10,67
"03/03/2025","2:30 PM","75 min.","Yorkville","Free Flow","","Sauna...",25,33,8,75
"03/03/2025","3:00 PM","75 min.","Yorkville","Free Flow","","Sauna....",30,33,3,78
"03/03/2025","3:30 PM","75 min.","Yorkville","Free Flow","","Sauna..",30,33,3,81
"03/03/2025","4:00 PM","75 min.","Yorkville","Free Flow","","Sauna.",24,33,9,90
"03/03/2025","4:30 PM","75 min.","Yorkville","Free Flow","","Sauna...",23,33,10,100
"03/03/2025","5:00 PM","75 min.","Yorkville","Free Flow","","Sauna....",21,33,12,112
"03/03/2025","5:30 PM","75 min.","Yorkville","Lively Free Flow","","Sauna.",4,33,29,141
"03/03/2025","7:15 PM","75 min.","Yorkville","Guided Down: Self-Care Sweat","","Sauna..",13,60,47,188
"03/03/2025","9:00 PM","75 min.","Yorkville","Guided Down: Embodied","","Sauna..",28,60,32,220
"03/04/2025","7:00 AM","75 min.","Yorkville","Guided Up: Arctic Tundra","","Sauna..",49,60,11,11
"03/04/2025","8:30 AM","75 min.","Yorkville","Quieter Free Flow","","Sauna..",24,33,9,20
"03/04/2025","9:00 AM","75 min.","Yorkville","Quieter Free Flow","","Sauna...",30,33,3,23
"03/04/2025","9:30 AM","75 min.","Yorkville","Quieter Free Flow","","Sauna....",31,33,2,25
"03/04/2025","10:00 AM","75 min.","Yorkville","Quieter Free Flow","","Sauna..",27,33,6,31
"03/04/2025","10:15 AM","75 min.","Yorkville","Quieter Free Flow","","Sauna...",26,33,7,38
"03/04/2025","12:00 PM","75 min.","Yorkville","Guided All Around: Reset","","Sauna..",40,60,20,58
"03/04/2025","1:45 PM","75 min.","Yorkville","Guided All Around: Release","","Sauna..",36,60,24,82
"03/04/2025","3:30 PM","75 min.","Yorkville","Free Flow","","Sauna..",38,53,15,97
"03/04/2025","4:00 PM","75 min.","Yorkville","Free Flow","","Sauna.",25,33,8,105
"03/04/2025","4:30 PM","75 min.","Yorkville","Free Flow","","Sauna...",26,33,7,112
"03/04/2025","5:00 PM","75 min.","Yorkville","Free Flow","","Sauna....",14,33,19,131
"03/04/2025","5:30 PM","75 min.","Yorkville","Lively Free Flow","","Sauna.",3,33,30,161
"03/04/2025","7:15 PM","75 min.","Yorkville","Guided Up: Feel Good Now","","Sauna..",27,60,33,194
"03/04/2025","9:00 PM","75 min.","Yorkville","Quieter Free Flow","","Sauna..",9,53,44,238
"03/04/2025","9:30 PM","75 min.","Yorkville","Quieter Free Flow","","Sauna...",26,52,26,264
"03/05/2025","7:00 AM","75 min.","Yorkville","Guided Down: Sound Immersion","Stuart Campbell","Sauna..",41,60,19,19
"03/05/2025","8:30 AM","75 min.","Yorkville","Free Flow","","Sauna..",26,33,7,26
"03/05/2025","9:00 AM","75 min.","Yorkville","Free Flow","","Sauna...",31,33,2,28
"03/05/2025","9:30 AM","75 min.","Yorkville","Free Flow","","Sauna....",26,33,7,35
"03/05/2025","10:00 AM","75 min.","Yorkville","Free Flow","","Sauna..",25,33,8,43
"03/05/2025","10:15 AM","75 min.","Yorkville","Free Flow","","Sauna...",28,33,5,48
"03/05/2025","12:00 PM","75 min.","Yorkville","Guided Down: Deep Stretch","","Sauna..",32,58,26,74
"03/05/2025","2:00 PM","75 min.","Yorkville","Free Flow","","Sauna..",21,33,12,86
"03/05/2025","2:30 PM","75 min.","Yorkville","Free Flow","","Sauna...",29,33,4,90
"03/05/2025","3:00 PM","75 min.","Yorkville","Free Flow","","Sauna....",24,33,9,99
"03/05/2025","3:30 PM","75 min.","Yorkville","Free Flow","","Sauna..",29,33,4,103
"03/05/2025","3:45 PM","75 min.","Yorkville","Free Flow","","Sauna...",24,33,9,112
"03/05/2025","5:30 PM","75 min.","Yorkville","Guided Down: Sound Immersion","","Sauna..",43,60,17,129
"03/05/2025","7:15 PM","75 min.","Yorkville","Guided All Around: Reset","","Sauna..",2,60,58,187
"03/05/2025","9:00 PM","75 min.","Yorkville","Free Flow","","Sauna..",3,53,50,237
"03/05/2025","9:30 PM","75 min.","Yorkville","Free Flow","","Sauna....",26,52,26,263
"03/06/2025","7:00 AM","75 min.","Yorkville","Guided Down: Sound Immersion","","Sauna..",51,60,9,9
"03/06/2025","8:30 AM","75 min.","Yorkville","Free Flow","","Sauna..",25,33,8,17
"03/06/2025","9:00 AM","75 min.","Yorkville","Free Flow","","Sauna...",31,33,2,19
"03/06/2025","9:30 AM","75 min.","Yorkville","Free Flow","","Sauna....",30,33,3,22
"03/06/2025","10:00 AM","75 min.","Yorkville","Free Flow","","Sauna..",29,33,4,26
"03/06/2025","10:15 AM","75 min.","Yorkville","Free Flow","","Sauna...",30,33,3,29
"03/06/2025","12:00 PM","75 min.","Yorkville","Guided All Around: Reset","","Sauna..",46,60,14,43
"03/06/2025","2:00 PM","75 min.","Yorkville","Free Flow","","Sauna..",14,33,19,62
"03/06/2025","2:30 PM","75 min.","Yorkville","Free Flow","","Sauna...",23,33,10,72
"03/06/2025","3:00 PM","75 min.","Yorkville","Free Flow","","Sauna....",29,33,4,76
"03/06/2025","3:30 PM","75 min.","Yorkville","Free Flow","","Sauna..",27,33,6,82
"03/06/2025","3:45 PM","75 min.","Yorkville","Free Flow","","Sauna.",11,33,22,104
"03/06/2025","5:30 PM","75 min.","Yorkville","Guided Up: Arctic Tundra","","Sauna..",45,60,15,119
"03/06/2025","7:15 PM","75 min.","Yorkville","Guided All Around: Heart Opener","","Sauna..",7,60,53,172
"03/06/2025","9:00 PM","75 min.","Yorkville","Lively Free Flow","","Sauna..",5,53,48,220
"03/06/2025","9:30 PM","75 min.","Yorkville","Lively Free Flow","","Sauna...",25,52,27,247
"03/07/2025","7:00 AM","75 min.","Yorkville","Guided Down: Pure Presence","","Sauna..",46,60,14,14
"03/07/2025","8:45 AM","75 min.","Yorkville","Guided Down: Self-Care Sweat","","Sauna..",45,60,15,29
"03/07/2025","10:30 AM","75 min.","Yorkville","Guided Down: Senses","","Sauna..",52,60,8,37
"03/07/2025","12:15 PM","75 min.","Yorkville","Guided Up: Arctic Tundra","","Sauna..",50,60,10,47
"03/07/2025","2:00 PM","75 min.","Yorkville","Free Flow","","Sauna..",1,33,32,79
"03/07/2025","2:30 PM","75 min.","Yorkville","Free Flow","","Sauna...",9,33,24,103
"03/07/2025","3:00 PM","75 min.","Yorkville","Free Flow","","Sauna....",22,33,11,114
"03/07/2025","3:30 PM","75 min.","Yorkville","Free Flow","","Sauna..",23,33,10,124
"03/07/2025","4:00 PM","75 min.","Yorkville","Free Flow","","Sauna...",12,33,21,145
"03/07/2025","4:30 PM","75 min.","Yorkville","Free Flow","","Sauna....",9,33,24,169
"03/07/2025","5:00 PM","75 min.","Yorkville","Free Flow","","Sauna..",0,33,33,202
"03/07/2025","5:30 PM","75 min.","Yorkville","Lively Free Flow","","Sauna...",0,33,33,235
"03/07/2025","7:15 PM","75 min.","Yorkville","Guided All Around: Sound Immersion","","Sauna..",,,,235
"03/07/2025","9:00 PM","120 min.","Yorkville","Social","","Sauna..",0,53,53,288
"03/07/2025","9:30 PM","120 min.","Yorkville","Social","","Sauna...",0,52,52,340
"03/08/2025","8:00 AM","75 min.","Yorkville","Guided Down: Deep Stretch","","Sauna..",46,58,12,12
"03/08/2025","9:45 AM","75 min.","Yorkville","Guided Down: Self-Care Sweat","","Sauna..",6,60,54,66
"03/08/2025","11:30 AM","75 min.","Yorkville","Guided Down: Embodied","","Sauna..",10,60,50,116
"03/08/2025","1:30 PM","75 min.","Yorkville","Lively Free Flow: DJ Takeover","","Sauna..",0,35,35,151
"03/08/2025","2:00 PM","75 min.","Yorkville","Lively Free Flow: DJ Takeover","","Sauna...",7,30,23,174
"03/08/2025","2:30 PM","75 min.","Yorkville","Lively Free Flow: DJ Takeover","","Sauna....",0,30,30,204
"03/08/2025","3:00 PM","75 min.","Yorkville","Lively Free Flow: DJ Takeover","","Sauna..",5,35,30,234
"03/08/2025","3:30 PM","75 min.","Yorkville","Lively Free Flow: DJ Takeover","","Sauna...",17,30,13,247
"03/08/2025","4:00 PM","75 min.","Yorkville","Lively Free Flow: DJ Takeover","","Sauna....",8,30,22,269
"03/08/2025","4:30 PM","75 min.","Yorkville","Lively Free Flow: DJ Takeover","","Sauna..",12,35,23,292
"03/08/2025","5:00 PM","75 min.","Yorkville","Lively Free Flow: DJ Takeover","","Sauna...",0,35,35,327
"03/08/2025","5:30 PM","75 min.","Yorkville","Lively Free Flow: DJ Takeover","","Sauna....",0,30,30,357
"03/08/2025","6:00 PM","75 min.","Yorkville","Lively Free Flow: DJ Takeover","","Sauna..",0,35,35,392
"03/08/2025","7:45 PM","75 min.","Yorkville","Guided All Around: Loving Kindness","","Sauna..",,,,392
"03/08/2025","9:30 PM","120 min.","Yorkville","Social: Space for Women","","Sauna..",26,53,27,419
"03/08/2025","9:45 PM","120 min.","Yorkville","Social: Space for Women","","Sauna...",43,52,9,428
"03/09/2025","7:00 AM","75 min.","Yorkville","Quieter Free Flow","","Sauna..",33,53,20,20
"03/09/2025","8:30 AM","75 min.","Yorkville","Free Flow","","Sauna..",31,53,22,42
"03/09/2025","10:15 AM","75 min.","Yorkville","Guided All Around: Reset","","Sauna..",16,60,44,86
"03/09/2025","12:00 PM","75 min.","Yorkville","Guided Up: Feel Good Now","","Sauna..",18,60,42,128
"03/09/2025","2:00 PM","75 min.","Yorkville","Lively Free Flow","","Sauna..",0,40,40,168
"03/09/2025","2:30 PM","75 min.","Yorkville","Lively Free Flow","","Sauna...",1,35,34,202
"03/09/2025","3:00 PM","75 min.","Yorkville","Lively Free Flow","","Sauna....",0,20,20,222
"03/09/2025","3:30 PM","75 min.","Yorkville","Lively Free Flow","","Sauna..",9,40,31,253
"03/09/2025","4:00 PM","75 min.","Yorkville","Lively Free Flow","","Sauna...",0,35,35,288
"03/09/2025","5:45 PM","75 min.","Yorkville","Guided All Around: Inner Power","","Sauna..",2,60,58,346
"03/09/2025","7:30 PM","75 min.","Yorkville","Guided Down: Sound Immersion","","Sauna..",8,60,52,398
"03/09/2025","9:15 PM","75 min.","Yorkville","Free Flow","","Sauna..",19,53,34,432
"03/09/2025","9:30 PM","75 min.","Yorkville","Free Flow","","Sauna...",34,52,18,450
"02/24/2025","7:00 AM","75 min.","Yorkville","Quieter Free Flow","","Sauna..",23,33,10,10
"02/24/2025","7:30 AM","75 min.","Yorkville","Quieter Free Flow","","Sauna...",30,33,3,13
"02/24/2025","8:00 AM","75 min.","Yorkville","Quieter Free Flow","","Sauna....",26,33,7,20
"02/24/2025","8:30 AM","75 min.","Yorkville","Quieter Free Flow","","Sauna..",24,33,9,29
"02/24/2025","9:00 AM","75 min.","Yorkville","Quieter Free Flow","","Sauna...",32,33,1,30
"02/24/2025","9:30 AM","75 min.","Yorkville","Quieter Free Flow","","Sauna....",33,33,0,30
"02/24/2025","10:00 AM","75 min.","Yorkville","Quieter Free Flow","","Sauna..",27,33,6,36
"02/24/2025","10:15 AM","75 min.","Yorkville","Quieter Free Flow","","Sauna...",21,33,12,48
"02/24/2025","12:00 PM","75 min.","Yorkville","Guided Down: Sound Immersion","","Sauna..",50,64,14,62
"02/24/2025","2:00 PM","75 min.","Yorkville","Free Flow","","Sauna..",20,33,13,75
"02/24/2025","2:30 PM","75 min.","Yorkville","Free Flow","","Sauna...",27,33,6,81
"02/24/2025","3:00 PM","75 min.","Yorkville","Free Flow","","Sauna....",28,33,5,86
"02/24/2025","3:30 PM","75 min.","Yorkville","Free Flow","","Sauna..",29,33,4,90
"02/24/2025","4:00 PM","75 min.","Yorkville","Free Flow","","Sauna.",30,33,3,93
"02/24/2025","4:30 PM","75 min.","Yorkville","Free Flow","","Sauna...",27,33,6,99
"02/24/2025","5:00 PM","75 min.","Yorkville","Free Flow","","Sauna....",12,33,21,120
"02/24/2025","5:30 PM","75 min.","Yorkville","Lively Free Flow","","Sauna.",3,33,30,150
"02/24/2025","7:15 PM","90 min.","Yorkville","Guided All Around: Space for Women","","Sauna..",36,64,28,178
"02/24/2025","9:15 PM","75 min.","Yorkville","Guided All Around: Journey Through the Elements","","Sauna..",,,,178
"02/25/2025","7:00 AM","75 min.","Yorkville","Quieter Free Flow","","Sauna..",30,33,3,3
"02/25/2025","7:30 AM","75 min.","Yorkville","Quieter Free Flow","","Sauna.",31,33,2,5
"02/25/2025","8:00 AM","75 min.","Yorkville","Quieter Free Flow","","Sauna....",33,33,0,5
"02/25/2025","8:30 AM","75 min.","Yorkville","Quieter Free Flow","","Sauna..",27,33,6,11
"02/25/2025","9:00 AM","75 min.","Yorkville","Quieter Free Flow","","Sauna...",28,33,5,16
"02/25/2025","9:30 AM","75 min.","Yorkville","Quieter Free Flow","","Sauna....",26,33,7,23
"02/25/2025","10:00 AM","75 min.","Yorkville","Quieter Free Flow","","Sauna..",24,33,9,32
"02/25/2025","10:15 AM","75 min.","Yorkville","Quieter Free Flow","","Sauna...",25,33,8,40
"02/25/2025","12:00 PM","75 min.","Yorkville","Guided Down: Pure Presence","","Sauna..",54,64,10,50
"02/25/2025","1:45 PM","75 min.","Yorkville","Guided Up: Awakening","","Sauna..",53,64,11,61
"02/25/2025","3:30 PM","75 min.","Yorkville","Free Flow","","Sauna..",37,53,16,77
"02/25/2025","4:00 PM","75 min.","Yorkville","Free Flow","","Sauna.",27,33,6,83
"02/25/2025","4:30 PM","75 min.","Yorkville","Free Flow","","Sauna...",19,33,14,97
"02/25/2025","5:00 PM","75 min.","Yorkville","Free Flow","","Sauna....",15,33,18,115
"02/25/2025","5:30 PM","75 min.","Yorkville","Lively Free Flow","","Sauna.",6,33,27,142
"02/25/2025","7:15 PM","75 min.","Yorkville","Guided Down: Deep Stretch","","Sauna..",2,59,57,199
"02/25/2025","9:00 PM","120 min.","Yorkville","Friend(ship): A Guided Social","","Sauna..",4,64,60,259
"02/26/2025","7:00 AM","75 min.","Yorkville","Guided Down: Sound Immersion","Stuart Campbell","Sauna..",55,64,9,9
"02/26/2025","8:30 AM","75 min.","Yorkville","Free Flow","","Sauna..",26,33,7,16
"02/26/2025","9:00 AM","75 min.","Yorkville","Free Flow","","Sauna...",26,33,7,23
"02/26/2025","9:30 AM","75 min.","Yorkville","Free Flow","","Sauna....",32,33,1,24
"02/26/2025","10:00 AM","75 min.","Yorkville","Free Flow","","Sauna..",30,33,3,27
"02/26/2025","10:15 AM","75 min.","Yorkville","Free Flow","","Sauna...",25,33,8,35
"02/26/2025","12:00 PM","75 min.","Yorkville","Guided All Around: Journey Through the Elements","","Sauna..",47,64,17,52
"02/26/2025","2:00 PM","75 min.","Yorkville","Free Flow","","Sauna..",15,33,18,70
"02/26/2025","2:30 PM","75 min.","Yorkville","Free Flow","","Sauna...",28,33,5,75
"02/26/2025","3:00 PM","75 min.","Yorkville","Free Flow","","Sauna....",27,33,6,81
"02/26/2025","3:30 PM","75 min.","Yorkville","Free Flow","","Sauna..",31,33,2,83
"02/26/2025","3:45 PM","75 min.","Yorkville","Free Flow","","Sauna...",25,33,8,91
"02/26/2025","5:30 PM","75 min.","Yorkville","Guided Up: Self-Care Sweat","","Sauna..",,,,91
"02/26/2025","7:15 PM","75 min.","Yorkville","Guided All Around: A-Z Emotions","","Sauna..",4,64,60,151
"02/26/2025","9:00 PM","75 min.","Yorkville","Free Flow","","Sauna..",0,53,53,204
"02/26/2025","9:30 PM","75 min.","Yorkville","Free Flow","","Sauna....",0,52,52,256
"02/27/2025","7:00 AM","75 min.","Yorkville","Guided Down: Sound Immersion","","Sauna..",54,64,10,10
"02/27/2025","8:30 AM","75 min.","Yorkville","Free Flow","","Sauna..",30,33,3,13
"02/27/2025","9:00 AM","75 min.","Yorkville","Free Flow","","Sauna...",29,33,4,17
"02/27/2025","9:30 AM","75 min.","Yorkville","Free Flow","","Sauna....",28,33,5,22
"02/27/2025","10:00 AM","75 min.","Yorkville","Free Flow","","Sauna..",31,33,2,24
"02/27/2025","10:15 AM","75 min.","Yorkville","Free Flow","","Sauna...",25,33,8,32
"02/27/2025","12:00 PM","75 min.","Yorkville","Guided All Around: Rose, Thorn, Bud","","Sauna..",36,64,28,60
"02/27/2025","2:00 PM","75 min.","Yorkville","Free Flow","","Sauna..",17,33,16,76
"02/27/2025","2:30 PM","75 min.","Yorkville","Free Flow","","Sauna...",26,33,7,83
"02/27/2025","3:00 PM","75 min.","Yorkville","Free Flow","","Sauna....",28,33,5,88
"02/27/2025","3:30 PM","75 min.","Yorkville","Free Flow","","Sauna..",27,33,6,94
"02/27/2025","3:45 PM","75 min.","Yorkville","Free Flow","","Sauna.",17,33,16,110
"02/27/2025","5:30 PM","75 min.","Yorkville","Guided All Around: Reset","","Sauna..",40,64,24,134
"02/27/2025","7:15 PM","75 min.","Yorkville","Guided All Around: Inner Power","","Sauna..",3,64,61,195
"02/27/2025","9:00 PM","75 min.","Yorkville","Lively Free Flow","","Sauna..",4,53,49,244
"02/27/2025","9:30 PM","75 min.","Yorkville","Lively Free Flow","","Sauna...",20,52,32,276
"02/28/2025","7:00 AM","75 min.","Yorkville","Guided All Around: Reset","","Sauna..",51,64,13,13
"02/28/2025","8:45 AM","75 min.","Yorkville","Guided Down: Self-Care Sweat","","Sauna..",48,60,12,25
"02/28/2025","10:30 AM","75 min.","Yorkville","Guided Down: Deep Stretch","","Sauna..",34,59,25,50
"02/28/2025","12:15 PM","75 min.","Yorkville","Guided Up: Arctic Tundra","","Sauna..",54,64,10,60
"02/28/2025","2:00 PM","75 min.","Yorkville","Free Flow","","Sauna..",4,33,29,89
"02/28/2025","2:30 PM","75 min.","Yorkville","Free Flow","","Sauna...",23,33,10,99
"02/28/2025","3:00 PM","75 min.","Yorkville","Free Flow","","Sauna....",27,33,6,105
"02/28/2025","3:30 PM","75 min.","Yorkville","Free Flow","","Sauna..",16,33,17,122
"02/28/2025","4:00 PM","75 min.","Yorkville","Free Flow","","Sauna...",23,33,10,132
"02/28/2025","4:30 PM","75 min.","Yorkville","Free Flow","","Sauna....",4,33,29,161
"02/28/2025","5:00 PM","75 min.","Yorkville","Free Flow","","Sauna..",8,33,25,186
"02/28/2025","5:30 PM","75 min.","Yorkville","Lively Free Flow","","Sauna...",0,33,33,219
"02/28/2025","7:15 PM","75 min.","Yorkville","Guided All Around: Rose, Thorn, Bud","","Sauna..",1,64,63,282
"02/28/2025","9:00 PM","120 min.","Yorkville","Social","","Sauna..",1,53,52,334
"02/28/2025","9:30 PM","120 min.","Yorkville","Social","","Sauna...",2,52,50,384
"03/01/2025","8:00 AM","75 min.","Yorkville","Guided Down: Embodied","","Sauna..",38,60,22,22
"03/01/2025","9:45 AM","75 min.","Yorkville","Guided All Around: Reset","","Sauna..",1,64,63,85
"03/01/2025","11:30 AM","75 min.","Yorkville","Guided Down: Embodied","","Sauna..",1,60,59,144
"03/01/2025","1:30 PM","75 min.","Yorkville","Lively Free Flow","","Sauna..",2,40,38,182
"03/01/2025","2:00 PM","75 min.","Yorkville","Lively Free Flow","","Sauna...",0,30,30,212
"03/01/2025","2:30 PM","75 min.","Yorkville","Lively Free Flow","","Sauna....",1,30,29,241
"03/01/2025","3:00 PM","75 min.","Yorkville","Lively Free Flow","","Sauna..",14,35,21,262
"03/01/2025","3:30 PM","75 min.","Yorkville","Lively Free Flow","","Sauna...",8,30,22,284
"03/01/2025","4:00 PM","75 min.","Yorkville","Lively Free Flow","","Sauna....",10,30,20,304
"03/01/2025","4:30 PM","75 min.","Yorkville","Lively Free Flow","","Sauna..",19,35,16,320
"03/01/2025","5:00 PM","75 min.","Yorkville","Lively Free Flow","","Sauna...",1,35,34,354
"03/01/2025","5:30 PM","75 min.","Yorkville","Lively Free Flow","","Sauna....",0,30,30,384
"03/01/2025","6:00 PM","75 min.","Yorkville","Lively Free Flow","","Sauna..",6,35,29,413
"03/01/2025","9:00 PM","180 min.","Yorkville","Camp Summerdaze Social","","Private",23,180,157,570
"03/02/2025","7:00 AM","75 min.","Yorkville","Quieter Free Flow","","Sauna..",27,53,26,26
"03/02/2025","8:30 AM","75 min.","Yorkville","Free Flow","","Sauna..",20,53,33,59
"03/02/2025","10:15 AM","75 min.","Yorkville","Guided All Around: Rose, Thorn, Bud","","Sauna..",2,64,62,121
"03/02/2025","12:00 PM","75 min.","Yorkville","Guided All Around: Reset","","Sauna..",1,64,63,184
"03/02/2025","2:00 PM","75 min.","Yorkville","Lively Free Flow","","Sauna..",0,40,40,224
"03/02/2025","2:30 PM","75 min.","Yorkville","Lively Free Flow","","Sauna...",0,35,35,259
"03/02/2025","3:00 PM","75 min.","Yorkville","Lively Free Flow","","Sauna....",0,20,20,279
"03/02/2025","3:30 PM","75 min.","Yorkville","Lively Free Flow","","Sauna..",10,40,30,309
"03/02/2025","4:00 PM","75 min.","Yorkville","Lively Free Flow","","Sauna...",10,35,25,334
"03/02/2025","5:45 PM","75 min.","Yorkville","Guided All Around: Release","","Sauna..",1,64,63,397
"03/02/2025","7:30 PM","75 min.","Yorkville","Guided All Around: Loving Kindness","","Sauna..",33,64,31,428
"03/02/2025","9:15 PM","75 min.","Yorkville","Free Flow","","Sauna..",19,53,34,462
"03/02/2025","9:30 PM","75 min.","Yorkville","Free Flow","","Sauna...",30,52,22,484
"02/17/2025","7:00 AM","75 min.","Yorkville","Free Flow","","Sauna..",24,33,9,9
"02/17/2025","7:30 AM","75 min.","Yorkville","Free Flow","","Sauna...",32,33,1,10
"02/17/2025","8:00 AM","75 min.","Yorkville","Free Flow","","Sauna....",31,33,2,12
"02/17/2025","8:30 AM","75 min.","Yorkville","Free Flow","","Sauna..",29,33,4,16
"02/17/2025","9:00 AM","75 min.","Yorkville","Free Flow","","Sauna...",22,33,11,27
"02/17/2025","9:30 AM","75 min.","Yorkville","Free Flow","","Sauna....",26,33,7,34
"02/17/2025","10:00 AM","75 min.","Yorkville","Free Flow","","Sauna..",19,33,14,48
"02/17/2025","10:15 AM","75 min.","Yorkville","Free Flow","","Sauna...",7,33,26,74
"02/17/2025","12:00 PM","75 min.","Yorkville","Guided All Around: Loving Kindness","","Sauna..",,,,74
"02/17/2025","2:00 PM","75 min.","Yorkville","Lively Free Flow","","Sauna..",,,,74
"02/17/2025","2:30 PM","75 min.","Yorkville","Lively Free Flow","","Sauna...",,,,74
"02/17/2025","3:00 PM","75 min.","Yorkville","Lively Free Flow","","Sauna....",5,33,28,102
"02/17/2025","3:30 PM","75 min.","Yorkville","Lively Free Flow","","Sauna..",5,33,28,130
"02/17/2025","4:00 PM","75 min.","Yorkville","Lively Free Flow","","Sauna.",2,33,31,161
"02/17/2025","4:30 PM","75 min.","Yorkville","Lively Free Flow","","Sauna...",6,33,27,188
"02/17/2025","5:00 PM","75 min.","Yorkville","Lively Free Flow","","Sauna....",18,33,15,203
"02/17/2025","5:30 PM","75 min.","Yorkville","Lively Free Flow","","Sauna.",2,33,31,234
"02/17/2025","7:15 PM","75 min.","Yorkville","Guided Down: Self-Care Sweat","","Sauna..",3,60,57,291
"02/17/2025","9:00 PM","75 min.","Yorkville","Guided Down: Embodied","","Sauna..",42,60,18,309
"02/18/2025","7:00 AM","75 min.","Yorkville","Guided Up: Arctic Tundra","","Sauna..",55,64,9,9
"02/18/2025","10:15 AM","75 min.","Yorkville","Quieter Free Flow","","Sauna...",16,33,17,26
"02/18/2025","12:00 PM","75 min.","Yorkville","Guided Down: Pure Presence","","Sauna..",52,64,12,38
"02/18/2025","1:45 PM","75 min.","Yorkville","Guided All Around: Release","","Sauna..",46,64,18,56
"02/18/2025","3:30 PM","75 min.","Yorkville","Free Flow","","Sauna..",35,53,18,74
"02/18/2025","4:00 PM","75 min.","Yorkville","Free Flow","","Sauna.",28,33,5,79
"02/18/2025","4:30 PM","75 min.","Yorkville","Free Flow","","Sauna...",30,33,3,82
"02/18/2025","5:00 PM","75 min.","Yorkville","Free Flow","","Sauna....",24,33,9,91
"02/18/2025","5:30 PM","75 min.","Yorkville","Lively Free Flow","","Sauna.",12,33,21,112
"02/18/2025","7:15 PM","75 min.","Yorkville","Guided All Around: Journey Through the Elements","","Sauna..",27,64,37,149
"02/18/2025","9:00 PM","75 min.","Yorkville","Quieter Free Flow","","Sauna..",28,53,25,174
"02/18/2025","9:30 PM","75 min.","Yorkville","Quieter Free Flow","","Sauna...",29,52,23,197
"02/19/2025","7:00 AM","75 min.","Yorkville","Guided Down: Sound Immersion","Stuart Campbell","Sauna..",53,64,11,11
"02/19/2025","8:30 AM","75 min.","Yorkville","Free Flow","","Sauna..",30,33,3,14
"02/19/2025","9:00 AM","75 min.","Yorkville","Free Flow","","Sauna...",28,33,5,19
"02/19/2025","9:30 AM","75 min.","Yorkville","Free Flow","","Sauna....",26,33,7,26
"02/19/2025","10:00 AM","75 min.","Yorkville","Free Flow","","Sauna..",29,33,4,30
"02/19/2025","10:15 AM","75 min.","Yorkville","Free Flow","","Sauna...",18,33,15,45
"02/19/2025","12:00 PM","75 min.","Yorkville","Guided Down: Deep Stretch","","Sauna..",45,59,14,59
"02/19/2025","2:00 PM","75 min.","Yorkville","Free Flow","","Sauna..",18,33,15,74
"02/19/2025","2:30 PM","75 min.","Yorkville","Free Flow","","Sauna...",31,33,2,76
"02/19/2025","3:00 PM","75 min.","Yorkville","Free Flow","","Sauna....",27,33,6,82
"02/19/2025","3:30 PM","75 min.","Yorkville","Free Flow","","Sauna..",27,33,6,88
"02/19/2025","3:45 PM","75 min.","Yorkville","Free Flow","","Sauna...",16,33,17,105
"02/19/2025","5:30 PM","75 min.","Yorkville","Guided Down: Sound Immersion","","Sauna..",32,64,32,137
"02/19/2025","7:15 PM","75 min.","Yorkville","Guided Up: Awakening","","Sauna..",3,64,61,198
"02/19/2025","9:00 PM","75 min.","Yorkville","Free Flow","","Sauna..",11,53,42,240
"02/19/2025","9:30 PM","75 min.","Yorkville","Free Flow","","Sauna....",22,52,30,270
"02/20/2025","7:00 AM","75 min.","Yorkville","Guided Down: Sound Immersion","","Sauna..",46,64,18,18
"02/20/2025","8:30 AM","75 min.","Yorkville","Free Flow","","Sauna..",28,33,5,23
"02/20/2025","9:00 AM","75 min.","Yorkville","Free Flow","","Sauna...",29,33,4,27
"02/20/2025","9:30 AM","75 min.","Yorkville","Free Flow","","Sauna....",28,33,5,32
"02/20/2025","10:00 AM","75 min.","Yorkville","Free Flow","","Sauna..",28,33,5,37
"02/20/2025","10:15 AM","75 min.","Yorkville","Free Flow","","Sauna...",23,33,10,47
"02/20/2025","12:00 PM","75 min.","Yorkville","Guided All Around: Reset","","Sauna..",43,64,21,68
"02/20/2025","2:00 PM","75 min.","Yorkville","Free Flow","","Sauna..",16,33,17,85
"02/20/2025","2:30 PM","75 min.","Yorkville","Free Flow","","Sauna...",30,33,3,88
"02/20/2025","3:00 PM","75 min.","Yorkville","Free Flow","","Sauna....",25,33,8,96
"02/20/2025","3:30 PM","75 min.","Yorkville","Free Flow","","Sauna..",22,33,11,107
"02/20/2025","3:45 PM","75 min.","Yorkville","Free Flow","","Sauna.",23,33,10,117
"02/20/2025","5:30 PM","75 min.","Yorkville","Guided Up: Arctic Tundra","","Sauna..",51,64,13,130
"02/20/2025","7:15 PM","75 min.","Yorkville","Guided All Around: Heart Opener","","Sauna..",6,64,58,188
"02/20/2025","9:00 PM","75 min.","Yorkville","Lively Free Flow","","Sauna..",27,53,26,214
"02/20/2025","9:30 PM","75 min.","Yorkville","Lively Free Flow","","Sauna...",27,52,25,239
"02/21/2025","7:00 AM","75 min.","Yorkville","Guided Down: Pure Presence","","Sauna..",50,64,14,14
"02/21/2025","8:45 AM","75 min.","Yorkville","Guided Down: Sound Immersion","","Sauna..",55,64,9,23
"02/21/2025","10:30 AM","75 min.","Yorkville","Guided Down: Deep Stretch","","Sauna..",39,59,20,43
"02/21/2025","12:15 PM","75 min.","Yorkville","Guided Up: Arctic Tundra","","Sauna..",54,64,10,53
"02/21/2025","2:00 PM","75 min.","Yorkville","Free Flow","","Sauna..",9,33,24,77
"02/21/2025","2:30 PM","75 min.","Yorkville","Free Flow","","Sauna...",24,33,9,86
"02/21/2025","3:00 PM","75 min.","Yorkville","Free Flow","","Sauna....",22,33,11,97
"02/21/2025","3:30 PM","75 min.","Yorkville","Free Flow","","Sauna..",16,33,17,114
"02/21/2025","4:00 PM","75 min.","Yorkville","Free Flow","","Sauna...",14,33,19,133
"02/21/2025","4:30 PM","75 min.","Yorkville","Free Flow","","Sauna....",10,33,23,156
"02/21/2025","5:00 PM","75 min.","Yorkville","Free Flow","","Sauna..",7,33,26,182
"02/21/2025","5:30 PM","75 min.","Yorkville","Lively Free Flow","","Sauna...",1,33,32,214
"02/21/2025","7:15 PM","75 min.","Yorkville","Guided Down: Sound Immersion","","Sauna..",1,64,63,277
"02/21/2025","9:00 PM","120 min.","Yorkville","Social","","Sauna..",5,53,48,325
"02/21/2025","9:30 PM","120 min.","Yorkville","Social","","Sauna...",0,52,52,377
"02/22/2025","8:00 AM","75 min.","Yorkville","Guided All Around: Reset","","Sauna..",16,64,48,48
"02/22/2025","9:45 AM","75 min.","Yorkville","Guided Down: Self-Care Sweat","","Sauna..",9,60,51,99
"02/22/2025","11:30 AM","75 min.","Yorkville","Guided Down: Rose, Thorn, Bud","","Sauna..",1,64,63,162
"02/22/2025","1:30 PM","75 min.","Yorkville","Lively Free Flow","","Sauna..",4,40,36,198
"02/22/2025","2:00 PM","75 min.","Yorkville","Lively Free Flow","","Sauna...",11,30,19,217
"02/22/2025","2:30 PM","75 min.","Yorkville","Lively Free Flow","","Sauna....",0,30,30,247
"02/22/2025","3:00 PM","75 min.","Yorkville","Lively Free Flow","","Sauna..",0,35,35,282
"02/22/2025","3:30 PM","75 min.","Yorkville","Lively Free Flow","","Sauna...",2,30,28,310
"02/22/2025","4:00 PM","75 min.","Yorkville","Lively Free Flow","","Sauna....",21,30,9,319
"02/22/2025","4:30 PM","75 min.","Yorkville","Lively Free Flow","","Sauna..",19,35,16,335
"02/22/2025","5:00 PM","75 min.","Yorkville","Lively Free Flow","","Sauna...",21,35,14,349
"02/22/2025","5:30 PM","75 min.","Yorkville","Lively Free Flow","","Sauna....",16,30,14,363
"02/22/2025","6:00 PM","75 min.","Yorkville","Lively Free Flow","","Sauna..",7,35,28,391
"02/22/2025","7:45 PM","75 min.","Yorkville","Guided All Around: Rose, Thorn, Bud","","Sauna..",2,64,62,453
"02/22/2025","9:30 PM","120 min.","Yorkville","Social","","Sauna..",26,53,27,480
"02/22/2025","9:45 PM","120 min.","Yorkville","Social","","Sauna...",44,52,8,488
"02/23/2025","7:00 AM","75 min.","Yorkville","Quieter Free Flow","","Sauna..",32,53,21,21
"02/23/2025","8:30 AM","75 min.","Yorkville","Free Flow","","Sauna..",30,53,23,44
"02/23/2025","10:15 AM","75 min.","Yorkville","Guided All Around: Reset","","Sauna..",8,64,56,100
"02/23/2025","12:00 PM","75 min.","Yorkville","Guided All Around: Reset","","Sauna..",8,64,56,156
"02/23/2025","2:00 PM","75 min.","Yorkville","Lively Free Flow","","Sauna..",1,40,39,195
"02/23/2025","2:30 PM","75 min.","Yorkville","Lively Free Flow","","Sauna...",0,35,35,230
"02/23/2025","3:00 PM","75 min.","Yorkville","Lively Free Flow","","Sauna....",3,20,17,247
"02/23/2025","3:30 PM","75 min.","Yorkville","Lively Free Flow","","Sauna..",16,40,24,271
"02/23/2025","4:00 PM","75 min.","Yorkville","Lively Free Flow","","Sauna...",1,35,34,305
"02/23/2025","5:45 PM","75 min.","Yorkville","Guided Down: Pure Presence","","Sauna..",10,64,54,359
"02/23/2025","7:30 PM","75 min.","Yorkville","Guided Down: Sound Immersion","","Sauna..",24,64,40,399
"02/23/2025","9:15 PM","75 min.","Yorkville","Free Flow","","Sauna..",27,53,26,425
"02/23/2025","9:30 PM","75 min.","Yorkville","Free Flow","","Sauna...",26,52,26,451
"02/10/2025","7:00 AM","75 min.","Yorkville","Quieter Free Flow","","Sauna..",25,33,8,8
"02/10/2025","7:30 AM","75 min.","Yorkville","Quieter Free Flow","","Sauna...",30,33,3,11
"02/10/2025","8:00 AM","75 min.","Yorkville","Quieter Free Flow","","Sauna....",30,33,3,14
"02/10/2025","8:30 AM","75 min.","Yorkville","Quieter Free Flow","","Sauna..",31,33,2,16
"02/10/2025","9:00 AM","75 min.","Yorkville","Quieter Free Flow","","Sauna...",29,33,4,20
"02/10/2025","9:30 AM","75 min.","Yorkville","Quieter Free Flow","","Sauna....",30,33,3,23
"02/10/2025","10:00 AM","75 min.","Yorkville","Quieter Free Flow","","Sauna..",31,33,2,25
"02/10/2025","10:15 AM","75 min.","Yorkville","Quieter Free Flow","","Sauna...",25,33,8,33
"02/10/2025","12:00 PM","75 min.","Yorkville","Guided Down: Sound Immersion","","Sauna..",31,64,33,66
"02/10/2025","2:00 PM","75 min.","Yorkville","Free Flow","","Sauna..",19,33,14,80
"02/10/2025","2:30 PM","75 min.","Yorkville","Free Flow","","Sauna...",23,33,10,90
"02/10/2025","3:00 PM","75 min.","Yorkville","Free Flow","","Sauna....",29,33,4,94
"02/10/2025","3:30 PM","75 min.","Yorkville","Free Flow","","Sauna..",28,33,5,99
"02/10/2025","4:00 PM","75 min.","Yorkville","Free Flow","","Sauna.",24,33,9,108
"02/10/2025","4:30 PM","75 min.","Yorkville","Free Flow","","Sauna...",23,33,10,118
"02/10/2025","5:00 PM","75 min.","Yorkville","Free Flow","","Sauna....",22,33,11,129
"02/10/2025","5:30 PM","75 min.","Yorkville","Lively Free Flow","","Sauna.",7,33,26,155
"02/10/2025","7:15 PM","75 min.","Yorkville","Guided Down: Deep Stretch","","Sauna..",,,,155
"02/10/2025","9:00 PM","120 min.","Yorkville","Comedy Night","","Sauna..",3,64,61,216
"02/11/2025","7:00 AM","75 min.","Yorkville","Guided Up: Arctic Tundra","","Sauna..",59,64,5,5
"02/11/2025","8:30 AM","75 min.","Yorkville","Quieter Free Flow","","Sauna..",22,33,11,16
"02/11/2025","9:00 AM","75 min.","Yorkville","Quieter Free Flow","","Sauna...",29,33,4,20
"02/11/2025","9:30 AM","75 min.","Yorkville","Quieter Free Flow","","Sauna....",32,33,1,21
"02/11/2025","10:00 AM","75 min.","Yorkville","Quieter Free Flow","","Sauna..",27,33,6,27
"02/11/2025","10:15 AM","75 min.","Yorkville","Quieter Free Flow","","Sauna...",23,33,10,37
"02/11/2025","12:00 PM","75 min.","Yorkville","Guided Down: Pure Presence","","Sauna..",50,64,14,51
"02/11/2025","1:45 PM","75 min.","Yorkville","Guided Up: Awakening","","Sauna..",54,64,10,61
"02/11/2025","3:30 PM","75 min.","Yorkville","Free Flow","","Sauna..",35,53,18,79
"02/11/2025","4:00 PM","75 min.","Yorkville","Free Flow","","Sauna.",26,33,7,86
"02/11/2025","4:30 PM","75 min.","Yorkville","Free Flow","","Sauna...",21,33,12,98
"02/11/2025","5:00 PM","75 min.","Yorkville","Free Flow","","Sauna....",14,33,19,117
"02/11/2025","5:30 PM","75 min.","Yorkville","Lively Free Flow","","Sauna.",2,33,31,148
"02/11/2025","7:15 PM","75 min.","Yorkville","Guided Up: Feel Good Now","","Sauna..",23,64,41,189
"02/11/2025","9:00 PM","75 min.","Yorkville","Quieter Free Flow","","Sauna..",11,53,42,231
"02/11/2025","9:30 PM","75 min.","Yorkville","Quieter Free Flow","","Sauna...",34,52,18,249
"02/12/2025","8:30 AM","75 min.","Yorkville","Free Flow","","Sauna..",23,33,10,10
"02/12/2025","9:00 AM","75 min.","Yorkville","Free Flow","","Sauna...",32,33,1,11
"02/12/2025","9:30 AM","75 min.","Yorkville","Free Flow","","Sauna....",28,33,5,16
"02/12/2025","10:00 AM","75 min.","Yorkville","Free Flow","","Sauna..",30,33,3,19
"02/12/2025","10:15 AM","75 min.","Yorkville","Free Flow","","Sauna...",28,33,5,24
"02/12/2025","12:00 PM","75 min.","Yorkville","Guided Up: Feel Good Now","","Sauna..",49,64,15,39
"02/12/2025","2:00 PM","75 min.","Yorkville","Free Flow","","Sauna..",21,33,12,51
"02/12/2025","2:30 PM","75 min.","Yorkville","Free Flow","","Sauna...",28,33,5,56
"02/12/2025","3:00 PM","75 min.","Yorkville","Free Flow","","Sauna....",31,33,2,58
"02/12/2025","3:30 PM","75 min.","Yorkville","Free Flow","","Sauna..",28,33,5,63
"02/12/2025","3:45 PM","75 min.","Yorkville","Free Flow","","Sauna...",21,33,12,75
"02/12/2025","5:30 PM","75 min.","Yorkville","Guided All Around: Reset","","Sauna..",38,64,26,101
"02/12/2025","7:15 PM","75 min.","Yorkville","Guided Up: Self-Care Sweat","","Sauna..",20,60,40,141
"02/12/2025","9:00 PM","75 min.","Yorkville","Free Flow","","Sauna..",28,53,25,166
"02/12/2025","9:30 PM","75 min.","Yorkville","Free Flow","","Sauna....",40,52,12,178
"02/13/2025","7:00 AM","75 min.","Yorkville","Guided All Around: Reset","","Sauna..",62,64,2,2
"02/13/2025","8:30 AM","75 min.","Yorkville","Free Flow","","Sauna..",25,33,8,10
"02/13/2025","9:00 AM","75 min.","Yorkville","Free Flow","","Sauna...",33,33,0,10
"02/13/2025","9:30 AM","75 min.","Yorkville","Free Flow","","Sauna....",31,33,2,12
"02/13/2025","10:00 AM","75 min.","Yorkville","Free Flow","","Sauna..",30,33,3,15
"02/13/2025","10:15 AM","75 min.","Yorkville","Free Flow","","Sauna...",29,33,4,19
"02/13/2025","12:00 PM","75 min.","Yorkville","Guided All Around: Rose, Thorn, Bud","","Sauna..",49,64,15,34
"02/13/2025","2:00 PM","75 min.","Yorkville","Free Flow","","Sauna..",19,33,14,48
"02/13/2025","2:30 PM","75 min.","Yorkville","Free Flow","","Sauna...",26,33,7,55
"02/13/2025","3:00 PM","75 min.","Yorkville","Free Flow","","Sauna....",26,33,7,62
"02/13/2025","3:30 PM","75 min.","Yorkville","Free Flow","","Sauna..",22,33,11,73
"02/13/2025","3:45 PM","75 min.","Yorkville","Free Flow","","Sauna.",21,33,12,85
"02/13/2025","5:30 PM","75 min.","Yorkville","Guided All Around: Reset","","Sauna..",26,64,38,123
"02/13/2025","7:15 PM","90 min.","Yorkville","Guided All Around: Space for Men","","Sauna..",52,64,12,135
"02/13/2025","9:15 PM","75 min.","Yorkville","Lively Free Flow","","Sauna..",9,53,44,179
"02/13/2025","9:45 PM","75 min.","Yorkville","Lively Free Flow","","Sauna...",46,52,6,185
"02/14/2025","7:00 AM","75 min.","Yorkville","Guided Down: Pure Presence","","Sauna..",56,64,8,8
"02/14/2025","8:45 AM","75 min.","Yorkville","Guided All Around: Inner Power","","Sauna..",42,64,22,30
"02/14/2025","10:30 AM","75 min.","Yorkville","Guided Down: Unwind","","Sauna..",45,64,19,49
"02/14/2025","12:15 PM","75 min.","Yorkville","Guided Up: Arctic Tundra","","Sauna..",38,64,26,75
"02/14/2025","2:00 PM","75 min.","Yorkville","Free Flow","","Sauna..",1,33,32,107
"02/14/2025","2:30 PM","75 min.","Yorkville","Free Flow","","Sauna...",6,33,27,134
"02/14/2025","3:00 PM","75 min.","Yorkville","Free Flow","","Sauna....",7,33,26,160
"02/14/2025","3:30 PM","75 min.","Yorkville","Free Flow","","Sauna..",13,33,20,180
"02/14/2025","4:00 PM","75 min.","Yorkville","Free Flow","","Sauna...",14,33,19,199
"02/14/2025","4:30 PM","75 min.","Yorkville","Free Flow","","Sauna....",2,33,31,230
"02/14/2025","5:00 PM","75 min.","Yorkville","Free Flow","","Sauna..",2,33,31,261
"02/14/2025","5:30 PM","75 min.","Yorkville","Lively Free Flow","","Sauna...",0,33,33,294
"02/14/2025","7:15 PM","75 min.","Yorkville","Guided You + Me: Relationship","Harry Taylor","Sauna..",2,60,58,352
"02/14/2025","9:00 PM","120 min.","Yorkville","Lovership: A Singles Social","","Sauna..",4,53,49,401
"02/14/2025","9:30 PM","120 min.","Yorkville","Lovership: A Singles Social","","Sauna...",2,52,50,451
"02/15/2025","8:00 AM","75 min.","Yorkville","Guided Down: Deep Stretch","","Sauna..",46,59,13,13
"02/15/2025","9:45 AM","75 min.","Yorkville","Guided All Around: Inner Power","","Sauna..",26,64,38,51
"02/15/2025","11:30 AM","75 min.","Yorkville","Guided Down: Embodied","","Sauna..",3,60,57,108
"02/15/2025","1:30 PM","75 min.","Yorkville","Lively Free Flow","","Sauna..",0,40,40,148
"02/15/2025","2:00 PM","75 min.","Yorkville","Lively Free Flow","","Sauna...",0,30,30,178
"02/15/2025","2:30 PM","75 min.","Yorkville","Lively Free Flow","","Sauna....",0,30,30,208
"02/15/2025","3:00 PM","75 min.","Yorkville","Lively Free Flow","","Sauna..",0,35,35,243
"02/15/2025","3:30 PM","75 min.","Yorkville","Lively Free Flow","","Sauna...",9,30,21,264
"02/15/2025","4:00 PM","75 min.","Yorkville","Lively Free Flow","","Sauna....",17,30,13,277
"02/15/2025","4:30 PM","75 min.","Yorkville","Lively Free Flow","","Sauna..",23,35,12,289
"02/15/2025","5:00 PM","75 min.","Yorkville","Lively Free Flow","","Sauna...",18,35,17,306
"02/15/2025","5:30 PM","75 min.","Yorkville","Lively Free Flow","","Sauna....",17,30,13,319
"02/15/2025","6:00 PM","75 min.","Yorkville","Lively Free Flow","","Sauna..",16,35,19,338
"02/15/2025","7:45 PM","75 min.","Yorkville","Guided Down: Sound Immersion","","Sauna..",24,64,40,378
"02/15/2025","9:30 PM","120 min.","Yorkville","Beat Drop: DJ Takeover","","Sauna..",3,53,50,428
"02/15/2025","9:45 PM","120 min.","Yorkville","Beat Drop: DJ Takeover","","Sauna...",21,52,31,459
"02/16/2025","7:00 AM","75 min.","Yorkville","Quieter Free Flow","","Sauna..",44,53,9,9
"02/16/2025","8:30 AM","75 min.","Yorkville","Free Flow","","Sauna..",37,53,16,25
"02/16/2025","10:15 AM","75 min.","Yorkville","Guided All Around: Rose, Thorn, Bud","","Sauna..",41,64,23,48
"02/16/2025","12:00 PM","75 min.","Yorkville","Guided All Around: Reset","","Sauna..",2,64,62,110
"02/16/2025","2:00 PM","75 min.","Yorkville","Lively Free Flow","","Sauna..",3,40,37,147
"02/16/2025","2:30 PM","75 min.","Yorkville","Lively Free Flow","","Sauna...",2,35,33,180
"02/16/2025","3:00 PM","75 min.","Yorkville","Lively Free Flow","","Sauna....",11,20,9,189
"02/16/2025","3:30 PM","75 min.","Yorkville","Lively Free Flow","","Sauna..",25,40,15,204
"02/16/2025","4:00 PM","75 min.","Yorkville","Lively Free Flow","","Sauna...",14,35,21,225
"02/16/2025","5:45 PM","75 min.","Yorkville","Guided All Around: Journey Through the Elements","","Sauna..",32,64,32,257
"02/16/2025","7:30 PM","75 min.","Yorkville","Guided All Around: Loving Kindness","","Sauna..",31,64,33,290
"02/16/2025","9:15 PM","75 min.","Yorkville","Free Flow","","Sauna..",23,53,30,320
"02/16/2025","9:30 PM","75 min.","Yorkville","Free Flow","","Sauna...",35,52,17,337
"02/03/2025","7:00 AM","75 min.","Yorkville","Quieter Free Flow","","Sauna..",28,33,5,5
"02/03/2025","7:30 AM","75 min.","Yorkville","Quieter Free Flow","","Sauna...",25,33,8,13
"02/03/2025","8:00 AM","75 min.","Yorkville","Quieter Free Flow","","Sauna....",31,33,2,15
"02/03/2025","8:30 AM","75 min.","Yorkville","Quieter Free Flow","","Sauna..",30,33,3,18
"02/03/2025","9:00 AM","75 min.","Yorkville","Quieter Free Flow","","Sauna...",29,33,4,22
"02/03/2025","9:30 AM","75 min.","Yorkville","Quieter Free Flow","","Sauna....",29,33,4,26
"02/03/2025","10:00 AM","75 min.","Yorkville","Quieter Free Flow","","Sauna..",31,33,2,28
"02/03/2025","10:15 AM","75 min.","Yorkville","Quieter Free Flow","","Sauna...",24,33,9,37
"02/03/2025","12:00 PM","75 min.","Yorkville","Guided All Around: Loving Kindness","","Sauna..",48,64,16,53
"02/03/2025","2:00 PM","75 min.","Yorkville","Free Flow","","Sauna..",20,33,13,66
"02/03/2025","2:30 PM","75 min.","Yorkville","Free Flow","","Sauna...",30,33,3,69
"02/03/2025","3:00 PM","75 min.","Yorkville","Free Flow","","Sauna....",26,33,7,76
"02/03/2025","3:30 PM","75 min.","Yorkville","Free Flow","","Sauna..",24,33,9,85
"02/03/2025","4:00 PM","75 min.","Yorkville","Free Flow","","Sauna.",26,33,7,92
"02/03/2025","4:30 PM","75 min.","Yorkville","Free Flow","","Sauna...",27,33,6,98
"02/03/2025","5:00 PM","75 min.","Yorkville","Free Flow","","Sauna....",1,33,32,130
"02/03/2025","5:30 PM","75 min.","Yorkville","Lively Free Flow","","Sauna.",2,33,31,161
"02/03/2025","7:15 PM","75 min.","Yorkville","Guided Down: Self-Care Sweat","","Sauna..",1,60,59,220
"02/03/2025","9:00 PM","75 min.","Yorkville","Guided Down: Embodied","","Sauna..",32,64,32,252
"02/04/2025","7:00 AM","75 min.","Yorkville","Guided Up: Arctic Tundra","","Sauna..",53,64,11,11
"02/04/2025","8:30 AM","75 min.","Yorkville","Quieter Free Flow","","Sauna..",19,33,14,25
"02/04/2025","9:00 AM","75 min.","Yorkville","Quieter Free Flow","","Sauna...",30,33,3,28
"02/04/2025","9:30 AM","75 min.","Yorkville","Quieter Free Flow","","Sauna....",32,33,1,29
"02/04/2025","10:00 AM","75 min.","Yorkville","Quieter Free Flow","","Sauna..",30,33,3,32
"02/04/2025","10:15 AM","75 min.","Yorkville","Quieter Free Flow","","Sauna...",28,33,5,37
"02/04/2025","12:00 PM","75 min.","Yorkville","Guided Down: Pure Presence","","Sauna..",54,64,10,47
"02/04/2025","1:45 PM","75 min.","Yorkville","Guided All Around: Release","","Sauna..",48,64,16,63
"02/04/2025","3:30 PM","75 min.","Yorkville","Free Flow","","Sauna..",36,53,17,80
"02/04/2025","4:00 PM","75 min.","Yorkville","Free Flow","","Sauna.",23,33,10,90
"02/04/2025","4:30 PM","75 min.","Yorkville","Free Flow","","Sauna...",22,33,11,101
"02/04/2025","5:00 PM","75 min.","Yorkville","Free Flow","","Sauna....",8,33,25,126
"02/04/2025","5:30 PM","75 min.","Yorkville","Lively Free Flow","","Sauna.",28,33,5,131
"02/04/2025","7:15 PM","75 min.","Yorkville","Guided Down: Deep Stretch","","Sauna..",11,59,48,179
"02/04/2025","9:00 PM","75 min.","Yorkville","Quieter Free Flow","","Sauna..",13,53,40,219
"02/04/2025","9:30 PM","75 min.","Yorkville","Quieter Free Flow","","Sauna...",28,52,24,243
"02/05/2025","7:00 AM","75 min.","Yorkville","Guided Down: Sound Immersion","Stuart Campbell","Sauna..",52,64,12,12
"02/05/2025","8:30 AM","75 min.","Yorkville","Free Flow","","Sauna..",25,33,8,20
"02/05/2025","9:00 AM","75 min.","Yorkville","Free Flow","","Sauna...",30,33,3,23
"02/05/2025","9:30 AM","75 min.","Yorkville","Free Flow","","Sauna....",32,33,1,24
"02/05/2025","10:00 AM","75 min.","Yorkville","Free Flow","","Sauna..",32,33,1,25
"02/05/2025","10:15 AM","75 min.","Yorkville","Free Flow","","Sauna...",24,33,9,34
"02/05/2025","12:00 PM","75 min.","Yorkville","Guided All Around: Journey Through the Elements","","Sauna..",51,64,13,47
"02/05/2025","2:00 PM","75 min.","Yorkville","Free Flow","","Sauna..",19,33,14,61
"02/05/2025","2:30 PM","75 min.","Yorkville","Free Flow","","Sauna...",27,33,6,67
"02/05/2025","3:00 PM","75 min.","Yorkville","Free Flow","","Sauna....",27,33,6,73
"02/05/2025","3:30 PM","75 min.","Yorkville","Free Flow","","Sauna..",31,33,2,75
"02/05/2025","3:45 PM","75 min.","Yorkville","Free Flow","","Sauna...",26,33,7,82
"02/05/2025","5:30 PM","75 min.","Yorkville","Guided Down: Sound Immersion","","Sauna..",33,64,31,113
"02/05/2025","7:15 PM","75 min.","Yorkville","Guided All Around: Reset","","Sauna..",9,64,55,168
"02/05/2025","9:00 PM","75 min.","Yorkville","Free Flow","","Sauna..",17,53,36,204
"02/05/2025","9:30 PM","75 min.","Yorkville","Free Flow","","Sauna....",37,52,15,219
"02/06/2025","7:00 AM","75 min.","Yorkville","Guided All Around: Journey Through the Elements","","Sauna..",55,64,9,9
"02/06/2025","8:30 AM","75 min.","Yorkville","Free Flow","","Sauna..",27,33,6,15
"02/06/2025","9:00 AM","75 min.","Yorkville","Free Flow","","Sauna...",31,33,2,17
"02/06/2025","9:30 AM","75 min.","Yorkville","Free Flow","","Sauna....",24,33,9,26
"02/06/2025","10:00 AM","75 min.","Yorkville","Free Flow","","Sauna..",27,33,6,32
"02/06/2025","10:15 AM","75 min.","Yorkville","Free Flow","","Sauna...",31,33,2,34
"02/06/2025","12:00 PM","75 min.","Yorkville","Guided All Around: Reset","","Sauna..",44,64,20,54
"02/06/2025","2:00 PM","75 min.","Yorkville","Free Flow","","Sauna..",15,33,18,72
"02/06/2025","2:30 PM","75 min.","Yorkville","Free Flow","","Sauna...",29,33,4,76
"02/06/2025","3:00 PM","75 min.","Yorkville","Free Flow","","Sauna....",29,33,4,80
"02/06/2025","3:30 PM","75 min.","Yorkville","Free Flow","","Sauna..",24,33,9,89
"02/06/2025","3:45 PM","75 min.","Yorkville","Free Flow","","Sauna.",29,33,4,93
"02/06/2025","5:30 PM","75 min.","Yorkville","Guided Up: Arctic Tundra","","Sauna..",43,64,21,114
"02/06/2025","7:15 PM","75 min.","Yorkville","Guided All Around: Heart Opener","","Sauna..",3,64,61,175
"02/06/2025","9:00 PM","75 min.","Yorkville","Lively Free Flow","","Sauna..",9,53,44,219
"02/06/2025","9:30 PM","75 min.","Yorkville","Lively Free Flow","","Sauna...",36,52,16,235
"02/07/2025","7:00 AM","75 min.","Yorkville","Guided Down: Pure Presence","","Sauna..",50,64,14,14
"02/07/2025","8:45 AM","75 min.","Yorkville","Guided Down: Self-Care Sweat","","Sauna..",44,60,16,30
"02/07/2025","10:30 AM","75 min.","Yorkville","Guided Down: Deep Stretch","","Sauna..",43,59,16,46
"02/07/2025","12:15 PM","75 min.","Yorkville","Guided Up: Arctic Tundra","","Sauna..",50,64,14,60
"02/07/2025","2:00 PM","75 min.","Yorkville","Free Flow","","Sauna..",7,33,26,86
"02/07/2025","2:30 PM","75 min.","Yorkville","Free Flow","","Sauna...",17,33,16,102
"02/07/2025","3:00 PM","75 min.","Yorkville","Free Flow","","Sauna....",13,33,20,122
"02/07/2025","3:30 PM","75 min.","Yorkville","Free Flow","","Sauna..",20,33,13,135
"02/07/2025","4:00 PM","75 min.","Yorkville","Free Flow","","Sauna...",17,33,16,151
"02/07/2025","4:30 PM","75 min.","Yorkville","Free Flow","","Sauna....",6,33,27,178
"02/07/2025","5:00 PM","75 min.","Yorkville","Free Flow","","Sauna..",7,33,26,204
"02/07/2025","5:30 PM","75 min.","Yorkville","Lively Free Flow","","Sauna...",1,33,32,236
"02/07/2025","7:15 PM","75 min.","Yorkville","Guided Down: Rose, Thorn, Bud","","Sauna..",1,64,63,299
"02/07/2025","9:00 PM","120 min.","Yorkville","Social","","Sauna..",4,53,49,348
"02/07/2025","9:30 PM","120 min.","Yorkville","Social","","Sauna...",0,52,52,400
"02/08/2025","8:00 AM","75 min.","Yorkville","Guided Down: Embodied","","Sauna..",39,60,21,21
"02/08/2025","9:45 AM","75 min.","Yorkville","Guided Down: Deep Stretch","","Sauna..",20,59,39,60
"02/08/2025","11:30 AM","75 min.","Yorkville","Guided Down: Deep Stretch","","Sauna..",4,59,55,115
"02/08/2025","1:30 PM","75 min.","Yorkville","Lively Free Flow","","Sauna..",3,40,37,152
"02/08/2025","2:00 PM","75 min.","Yorkville","Lively Free Flow","","Sauna...",0,30,30,182
"02/08/2025","2:30 PM","75 min.","Yorkville","Lively Free Flow","","Sauna....",0,30,30,212
"02/08/2025","3:00 PM","75 min.","Yorkville","Lively Free Flow","","Sauna..",11,35,24,236
"02/08/2025","3:30 PM","75 min.","Yorkville","Lively Free Flow","","Sauna...",15,30,15,251
"02/08/2025","4:00 PM","75 min.","Yorkville","Lively Free Flow","","Sauna....",18,30,12,263
"02/08/2025","4:30 PM","75 min.","Yorkville","Lively Free Flow","","Sauna..",19,35,16,279
"02/08/2025","5:00 PM","75 min.","Yorkville","Lively Free Flow","","Sauna...",31,35,4,283
"02/08/2025","5:30 PM","75 min.","Yorkville","Lively Free Flow","","Sauna....",13,30,17,300
"02/08/2025","6:00 PM","75 min.","Yorkville","Lively Free Flow","","Sauna..",13,35,22,322
"02/08/2025","7:45 PM","75 min.","Yorkville","Guided Down: Sound Immersion","","Sauna..",,,,322
"02/08/2025","9:30 PM","120 min.","Yorkville","Social","","Sauna..",4,53,49,371
"02/08/2025","9:45 PM","120 min.","Yorkville","Social","","Sauna...",40,52,12,383
"02/09/2025","7:00 AM","75 min.","Yorkville","Quieter Free Flow","","Sauna..",35,53,18,18
"02/09/2025","8:30 AM","75 min.","Yorkville","Free Flow","","Sauna..",24,53,29,47
"02/09/2025","10:15 AM","75 min.","Yorkville","Guided All Around: Reset","","Sauna..",6,64,58,105
"02/09/2025","12:00 PM","75 min.","Yorkville","Guided Up: Feel Good Now","","Sauna..",6,64,58,163
"02/09/2025","2:00 PM","75 min.","Yorkville","Lively Free Flow","","Sauna..",0,40,40,203
"02/09/2025","2:30 PM","75 min.","Yorkville","Lively Free Flow","","Sauna...",0,35,35,238
"02/09/2025","3:00 PM","75 min.","Yorkville","Lively Free Flow","","Sauna....",0,20,20,258
"02/09/2025","3:30 PM","75 min.","Yorkville","Lively Free Flow","","Sauna..",19,40,21,279
"02/09/2025","4:00 PM","75 min.","Yorkville","Lively Free Flow","","Sauna...",8,35,27,306
"02/09/2025","5:45 PM","75 min.","Yorkville","Guided All Around: Heart Opener","","Sauna..",23,64,41,347
"02/09/2025","7:30 PM","75 min.","Yorkville","Guided All Around: Loving Kindness","","Sauna..",36,64,28,375
"02/09/2025","9:15 PM","75 min.","Yorkville","Free Flow","","Sauna..",38,53,15,390
"02/09/2025","9:30 PM","75 min.","Yorkville","Free Flow","","Sauna...",36,52,16,406
"01/27/2025","7:00 AM","75 min.","Yorkville","Quieter Free Flow","","Sauna..",22,33,11,11
"01/27/2025","7:30 AM","75 min.","Yorkville","Quieter Free Flow","","Sauna...",29,33,4,15
"01/27/2025","8:00 AM","75 min.","Yorkville","Quieter Free Flow","","Sauna....",32,33,1,16
"01/27/2025","8:30 AM","75 min.","Yorkville","Quieter Free Flow","","Sauna..",30,33,3,19
"01/27/2025","9:00 AM","75 min.","Yorkville","Quieter Free Flow","","Sauna...",31,33,2,21
"01/27/2025","9:30 AM","75 min.","Yorkville","Quieter Free Flow","","Sauna....",26,33,7,28
"01/27/2025","10:00 AM","75 min.","Yorkville","Quieter Free Flow","","Sauna..",26,33,7,35
"01/27/2025","10:15 AM","75 min.","Yorkville","Quieter Free Flow","","Sauna...",18,33,15,50
"01/27/2025","12:00 PM","75 min.","Yorkville","Guided Down: Sound Immersion","Stuart Campbell","Sauna..",46,64,18,68
"01/27/2025","3:30 PM","75 min.","Yorkville","Free Flow","","Sauna..",8,33,25,93
"01/27/2025","4:00 PM","75 min.","Yorkville","Free Flow","","Sauna.",24,33,9,102
"01/27/2025","4:30 PM","75 min.","Yorkville","Free Flow","","Sauna...",25,33,8,110
"01/27/2025","5:00 PM","75 min.","Yorkville","Free Flow","","Sauna....",19,33,14,124
"01/27/2025","5:30 PM","75 min.","Yorkville","Lively Free Flow","","Sauna.",1,33,32,156
"01/27/2025","7:15 PM","90 min.","Yorkville","Guided All Around: Space for Women","","Sauna..",15,64,49,205
"01/27/2025","9:00 PM","75 min.","Yorkville","Guided Down: Embodied","","Sauna..",10,60,50,255
"01/28/2025","7:00 AM","75 min.","Yorkville","Guided Up: Arctic Tundra","","Sauna..",53,64,11,11
"01/28/2025","8:30 AM","75 min.","Yorkville","Quieter Free Flow","","Sauna..",25,33,8,19
"01/28/2025","9:00 AM","75 min.","Yorkville","Quieter Free Flow","","Sauna...",25,33,8,27
"01/28/2025","9:30 AM","75 min.","Yorkville","Quieter Free Flow","","Sauna....",31,33,2,29
"01/28/2025","10:00 AM","75 min.","Yorkville","Quieter Free Flow","","Sauna..",28,33,5,34
"01/28/2025","10:15 AM","75 min.","Yorkville","Quieter Free Flow","","Sauna...",25,33,8,42
"01/28/2025","12:00 PM","75 min.","Yorkville","Guided Down: Pure Presence","","Sauna..",44,64,20,62
"01/28/2025","1:45 PM","75 min.","Yorkville","Guided Up: Awakening","","Sauna..",49,64,15,77
"01/28/2025","3:30 PM","75 min.","Yorkville","Free Flow","","Sauna..",32,53,21,98
"01/28/2025","4:00 PM","75 min.","Yorkville","Free Flow","","Sauna.",28,33,5,103
"01/28/2025","4:30 PM","75 min.","Yorkville","Free Flow","","Sauna...",23,33,10,113
"01/28/2025","5:00 PM","75 min.","Yorkville","Free Flow","","Sauna....",14,33,19,132
"01/28/2025","5:30 PM","75 min.","Yorkville","Lively Free Flow","","Sauna.",1,33,32,164
"01/28/2025","7:15 PM","75 min.","Yorkville","Guided Down: Deep Stretch","","Sauna..",9,59,50,214
"01/28/2025","9:00 PM","75 min.","Yorkville","Quieter Free Flow","","Sauna..",20,53,33,247
"01/28/2025","9:30 PM","75 min.","Yorkville","Quieter Free Flow","","Sauna...",18,52,34,281
"01/29/2025","7:00 AM","75 min.","Yorkville","Guided Down: Sound Immersion","","Sauna..",48,64,16,16
"01/29/2025","8:30 AM","75 min.","Yorkville","Free Flow","","Sauna..",20,33,13,29
"01/29/2025","9:00 AM","75 min.","Yorkville","Free Flow","","Sauna...",31,33,2,31
"01/29/2025","9:30 AM","75 min.","Yorkville","Free Flow","","Sauna....",26,33,7,38
"01/29/2025","10:00 AM","75 min.","Yorkville","Free Flow","","Sauna..",32,33,1,39
"01/29/2025","10:15 AM","75 min.","Yorkville","Free Flow","","Sauna...",27,33,6,45
"01/29/2025","12:00 PM","75 min.","Yorkville","Guided Up: Feel Good Now","","Sauna..",54,64,10,55
"01/29/2025","2:00 PM","75 min.","Yorkville","Free Flow","","Sauna..",24,33,9,64
"01/29/2025","2:30 PM","75 min.","Yorkville","Free Flow","","Sauna...",32,33,1,65
"01/29/2025","3:00 PM","75 min.","Yorkville","Free Flow","","Sauna....",28,33,5,70
"01/29/2025","3:30 PM","75 min.","Yorkville","Free Flow","","Sauna..",31,33,2,72
"01/29/2025","3:45 PM","75 min.","Yorkville","Free Flow","","Sauna...",24,33,9,81
"01/29/2025","5:30 PM","75 min.","Yorkville","Guided Up: Self-Care Sweat","","Sauna..",18,60,42,123
"01/29/2025","7:15 PM","75 min.","Yorkville","Guided Down: Pure Presence","","Sauna..",3,64,61,184
"01/29/2025","9:00 PM","75 min.","Yorkville","Free Flow","","Sauna..",13,53,40,224
"01/29/2025","9:30 PM","75 min.","Yorkville","Free Flow","","Sauna....",33,52,19,243
"01/30/2025","7:00 AM","75 min.","Yorkville","Guided All Around: Reset","","Sauna..",55,64,9,9
"01/30/2025","8:30 AM","75 min.","Yorkville","Free Flow","","Sauna..",23,33,10,19
"01/30/2025","9:00 AM","75 min.","Yorkville","Free Flow","","Sauna...",29,33,4,23
"01/30/2025","9:30 AM","75 min.","Yorkville","Free Flow","","Sauna....",27,33,6,29
"01/30/2025","10:00 AM","75 min.","Yorkville","Free Flow","","Sauna..",27,33,6,35
"01/30/2025","10:15 AM","75 min.","Yorkville","Free Flow","","Sauna...",21,33,12,47
"01/30/2025","12:00 PM","75 min.","Yorkville","Guided Down: Deep Stretch","","Sauna..",41,59,18,65
"01/30/2025","2:00 PM","75 min.","Yorkville","Free Flow","","Sauna..",16,33,17,82
"01/30/2025","2:30 PM","75 min.","Yorkville","Free Flow","","Sauna...",26,33,7,89
"01/30/2025","3:00 PM","75 min.","Yorkville","Free Flow","","Sauna....",26,33,7,96
"01/30/2025","3:30 PM","75 min.","Yorkville","Free Flow","","Sauna..",27,33,6,102
"01/30/2025","3:45 PM","75 min.","Yorkville","Free Flow","","Sauna.",17,33,16,118
"01/30/2025","5:30 PM","75 min.","Yorkville","Guided Down: Embodied","","Sauna..",41,64,23,141
"01/30/2025","7:15 PM","75 min.","Yorkville","Guided All Around: Inner Power","","Sauna..",5,64,59,200
"01/30/2025","9:00 PM","75 min.","Yorkville","Lively Free Flow","","Sauna..",6,64,58,258
"01/30/2025","9:30 PM","75 min.","Yorkville","Lively Free Flow","","Sauna...",13,35,22,280
"01/31/2025","7:00 AM","75 min.","Yorkville","Guided Down: Pure Presence","","Sauna..",50,64,14,14
"01/31/2025","8:45 AM","75 min.","Yorkville","Guided Down: Self-Care Sweat","","Sauna..",47,60,13,27
"01/31/2025","10:30 AM","75 min.","Yorkville","Guided Down: Deep Stretch","","Sauna..",29,59,30,57
"01/31/2025","12:15 PM","75 min.","Yorkville","Guided Up: Arctic Tundra","","Sauna..",34,64,30,87
"01/31/2025","2:00 PM","75 min.","Yorkville","Free Flow","","Sauna..",0,33,33,120
"01/31/2025","2:30 PM","75 min.","Yorkville","Free Flow","","Sauna...",14,33,19,139
"01/31/2025","3:00 PM","75 min.","Yorkville","Free Flow","","Sauna....",16,33,17,156
"01/31/2025","3:30 PM","75 min.","Yorkville","Free Flow","","Sauna..",15,33,18,174
"01/31/2025","4:00 PM","75 min.","Yorkville","Free Flow","","Sauna...",18,33,15,189
"01/31/2025","4:30 PM","75 min.","Yorkville","Free Flow","","Sauna....",11,33,22,211
"01/31/2025","5:00 PM","75 min.","Yorkville","Free Flow","","Sauna..",5,33,28,239
"01/31/2025","5:30 PM","75 min.","Yorkville","Lively Free Flow","","Sauna...",0,33,33,272
"01/31/2025","7:15 PM","75 min.","Yorkville","Guided You + Me: Relationship","","Sauna..",2,60,58,330
"01/31/2025","9:00 PM","120 min.","Yorkville","Social","","Sauna..",1,53,52,382
"01/31/2025","9:30 PM","120 min.","Yorkville","Social","","Sauna...",2,52,50,432
"02/01/2025","8:00 AM","75 min.","Yorkville","Guided All Around: Journey Through the Elements","","Sauna..",46,60,14,14
"02/01/2025","9:45 AM","75 min.","Yorkville","Guided Up: Self-Care Sweat","","Sauna..",1,64,63,77
"02/01/2025","11:30 AM","75 min.","Yorkville","Guided Down: Embodied","","Sauna..",6,60,54,131
"02/01/2025","1:30 PM","75 min.","Yorkville","Lively Free Flow","","Sauna..",1,40,39,170
"02/01/2025","2:00 PM","75 min.","Yorkville","Lively Free Flow","","Sauna...",5,30,25,195
"02/01/2025","2:30 PM","75 min.","Yorkville","Lively Free Flow","","Sauna....",10,30,20,215
"02/01/2025","3:00 PM","75 min.","Yorkville","Lively Free Flow","","Sauna..",23,35,12,227
"02/01/2025","3:30 PM","75 min.","Yorkville","Lively Free Flow","","Sauna...",16,30,14,241
"02/01/2025","4:00 PM","75 min.","Yorkville","Lively Free Flow","","Sauna....",7,30,23,264
"02/01/2025","4:30 PM","75 min.","Yorkville","Lively Free Flow","","Sauna..",17,35,18,282
"02/01/2025","5:00 PM","75 min.","Yorkville","Lively Free Flow","","Sauna...",8,35,27,309
"02/01/2025","5:30 PM","75 min.","Yorkville","Lively Free Flow","","Sauna....",20,30,10,319
"02/01/2025","6:00 PM","75 min.","Yorkville","Lively Free Flow","","Sauna..",3,35,32,351
"02/01/2025","7:45 PM","75 min.","Yorkville","Guided All Around: Heart Opener","","Sauna..",25,64,39,390
"02/01/2025","9:30 PM","120 min.","Yorkville","Social","","Sauna..",2,53,51,441
"02/01/2025","9:45 PM","120 min.","Yorkville","Social","","Sauna...",22,52,30,471
"02/02/2025","7:00 AM","75 min.","Yorkville","Quieter Free Flow","","Sauna..",30,53,23,23
"02/02/2025","8:30 AM","75 min.","Yorkville","Free Flow","","Sauna..",22,53,31,54
"02/02/2025","10:15 AM","75 min.","Yorkville","Guided Down: Pure Presence","","Sauna..",10,64,54,108
"02/02/2025","12:00 PM","75 min.","Yorkville","Guided All Around: Reset","","Sauna..",,,,108
"02/02/2025","2:00 PM","75 min.","Yorkville","Lively Free Flow","","Sauna..",2,40,38,146
"02/02/2025","2:30 PM","75 min.","Yorkville","Lively Free Flow","","Sauna...",0,35,35,181
"02/02/2025","3:00 PM","75 min.","Yorkville","Lively Free Flow","","Sauna....",0,20,20,201
"02/02/2025","3:30 PM","75 min.","Yorkville","Lively Free Flow","","Sauna..",0,40,40,241
"02/02/2025","4:00 PM","75 min.","Yorkville","Lively Free Flow","","Sauna...",2,35,33,274
"02/02/2025","5:45 PM","75 min.","Yorkville","Guided All Around: Heart Opener","","Sauna..",26,64,38,312
"02/02/2025","7:30 PM","75 min.","Yorkville","Guided All Around: Loving Kindness","","Sauna..",34,64,30,342
"02/02/2025","9:15 PM","75 min.","Yorkville","Free Flow","","Sauna..",23,53,30,372
"02/02/2025","9:30 PM","75 min.","Yorkville","Free Flow","","Sauna...",40,52,12,384
"01/20/2025","7:00 AM","75 min.","Yorkville","Quieter Free Flow","","Sauna..",14,33,19,19
"01/20/2025","7:30 AM","75 min.","Yorkville","Quieter Free Flow","","Sauna...",31,33,2,21
"01/20/2025","8:00 AM","75 min.","Yorkville","Quieter Free Flow","","Sauna....",31,33,2,23
"01/20/2025","8:30 AM","75 min.","Yorkville","Quieter Free Flow","","Sauna..",30,33,3,26
"01/20/2025","9:00 AM","75 min.","Yorkville","Quieter Free Flow","","Sauna...",28,33,5,31
"01/20/2025","9:30 AM","75 min.","Yorkville","Quieter Free Flow","","Sauna....",29,33,4,35
"01/20/2025","10:00 AM","75 min.","Yorkville","Quieter Free Flow","","Sauna..",31,33,2,37
"01/20/2025","10:15 AM","75 min.","Yorkville","Quieter Free Flow","","Sauna...",26,33,7,44
"01/20/2025","12:00 PM","75 min.","Yorkville","Guided All Around: Loving Kindness","","Sauna..",35,64,29,73
"01/20/2025","2:00 PM","75 min.","Yorkville","Free Flow","","Sauna..",7,33,26,99
"01/20/2025","2:30 PM","75 min.","Yorkville","Free Flow","","Sauna...",18,33,15,114
"01/20/2025","3:00 PM","75 min.","Yorkville","Free Flow","","Sauna....",25,33,8,122
"01/20/2025","3:30 PM","75 min.","Yorkville","Free Flow","","Sauna..",26,33,7,129
"01/20/2025","4:00 PM","75 min.","Yorkville","Free Flow","","Sauna.",16,33,17,146
"01/20/2025","4:30 PM","75 min.","Yorkville","Free Flow","","Sauna...",11,33,22,168
"01/20/2025","5:00 PM","75 min.","Yorkville","Free Flow","","Sauna....",14,33,19,187
"01/20/2025","5:30 PM","75 min.","Yorkville","Lively Free Flow","","Sauna.",2,33,31,218
"01/20/2025","7:15 PM","75 min.","Yorkville","Guided All Around: Release","","Sauna..",3,64,61,279
"01/20/2025","9:00 PM","75 min.","Yorkville","Guided All Around: Journey Through the Elements","","Sauna..",30,64,34,313
"01/21/2025","7:00 AM","75 min.","Yorkville","Guided Up: Arctic Tundra","","Sauna..",48,64,16,16
"01/21/2025","8:30 AM","75 min.","Yorkville","Quieter Free Flow","","Sauna..",24,33,9,25
"01/21/2025","9:00 AM","75 min.","Yorkville","Quieter Free Flow","","Sauna...",30,33,3,28
"01/21/2025","9:30 AM","75 min.","Yorkville","Quieter Free Flow","","Sauna....",31,33,2,30
"01/21/2025","10:00 AM","75 min.","Yorkville","Quieter Free Flow","","Sauna..",29,33,4,34
"01/21/2025","10:15 AM","75 min.","Yorkville","Quieter Free Flow","","Sauna...",23,33,10,44
"01/21/2025","12:00 PM","75 min.","Yorkville","Guided Down: Pure Presence","","Sauna..",41,64,23,67
"01/21/2025","1:45 PM","75 min.","Yorkville","Guided All Around: Release","","Sauna..",52,64,12,79
"01/21/2025","3:30 PM","75 min.","Yorkville","Free Flow","","Sauna..",36,53,17,96
"01/21/2025","4:00 PM","75 min.","Yorkville","Free Flow","","Sauna.",29,33,4,100
"01/21/2025","4:30 PM","75 min.","Yorkville","Free Flow","","Sauna...",26,33,7,107
"01/21/2025","5:00 PM","75 min.","Yorkville","Free Flow","","Sauna....",18,33,15,122
"01/21/2025","5:30 PM","75 min.","Yorkville","Lively Free Flow","","Sauna.",1,33,32,154
"01/21/2025","7:15 PM","75 min.","Yorkville","Guided All Around: Journey Through the Elements","","Sauna..",12,64,52,206
"01/21/2025","9:00 PM","75 min.","Yorkville","Quieter Free Flow","","Sauna..",3,53,50,256
"01/21/2025","9:30 PM","75 min.","Yorkville","Quieter Free Flow","","Sauna...",22,52,30,286
"01/22/2025","7:00 AM","75 min.","Yorkville","Guided Down: Sound Immersion","Stuart Campbell","Sauna..",42,64,22,22
"01/22/2025","8:30 AM","75 min.","Yorkville","Free Flow","","Sauna..",29,33,4,26
"01/22/2025","9:00 AM","75 min.","Yorkville","Free Flow","","Sauna...",32,33,1,27
"01/22/2025","9:30 AM","75 min.","Yorkville","Free Flow","","Sauna....",28,33,5,32
"01/22/2025","10:00 AM","75 min.","Yorkville","Free Flow","","Sauna..",31,33,2,34
"01/22/2025","10:15 AM","75 min.","Yorkville","Free Flow","","Sauna...",23,33,10,44
"01/22/2025","12:00 PM","75 min.","Yorkville","Guided Down: Deep Stretch","","Sauna..",45,60,15,59
"01/22/2025","2:00 PM","75 min.","Yorkville","Free Flow","","Sauna..",17,33,16,75
"01/22/2025","2:30 PM","75 min.","Yorkville","Free Flow","","Sauna...",23,33,10,85
"01/22/2025","3:00 PM","75 min.","Yorkville","Free Flow","","Sauna....",24,33,9,94
"01/22/2025","3:30 PM","75 min.","Yorkville","Free Flow","","Sauna..",26,33,7,101
"01/22/2025","3:45 PM","75 min.","Yorkville","Free Flow","","Sauna...",21,33,12,113
"01/22/2025","5:30 PM","75 min.","Yorkville","Guided Down: Sound Immersion","","Sauna..",13,64,51,164
"01/22/2025","7:15 PM","75 min.","Yorkville","Guided Down: Embodied","","Sauna..",9,64,55,219
"01/22/2025","9:00 PM","75 min.","Yorkville","Free Flow","","Sauna..",7,53,46,265
"01/22/2025","9:30 PM","75 min.","Yorkville","Free Flow","","Sauna....",13,52,39,304
"01/23/2025","7:00 AM","75 min.","Yorkville","Guided Down: Sound Immersion","","Sauna..",54,64,10,10
"01/23/2025","8:30 AM","75 min.","Yorkville","Free Flow","","Sauna..",24,33,9,19
"01/23/2025","9:00 AM","75 min.","Yorkville","Free Flow","","Sauna...",28,33,5,24
"01/23/2025","9:30 AM","75 min.","Yorkville","Free Flow","","Sauna....",27,33,6,30
"01/23/2025","10:00 AM","75 min.","Yorkville","Free Flow","","Sauna..",26,33,7,37
"01/23/2025","10:15 AM","75 min.","Yorkville","Free Flow","","Sauna...",26,33,7,44
"01/23/2025","12:00 PM","75 min.","Yorkville","Guided All Around: Heart Opener","","Sauna..",49,64,15,59
"01/23/2025","2:00 PM","75 min.","Yorkville","Free Flow","","Sauna..",7,33,26,85
"01/23/2025","2:30 PM","75 min.","Yorkville","Free Flow","","Sauna...",28,33,5,90
"01/23/2025","3:00 PM","75 min.","Yorkville","Free Flow","","Sauna....",24,33,9,99
"01/23/2025","3:30 PM","75 min.","Yorkville","Free Flow","","Sauna..",28,33,5,104
"01/23/2025","3:45 PM","75 min.","Yorkville","Free Flow","","Sauna.",18,33,15,119
"01/23/2025","5:30 PM","75 min.","Yorkville","Guided Up: Arctic Tundra","","Sauna..",13,64,51,170
"01/23/2025","7:15 PM","75 min.","Yorkville","Guided All Around: Heart Opener","","Sauna..",,,,170
"01/23/2025","9:00 PM","75 min.","Yorkville","Lively Free Flow","","Sauna..",0,64,64,234
"01/23/2025","9:30 PM","75 min.","Yorkville","Lively Free Flow","","Sauna...",0,35,35,269
"01/24/2025","7:00 AM","75 min.","Yorkville","Guided Down: Pure Presence","","Sauna..",42,64,22,22
"01/24/2025","8:45 AM","75 min.","Yorkville","Guided Down: Self-Care Sweat","","Sauna..",47,60,13,35
"01/24/2025","10:30 AM","75 min.","Yorkville","Guided Down: Deep Stretch","","Sauna..",37,64,27,62
"01/24/2025","12:15 PM","75 min.","Yorkville","Guided Up: Arctic Tundra","","Sauna..",46,64,18,80
"01/24/2025","2:00 PM","75 min.","Yorkville","Free Flow","","Sauna..",7,33,26,106
"01/24/2025","2:30 PM","75 min.","Yorkville","Free Flow","","Sauna...",16,33,17,123
"01/24/2025","3:00 PM","75 min.","Yorkville","Free Flow","","Sauna....",16,33,17,140
"01/24/2025","3:30 PM","75 min.","Yorkville","Free Flow","","Sauna..",20,33,13,153
"01/24/2025","4:00 PM","75 min.","Yorkville","Free Flow","","Sauna...",21,33,12,165
"01/24/2025","4:30 PM","75 min.","Yorkville","Free Flow","","Sauna....",10,33,23,188
"01/24/2025","5:00 PM","75 min.","Yorkville","Free Flow","","Sauna..",0,33,33,221
"01/24/2025","5:30 PM","75 min.","Yorkville","Lively Free Flow","","Sauna...",0,33,33,254
"01/24/2025","7:15 PM","75 min.","Yorkville","Guided Down: Sound Immersion","Stuart Campbell","Sauna..",3,64,61,315
"01/24/2025","9:00 PM","120 min.","Yorkville","Social","","Sauna..",6,53,47,362
"01/24/2025","9:30 PM","120 min.","Yorkville","Social","","Sauna...",2,52,50,412
"01/25/2025","8:00 AM","75 min.","Yorkville","Guided Down: Embodied","","Sauna..",34,60,26,26
"01/25/2025","9:45 AM","75 min.","Yorkville","Guided All Around: Reset","","Sauna..",1,64,63,89
"01/25/2025","11:30 AM","75 min.","Yorkville","Guided Down: Deep Stretch","","Sauna..",,,,89
"01/25/2025","1:30 PM","75 min.","Yorkville","Lively Free Flow","","Sauna..",1,40,39,128
"01/25/2025","2:00 PM","75 min.","Yorkville","Lively Free Flow","","Sauna...",0,30,30,158
"01/25/2025","2:30 PM","75 min.","Yorkville","Lively Free Flow","","Sauna....",11,30,19,177
"01/25/2025","3:00 PM","75 min.","Yorkville","Lively Free Flow","","Sauna..",8,35,27,204
"01/25/2025","3:30 PM","75 min.","Yorkville","Lively Free Flow","","Sauna...",16,30,14,218
"01/25/2025","4:00 PM","75 min.","Yorkville","Lively Free Flow","","Sauna....",16,30,14,232
"01/25/2025","4:30 PM","75 min.","Yorkville","Lively Free Flow","","Sauna..",11,35,24,256
"01/25/2025","5:00 PM","75 min.","Yorkville","Lively Free Flow","","Sauna...",1,35,34,290
"01/25/2025","5:30 PM","75 min.","Yorkville","Lively Free Flow","","Sauna....",7,30,23,313
"01/25/2025","6:00 PM","75 min.","Yorkville","Lively Free Flow","","Sauna..",0,35,35,348
"01/25/2025","7:45 PM","75 min.","Yorkville","Guided Down: Sound Immersion","","Sauna..",,,,348
"01/25/2025","9:30 PM","120 min.","Yorkville","Social","","Sauna..",2,53,51,399
"01/25/2025","9:45 PM","120 min.","Yorkville","Social","","Sauna...",36,52,16,415
"01/26/2025","7:00 AM","75 min.","Yorkville","Quieter Free Flow","","Sauna..",29,53,24,24
"01/26/2025","8:30 AM","75 min.","Yorkville","Free Flow","","Sauna..",12,53,41,65
"01/26/2025","10:15 AM","75 min.","Yorkville","Guided Down: Self-Care Sweat","","Sauna..",10,60,50,115
"01/26/2025","12:00 PM","75 min.","Yorkville","Guided Up: Feel Good Now","","Sauna..",,,,115
"01/26/2025","2:00 PM","75 min.","Yorkville","Lively Free Flow","","Sauna..",1,40,39,154
"01/26/2025","2:30 PM","75 min.","Yorkville","Lively Free Flow","","Sauna...",10,35,25,179
"01/26/2025","3:00 PM","75 min.","Yorkville","Lively Free Flow","","Sauna....",2,20,18,197
"01/26/2025","3:30 PM","75 min.","Yorkville","Lively Free Flow","","Sauna..",16,40,24,221
"01/26/2025","4:00 PM","75 min.","Yorkville","Lively Free Flow","","Sauna...",4,35,31,252
"01/26/2025","5:45 PM","75 min.","Yorkville","Guided Down: Pure Presence","","Sauna..",3,64,61,313
"01/26/2025","7:30 PM","75 min.","Yorkville","Guided All Around: Loving Kindness","","Sauna..",,,,313
"01/26/2025","9:15 PM","75 min.","Yorkville","Free Flow","","Sauna..",2,53,51,364
"01/26/2025","9:30 PM","75 min.","Yorkville","Free Flow","","Sauna...",46,52,6,370
"01/13/2025","7:00 AM","75 min.","Yorkville","Quieter Free Flow","","Sauna..",21,33,12,12
"01/13/2025","7:30 AM","75 min.","Yorkville","Quieter Free Flow","","Sauna...",25,33,8,20
"01/13/2025","8:00 AM","75 min.","Yorkville","Quieter Free Flow","","Sauna....",30,33,3,23
"01/13/2025","8:30 AM","75 min.","Yorkville","Quieter Free Flow","","Sauna..",31,33,2,25
"01/13/2025","9:00 AM","75 min.","Yorkville","Quieter Free Flow","","Sauna...",29,33,4,29
"01/13/2025","9:30 AM","75 min.","Yorkville","Quieter Free Flow","","Sauna....",29,33,4,33
"01/13/2025","10:00 AM","75 min.","Yorkville","Quieter Free Flow","","Sauna..",26,33,7,40
"01/13/2025","10:15 AM","75 min.","Yorkville","Quieter Free Flow","","Sauna...",24,33,9,49
"01/13/2025","12:00 PM","75 min.","Yorkville","Guided Down: Sound Immersion","","Sauna..",42,64,22,71
"01/13/2025","2:00 PM","75 min.","Yorkville","Free Flow","","Sauna..",20,33,13,84
"01/13/2025","2:30 PM","75 min.","Yorkville","Free Flow","","Sauna...",22,33,11,95
"01/13/2025","3:00 PM","75 min.","Yorkville","Free Flow","","Sauna....",29,33,4,99
"01/13/2025","3:30 PM","75 min.","Yorkville","Free Flow","","Sauna..",23,33,10,109
"01/13/2025","4:00 PM","75 min.","Yorkville","Free Flow","","Sauna.",28,33,5,114
"01/13/2025","4:30 PM","75 min.","Yorkville","Free Flow","","Sauna...",11,33,22,136
"01/13/2025","5:00 PM","75 min.","Yorkville","Free Flow","","Sauna....",18,33,15,151
"01/13/2025","5:30 PM","75 min.","Yorkville","Lively Free Flow","","Sauna.",5,33,28,179
"01/13/2025","7:15 PM","75 min.","Yorkville","Guided Down: Deep Stretch","","Sauna..",2,60,58,237
"01/13/2025","9:00 PM","75 min.","Yorkville","Guided Down: Embodied","","Sauna..",26,60,34,271
"01/14/2025","7:00 AM","75 min.","Yorkville","Guided Up: Arctic Tundra","","Sauna..",56,64,8,8
"01/14/2025","8:30 AM","75 min.","Yorkville","Quieter Free Flow","","Sauna..",26,33,7,15
"01/14/2025","9:00 AM","75 min.","Yorkville","Quieter Free Flow","","Sauna...",32,33,1,16
"01/14/2025","9:30 AM","75 min.","Yorkville","Quieter Free Flow","","Sauna....",26,33,7,23
"01/14/2025","10:00 AM","75 min.","Yorkville","Quieter Free Flow","","Sauna..",27,33,6,29
"01/14/2025","10:15 AM","75 min.","Yorkville","Quieter Free Flow","","Sauna...",20,33,13,42
"01/14/2025","12:00 PM","75 min.","Yorkville","Free Flow","","Sauna..",14,25,11,53
"01/14/2025","1:45 PM","75 min.","Yorkville","Guided Down: Sound Immersion","","Sauna..",45,64,19,72
"01/14/2025","3:30 PM","75 min.","Yorkville","Free Flow","","Sauna..",45,53,8,80
"01/14/2025","4:00 PM","75 min.","Yorkville","Free Flow","","Sauna.",27,33,6,86
"01/14/2025","4:30 PM","75 min.","Yorkville","Free Flow","","Sauna...",24,33,9,95
"01/14/2025","5:00 PM","75 min.","Yorkville","Free Flow","","Sauna....",1,33,32,127
"01/14/2025","5:30 PM","75 min.","Yorkville","Lively Free Flow","","Sauna.",0,33,33,160
"01/14/2025","7:15 PM","75 min.","Yorkville","Guided Up: Feel Good Now","","Sauna..",13,64,51,211
"01/14/2025","9:00 PM","75 min.","Yorkville","Quieter Free Flow","","Sauna..",6,53,47,258
"01/14/2025","9:30 PM","75 min.","Yorkville","Quieter Free Flow","","Sauna...",30,52,22,280
"01/15/2025","7:00 AM","75 min.","Yorkville","Guided Down: Sound Immersion","Stuart Campbell","Sauna..",49,64,15,15
"01/15/2025","8:30 AM","75 min.","Yorkville","Free Flow","","Sauna..",29,33,4,19
"01/15/2025","9:00 AM","75 min.","Yorkville","Free Flow","","Sauna...",30,33,3,22
"01/15/2025","9:30 AM","75 min.","Yorkville","Free Flow","","Sauna....",31,33,2,24
"01/15/2025","10:00 AM","75 min.","Yorkville","Free Flow","","Sauna..",25,33,8,32
"01/15/2025","10:15 AM","75 min.","Yorkville","Free Flow","","Sauna...",20,33,13,45
"01/15/2025","12:00 PM","75 min.","Yorkville","Guided All Around: Journey Through the Elements","","Sauna..",54,64,10,55
"01/15/2025","2:00 PM","75 min.","Yorkville","Free Flow","","Sauna..",15,33,18,73
"01/15/2025","2:30 PM","75 min.","Yorkville","Free Flow","","Sauna...",21,33,12,85
"01/15/2025","3:00 PM","75 min.","Yorkville","Free Flow","","Sauna....",25,33,8,93
"01/15/2025","3:30 PM","75 min.","Yorkville","Free Flow","","Sauna..",27,33,6,99
"01/15/2025","3:45 PM","75 min.","Yorkville","Free Flow","","Sauna...",4,33,29,128
"01/15/2025","5:30 PM","75 min.","Yorkville","Guided Up: Self-Care Sweat","","Sauna..",,,,128
"01/15/2025","7:15 PM","75 min.","Yorkville","Guided All Around: Reset","","Sauna..",1,64,63,191
"01/15/2025","9:00 PM","75 min.","Yorkville","Free Flow","","Sauna..",2,53,51,242
"01/15/2025","9:30 PM","75 min.","Yorkville","Free Flow","","Sauna....",20,52,32,274
"01/16/2025","7:00 AM","75 min.","Yorkville","Guided Down: Sound Immersion","","Sauna..",49,64,15,15
"01/16/2025","8:30 AM","75 min.","Yorkville","Free Flow","","Sauna..",23,33,10,25
"01/16/2025","9:00 AM","75 min.","Yorkville","Free Flow","","Sauna...",29,33,4,29
"01/16/2025","9:30 AM","75 min.","Yorkville","Free Flow","","Sauna....",28,33,5,34
"01/16/2025","10:00 AM","75 min.","Yorkville","Free Flow","","Sauna..",17,33,16,50
"01/16/2025","10:15 AM","75 min.","Yorkville","Free Flow","","Sauna...",30,33,3,53
"01/16/2025","12:00 PM","75 min.","Yorkville","Guided All Around: Loving Kindness","","Sauna..",46,64,18,71
"01/16/2025","2:00 PM","75 min.","Yorkville","Free Flow","","Sauna..",17,33,16,87
"01/16/2025","2:30 PM","75 min.","Yorkville","Free Flow","","Sauna...",25,33,8,95
"01/16/2025","3:00 PM","75 min.","Yorkville","Free Flow","","Sauna....",27,33,6,101
"01/16/2025","3:30 PM","75 min.","Yorkville","Free Flow","","Sauna..",25,33,8,109
"01/16/2025","3:45 PM","75 min.","Yorkville","Free Flow","","Sauna.",23,33,10,119
"01/16/2025","5:30 PM","75 min.","Yorkville","Guided Up: Feel Good Now","","Sauna..",25,64,39,158
"01/16/2025","7:15 PM","75 min.","Yorkville","Guided All Around: Inner Power","","Sauna..",,,,158
"01/16/2025","9:00 PM","75 min.","Yorkville","Lively Free Flow","","Sauna..",5,64,59,217
"01/16/2025","9:30 PM","75 min.","Yorkville","Lively Free Flow","","Sauna...",11,35,24,241
"01/17/2025","7:00 AM","75 min.","Yorkville","Guided Down: Pure Presence","","Sauna..",38,64,26,26
"01/17/2025","8:45 AM","75 min.","Yorkville","Guided Down: Self-Care Sweat","","Sauna..",49,60,11,37
"01/17/2025","10:30 AM","75 min.","Yorkville","Guided Up: Feel Good Now","","Sauna..",47,64,17,54
"01/17/2025","12:15 PM","75 min.","Yorkville","Guided Up: Arctic Tundra","","Sauna..",39,64,25,79
"01/17/2025","2:00 PM","75 min.","Yorkville","Free Flow","","Sauna..",,,,79
"01/17/2025","2:30 PM","75 min.","Yorkville","Free Flow","","Sauna...",24,33,9,88
"01/17/2025","3:00 PM","75 min.","Yorkville","Free Flow","","Sauna....",19,33,14,102
"01/17/2025","3:30 PM","75 min.","Yorkville","Free Flow","","Sauna..",20,33,13,115
"01/17/2025","4:00 PM","75 min.","Yorkville","Free Flow","","Sauna...",17,33,16,131
"01/17/2025","4:30 PM","75 min.","Yorkville","Free Flow","","Sauna....",18,33,15,146
"01/17/2025","5:00 PM","75 min.","Yorkville","Free Flow","","Sauna..",4,33,29,175
"01/17/2025","5:30 PM","75 min.","Yorkville","Lively Free Flow","","Sauna...",3,33,30,205
"01/17/2025","7:15 PM","75 min.","Yorkville","Guided Down: Sound Immersion","","Sauna..",,,,205
"01/17/2025","9:00 PM","120 min.","Yorkville","Social","","Sauna..",0,53,53,258
"01/17/2025","9:30 PM","120 min.","Yorkville","Social","","Sauna...",0,52,52,310
"01/18/2025","8:00 AM","75 min.","Yorkville","Guided Down: Deep Stretch","","Sauna..",39,60,21,21
"01/18/2025","9:45 AM","75 min.","Yorkville","Guided Down: Self-Care Sweat","","Sauna..",2,60,58,79
"01/18/2025","11:30 AM","75 min.","Yorkville","Guided Down: Embodied","","Sauna..",2,60,58,137
"01/18/2025","1:30 PM","75 min.","Yorkville","Lively Free Flow","","Sauna..",2,45,43,180
"01/18/2025","2:00 PM","75 min.","Yorkville","Lively Free Flow","","Sauna...",0,30,30,210
"01/18/2025","2:30 PM","75 min.","Yorkville","Lively Free Flow","","Sauna....",2,30,28,238
"01/18/2025","3:00 PM","75 min.","Yorkville","Lively Free Flow","","Sauna..",0,35,35,273
"01/18/2025","3:30 PM","75 min.","Yorkville","Lively Free Flow","","Sauna...",0,30,30,303
"01/18/2025","4:00 PM","75 min.","Yorkville","Lively Free Flow","","Sauna....",0,30,30,333
"01/18/2025","4:30 PM","75 min.","Yorkville","Lively Free Flow","","Sauna..",0,35,35,368
"01/18/2025","5:00 PM","75 min.","Yorkville","Lively Free Flow","","Sauna...",0,35,35,403
"01/18/2025","5:30 PM","75 min.","Yorkville","Lively Free Flow","","Sauna....",1,30,29,432
"01/18/2025","6:00 PM","75 min.","Yorkville","Lively Free Flow","","Sauna..",0,35,35,467
"01/18/2025","7:45 PM","75 min.","Yorkville","Guided All Around: Heart Opener","","Sauna..",2,64,62,529
"01/18/2025","9:30 PM","120 min.","Yorkville","Beat Drop: DJ Takeover","","Sauna..",4,53,49,578
"01/18/2025","9:45 PM","120 min.","Yorkville","Beat Drop: DJ Takeover","","Sauna...",4,52,48,626
"01/19/2025","7:00 AM","75 min.","Yorkville","Quieter Free Flow","","Sauna..",34,53,19,19
"01/19/2025","8:30 AM","75 min.","Yorkville","Free Flow","","Sauna..",13,53,40,59
"01/19/2025","10:15 AM","75 min.","Yorkville","Guided Down: Pure Presence","","Sauna..",4,64,60,119
"01/19/2025","12:00 PM","75 min.","Yorkville","Guided Down: Sound Immersion","","Sauna..",3,64,61,180
"01/19/2025","2:00 PM","75 min.","Yorkville","Lively Free Flow","","Sauna..",2,40,38,218
"01/19/2025","2:30 PM","75 min.","Yorkville","Lively Free Flow","","Sauna...",0,30,30,248
"01/19/2025","3:00 PM","75 min.","Yorkville","Lively Free Flow","","Sauna....",2,30,28,276
"01/19/2025","3:30 PM","75 min.","Yorkville","Lively Free Flow","","Sauna..",10,40,30,306
"01/19/2025","4:00 PM","75 min.","Yorkville","Lively Free Flow","","Sauna...",0,35,35,341
"01/19/2025","5:45 PM","75 min.","Yorkville","Guided Down: Pure Presence","","Sauna..",2,64,62,403
"01/19/2025","7:30 PM","75 min.","Yorkville","Guided All Around: Loving Kindness","","Sauna..",18,64,46,449
"01/19/2025","9:15 PM","75 min.","Yorkville","Free Flow","","Sauna..",2,53,51,500
"01/19/2025","9:30 PM","75 min.","Yorkville","Free Flow","","Sauna...",25,52,27,527
"01/06/2025","7:00 AM","75 min.","Yorkville","Quieter Free Flow","","Sauna..",23,33,10,10
"01/06/2025","7:30 AM","75 min.","Yorkville","Quieter Free Flow","","Sauna...",29,33,4,14
"01/06/2025","8:00 AM","75 min.","Yorkville","Quieter Free Flow","","Sauna....",31,33,2,16
"01/06/2025","8:30 AM","75 min.","Yorkville","Quieter Free Flow","","Sauna..",32,33,1,17
"01/06/2025","9:00 AM","75 min.","Yorkville","Quieter Free Flow","","Sauna...",28,33,5,22
"01/06/2025","9:30 AM","75 min.","Yorkville","Quieter Free Flow","","Sauna....",27,33,6,28
"01/06/2025","10:00 AM","75 min.","Yorkville","Quieter Free Flow","","Sauna..",25,33,8,36
"01/06/2025","10:15 AM","75 min.","Yorkville","Quieter Free Flow","","Sauna...",25,33,8,44
"01/06/2025","12:00 PM","75 min.","Yorkville","Guided All Around: Loving Kindness","","Sauna..",37,64,27,71
"01/06/2025","2:00 PM","75 min.","Yorkville","Free Flow","","Sauna..",26,33,7,78
"01/06/2025","2:30 PM","75 min.","Yorkville","Free Flow","","Sauna...",26,33,7,85
"01/06/2025","3:00 PM","75 min.","Yorkville","Free Flow","","Sauna....",30,33,3,88
"01/06/2025","3:30 PM","75 min.","Yorkville","Free Flow","","Sauna..",26,33,7,95
"01/06/2025","4:00 PM","75 min.","Yorkville","Free Flow","","Sauna.",27,33,6,101
"01/06/2025","4:30 PM","75 min.","Yorkville","Free Flow","","Sauna...",22,33,11,112
"01/06/2025","5:00 PM","75 min.","Yorkville","Free Flow","","Sauna....",23,33,10,122
"01/06/2025","5:30 PM","75 min.","Yorkville","Lively Free Flow","","Sauna.",1,33,32,154
"01/06/2025","7:15 PM","75 min.","Yorkville","Guided Down: Self-Care Sweat","","Sauna..",11,64,53,207
"01/06/2025","9:00 PM","75 min.","Yorkville","Guided All Around: Journey Through the Elements","","Sauna..",35,64,29,236
"01/07/2025","7:00 AM","75 min.","Yorkville","Guided Up: Arctic Tundra","","Sauna..",54,64,10,10
"01/07/2025","8:30 AM","75 min.","Yorkville","Quieter Free Flow","","Sauna..",27,33,6,16
"01/07/2025","9:00 AM","75 min.","Yorkville","Quieter Free Flow","","Sauna...",29,33,4,20
"01/07/2025","9:30 AM","75 min.","Yorkville","Quieter Free Flow","","Sauna....",29,33,4,24
"01/07/2025","10:00 AM","75 min.","Yorkville","Quieter Free Flow","","Sauna..",31,33,2,26
"01/07/2025","10:15 AM","75 min.","Yorkville","Quieter Free Flow","","Sauna...",23,33,10,36
"01/07/2025","12:00 PM","75 min.","Yorkville","Guided Down: Pure Presence","","Sauna..",45,64,19,55
"01/07/2025","1:45 PM","75 min.","Yorkville","Guided All Around: Release","","Sauna..",50,64,14,69
"01/07/2025","3:30 PM","75 min.","Yorkville","Free Flow","","Sauna..",38,53,15,84
"01/07/2025","4:00 PM","75 min.","Yorkville","Free Flow","","Sauna.",26,33,7,91
"01/07/2025","4:30 PM","75 min.","Yorkville","Free Flow","","Sauna...",26,33,7,98
"01/07/2025","5:00 PM","75 min.","Yorkville","Free Flow","","Sauna....",11,33,22,120
"01/07/2025","5:30 PM","75 min.","Yorkville","Lively Free Flow","","Sauna.",2,33,31,151
"01/07/2025","7:15 PM","75 min.","Yorkville","Guided Down: Deep Stretch","","Sauna..",,,,151
"01/07/2025","9:00 PM","75 min.","Yorkville","Quieter Free Flow","","Sauna..",1,53,52,203
"01/07/2025","9:30 PM","75 min.","Yorkville","Quieter Free Flow","","Sauna...",31,52,21,224
"01/08/2025","7:00 AM","75 min.","Yorkville","Guided Down: Sound Immersion","Stuart Campbell","Sauna..",43,64,21,21
"01/08/2025","8:30 AM","75 min.","Yorkville","Free Flow","","Sauna..",27,33,6,27
"01/08/2025","9:00 AM","75 min.","Yorkville","Free Flow","","Sauna...",32,33,1,28
"01/08/2025","9:30 AM","75 min.","Yorkville","Free Flow","","Sauna....",28,33,5,33
"01/08/2025","10:00 AM","75 min.","Yorkville","Free Flow","","Sauna..",33,33,0,33
"01/08/2025","10:15 AM","75 min.","Yorkville","Free Flow","","Sauna...",27,33,6,39
"01/08/2025","12:00 PM","75 min.","Yorkville","Guided Up: Feel Good Now","","Sauna..",53,64,11,50
"01/08/2025","2:00 PM","75 min.","Yorkville","Free Flow","","Sauna..",20,33,13,63
"01/08/2025","2:30 PM","75 min.","Yorkville","Free Flow","","Sauna...",27,33,6,69
"01/08/2025","3:00 PM","75 min.","Yorkville","Free Flow","","Sauna....",29,33,4,73
"01/08/2025","3:30 PM","75 min.","Yorkville","Free Flow","","Sauna..",26,33,7,80
"01/08/2025","3:45 PM","75 min.","Yorkville","Free Flow","","Sauna...",20,33,13,93
"01/08/2025","5:30 PM","75 min.","Yorkville","Guided Down: Sound Immersion","","Sauna..",8,64,56,149
"01/08/2025","7:15 PM","75 min.","Yorkville","Guided All Around: Reset","","Sauna..",1,64,63,212
"01/08/2025","9:00 PM","75 min.","Yorkville","Free Flow","","Sauna..",5,53,48,260
"01/08/2025","9:30 PM","75 min.","Yorkville","Free Flow","","Sauna....",40,52,12,272
"01/09/2025","7:00 AM","75 min.","Yorkville","Guided Down: Sound Immersion","","Sauna..",50,64,14,14
"01/09/2025","8:30 AM","75 min.","Yorkville","Free Flow","","Sauna..",26,33,7,21
"01/09/2025","9:00 AM","75 min.","Yorkville","Free Flow","","Sauna...",28,33,5,26
"01/09/2025","9:30 AM","75 min.","Yorkville","Free Flow","","Sauna....",30,33,3,29
"01/09/2025","10:00 AM","75 min.","Yorkville","Free Flow","","Sauna..",25,33,8,37
"01/09/2025","10:15 AM","75 min.","Yorkville","Free Flow","","Sauna...",24,33,9,46
"01/09/2025","12:00 PM","75 min.","Yorkville","Guided All Around: Journey Through the Elements","","Sauna..",47,64,17,63
"01/09/2025","2:00 PM","75 min.","Yorkville","Free Flow","","Sauna..",25,33,8,71
"01/09/2025","2:30 PM","75 min.","Yorkville","Free Flow","","Sauna...",27,33,6,77
"01/09/2025","3:00 PM","75 min.","Yorkville","Free Flow","","Sauna....",31,33,2,79
"01/09/2025","3:30 PM","75 min.","Yorkville","Free Flow","","Sauna.",18,33,15,94
"01/09/2025","5:30 PM","75 min.","Yorkville","Guided Up: Arctic Tundra","","Sauna..",32,64,32,126
"01/09/2025","7:15 PM","75 min.","Yorkville","Guided All Around: Heart Opener","","Sauna..",,,,126
"01/09/2025","9:00 PM","75 min.","Yorkville","Lively Free Flow","","Sauna..",6,64,58,184
"01/09/2025","9:30 PM","75 min.","Yorkville","Lively Free Flow","","Sauna...",23,35,12,196
"01/10/2025","7:00 AM","75 min.","Yorkville","Guided Down: Pure Presence","","Sauna..",42,64,22,22
"01/10/2025","8:45 AM","75 min.","Yorkville","Guided Down: Self-Care Sweat","","Sauna..",51,60,9,31
"01/10/2025","10:30 AM","75 min.","Yorkville","Guided Down: Senses","","Sauna..",45,64,19,50
"01/10/2025","12:15 PM","75 min.","Yorkville","Guided Up: Arctic Tundra","","Sauna..",49,64,15,65
"01/10/2025","2:00 PM","75 min.","Yorkville","Free Flow","","Sauna..",5,33,28,93
"01/10/2025","2:30 PM","75 min.","Yorkville","Free Flow","","Sauna...",24,33,9,102
"01/10/2025","3:00 PM","75 min.","Yorkville","Free Flow","","Sauna....",18,33,15,117
"01/10/2025","3:30 PM","75 min.","Yorkville","Free Flow","","Sauna..",17,33,16,133
"01/10/2025","4:00 PM","75 min.","Yorkville","Free Flow","","Sauna...",8,33,25,158
"01/10/2025","4:30 PM","75 min.","Yorkville","Free Flow","","Sauna....",8,33,25,183
"01/10/2025","5:00 PM","75 min.","Yorkville","Free Flow","","Sauna..",3,33,30,213
"01/10/2025","5:30 PM","75 min.","Yorkville","Lively Free Flow","","Sauna...",0,33,33,246
"01/10/2025","7:15 PM","75 min.","Yorkville","Guided Down: Sound Immersion","","Sauna..",,,,246
"01/10/2025","9:00 PM","120 min.","Yorkville","Social","","Sauna..",0,53,53,299
"01/10/2025","9:30 PM","120 min.","Yorkville","Social","","Sauna...",3,52,49,348
"01/11/2025","8:00 AM","75 min.","Yorkville","Guided Down: Embodied","","Sauna..",38,60,22,22
"01/11/2025","9:45 AM","75 min.","Yorkville","Guided All Around: Reset","","Sauna..",1,64,63,85
"01/11/2025","11:30 AM","75 min.","Yorkville","Guided Down: Deep Stretch","","Sauna..",2,60,58,143
"01/11/2025","1:30 PM","75 min.","Yorkville","Lively Free Flow","","Sauna..",0,45,45,188
"01/11/2025","2:00 PM","75 min.","Yorkville","Lively Free Flow","","Sauna...",4,30,26,214
"01/11/2025","2:30 PM","75 min.","Yorkville","Lively Free Flow","","Sauna....",10,30,20,234
"01/11/2025","3:00 PM","75 min.","Yorkville","Lively Free Flow","","Sauna..",9,30,21,255
"01/11/2025","3:30 PM","75 min.","Yorkville","Lively Free Flow","","Sauna...",14,45,31,286
"01/11/2025","4:00 PM","75 min.","Yorkville","Lively Free Flow","","Sauna....",2,30,28,314
"01/11/2025","4:30 PM","75 min.","Yorkville","Lively Free Flow","","Sauna..",4,30,26,340
"01/11/2025","5:00 PM","75 min.","Yorkville","Lively Free Flow","","Sauna...",1,25,24,364
"01/11/2025","5:30 PM","75 min.","Yorkville","Lively Free Flow","","Sauna....",1,45,44,408
"01/11/2025","6:00 PM","75 min.","Yorkville","Lively Free Flow","","Sauna..",1,35,34,442
"01/11/2025","7:45 PM","75 min.","Yorkville","Guided All Around: Heart Opener","","Sauna..",,,,442
"01/11/2025","9:30 PM","120 min.","Yorkville","Social","","Sauna..",3,53,50,492
"01/11/2025","9:45 PM","120 min.","Yorkville","Social","","Sauna...",6,52,46,538
"01/12/2025","7:00 AM","75 min.","Yorkville","Quieter Free Flow","","Sauna..",25,53,28,28
"01/12/2025","8:30 AM","75 min.","Yorkville","Free Flow","","Sauna..",3,53,50,78
"01/12/2025","10:15 AM","75 min.","Yorkville","Guided Down: Sound Immersion","","Sauna..",1,64,63,141
"01/12/2025","12:00 PM","75 min.","Yorkville","Guided All Around: Heart Opener","","Sauna..",3,64,61,202
"01/12/2025","2:00 PM","75 min.","Yorkville","Lively Free Flow","","Sauna..",0,40,40,242
"01/12/2025","2:30 PM","75 min.","Yorkville","Lively Free Flow","","Sauna...",0,30,30,272
"01/12/2025","3:00 PM","75 min.","Yorkville","Lively Free Flow","","Sauna....",1,30,29,301
"01/12/2025","3:30 PM","75 min.","Yorkville","Lively Free Flow","","Sauna..",0,40,40,341
"01/12/2025","4:00 PM","75 min.","Yorkville","Lively Free Flow","","Sauna...",0,35,35,376
"01/12/2025","5:45 PM","75 min.","Yorkville","Guided Down: Pure Presence","","Sauna..",3,64,61,437
"01/12/2025","7:30 PM","75 min.","Yorkville","Guided All Around: Loving Kindness","","Sauna..",24,64,40,477
"01/12/2025","9:15 PM","75 min.","Yorkville","Free Flow","","Sauna..",5,53,48,525
"01/12/2025","9:30 PM","75 min.","Yorkville","Free Flow","","Sauna...",18,52,34,559
"12/30/2024","7:00 AM","75 min.","Yorkville","Quieter Free Flow","","Sauna..",33,33,0,0
"12/30/2024","7:30 AM","75 min.","Yorkville","Quieter Free Flow","","Sauna...",29,33,4,4
"12/30/2024","8:00 AM","75 min.","Yorkville","Quieter Free Flow","","Sauna....",25,33,8,12
"12/30/2024","8:30 AM","75 min.","Yorkville","Quieter Free Flow","","Sauna..",27,33,6,18
"12/30/2024","9:00 AM","75 min.","Yorkville","Quieter Free Flow","","Sauna...",27,33,6,24
"12/30/2024","9:30 AM","75 min.","Yorkville","Quieter Free Flow","","Sauna....",24,33,9,33
"12/30/2024","10:00 AM","75 min.","Yorkville","Quieter Free Flow","","Sauna..",18,33,15,48
"12/30/2024","10:15 AM","75 min.","Yorkville","Quieter Free Flow","","Sauna...",11,33,22,70
"12/30/2024","12:00 PM","75 min.","Yorkville","Guided Down: Sound Immersion","","Sauna..",,,,70
"12/30/2024","2:00 PM","75 min.","Yorkville","Free Flow","","Sauna..",1,33,32,102
"12/30/2024","2:30 PM","75 min.","Yorkville","Free Flow","","Sauna...",1,33,32,134
"12/30/2024","3:00 PM","75 min.","Yorkville","Free Flow","","Sauna....",1,33,32,166
"12/30/2024","3:30 PM","75 min.","Yorkville","Free Flow","","Sauna..",11,33,22,188
"12/30/2024","4:00 PM","75 min.","Yorkville","Free Flow","","Sauna.",18,33,15,203
"12/30/2024","4:30 PM","75 min.","Yorkville","Free Flow","","Sauna...",10,33,23,226
"12/30/2024","5:00 PM","75 min.","Yorkville","Free Flow","","Sauna....",16,33,17,243
"12/30/2024","5:30 PM","75 min.","Yorkville","Free Flow","","Sauna.",2,33,31,274
"12/30/2024","7:15 PM","75 min.","Yorkville","Guided Down: Self-Care Sweat","","Sauna..",3,60,57,331
"12/30/2024","9:00 PM","75 min.","Yorkville","Guided All Around: Journey Through the Elements","","Sauna..",46,64,18,349
"12/31/2024","7:00 AM","75 min.","Yorkville","Quieter Free Flow","","Sauna.",22,33,11,11
"12/31/2024","7:00 AM","75 min.","Yorkville","Quieter Free Flow","","Sauna..",33,33,0,11
"12/31/2024","8:30 AM","75 min.","Yorkville","Quieter Free Flow","","Sauna..",1,33,32,43
"12/31/2024","10:00 AM","75 min.","Yorkville","Guided All Around: Reset","","Sauna..",29,64,35,78
"12/31/2024","12:00 PM","75 min.","Yorkville","Guided Down: Self-Care Sweat","Dan Gütter","Sauna..",3,64,61,139
"12/31/2024","1:45 PM","75 min.","Yorkville","Guided Down: Sound Immersion","","Sauna..",4,64,60,199
"12/31/2024","3:30 PM","75 min.","Yorkville","Lively Free Flow","","Sauna..",1,53,52,251
"12/31/2024","4:00 PM","75 min.","Yorkville","Lively Free Flow","","Sauna.",10,33,23,274
"12/31/2024","4:30 PM","75 min.","Yorkville","Lively Free Flow","","Sauna...",1,33,32,306
"12/31/2024","5:00 PM","75 min.","Yorkville","Lively Free Flow","","Sauna....",22,33,11,317
"12/31/2024","5:30 PM","75 min.","Yorkville","Lively Free Flow","","Sauna.",8,33,25,342
"12/31/2024","9:30 PM","120 min.","Yorkville","NYE Celebration | Orbiting 2025","","Private",23,180,157,499
"01/01/2025","10:00 AM","75 min.","Yorkville","Guided Down: Untangle","","Sauna..",23,64,41,41
"01/01/2025","12:00 PM","75 min.","Yorkville","Guided Up: Feel Good Now","","Sauna..",4,64,60,101
"01/01/2025","2:00 PM","75 min.","Yorkville","Lively Free Flow","","Sauna..",0,33,33,134
"01/01/2025","2:30 PM","75 min.","Yorkville","Lively Free Flow","","Sauna...",0,33,33,167
"01/01/2025","3:00 PM","75 min.","Yorkville","Lively Free Flow","","Sauna....",0,33,33,200
"01/01/2025","3:30 PM","75 min.","Yorkville","Lively Free Flow","","Sauna..",2,33,31,231
"01/01/2025","3:45 PM","75 min.","Yorkville","Lively Free Flow","","Sauna...",1,33,32,263
"01/01/2025","5:30 PM","75 min.","Yorkville","Guided Down: Sound Immersion","","Sauna..",1,64,63,326
"01/01/2025","7:15 PM","75 min.","Yorkville","Guided All Around: Loving Kindness","","Sauna..",4,64,60,386
"01/01/2025","9:00 PM","75 min.","Yorkville","Free Flow","","Sauna..",5,53,48,434
"01/01/2025","9:30 PM","75 min.","Yorkville","Free Flow","","Sauna....",33,52,19,453
"01/02/2025","7:00 AM","75 min.","Yorkville","Guided Down: Sound Immersion","","Sauna..",53,64,11,11
"01/02/2025","8:30 AM","75 min.","Yorkville","Free Flow","","Sauna..",22,33,11,22
"01/02/2025","9:00 AM","75 min.","Yorkville","Free Flow","","Sauna...",20,33,13,35
"01/02/2025","9:30 AM","75 min.","Yorkville","Free Flow","","Sauna....",20,33,13,48
"01/02/2025","10:00 AM","75 min.","Yorkville","Free Flow","","Sauna..",18,33,15,63
"01/02/2025","10:15 AM","75 min.","Yorkville","Free Flow","","Sauna...",11,33,22,85
"01/02/2025","12:00 PM","75 min.","Yorkville","Guided All Around: Loving Kindness","Dan Gütter","Sauna..",27,64,37,122
"01/02/2025","2:00 PM","75 min.","Yorkville","Free Flow","","Sauna..",1,33,32,154
"01/02/2025","2:30 PM","75 min.","Yorkville","Free Flow","","Sauna...",16,33,17,171
"01/02/2025","3:00 PM","75 min.","Yorkville","Free Flow","","Sauna....",15,33,18,189
"01/02/2025","3:30 PM","75 min.","Yorkville","Free Flow","","Sauna..",8,33,25,214
"01/02/2025","5:30 PM","75 min.","Yorkville","Guided Up: Feel Good Now","","Sauna..",18,64,46,260
"01/02/2025","7:15 PM","75 min.","Yorkville","Guided All Around: Heart Opener","","Sauna..",1,64,63,323
"01/02/2025","9:00 PM","75 min.","Yorkville","Lively Free Flow","","Sauna..",11,64,53,376
"01/02/2025","9:30 PM","75 min.","Yorkville","Lively Free Flow","","Sauna...",21,35,14,390
"01/03/2025","7:00 AM","75 min.","Yorkville","Guided Down: Self-Care Sweat","","Sauna..",45,60,15,15
"01/03/2025","8:45 AM","75 min.","Yorkville","Guided Down: Pure Presence","","Sauna..",53,64,11,26
"01/03/2025","10:30 AM","75 min.","Yorkville","Guided Down: Senses","","Sauna..",34,64,30,56
"01/03/2025","12:15 PM","75 min.","Yorkville","Guided Up: Arctic Tundra","","Sauna..",28,64,36,92
"01/03/2025","2:00 PM","75 min.","Yorkville","Free Flow","","Sauna..",5,33,28,120
"01/03/2025","2:30 PM","75 min.","Yorkville","Free Flow","","Sauna...",10,33,23,143
"01/03/2025","3:00 PM","75 min.","Yorkville","Free Flow","","Sauna....",20,33,13,156
"01/03/2025","3:30 PM","75 min.","Yorkville","Free Flow","","Sauna..",18,33,15,171
"01/03/2025","4:00 PM","75 min.","Yorkville","Free Flow","","Sauna...",17,33,16,187
"01/03/2025","4:30 PM","75 min.","Yorkville","Free Flow","","Sauna....",10,33,23,210
"01/03/2025","5:00 PM","75 min.","Yorkville","Free Flow","","Sauna..",13,33,20,230
"01/03/2025","5:30 PM","75 min.","Yorkville","Free Flow","","Sauna...",5,33,28,258
"01/03/2025","7:15 PM","75 min.","Yorkville","Guided All Around: Loving Kindness","","Sauna..",10,64,54,312
"01/03/2025","9:00 PM","120 min.","Yorkville","Social","","Sauna..",0,53,53,365
"01/03/2025","9:30 PM","120 min.","Yorkville","Social","","Sauna...",0,52,52,417
"01/04/2025","8:00 AM","75 min.","Yorkville","Guided Down: Deep Stretch","","Sauna..",42,60,18,18
"01/04/2025","9:45 AM","75 min.","Yorkville","Guided Down: Self-Care Sweat","","Sauna..",7,60,53,71
"01/04/2025","11:30 AM","75 min.","Yorkville","Guided Down: Embodied","","Sauna..",2,60,58,129
"01/04/2025","1:30 PM","75 min.","Yorkville","Lively Free Flow","","Sauna..",1,45,44,173
"01/04/2025","2:00 PM","75 min.","Yorkville","Lively Free Flow","","Sauna...",0,30,30,203
"01/04/2025","2:30 PM","75 min.","Yorkville","Lively Free Flow","","Sauna....",0,30,30,233
"01/04/2025","3:00 PM","75 min.","Yorkville","Lively Free Flow","","Sauna..",0,30,30,263
"01/04/2025","3:30 PM","75 min.","Yorkville","Lively Free Flow","","Sauna...",1,45,44,307
"01/04/2025","4:00 PM","75 min.","Yorkville","Lively Free Flow","","Sauna....",2,30,28,335
"01/04/2025","4:30 PM","75 min.","Yorkville","Lively Free Flow","","Sauna..",1,30,29,364
"01/04/2025","5:00 PM","75 min.","Yorkville","Lively Free Flow","","Sauna...",3,25,22,386
"01/04/2025","5:30 PM","75 min.","Yorkville","Lively Free Flow","","Sauna....",19,45,26,412
"01/04/2025","6:00 PM","75 min.","Yorkville","Lively Free Flow","","Sauna..",0,35,35,447
"01/04/2025","7:45 PM","75 min.","Yorkville","Guided All Around: Heart Opener","","Sauna..",2,64,62,509
"01/04/2025","9:30 PM","120 min.","Yorkville","Social","","Sauna..",2,53,51,560
"01/04/2025","9:45 PM","120 min.","Yorkville","Social","","Sauna...",32,52,20,580
"01/05/2025","7:00 AM","75 min.","Yorkville","Quieter Free Flow","","Sauna..",28,53,25,25
"01/05/2025","8:30 AM","75 min.","Yorkville","Free Flow","","Sauna..",15,53,38,63
"01/05/2025","10:15 AM","75 min.","Yorkville","Guided All Around: Reset","","Sauna..",12,64,52,115
"01/05/2025","12:00 PM","75 min.","Yorkville","Guided All Around: Inner Power","","Sauna..",1,64,63,178
"01/05/2025","2:00 PM","75 min.","Yorkville","Lively Free Flow","","Sauna..",0,40,40,218
"01/05/2025","2:30 PM","75 min.","Yorkville","Lively Free Flow","","Sauna...",0,30,30,248
"01/05/2025","3:00 PM","75 min.","Yorkville","Lively Free Flow","","Sauna....",7,30,23,271
"01/05/2025","3:30 PM","75 min.","Yorkville","Lively Free Flow","","Sauna..",7,40,33,304
"01/05/2025","4:00 PM","75 min.","Yorkville","Lively Free Flow","","Sauna...",1,35,34,338
"01/05/2025","5:45 PM","75 min.","Yorkville","Guided Down: Pure Presence","","Sauna..",7,64,57,395
"01/05/2025","7:30 PM","75 min.","Yorkville","Guided All Around: Loving Kindness","","Sauna..",14,64,50,445
"01/05/2025","9:15 PM","75 min.","Yorkville","Free Flow","","Sauna..",12,53,41,486
"01/05/2025","9:30 PM","75 min.","Yorkville","Free Flow","","Sauna...",37,52,15,501
"12/23/2024","7:00 AM","75 min.","Yorkville","Quieter Free Flow","","Sauna..",19,33,14,14
"12/23/2024","7:30 AM","75 min.","Yorkville","Quieter Free Flow","","Sauna...",29,33,4,18
"12/23/2024","8:00 AM","75 min.","Yorkville","Quieter Free Flow","","Sauna....",30,33,3,21
"12/23/2024","8:30 AM","75 min.","Yorkville","Quieter Free Flow","","Sauna..",17,33,16,37
"12/23/2024","9:00 AM","75 min.","Yorkville","Quieter Free Flow","","Sauna...",28,33,5,42
"12/23/2024","9:30 AM","75 min.","Yorkville","Quieter Free Flow","","Sauna....",27,33,6,48
"12/23/2024","10:00 AM","75 min.","Yorkville","Quieter Free Flow","","Sauna..",18,33,15,63
"12/23/2024","10:15 AM","75 min.","Yorkville","Quieter Free Flow","","Sauna...",23,33,10,73
"12/23/2024","12:00 PM","75 min.","Yorkville","Guided Down: Sound Immersion","","Sauna..",15,64,49,122
"12/23/2024","2:00 PM","75 min.","Yorkville","Free Flow","","Sauna..",1,33,32,154
"12/23/2024","2:30 PM","75 min.","Yorkville","Free Flow","","Sauna...",13,33,20,174
"12/23/2024","3:00 PM","75 min.","Yorkville","Free Flow","","Sauna....",19,33,14,188
"12/23/2024","3:30 PM","75 min.","Yorkville","Free Flow","","Sauna..",18,33,15,203
"12/23/2024","4:00 PM","75 min.","Yorkville","Free Flow","","Sauna.",18,33,15,218
"12/23/2024","4:30 PM","75 min.","Yorkville","Free Flow","","Sauna...",20,33,13,231
"12/23/2024","5:00 PM","75 min.","Yorkville","Free Flow","","Sauna....",20,33,13,244
"12/23/2024","5:30 PM","75 min.","Yorkville","Free Flow","","Sauna.",0,33,33,277
"12/23/2024","7:15 PM","75 min.","Yorkville","Guided All Around: Release","","Sauna..",30,64,34,311
"12/23/2024","9:00 PM","75 min.","Yorkville","Guided Down: Embodied","","Sauna..",41,60,19,330
"12/24/2024","7:00 AM","75 min.","Yorkville","Guided All Around: Reset","","Sauna..",53,64,11,11
"12/24/2024","8:30 AM","75 min.","Yorkville","Quieter Free Flow","","Sauna..",21,33,12,23
"12/24/2024","9:00 AM","75 min.","Yorkville","Quieter Free Flow","","Sauna...",26,33,7,30
"12/24/2024","9:30 AM","75 min.","Yorkville","Quieter Free Flow","","Sauna....",26,33,7,37
"12/24/2024","10:00 AM","75 min.","Yorkville","Quieter Free Flow","","Sauna..",22,33,11,48
"12/24/2024","10:15 AM","75 min.","Yorkville","Quieter Free Flow","","Sauna...",11,33,22,70
"12/24/2024","12:00 PM","75 min.","Yorkville","Guided Down: Self-Care Sweat","Dan Gütter","Sauna..",28,60,32,102
"12/24/2024","1:45 PM","75 min.","Yorkville","Guided Up: Feel Good Now","","Sauna..",37,64,27,129
"12/24/2024","3:30 PM","75 min.","Yorkville","Free Flow","","Sauna..",16,53,37,166
"12/24/2024","4:00 PM","75 min.","Yorkville","Free Flow","","Sauna.",17,33,16,182
"12/24/2024","4:30 PM","75 min.","Yorkville","Free Flow","","Sauna...",25,33,8,190
"12/24/2024","5:00 PM","75 min.","Yorkville","Free Flow","","Sauna....",1,33,32,222
"12/25/2024","10:00 AM","75 min.","Yorkville","Guided Down: Pure Presence","","Sauna..",26,64,38,38
"12/25/2024","12:00 PM","75 min.","Yorkville","Guided All Around: Heart Opener","","Sauna..",41,64,23,61
"12/25/2024","1:45 PM","75 min.","Yorkville","Guided All Around: Loving Kindness","","Sauna..",7,64,57,118
"12/26/2024","8:45 AM","75 min.","Yorkville","Free Flow","","Sauna..",23,33,10,10
"12/26/2024","9:00 AM","75 min.","Yorkville","Free Flow","","Sauna...",21,33,12,22
"12/26/2024","9:30 AM","75 min.","Yorkville","Free Flow","","Sauna....",22,33,11,33
"12/26/2024","10:00 AM","75 min.","Yorkville","Free Flow","","Sauna..",25,33,8,41
"12/26/2024","10:15 AM","75 min.","Yorkville","Free Flow","","Sauna...",6,33,27,68
"12/26/2024","12:00 PM","75 min.","Yorkville","Guided Down: Self-Care Sweat","Dan Gütter","Sauna..",14,60,46,114
"12/26/2024","2:00 PM","75 min.","Yorkville","Free Flow","","Sauna..",,,,114
"12/26/2024","2:30 PM","75 min.","Yorkville","Free Flow","","Sauna...",2,33,31,145
"12/26/2024","3:00 PM","75 min.","Yorkville","Free Flow","","Sauna....",11,33,22,167
"12/26/2024","3:30 PM","75 min.","Yorkville","Free Flow","","Sauna..",1,33,32,199
"12/26/2024","5:30 PM","75 min.","Yorkville","Guided Up: Arctic Tundra","","Sauna..",29,64,35,234
"12/26/2024","7:15 PM","75 min.","Yorkville","Guided All Around: Loving Kindness","","Sauna..",34,64,30,264
"12/26/2024","9:00 PM","75 min.","Yorkville","Lively Free Flow","","Sauna..",25,64,39,303
"12/26/2024","9:30 PM","75 min.","Yorkville","Lively Free Flow","","Sauna...",17,35,18,321
"12/27/2024","7:00 AM","75 min.","Yorkville","Free Flow","","Sauna..",34,35,1,1
"12/27/2024","8:45 AM","75 min.","Yorkville","Guided All Around: Release","","Sauna..",51,64,13,14
"12/27/2024","10:30 AM","75 min.","Yorkville","Guided Down: Senses","","Sauna..",31,64,33,47
"12/27/2024","12:15 PM","75 min.","Yorkville","Guided Up: Arctic Tundra","","Sauna..",26,64,38,85
"12/27/2024","2:00 PM","75 min.","Yorkville","Free Flow","","Sauna..",,,,85
"12/27/2024","2:30 PM","75 min.","Yorkville","Free Flow","","Sauna...",,,,85
"12/27/2024","3:00 PM","75 min.","Yorkville","Free Flow","","Sauna....",3,33,30,115
"12/27/2024","3:30 PM","75 min.","Yorkville","Free Flow","","Sauna..",20,33,13,128
"12/27/2024","4:00 PM","75 min.","Yorkville","Free Flow","","Sauna...",14,33,19,147
"12/27/2024","4:30 PM","75 min.","Yorkville","Free Flow","","Sauna....",17,33,16,163
"12/27/2024","5:00 PM","75 min.","Yorkville","Free Flow","","Sauna..",8,33,25,188
"12/27/2024","5:30 PM","75 min.","Yorkville","Free Flow","","Sauna...",0,33,33,221
"12/27/2024","7:15 PM","75 min.","Yorkville","Guided You + Me: Relationship","","Sauna..",25,60,35,256
"12/27/2024","9:00 PM","120 min.","Yorkville","Social","","Sauna..",12,53,41,297
"12/27/2024","9:30 PM","120 min.","Yorkville","Social","","Sauna...",25,52,27,324
"12/28/2024","8:00 AM","75 min.","Yorkville","Guided Down: Embodied","","Sauna..",49,60,11,11
"12/28/2024","9:45 AM","75 min.","Yorkville","Guided Down: Sound Immersion","","Sauna..",15,64,49,60
"12/28/2024","11:30 AM","75 min.","Yorkville","Guided Down: Deep Stretch","","Sauna..",4,60,56,116
"12/28/2024","1:30 PM","75 min.","Yorkville","Lively Free Flow","","Sauna..",2,45,43,159
"12/28/2024","2:00 PM","75 min.","Yorkville","Lively Free Flow","","Sauna...",1,30,29,188
"12/28/2024","2:30 PM","75 min.","Yorkville","Lively Free Flow","","Sauna....",4,30,26,214
"12/28/2024","3:00 PM","75 min.","Yorkville","Lively Free Flow","","Sauna..",13,30,17,231
"12/28/2024","3:30 PM","75 min.","Yorkville","Lively Free Flow","","Sauna...",21,45,24,255
"12/28/2024","4:00 PM","75 min.","Yorkville","Lively Free Flow","","Sauna....",19,30,11,266
"12/28/2024","4:30 PM","75 min.","Yorkville","Lively Free Flow","","Sauna..",12,30,18,284
"12/28/2024","5:00 PM","75 min.","Yorkville","Lively Free Flow","","Sauna...",14,25,11,295
"12/28/2024","5:30 PM","75 min.","Yorkville","Lively Free Flow","","Sauna....",39,45,6,301
"12/28/2024","6:00 PM","75 min.","Yorkville","Lively Free Flow","","Sauna..",22,35,13,314
"12/28/2024","7:45 PM","75 min.","Yorkville","Guided Down: Sound Immersion","","Sauna..",12,64,52,366
"12/28/2024","9:30 PM","120 min.","Yorkville","Social","","Sauna..",18,53,35,401
"12/28/2024","9:45 PM","120 min.","Yorkville","Social","","Sauna...",46,52,6,407
"12/29/2024","7:00 AM","75 min.","Yorkville","Quieter Free Flow","","Sauna..",39,53,14,14
"12/29/2024","8:30 AM","75 min.","Yorkville","Free Flow","","Sauna..",24,53,29,43
"12/29/2024","10:15 AM","75 min.","Yorkville","Guided All Around: Hardwiring Happiness","","Sauna..",9,64,55,98
"12/29/2024","12:00 PM","75 min.","Yorkville","Guided All Around: Journey Through the Elements","","Sauna..",1,64,63,161
"12/29/2024","2:00 PM","75 min.","Yorkville","Lively Free Flow","","Sauna..",1,40,39,200
"12/29/2024","2:30 PM","75 min.","Yorkville","Lively Free Flow","","Sauna...",6,30,24,224
"12/29/2024","3:00 PM","75 min.","Yorkville","Lively Free Flow","","Sauna....",3,30,27,251
"12/29/2024","3:30 PM","75 min.","Yorkville","Lively Free Flow","","Sauna..",24,40,16,267
"12/29/2024","4:00 PM","75 min.","Yorkville","Lively Free Flow","","Sauna...",4,35,31,298
"12/29/2024","5:45 PM","75 min.","Yorkville","Guided Down: Sound Immersion","","Sauna..",6,64,58,356
"12/29/2024","7:30 PM","75 min.","Yorkville","Guided All Around: Loving Kindness","","Sauna..",33,64,31,387
"12/29/2024","9:15 PM","75 min.","Yorkville","Free Flow","","Sauna..",17,53,36,423
"12/29/2024","9:30 PM","75 min.","Yorkville","Free Flow","","Sauna...",38,52,14,437
"12/16/2024","7:00 AM","75 min.","Yorkville","Cello Quieter Free Flow","","Sauna..",21,33,12,12
"12/16/2024","7:30 AM","75 min.","Yorkville","Cello Quieter Free Flow","","Sauna...",30,33,3,15
"12/16/2024","8:00 AM","75 min.","Yorkville","Cello Quieter Free Flow","","Sauna....",24,33,9,24
"12/16/2024","8:30 AM","75 min.","Yorkville","Cello Quieter Free Flow","","Sauna..",28,33,5,29
"12/16/2024","9:00 AM","75 min.","Yorkville","Cello Quieter Free Flow","","Sauna...",24,33,9,38
"12/16/2024","9:30 AM","75 min.","Yorkville","Quieter Free Flow","","Sauna....",29,33,4,42
"12/16/2024","10:00 AM","75 min.","Yorkville","Quieter Free Flow","","Sauna..",23,33,10,52
"12/16/2024","10:15 AM","75 min.","Yorkville","Quieter Free Flow","","Sauna...",19,33,14,66
"12/16/2024","12:00 PM","75 min.","Yorkville","Guided Down: Sound Immersion","","Sauna..",38,64,26,92
"12/16/2024","2:00 PM","75 min.","Yorkville","Free Flow","","Sauna..",15,33,18,110
"12/16/2024","2:30 PM","75 min.","Yorkville","Free Flow","","Sauna...",28,33,5,115
"12/16/2024","3:00 PM","75 min.","Yorkville","Free Flow","","Sauna....",20,33,13,128
"12/16/2024","3:30 PM","75 min.","Yorkville","Free Flow","","Sauna..",23,33,10,138
"12/16/2024","4:00 PM","75 min.","Yorkville","Free Flow","","Sauna.",27,33,6,144
"12/16/2024","4:30 PM","75 min.","Yorkville","Free Flow","","Sauna...",26,33,7,151
"12/16/2024","5:00 PM","75 min.","Yorkville","Free Flow","","Sauna....",31,33,2,153
"12/16/2024","5:30 PM","75 min.","Yorkville","Free Flow","","Sauna.",1,33,32,185
"12/16/2024","7:15 PM","75 min.","Yorkville","Guided Down: Deep Stretch","","Sauna..",12,60,48,233
"12/16/2024","9:00 PM","120 min.","Yorkville","Comedy Night","","Sauna.",,,,233
"12/17/2024","8:30 AM","75 min.","Yorkville","Quieter Free Flow","","Sauna..",29,33,4,4
"12/17/2024","9:00 AM","75 min.","Yorkville","Quieter Free Flow","","Sauna...",30,33,3,7
"12/17/2024","9:30 AM","75 min.","Yorkville","Quieter Free Flow","","Sauna....",30,33,3,10
"12/17/2024","10:00 AM","75 min.","Yorkville","Quieter Free Flow","","Sauna..",29,33,4,14
"12/17/2024","10:15 AM","75 min.","Yorkville","Quieter Free Flow","","Sauna...",20,33,13,27
"12/17/2024","12:00 PM","75 min.","Yorkville","Guided Down: Self-Care Sweat","Dan Gütter","Sauna..",49,64,15,42
"12/17/2024","1:45 PM","75 min.","Yorkville","Guided Up: Awakening","","Sauna..",47,64,17,59
"12/17/2024","4:00 PM","75 min.","Yorkville","Free Flow","","Sauna..",16,40,24,83
"12/17/2024","4:30 PM","75 min.","Yorkville","Free Flow","","Sauna...",23,40,17,100
"12/17/2024","5:00 PM","75 min.","Yorkville","Free Flow","","Sauna....",21,40,19,119
"12/17/2024","5:30 PM","75 min.","Yorkville","Free Flow","","Sauna..",10,40,30,149
"12/17/2024","6:00 PM","75 min.","Yorkville","Free Flow","","Sauna...",7,40,33,182
"12/17/2024","6:30 PM","75 min.","Yorkville","Free Flow","","Sauna....",12,40,28,210
"12/17/2024","7:00 PM","75 min.","Yorkville","Free Flow","","Sauna..",17,40,23,233
"12/17/2024","7:30 PM","75 min.","Yorkville","Free Flow","","Sauna...",19,40,21,254
"12/17/2024","8:00 PM","75 min.","Yorkville","Free Flow","","Sauna....",10,40,30,284
"12/17/2024","8:30 PM","75 min.","Yorkville","Free Flow","","Sauna..",19,40,21,305
"12/17/2024","9:00 PM","75 min.","Yorkville","Free Flow","","Sauna...",5,40,35,340
"12/18/2024","7:00 AM","75 min.","Yorkville","Guided Down: Pure Presence","","Sauna..",56,64,8,8
"12/18/2024","8:30 AM","75 min.","Yorkville","Free Flow","","Sauna..",28,33,5,13
"12/18/2024","9:00 AM","75 min.","Yorkville","Free Flow","","Sauna...",33,33,0,13
"12/18/2024","9:30 AM","75 min.","Yorkville","Free Flow","","Sauna....",31,33,2,15
"12/18/2024","10:00 AM","75 min.","Yorkville","Free Flow","","Sauna..",18,33,15,30
"12/18/2024","10:15 AM","75 min.","Yorkville","Free Flow","","Sauna...",14,33,19,49
"12/18/2024","12:00 PM","75 min.","Yorkville","Guided Up: Feel Good Now","","Sauna..",39,64,25,74
"12/18/2024","2:00 PM","75 min.","Yorkville","Free Flow","","Sauna..",20,33,13,87
"12/18/2024","2:30 PM","75 min.","Yorkville","Free Flow","","Sauna...",24,33,9,96
"12/18/2024","3:00 PM","75 min.","Yorkville","Free Flow","","Sauna....",32,33,1,97
"12/18/2024","3:30 PM","75 min.","Yorkville","Free Flow","","Sauna..",28,33,5,102
"12/18/2024","3:45 PM","75 min.","Yorkville","Free Flow","","Sauna...",21,33,12,114
"12/18/2024","5:30 PM","75 min.","Yorkville","Guided Up: Self-Care Sweat","","Sauna..",37,60,23,137
"12/18/2024","7:15 PM","75 min.","Yorkville","Guided All Around: Reset","","Sauna..",16,64,48,185
"12/19/2024","7:00 AM","75 min.","Yorkville","Guided Down: Sound Immersion","","Sauna..",45,64,19,19
"12/19/2024","8:30 AM","75 min.","Yorkville","Free Flow","","Sauna..",25,33,8,27
"12/19/2024","9:00 AM","75 min.","Yorkville","Free Flow","","Sauna...",28,33,5,32
"12/19/2024","9:30 AM","75 min.","Yorkville","Free Flow","","Sauna....",24,33,9,41
"12/19/2024","10:00 AM","75 min.","Yorkville","Free Flow","","Sauna..",31,33,2,43
"12/19/2024","10:15 AM","75 min.","Yorkville","Free Flow","","Sauna...",10,33,23,66
"12/19/2024","12:00 PM","75 min.","Yorkville","Guided All Around: Loving Kindness","Dan Gütter","Sauna..",41,64,23,89
"12/19/2024","2:00 PM","75 min.","Yorkville","Free Flow","","Sauna..",10,33,23,112
"12/19/2024","2:30 PM","75 min.","Yorkville","Free Flow","","Sauna...",22,33,11,123
"12/19/2024","3:00 PM","75 min.","Yorkville","Free Flow","","Sauna....",23,33,10,133
"12/19/2024","3:30 PM","75 min.","Yorkville","Free Flow","","Sauna..",22,33,11,144
"12/19/2024","5:30 PM","75 min.","Yorkville","Guided Up: Feel Good Now","","Sauna..",31,64,33,177
"12/19/2024","7:15 PM","75 min.","Yorkville","Guided All Around: Heart Opener","","Sauna..",2,64,62,239
"12/19/2024","9:00 PM","75 min.","Yorkville","Lively Free Flow","","Sauna..",16,64,48,287
"12/19/2024","9:30 PM","75 min.","Yorkville","Lively Free Flow","","Sauna...",22,35,13,300
"12/20/2024","7:00 AM","75 min.","Yorkville","Guided Down: Self-Care Sweat","","Sauna..",49,60,11,11
"12/20/2024","8:45 AM","75 min.","Yorkville","Guided Down: Pure Presence","","Sauna..",52,64,12,23
"12/20/2024","10:30 AM","75 min.","Yorkville","Guided Down: Senses","","Sauna..",43,64,21,44
"12/20/2024","12:15 PM","75 min.","Yorkville","Guided Up: Arctic Tundra","","Sauna..",48,64,16,60
"12/20/2024","2:00 PM","75 min.","Yorkville","Free Flow","","Sauna..",1,33,32,92
"12/20/2024","2:30 PM","75 min.","Yorkville","Free Flow","","Sauna...",8,33,25,117
"12/20/2024","3:00 PM","75 min.","Yorkville","Free Flow","","Sauna....",25,33,8,125
"12/20/2024","3:30 PM","75 min.","Yorkville","Free Flow","","Sauna..",15,33,18,143
"12/20/2024","4:00 PM","75 min.","Yorkville","Free Flow","","Sauna...",20,33,13,156
"12/20/2024","4:30 PM","75 min.","Yorkville","Free Flow","","Sauna....",29,33,4,160
"12/20/2024","5:00 PM","75 min.","Yorkville","Free Flow","","Sauna..",20,33,13,173
"12/20/2024","5:30 PM","75 min.","Yorkville","Free Flow","","Sauna...",10,33,23,196
"12/20/2024","7:15 PM","75 min.","Yorkville","Guided All Around: Loving Kindness","","Sauna..",34,64,30,226
"12/20/2024","9:00 PM","120 min.","Yorkville","Social","","Sauna..",0,53,53,279
"12/20/2024","9:30 PM","120 min.","Yorkville","Social","","Sauna...",21,52,31,310
"12/21/2024","8:00 AM","75 min.","Yorkville","Guided Down: Deep Stretch","","Sauna..",39,60,21,21
"12/21/2024","9:45 AM","75 min.","Yorkville","Guided All Around: Reset","","Sauna..",25,64,39,60
"12/21/2024","11:30 AM","75 min.","Yorkville","Guided Down: Embodied","","Sauna..",3,60,57,117
"12/21/2024","1:30 PM","75 min.","Yorkville","Lively Free Flow","","Sauna..",8,45,37,154
"12/21/2024","2:00 PM","75 min.","Yorkville","Lively Free Flow","","Sauna...",10,30,20,174
"12/21/2024","2:30 PM","75 min.","Yorkville","Lively Free Flow","","Sauna....",17,30,13,187
"12/21/2024","3:00 PM","75 min.","Yorkville","Lively Free Flow","","Sauna..",9,30,21,208
"12/21/2024","3:30 PM","75 min.","Yorkville","Lively Free Flow","","Sauna...",19,45,26,234
"12/21/2024","4:00 PM","75 min.","Yorkville","Lively Free Flow","","Sauna....",6,30,24,258
"12/21/2024","4:30 PM","75 min.","Yorkville","Lively Free Flow","","Sauna..",7,30,23,281
"12/21/2024","5:00 PM","75 min.","Yorkville","Lively Free Flow","","Sauna...",16,25,9,290
"12/21/2024","5:30 PM","75 min.","Yorkville","Lively Free Flow","","Sauna....",34,45,11,301
"12/21/2024","6:00 PM","75 min.","Yorkville","Lively Free Flow","","Sauna..",14,35,21,322
"12/21/2024","7:45 PM","75 min.","Yorkville","Guided All Around: Heart Opener","","Sauna..",29,64,35,357
"12/21/2024","9:30 PM","120 min.","Yorkville","Beat Drop: DJ Takeover","","Sauna..",2,53,51,408
"12/21/2024","9:45 PM","120 min.","Yorkville","Beat Drop: DJ Takeover","","Sauna...",20,52,32,440
"12/22/2024","7:00 AM","75 min.","Yorkville","Quieter Free Flow","","Sauna..",32,53,21,21
"12/22/2024","8:30 AM","75 min.","Yorkville","Free Flow","","Sauna..",35,53,18,39
"12/22/2024","10:15 AM","75 min.","Yorkville","Guided All Around: Reset","","Sauna..",13,64,51,90
"12/22/2024","12:00 PM","75 min.","Yorkville","Guided Up: Self-Care Sweat","","Sauna..",,,,90
"12/22/2024","2:00 PM","75 min.","Yorkville","Lively Free Flow","","Sauna..",4,40,36,126
"12/22/2024","2:30 PM","75 min.","Yorkville","Lively Free Flow","","Sauna...",1,30,29,155
"12/22/2024","3:00 PM","75 min.","Yorkville","Lively Free Flow","","Sauna....",1,30,29,184
"12/22/2024","3:30 PM","75 min.","Yorkville","Lively Free Flow","","Sauna..",18,40,22,206
"12/22/2024","4:00 PM","75 min.","Yorkville","Lively Free Flow","","Sauna...",5,35,30,236
"12/22/2024","5:45 PM","75 min.","Yorkville","Guided Down: Sound Immersion","","Sauna..",10,64,54,290
"12/22/2024","7:30 PM","75 min.","Yorkville","Guided All Around: Loving Kindness","","Sauna..",37,64,27,317
"12/22/2024","9:15 PM","75 min.","Yorkville","Free Flow","","Sauna..",12,53,41,358
"12/22/2024","9:30 PM","75 min.","Yorkville","Free Flow","","Sauna...",44,52,8,366
"12/09/2024","7:00 AM","75 min.","Yorkville","Quieter Free Flow","","Sauna..",19,33,14,14
"12/09/2024","7:30 AM","75 min.","Yorkville","Quieter Free Flow","","Sauna...",32,33,1,15
"12/09/2024","8:00 AM","75 min.","Yorkville","Quieter Free Flow","","Sauna....",32,33,1,16
"12/09/2024","8:30 AM","75 min.","Yorkville","Quieter Free Flow","","Sauna..",30,33,3,19
"12/09/2024","9:00 AM","75 min.","Yorkville","Quieter Free Flow","","Sauna...",28,33,5,24
"12/09/2024","9:30 AM","75 min.","Yorkville","Quieter Free Flow","","Sauna....",28,33,5,29
"12/09/2024","10:00 AM","75 min.","Yorkville","Quieter Free Flow","","Sauna..",30,33,3,32
"12/09/2024","10:15 AM","75 min.","Yorkville","Quieter Free Flow","","Sauna...",22,33,11,43
"12/09/2024","12:00 PM","75 min.","Yorkville","Guided All Around: Loving Kindness","Dan Gütter","Sauna..",42,64,22,65
"12/09/2024","2:00 PM","75 min.","Yorkville","Free Flow","","Sauna..",15,33,18,83
"12/09/2024","2:30 PM","75 min.","Yorkville","Free Flow","","Sauna...",21,33,12,95
"12/09/2024","3:00 PM","75 min.","Yorkville","Free Flow","","Sauna....",24,33,9,104
"12/09/2024","3:30 PM","75 min.","Yorkville","Free Flow","","Sauna..",30,33,3,107
"12/09/2024","4:00 PM","75 min.","Yorkville","Free Flow","","Sauna.",30,33,3,110
"12/09/2024","4:30 PM","75 min.","Yorkville","Free Flow","","Sauna...",27,33,6,116
"12/09/2024","5:00 PM","75 min.","Yorkville","Free Flow","","Sauna....",17,33,16,132
"12/09/2024","5:30 PM","75 min.","Yorkville","Free Flow","","Sauna.",1,33,32,164
"12/09/2024","7:15 PM","90 min.","Yorkville","Guided All Around: Space for Women","","Sauna..",34,64,30,194
"12/09/2024","9:00 PM","75 min.","Yorkville","Guided Down: Pure Presence","","Sauna..",25,64,39,233
"12/10/2024","7:00 AM","75 min.","Yorkville","Guided Up: Arctic Tundra","","Sauna..",61,64,3,3
"12/10/2024","8:30 AM","75 min.","Yorkville","Quieter Free Flow","","Sauna..",27,33,6,9
"12/10/2024","9:00 AM","75 min.","Yorkville","Quieter Free Flow","","Sauna...",29,33,4,13
"12/10/2024","9:30 AM","75 min.","Yorkville","Quieter Free Flow","","Sauna....",30,33,3,16
"12/10/2024","10:00 AM","75 min.","Yorkville","Quieter Free Flow","","Sauna..",24,33,9,25
"12/10/2024","10:15 AM","75 min.","Yorkville","Quieter Free Flow","","Sauna...",26,33,7,32
"12/10/2024","12:00 PM","75 min.","Yorkville","Guided All Around: Loving Kindness","Dan Gütter","Sauna..",51,64,13,45
"12/10/2024","1:45 PM","75 min.","Yorkville","Guided All Around: Release","","Sauna..",40,64,24,69
"12/10/2024","3:30 PM","75 min.","Yorkville","Free Flow","","Sauna..",39,53,14,83
"12/10/2024","4:00 PM","75 min.","Yorkville","Free Flow","","Sauna.",29,33,4,87
"12/10/2024","4:30 PM","75 min.","Yorkville","Free Flow","","Sauna...",29,33,4,91
"12/10/2024","5:00 PM","75 min.","Yorkville","Free Flow","","Sauna....",20,33,13,104
"12/10/2024","5:30 PM","75 min.","Yorkville","Free Flow","","Sauna.",15,33,18,122
"12/10/2024","7:15 PM","75 min.","Yorkville","Guided Up: Feel Good Now","","Sauna..",22,64,42,164
"12/10/2024","9:00 PM","75 min.","Yorkville","Quieter Free Flow","","Sauna..",6,53,47,211
"12/10/2024","9:30 PM","75 min.","Yorkville","Quieter Free Flow","","Sauna...",36,52,16,227
"12/11/2024","7:00 AM","75 min.","Yorkville","Guided All Around: Heart Opener","","Sauna..",54,64,10,10
"12/11/2024","8:30 AM","75 min.","Yorkville","Free Flow","","Sauna..",25,33,8,18
"12/11/2024","9:00 AM","75 min.","Yorkville","Free Flow","","Sauna...",32,33,1,19
"12/11/2024","9:30 AM","75 min.","Yorkville","Free Flow","","Sauna....",29,33,4,23
"12/11/2024","10:00 AM","75 min.","Yorkville","Free Flow","","Sauna..",29,33,4,27
"12/11/2024","10:15 AM","75 min.","Yorkville","Free Flow","","Sauna...",30,33,3,30
"12/11/2024","12:00 PM","75 min.","Yorkville","Guided All Around: Journey Through the Elements","","Sauna..",52,64,12,42
"12/11/2024","2:00 PM","75 min.","Yorkville","Free Flow","","Sauna..",21,33,12,54
"12/11/2024","2:30 PM","75 min.","Yorkville","Free Flow","","Sauna...",28,33,5,59
"12/11/2024","3:00 PM","75 min.","Yorkville","Free Flow","","Sauna....",26,33,7,66
"12/11/2024","3:30 PM","75 min.","Yorkville","Free Flow","","Sauna..",20,33,13,79
"12/11/2024","3:45 PM","75 min.","Yorkville","Free Flow","","Sauna...",16,33,17,96
"12/11/2024","5:30 PM","75 min.","Yorkville","Guided Down: Sound Immersion","","Sauna..",32,64,32,128
"12/11/2024","7:15 PM","75 min.","Yorkville","Guided All Around: Reset","","Sauna..",9,64,55,183
"12/11/2024","9:00 PM","75 min.","Yorkville","Free Flow","","Sauna..",15,53,38,221
"12/11/2024","9:30 PM","75 min.","Yorkville","Free Flow","","Sauna....",39,52,13,234
"12/12/2024","7:00 AM","75 min.","Yorkville","Guided Down: Sound Immersion","","Sauna..",53,64,11,11
"12/12/2024","10:00 AM","75 min.","Yorkville","Free Flow","","Sauna..",16,33,17,28
"12/12/2024","10:15 AM","75 min.","Yorkville","Free Flow","","Sauna...",22,33,11,39
"12/12/2024","12:00 PM","75 min.","Yorkville","Guided Down: Self-Care Sweat","Dan Gütter","Sauna..",33,60,27,66
"12/12/2024","2:00 PM","75 min.","Yorkville","Free Flow","","Sauna..",24,33,9,75
"12/12/2024","2:30 PM","75 min.","Yorkville","Free Flow","","Sauna...",28,33,5,80
"12/12/2024","3:00 PM","75 min.","Yorkville","Free Flow","","Sauna....",24,33,9,89
"12/12/2024","3:30 PM","75 min.","Yorkville","Free Flow","","Sauna..",9,33,24,113
"12/12/2024","5:30 PM","75 min.","Yorkville","Guided Up: Arctic Tundra","","Sauna..",21,64,43,156
"12/12/2024","7:15 PM","75 min.","Yorkville","Guided All Around: Release","","Sauna..",1,64,63,219
"12/12/2024","9:00 PM","75 min.","Yorkville","Lively Free Flow","","Sauna..",15,64,49,268
"12/12/2024","9:30 PM","75 min.","Yorkville","Lively Free Flow","","Sauna...",30,35,5,273
"12/13/2024","7:00 AM","75 min.","Yorkville","Guided Down: Self-Care Sweat","","Sauna..",49,60,11,11
"12/13/2024","8:45 AM","75 min.","Yorkville","Guided Down: Pure Presence","","Sauna..",60,64,4,15
"12/13/2024","10:30 AM","75 min.","Yorkville","Guided Down: Senses","","Sauna..",36,64,28,43
"12/13/2024","12:15 PM","75 min.","Yorkville","Guided Up: Arctic Tundra","","Sauna..",54,64,10,53
"12/13/2024","2:00 PM","75 min.","Yorkville","Free Flow","","Sauna..",6,33,27,80
"12/13/2024","2:30 PM","75 min.","Yorkville","Free Flow","","Sauna...",22,33,11,91
"12/13/2024","3:00 PM","75 min.","Yorkville","Free Flow","","Sauna....",22,33,11,102
"12/13/2024","3:30 PM","75 min.","Yorkville","Free Flow","","Sauna..",24,33,9,111
"12/13/2024","4:00 PM","75 min.","Yorkville","Free Flow","","Sauna...",10,33,23,134
"12/13/2024","4:30 PM","75 min.","Yorkville","Free Flow","","Sauna....",21,33,12,146
"12/13/2024","5:00 PM","75 min.","Yorkville","Free Flow","","Sauna..",7,33,26,172
"12/13/2024","5:30 PM","75 min.","Yorkville","Free Flow","","Sauna...",0,33,33,205
"12/13/2024","7:15 PM","75 min.","Yorkville","Guided Down: Sound Immersion","","Sauna..",7,64,57,262
"12/13/2024","9:00 PM","120 min.","Yorkville","Social","","Sauna..",8,53,45,307
"12/13/2024","9:30 PM","120 min.","Yorkville","Social","","Sauna...",19,52,33,340
"12/14/2024","8:00 AM","75 min.","Yorkville","Guided Down: Embodied","","Sauna..",48,60,12,12
"12/14/2024","9:45 AM","75 min.","Yorkville","Guided Down: Self-Care Sweat","","Sauna..",15,60,45,57
"12/14/2024","11:30 AM","75 min.","Yorkville","Guided Down: Deep Stretch","","Sauna..",8,60,52,109
"12/14/2024","1:30 PM","75 min.","Yorkville","Lively Free Flow","","Sauna..",8,45,37,146
"12/14/2024","2:00 PM","75 min.","Yorkville","Lively Free Flow","","Sauna...",4,30,26,172
"12/14/2024","2:30 PM","75 min.","Yorkville","Lively Free Flow","","Sauna....",16,30,14,186
"12/14/2024","3:00 PM","75 min.","Yorkville","Lively Free Flow","","Sauna..",13,30,17,203
"12/14/2024","3:30 PM","75 min.","Yorkville","Lively Free Flow","","Sauna...",26,45,19,222
"12/14/2024","4:00 PM","75 min.","Yorkville","Lively Free Flow","","Sauna....",21,30,9,231
"12/14/2024","4:30 PM","75 min.","Yorkville","Lively Free Flow","","Sauna..",7,30,23,254
"12/14/2024","5:00 PM","75 min.","Yorkville","Lively Free Flow","","Sauna...",0,25,25,279
"12/14/2024","5:30 PM","75 min.","Yorkville","Lively Free Flow","","Sauna....",23,45,22,301
"12/14/2024","6:00 PM","75 min.","Yorkville","Lively Free Flow","","Sauna..",13,35,22,323
"12/14/2024","7:45 PM","75 min.","Yorkville","Guided All Around: Loving Kindness","Dan Gütter","Sauna..",31,64,33,356
"12/14/2024","9:30 PM","120 min.","Yorkville","Social","","Sauna..",15,53,38,394
"12/14/2024","9:45 PM","120 min.","Yorkville","Social","","Sauna...",36,52,16,410
"12/15/2024","7:00 AM","75 min.","Yorkville","Quieter Free Flow","","Sauna..",30,53,23,23
"12/15/2024","8:30 AM","75 min.","Yorkville","Free Flow","","Sauna..",21,53,32,55
"12/15/2024","10:15 AM","75 min.","Yorkville","Guided All Around: Rose, Thorn, Bud","","Sauna..",26,64,38,93
"12/15/2024","12:00 PM","75 min.","Yorkville","Guided All Around: Heart Opener","","Sauna..",6,64,58,151
"12/15/2024","2:00 PM","75 min.","Yorkville","Lively Free Flow","","Sauna..",4,40,36,187
"12/15/2024","2:30 PM","75 min.","Yorkville","Lively Free Flow","","Sauna...",12,30,18,205
"12/15/2024","3:00 PM","75 min.","Yorkville","Lively Free Flow","","Sauna....",6,30,24,229
"12/15/2024","3:30 PM","75 min.","Yorkville","Lively Free Flow","","Sauna..",12,40,28,257
"12/15/2024","4:00 PM","75 min.","Yorkville","Lively Free Flow","","Sauna...",2,35,33,290
"12/15/2024","5:45 PM","75 min.","Yorkville","Guided Down: Sound Immersion","","Sauna..",10,64,54,344
"12/15/2024","7:30 PM","75 min.","Yorkville","Guided All Around: Loving Kindness","","Sauna..",38,64,26,370
"12/15/2024","9:15 PM","75 min.","Yorkville","Free Flow","","Sauna..",9,53,44,414
"12/15/2024","9:30 PM","75 min.","Yorkville","Free Flow","","Sauna...",39,52,13,427
"12/02/2024","7:00 AM","75 min.","Yorkville","Quieter Free Flow","","Sauna..",23,33,10,10
"12/02/2024","7:30 AM","75 min.","Yorkville","Quieter Free Flow","","Sauna...",32,33,1,11
"12/02/2024","8:00 AM","75 min.","Yorkville","Quieter Free Flow","","Sauna....",30,33,3,14
"12/02/2024","8:30 AM","75 min.","Yorkville","Quieter Free Flow","","Sauna..",27,33,6,20
"12/02/2024","9:00 AM","75 min.","Yorkville","Quieter Free Flow","","Sauna...",30,33,3,23
"12/02/2024","9:30 AM","75 min.","Yorkville","Quieter Free Flow","","Sauna....",29,33,4,27
"12/02/2024","10:00 AM","75 min.","Yorkville","Quieter Free Flow","","Sauna..",23,33,10,37
"12/02/2024","10:15 AM","75 min.","Yorkville","Quieter Free Flow","","Sauna...",26,33,7,44
"12/02/2024","12:00 PM","75 min.","Yorkville","Guided Down: Self-Care Sweat","Dan Gütter","Sauna..",42,60,18,62
"12/02/2024","2:00 PM","75 min.","Yorkville","Free Flow","","Sauna..",23,33,10,72
"12/02/2024","2:30 PM","75 min.","Yorkville","Free Flow","","Sauna...",27,33,6,78
"12/02/2024","3:00 PM","75 min.","Yorkville","Free Flow","","Sauna....",27,33,6,84
"12/02/2024","3:30 PM","75 min.","Yorkville","Free Flow","","Sauna..",28,33,5,89
"12/02/2024","4:00 PM","75 min.","Yorkville","Free Flow","","Sauna.",25,33,8,97
"12/02/2024","4:30 PM","75 min.","Yorkville","Free Flow","","Sauna...",27,33,6,103
"12/02/2024","5:00 PM","75 min.","Yorkville","Free Flow","","Sauna....",19,33,14,117
"12/02/2024","5:30 PM","75 min.","Yorkville","Free Flow","","Sauna.",2,33,31,148
"12/02/2024","7:15 PM","75 min.","Yorkville","Guided Down: Self-Care Sweat","","Sauna..",6,60,54,202
"12/02/2024","9:00 PM","75 min.","Yorkville","Guided Down: Senses","","Sauna..",25,64,39,241
"12/03/2024","7:00 AM","75 min.","Yorkville","Guided Up: Arctic Tundra","","Sauna..",47,64,17,17
"12/03/2024","8:30 AM","75 min.","Yorkville","Quieter Free Flow","","Sauna..",24,33,9,26
"12/03/2024","9:00 AM","75 min.","Yorkville","Quieter Free Flow","","Sauna...",31,33,2,28
"12/03/2024","9:30 AM","75 min.","Yorkville","Quieter Free Flow","","Sauna....",31,33,2,30
"12/03/2024","10:00 AM","75 min.","Yorkville","Quieter Free Flow","","Sauna..",31,33,2,32
"12/03/2024","10:15 AM","75 min.","Yorkville","Quieter Free Flow","","Sauna...",26,33,7,39
"12/03/2024","12:00 PM","75 min.","Yorkville","Guided Down: Self-Care Sweat","Dan Gütter","Sauna..",21,64,43,82
"12/03/2024","1:45 PM","75 min.","Yorkville","Guided Up: Awakening","","Sauna..",39,64,25,107
"12/03/2024","3:30 PM","75 min.","Yorkville","Free Flow","","Sauna..",41,53,12,119
"12/03/2024","4:00 PM","75 min.","Yorkville","Free Flow","","Sauna.",28,33,5,124
"12/03/2024","4:30 PM","75 min.","Yorkville","Free Flow","","Sauna...",28,33,5,129
"12/03/2024","5:00 PM","75 min.","Yorkville","Free Flow","","Sauna....",15,33,18,147
"12/03/2024","5:30 PM","75 min.","Yorkville","Free Flow","","Sauna.",0,33,33,180
"12/03/2024","7:15 PM","75 min.","Yorkville","Guided All Around: Journey Through the Elements","","Sauna..",15,64,49,229
"12/03/2024","9:00 PM","75 min.","Yorkville","Quieter Free Flow","","Sauna..",22,53,31,260
"12/03/2024","9:30 PM","75 min.","Yorkville","Quieter Free Flow","","Sauna...",39,52,13,273
"12/04/2024","7:00 AM","75 min.","Yorkville","Guided Down: Pure Presence","","Sauna..",41,64,23,23
"12/04/2024","8:30 AM","75 min.","Yorkville","Free Flow","","Sauna..",25,33,8,31
"12/04/2024","9:00 AM","75 min.","Yorkville","Free Flow","","Sauna...",32,33,1,32
"12/04/2024","9:30 AM","75 min.","Yorkville","Free Flow","","Sauna....",29,33,4,36
"12/04/2024","10:00 AM","75 min.","Yorkville","Free Flow","","Sauna..",28,33,5,41
"12/04/2024","10:15 AM","75 min.","Yorkville","Free Flow","","Sauna...",30,33,3,44
"12/04/2024","12:00 PM","75 min.","Yorkville","Guided Up: Feel Good Now","","Sauna..",23,64,41,85
"12/04/2024","2:00 PM","75 min.","Yorkville","Free Flow","","Sauna..",22,33,11,96
"12/04/2024","2:30 PM","75 min.","Yorkville","Free Flow","","Sauna...",29,33,4,100
"12/04/2024","3:00 PM","75 min.","Yorkville","Free Flow","","Sauna....",26,33,7,107
"12/04/2024","3:30 PM","75 min.","Yorkville","Free Flow","","Sauna..",31,33,2,109
"12/04/2024","3:45 PM","75 min.","Yorkville","Free Flow","","Sauna...",30,33,3,112
"12/04/2024","5:30 PM","75 min.","Yorkville","Guided Up: Self-Care Sweat","","Sauna..",16,60,44,156
"12/04/2024","7:15 PM","75 min.","Yorkville","Guided All Around: Reset","","Sauna..",18,64,46,202
"12/04/2024","9:00 PM","75 min.","Yorkville","Free Flow","","Sauna..",16,53,37,239
"12/04/2024","9:30 PM","75 min.","Yorkville","Free Flow","","Sauna....",40,52,12,251
"12/05/2024","7:00 AM","75 min.","Yorkville","Guided Down: Sound Immersion","","Sauna..",32,64,32,32
"12/05/2024","8:30 AM","75 min.","Yorkville","Free Flow","","Sauna..",25,33,8,40
"12/05/2024","9:00 AM","75 min.","Yorkville","Free Flow","","Sauna...",33,33,0,40
"12/05/2024","9:30 AM","75 min.","Yorkville","Free Flow","","Sauna....",25,33,8,48
"12/05/2024","10:00 AM","75 min.","Yorkville","Free Flow","","Sauna..",31,33,2,50
"12/05/2024","10:15 AM","75 min.","Yorkville","Free Flow","","Sauna...",29,33,4,54
"12/05/2024","12:00 PM","75 min.","Yorkville","Guided All Around: Loving Kindness","Dan Gütter","Sauna..",23,60,37,91
"12/05/2024","2:00 PM","75 min.","Yorkville","Free Flow","","Sauna..",19,33,14,105
"12/05/2024","2:30 PM","75 min.","Yorkville","Free Flow","","Sauna...",21,33,12,117
"12/05/2024","3:00 PM","75 min.","Yorkville","Free Flow","","Sauna....",27,33,6,123
"12/05/2024","3:30 PM","75 min.","Yorkville","Free Flow","","Sauna..",22,33,11,134
"12/05/2024","5:30 PM","75 min.","Yorkville","Guided Up: Feel Good Now","","Sauna..",39,64,25,159
"12/05/2024","7:15 PM","75 min.","Yorkville","Guided All Around: Heart Opener","","Sauna..",5,64,59,218
"12/05/2024","9:00 PM","75 min.","Yorkville","Lively Free Flow","","Sauna..",25,64,39,257
"12/05/2024","9:30 PM","75 min.","Yorkville","Lively Free Flow","","Sauna...",21,35,14,271
"12/06/2024","7:00 AM","75 min.","Yorkville","Guided All Around: Heart Opener","","Sauna..",41,60,19,19
"12/06/2024","8:45 AM","75 min.","Yorkville","Guided Down: Pure Presence","","Sauna..",39,64,25,44
"12/06/2024","10:30 AM","75 min.","Yorkville","Guided Down: Senses","","Sauna..",33,64,31,75
"12/06/2024","12:15 PM","75 min.","Yorkville","Guided Up: Arctic Tundra","","Sauna..",28,64,36,111
"12/06/2024","2:00 PM","75 min.","Yorkville","Free Flow","","Sauna..",5,33,28,139
"12/06/2024","2:30 PM","75 min.","Yorkville","Free Flow","","Sauna...",17,33,16,155
"12/06/2024","3:00 PM","75 min.","Yorkville","Free Flow","","Sauna....",,,,155
"12/06/2024","3:30 PM","75 min.","Yorkville","Free Flow","","Sauna..",14,33,19,174
"12/06/2024","4:00 PM","75 min.","Yorkville","Free Flow","","Sauna...",10,33,23,197
"12/06/2024","4:30 PM","75 min.","Yorkville","Free Flow","","Sauna....",17,33,16,213
"12/06/2024","5:00 PM","75 min.","Yorkville","Free Flow","","Sauna..",13,33,20,233
"12/06/2024","5:30 PM","75 min.","Yorkville","Lively Free Flow","","Sauna...",8,33,25,258
"12/06/2024","7:15 PM","75 min.","Yorkville","Guided All Around: Journey Through the Elements","","Sauna..",7,64,57,315
"12/06/2024","9:00 PM","120 min.","Yorkville","Social","","Sauna..",1,53,52,367
"12/06/2024","9:30 PM","120 min.","Yorkville","Social","","Sauna...",5,52,47,414
"12/07/2024","8:00 AM","75 min.","Yorkville","Guided Down: Deep Stretch","","Sauna..",16,60,44,44
"12/07/2024","9:45 AM","75 min.","Yorkville","Guided Down: Sound Immersion","","Sauna..",12,64,52,96
"12/07/2024","11:30 AM","75 min.","Yorkville","Guided Down: Embodied","","Sauna..",4,60,56,152
"12/07/2024","1:30 PM","75 min.","Yorkville","Lively Free Flow","","Sauna..",1,45,44,196
"12/07/2024","2:00 PM","75 min.","Yorkville","Lively Free Flow","","Sauna...",4,30,26,222
"12/07/2024","2:30 PM","75 min.","Yorkville","Lively Free Flow","","Sauna....",12,30,18,240
"12/07/2024","3:00 PM","75 min.","Yorkville","Lively Free Flow","","Sauna..",6,30,24,264
"12/07/2024","3:30 PM","75 min.","Yorkville","Lively Free Flow","","Sauna...",24,45,21,285
"12/07/2024","4:00 PM","75 min.","Yorkville","Lively Free Flow","","Sauna....",6,30,24,309
"12/07/2024","4:30 PM","75 min.","Yorkville","Lively Free Flow","","Sauna..",17,30,13,322
"12/07/2024","5:00 PM","75 min.","Yorkville","Lively Free Flow","","Sauna...",17,25,8,330
"12/07/2024","5:30 PM","75 min.","Yorkville","Lively Free Flow","","Sauna....",27,45,18,348
"12/07/2024","6:00 PM","75 min.","Yorkville","Lively Free Flow","","Sauna..",9,35,26,374
"12/07/2024","7:45 PM","75 min.","Yorkville","Guided All Around: A-Z Emotions","","Sauna..",39,64,25,399
"12/07/2024","9:30 PM","120 min.","Yorkville","Social","","Sauna..",0,53,53,452
"12/07/2024","9:45 PM","120 min.","Yorkville","Social","","Sauna...",33,52,19,471
"12/08/2024","7:00 AM","75 min.","Yorkville","Quieter Free Flow","","Sauna..",31,53,22,22
"12/08/2024","8:30 AM","75 min.","Yorkville","Free Flow","","Sauna..",22,53,31,53
"12/08/2024","10:15 AM","75 min.","Yorkville","Guided All Around: Reset","","Sauna..",1,64,63,116
"12/08/2024","12:00 PM","75 min.","Yorkville","Guided All Around: Journey Through the Elements","","Sauna..",10,64,54,170
"12/08/2024","2:00 PM","75 min.","Yorkville","Lively Free Flow","","Sauna..",8,40,32,202
"12/08/2024","2:30 PM","75 min.","Yorkville","Lively Free Flow","","Sauna...",15,30,15,217
"12/08/2024","3:00 PM","75 min.","Yorkville","Lively Free Flow","","Sauna....",4,30,26,243
"12/08/2024","3:30 PM","75 min.","Yorkville","Lively Free Flow","","Sauna..",23,40,17,260
"12/08/2024","4:00 PM","75 min.","Yorkville","Lively Free Flow","","Sauna...",1,35,34,294
"12/08/2024","5:45 PM","75 min.","Yorkville","Guided Down: Sound Immersion","","Sauna..",3,64,61,355
"12/08/2024","7:30 PM","75 min.","Yorkville","Guided All Around: Loving Kindness","","Sauna..",28,64,36,391
"12/08/2024","9:15 PM","75 min.","Yorkville","Free Flow","","Sauna..",10,53,43,434
"12/08/2024","9:30 PM","75 min.","Yorkville","Free Flow","","Sauna...",34,52,18,452
"11/25/2024","7:00 AM","75 min.","Yorkville","Quieter Free Flow","","Sauna..",22,33,11,11
"11/25/2024","7:30 AM","75 min.","Yorkville","Quieter Free Flow","","Sauna...",29,33,4,15
"11/25/2024","8:00 AM","75 min.","Yorkville","Quieter Free Flow","","Sauna....",32,33,1,16
"11/25/2024","8:30 AM","75 min.","Yorkville","Quieter Free Flow","","Sauna..",27,33,6,22
"11/25/2024","9:00 AM","75 min.","Yorkville","Quieter Free Flow","","Sauna...",27,33,6,28
"11/25/2024","9:30 AM","75 min.","Yorkville","Quieter Free Flow","","Sauna....",26,33,7,35
"11/25/2024","10:00 AM","75 min.","Yorkville","Quieter Free Flow","","Sauna..",27,33,6,41
"11/25/2024","10:15 AM","75 min.","Yorkville","Quieter Free Flow","","Sauna...",24,33,9,50
"11/25/2024","12:00 PM","75 min.","Yorkville","Guided All Around: Journey Through the Elements","","Sauna..",50,64,14,64
"11/25/2024","2:00 PM","75 min.","Yorkville","Free Flow","","Sauna..",17,33,16,80
"11/25/2024","2:30 PM","75 min.","Yorkville","Free Flow","","Sauna...",24,33,9,89
"11/25/2024","3:00 PM","75 min.","Yorkville","Free Flow","","Sauna....",27,33,6,95
"11/25/2024","3:30 PM","75 min.","Yorkville","Free Flow","","Sauna..",26,33,7,102
"11/25/2024","4:00 PM","75 min.","Yorkville","Free Flow","","Sauna.",28,33,5,107
"11/25/2024","4:30 PM","75 min.","Yorkville","Free Flow","","Sauna...",27,33,6,113
"11/25/2024","5:00 PM","75 min.","Yorkville","Free Flow","","Sauna....",23,33,10,123
"11/25/2024","5:30 PM","75 min.","Yorkville","Lively Free Flow","","Sauna.",6,33,27,150
"11/25/2024","7:15 PM","75 min.","Yorkville","Guided All Around: Release","","Sauna..",16,64,48,198
"11/25/2024","9:00 PM","75 min.","Yorkville","Guided Down: Embodied","","Sauna..",34,60,26,224
"11/26/2024","7:00 AM","75 min.","Yorkville","Guided Up: Arctic Tundra","","Sauna..",51,64,13,13
"11/26/2024","8:30 AM","75 min.","Yorkville","Quieter Free Flow","","Sauna..",23,33,10,23
"11/26/2024","9:00 AM","75 min.","Yorkville","Quieter Free Flow","","Sauna...",30,33,3,26
"11/26/2024","9:30 AM","75 min.","Yorkville","Quieter Free Flow","","Sauna....",26,33,7,33
"11/26/2024","10:00 AM","75 min.","Yorkville","Quieter Free Flow","","Sauna..",24,33,9,42
"11/26/2024","10:15 AM","75 min.","Yorkville","Quieter Free Flow","","Sauna...",20,33,13,55
"11/26/2024","1:45 PM","75 min.","Yorkville","Guided All Around: Release","","Sauna..",53,64,11,66
"11/26/2024","3:30 PM","75 min.","Yorkville","Free Flow","","Sauna..",39,53,14,80
"11/26/2024","4:00 PM","75 min.","Yorkville","Free Flow","","Sauna.",32,33,1,81
"11/26/2024","4:30 PM","75 min.","Yorkville","Free Flow","","Sauna...",22,33,11,92
"11/26/2024","5:00 PM","75 min.","Yorkville","Free Flow","","Sauna....",6,33,27,119
"11/26/2024","5:30 PM","75 min.","Yorkville","Lively Free Flow","","Sauna.",0,33,33,152
"11/26/2024","7:15 PM","75 min.","Yorkville","Guided Up: Feel Good Now","","Sauna..",22,64,42,194
"11/27/2024","7:00 AM","75 min.","Yorkville","Guided All Around: Heart Opener","","Sauna..",50,64,14,14
"11/27/2024","8:30 AM","75 min.","Yorkville","Free Flow","","Sauna..",30,33,3,17
"11/27/2024","9:00 AM","75 min.","Yorkville","Free Flow","","Sauna...",29,33,4,21
"11/27/2024","9:30 AM","75 min.","Yorkville","Free Flow","","Sauna....",28,33,5,26
"11/27/2024","10:00 AM","75 min.","Yorkville","Free Flow","","Sauna..",33,33,0,26
"11/27/2024","10:15 AM","75 min.","Yorkville","Free Flow","","Sauna...",23,33,10,36
"11/27/2024","12:00 PM","75 min.","Yorkville","Guided All Around: Journey Through the Elements","","Sauna..",46,64,18,54
"11/27/2024","2:00 PM","75 min.","Yorkville","Free Flow","","Sauna..",12,33,21,75
"11/27/2024","2:30 PM","75 min.","Yorkville","Free Flow","","Sauna...",29,33,4,79
"11/27/2024","3:00 PM","75 min.","Yorkville","Free Flow","","Sauna....",29,33,4,83
"11/27/2024","3:30 PM","75 min.","Yorkville","Free Flow","","Sauna..",23,33,10,93
"11/27/2024","3:45 PM","75 min.","Yorkville","Free Flow","","Sauna...",20,33,13,106
"11/27/2024","5:30 PM","75 min.","Yorkville","Guided Down: Sound Immersion","","Sauna..",34,64,30,136
"11/27/2024","7:15 PM","75 min.","Yorkville","Guided All Around: Journey Through the Elements","","Sauna..",29,64,35,171
"11/27/2024","9:00 PM","120 min.","Yorkville","Founder's Night Social","","Sauna..",4,53,49,220
"11/27/2024","9:15 PM","120 min.","Yorkville","Founder's Night Social","","Sauna....",0,52,52,272
"11/28/2024","7:00 AM","75 min.","Yorkville","Guided Down: Sound Immersion","","Sauna..",54,64,10,10
"11/28/2024","8:30 AM","75 min.","Yorkville","Free Flow","","Sauna..",29,33,4,14
"11/28/2024","9:00 AM","75 min.","Yorkville","Free Flow","","Sauna...",30,33,3,17
"11/28/2024","9:30 AM","75 min.","Yorkville","Free Flow","","Sauna....",28,33,5,22
"11/28/2024","10:00 AM","75 min.","Yorkville","Free Flow","","Sauna..",26,33,7,29
"11/28/2024","10:15 AM","75 min.","Yorkville","Free Flow","","Sauna...",25,33,8,37
"11/28/2024","12:00 PM","75 min.","Yorkville","Guided Up: Feel Good Now","","Sauna..",41,64,23,60
"11/28/2024","2:00 PM","75 min.","Yorkville","Free Flow","","Sauna..",22,33,11,71
"11/28/2024","2:30 PM","75 min.","Yorkville","Free Flow","","Sauna...",24,33,9,80
"11/28/2024","3:00 PM","75 min.","Yorkville","Free Flow","","Sauna....",28,33,5,85
"11/28/2024","3:30 PM","75 min.","Yorkville","Free Flow","","Sauna..",12,33,21,106
"11/28/2024","5:30 PM","75 min.","Yorkville","Guided Up: Arctic Tundra","","Sauna..",4,64,60,166
"11/28/2024","7:15 PM","75 min.","Yorkville","Guided All Around: Inner Power","","Sauna..",,,,166
"11/28/2024","9:00 PM","75 min.","Yorkville","Lively Free Flow","","Sauna..",1,64,63,229
"11/28/2024","9:30 PM","75 min.","Yorkville","Lively Free Flow","","Sauna...",0,35,35,264
"11/29/2024","7:00 AM","75 min.","Yorkville","Guided Down: Self-Care Sweat","","Sauna..",20,60,40,40
"11/29/2024","8:45 AM","75 min.","Yorkville","Guided Down: Unwind","","Sauna..",29,64,35,75
"11/29/2024","10:30 AM","75 min.","Yorkville","Guided Down: Senses","","Sauna..",1,64,63,138
"11/29/2024","12:15 PM","75 min.","Yorkville","Guided Up: Arctic Tundra","","Sauna..",14,64,50,188
"11/29/2024","2:00 PM","75 min.","Yorkville","Free Flow","","Sauna..",1,33,32,220
"11/29/2024","2:30 PM","75 min.","Yorkville","Free Flow","","Sauna...",1,33,32,252
"11/29/2024","3:00 PM","75 min.","Yorkville","Free Flow","","Sauna....",2,33,31,283
"11/29/2024","3:30 PM","75 min.","Yorkville","Free Flow","","Sauna..",10,33,23,306
"11/29/2024","4:00 PM","75 min.","Yorkville","Free Flow","","Sauna...",11,33,22,328
"11/29/2024","4:30 PM","75 min.","Yorkville","Free Flow","","Sauna....",14,33,19,347
"11/29/2024","5:00 PM","75 min.","Yorkville","Free Flow","","Sauna..",2,33,31,378
"11/29/2024","5:30 PM","75 min.","Yorkville","Lively Free Flow","","Sauna...",1,33,32,410
"11/29/2024","7:15 PM","75 min.","Yorkville","Guided All Around: Reset","","Sauna..",1,64,63,473
"11/29/2024","9:00 PM","120 min.","Yorkville","Social","","Sauna..",1,53,52,525
"11/29/2024","9:30 PM","120 min.","Yorkville","Social","","Sauna...",2,52,50,575
"11/30/2024","8:00 AM","75 min.","Yorkville","Guided Down: Embodied","","Sauna..",35,60,25,25
"11/30/2024","9:45 AM","75 min.","Yorkville","Guided All Around: Reset","","Sauna..",1,64,63,88
"11/30/2024","11:30 AM","75 min.","Yorkville","Guided Down: Deep Stretch","","Sauna..",7,60,53,141
"11/30/2024","1:15 PM","75 min.","Yorkville","Guided Up: Self-Care Sweat","","Sauna..",2,60,58,199
"11/30/2024","3:00 PM","75 min.","Yorkville","Lively Free Flow","","Sauna..",11,42,31,230
"11/30/2024","3:30 PM","75 min.","Yorkville","Lively Free Flow","","Sauna...",0,42,42,272
"11/30/2024","4:00 PM","75 min.","Yorkville","Lively Free Flow","","Sauna....",0,25,25,297
"11/30/2024","4:30 PM","75 min.","Yorkville","Lively Free Flow","","Sauna..",0,25,25,322
"11/30/2024","5:00 PM","75 min.","Yorkville","Lively Free Flow","","Sauna...",1,30,29,351
"11/30/2024","5:30 PM","75 min.","Yorkville","Lively Free Flow","","Sauna....",6,40,34,385
"11/30/2024","6:00 PM","75 min.","Yorkville","Lively Free Flow","","Sauna..",1,20,19,404
"11/30/2024","7:45 PM","75 min.","Yorkville","Guided Down: Untangle","","Sauna..",8,64,56,460
"11/30/2024","9:30 PM","120 min.","Yorkville","Social","","Sauna..",1,53,52,512
"11/30/2024","9:45 PM","120 min.","Yorkville","Social","","Sauna...",26,52,26,538
"12/01/2024","7:00 AM","75 min.","Yorkville","Quieter Free Flow","","Sauna..",28,53,25,25
"12/01/2024","8:30 AM","75 min.","Yorkville","Free Flow","","Sauna..",9,53,44,69
"12/01/2024","10:15 AM","75 min.","Yorkville","Guided All Around: Rose, Thorn, Bud","","Sauna..",,,,69
"12/01/2024","12:00 PM","75 min.","Yorkville","Guided All Around: Heart Opener","","Sauna..",4,64,60,129
"12/01/2024","2:00 PM","75 min.","Yorkville","Lively Free Flow","","Sauna..",0,40,40,169
"12/01/2024","2:30 PM","75 min.","Yorkville","Lively Free Flow","","Sauna...",2,30,28,197
"12/01/2024","3:00 PM","75 min.","Yorkville","Lively Free Flow","","Sauna....",5,30,25,222
"12/01/2024","3:30 PM","75 min.","Yorkville","Lively Free Flow","","Sauna..",9,40,31,253
"12/01/2024","4:00 PM","75 min.","Yorkville","Lively Free Flow","","Sauna...",2,35,33,286
"12/01/2024","5:45 PM","75 min.","Yorkville","Guided Down: Sound Immersion","","Sauna..",2,64,62,348
"12/01/2024","7:30 PM","75 min.","Yorkville","Guided All Around: A-Z Emotions","","Sauna..",5,64,59,407
"12/01/2024","9:15 PM","75 min.","Yorkville","Free Flow","","Sauna..",4,53,49,456
"12/01/2024","9:30 PM","75 min.","Yorkville","Free Flow","","Sauna...",36,52,16,472
"11/18/2024","7:00 AM","75 min.","Yorkville","Cello Quieter Free Flow","","Sauna..",23,33,10,10
"11/18/2024","7:30 AM","75 min.","Yorkville","Cello Quieter Free Flow","","Sauna...",29,33,4,14
"11/18/2024","8:00 AM","75 min.","Yorkville","Cello Quieter Free Flow","","Sauna....",30,33,3,17
"11/18/2024","8:30 AM","75 min.","Yorkville","Cello Quieter Free Flow","","Sauna..",25,33,8,25
"11/18/2024","9:00 AM","75 min.","Yorkville","Cello Quieter Free Flow","","Sauna...",30,33,3,28
"11/18/2024","9:30 AM","75 min.","Yorkville","Cello Quieter Free Flow","","Sauna....",20,33,13,41
"11/18/2024","10:00 AM","75 min.","Yorkville","Cello Quieter Free Flow","","Sauna..",25,33,8,49
"11/18/2024","10:15 AM","75 min.","Yorkville","Cello Quieter Free Flow","","Sauna...",31,33,2,51
"11/18/2024","12:00 PM","75 min.","Yorkville","Guided All Around: Journey Through the Elements","","Sauna..",45,64,19,70
"11/18/2024","2:00 PM","75 min.","Yorkville","Free Flow","","Sauna..",20,33,13,83
"11/18/2024","2:30 PM","75 min.","Yorkville","Free Flow","","Sauna...",24,33,9,92
"11/18/2024","3:00 PM","75 min.","Yorkville","Free Flow","","Sauna....",28,33,5,97
"11/18/2024","3:30 PM","75 min.","Yorkville","Free Flow","","Sauna..",27,33,6,103
"11/18/2024","4:00 PM","75 min.","Yorkville","Free Flow","","Sauna.",30,33,3,106
"11/18/2024","4:30 PM","75 min.","Yorkville","Free Flow","","Sauna...",25,33,8,114
"11/18/2024","5:00 PM","75 min.","Yorkville","Free Flow","","Sauna....",19,33,14,128
"11/18/2024","5:30 PM","75 min.","Yorkville","Lively Free Flow","","Sauna.",11,33,22,150
"11/18/2024","7:15 PM","75 min.","Yorkville","Guided Down: Deep Stretch","","Sauna..",14,60,46,196
"11/18/2024","9:00 PM","75 min.","Yorkville","Guided All Around: Release","","Sauna..",40,64,24,220
"11/19/2024","7:00 AM","75 min.","Yorkville","Arctic Tundra (with Optional 6:00 AM Run Club)","","Sauna..",49,64,15,15
"11/19/2024","8:30 AM","75 min.","Yorkville","Quieter Free Flow","","Sauna..",26,33,7,22
"11/19/2024","9:00 AM","75 min.","Yorkville","Quieter Free Flow","","Sauna...",29,33,4,26
"11/19/2024","9:30 AM","75 min.","Yorkville","Quieter Free Flow","","Sauna....",27,33,6,32
"11/19/2024","10:00 AM","75 min.","Yorkville","Quieter Free Flow","","Sauna..",28,33,5,37
"11/19/2024","10:15 AM","75 min.","Yorkville","Quieter Free Flow","","Sauna...",28,33,5,42
"11/19/2024","12:00 PM","75 min.","Yorkville","Guided Down: Self-Care Sweat","Dan Gütter","Sauna..",30,60,30,72
"11/19/2024","1:45 PM","75 min.","Yorkville","Free Flow","","Sauna..",21,30,9,81
"11/19/2024","3:30 PM","75 min.","Yorkville","Free Flow","","Sauna..",44,53,9,90
"11/19/2024","4:00 PM","75 min.","Yorkville","Free Flow","","Sauna.",24,33,9,99
"11/19/2024","4:30 PM","75 min.","Yorkville","Free Flow","","Sauna...",29,33,4,103
"11/19/2024","5:00 PM","75 min.","Yorkville","Free Flow","","Sauna....",25,33,8,111
"11/19/2024","5:30 PM","75 min.","Yorkville","Lively Free Flow","","Sauna.",0,33,33,144
"11/19/2024","7:15 PM","75 min.","Yorkville","Guided All Around: Journey Through the Elements","","Sauna..",21,64,43,187
"11/19/2024","9:00 PM","75 min.","Yorkville","Quieter Free Flow","","Sauna..",7,53,46,233
"11/19/2024","9:30 PM","75 min.","Yorkville","Quieter Free Flow","","Sauna...",40,52,12,245
"11/20/2024","7:00 AM","75 min.","Yorkville","Guided Down: Pure Presence","","Sauna..",51,64,13,13
"11/20/2024","8:30 AM","75 min.","Yorkville","Free Flow","","Sauna..",28,33,5,18
"11/20/2024","9:00 AM","75 min.","Yorkville","Free Flow","","Sauna...",30,33,3,21
"11/20/2024","9:30 AM","75 min.","Yorkville","Free Flow","","Sauna....",25,33,8,29
"11/20/2024","10:00 AM","75 min.","Yorkville","Free Flow","","Sauna..",24,33,9,38
"11/20/2024","10:15 AM","75 min.","Yorkville","Free Flow","","Sauna...",22,33,11,49
"11/20/2024","12:00 PM","75 min.","Yorkville","Guided Up: Feel Good Now","","Sauna..",52,64,12,61
"11/20/2024","2:00 PM","75 min.","Yorkville","Free Flow","","Sauna..",26,33,7,68
"11/20/2024","2:30 PM","75 min.","Yorkville","Free Flow","","Sauna...",25,33,8,76
"11/20/2024","3:00 PM","75 min.","Yorkville","Free Flow","","Sauna....",27,33,6,82
"11/20/2024","3:30 PM","75 min.","Yorkville","Free Flow","","Sauna..",26,33,7,89
"11/20/2024","3:45 PM","75 min.","Yorkville","Free Flow","","Sauna...",22,33,11,100
"11/20/2024","5:30 PM","75 min.","Yorkville","Guided Down: Pure Presence","","Sauna..",18,64,46,146
"11/20/2024","7:15 PM","75 min.","Yorkville","Guided All Around: Reset","","Sauna..",18,64,46,192
"11/20/2024","9:00 PM","75 min.","Yorkville","Free Flow","","Sauna..",10,53,43,235
"11/20/2024","9:30 PM","75 min.","Yorkville","Free Flow","","Sauna....",36,52,16,251
"11/21/2024","7:00 AM","75 min.","Yorkville","Guided Down: Sound Immersion","","Sauna..",54,64,10,10
"11/21/2024","8:30 AM","75 min.","Yorkville","Free Flow","","Sauna..",26,33,7,17
"11/21/2024","9:00 AM","75 min.","Yorkville","Free Flow","","Sauna...",33,33,0,17
"11/21/2024","9:30 AM","75 min.","Yorkville","Free Flow","","Sauna....",32,33,1,18
"11/21/2024","10:00 AM","75 min.","Yorkville","Free Flow","","Sauna..",28,33,5,23
"11/21/2024","10:15 AM","75 min.","Yorkville","Free Flow","","Sauna...",22,33,11,34
"11/21/2024","12:00 PM","75 min.","Yorkville","Guided All Around: Journey Through the Elements","","Sauna..",48,64,16,50
"11/21/2024","2:00 PM","75 min.","Yorkville","Free Flow","","Sauna..",19,33,14,64
"11/21/2024","2:30 PM","75 min.","Yorkville","Free Flow","","Sauna...",29,33,4,68
"11/21/2024","3:00 PM","75 min.","Yorkville","Free Flow","","Sauna....",30,33,3,71
"11/21/2024","3:30 PM","75 min.","Yorkville","Free Flow","","Sauna..",24,33,9,80
"11/21/2024","5:30 PM","75 min.","Yorkville","Guided Up: Feel Good Now","","Sauna..",40,64,24,104
"11/21/2024","7:15 PM","75 min.","Yorkville","Guided All Around: Heart Opener","","Sauna..",18,64,46,150
"11/21/2024","9:00 PM","75 min.","Yorkville","Lively Free Flow","","Sauna..",21,64,43,193
"11/21/2024","9:30 PM","75 min.","Yorkville","Lively Free Flow","","Sauna...",21,35,14,207
"11/22/2024","7:00 AM","75 min.","Yorkville","Guided Down: Self-Care Sweat","","Sauna..",20,60,40,40
"11/22/2024","8:45 AM","75 min.","Yorkville","Guided All Around: Acceptance","","Sauna..",50,64,14,54
"11/22/2024","10:30 AM","75 min.","Yorkville","Guided Down: Senses","","Sauna..",44,64,20,74
"11/22/2024","12:15 PM","75 min.","Yorkville","Guided Up: Arctic Tundra","","Sauna..",42,64,22,96
"11/22/2024","2:00 PM","75 min.","Yorkville","Free Flow","","Sauna..",13,33,20,116
"11/22/2024","2:30 PM","75 min.","Yorkville","Free Flow","","Sauna...",23,33,10,126
"11/22/2024","3:00 PM","75 min.","Yorkville","Free Flow","","Sauna....",22,33,11,137
"11/22/2024","3:30 PM","75 min.","Yorkville","Free Flow","","Sauna..",21,33,12,149
"11/22/2024","4:00 PM","75 min.","Yorkville","Free Flow","","Sauna...",19,33,14,163
"11/22/2024","4:30 PM","75 min.","Yorkville","Free Flow","","Sauna....",18,33,15,178
"11/22/2024","5:00 PM","75 min.","Yorkville","Free Flow","","Sauna..",9,33,24,202
"11/22/2024","5:30 PM","75 min.","Yorkville","Lively Free Flow","","Sauna...",2,33,31,233
"11/22/2024","7:15 PM","75 min.","Yorkville","Guided All Around: Reset","","Sauna..",7,64,57,290
"11/22/2024","9:00 PM","120 min.","Yorkville","Social","","Sauna..",1,53,52,342
"11/22/2024","9:30 PM","120 min.","Yorkville","Social","","Sauna...",3,52,49,391
"11/23/2024","8:00 AM","75 min.","Yorkville","Guided Down: Deep Stretch","","Sauna..",53,60,7,7
"11/23/2024","9:45 AM","75 min.","Yorkville","Guided Down: Self-Care Sweat","","Sauna..",3,60,57,64
"11/23/2024","11:30 AM","75 min.","Yorkville","Guided Down: Embodied","","Sauna..",23,60,37,101
"11/23/2024","1:15 PM","75 min.","Yorkville","Guided Down: Sound Immersion","","Sauna..",5,64,59,160
"11/23/2024","3:00 PM","75 min.","Yorkville","Lively Free Flow","","Sauna..",2,42,40,200
"11/23/2024","3:30 PM","75 min.","Yorkville","Lively Free Flow","","Sauna...",1,42,41,241
"11/23/2024","4:00 PM","75 min.","Yorkville","Lively Free Flow","","Sauna....",1,25,24,265
"11/23/2024","4:30 PM","75 min.","Yorkville","Lively Free Flow","","Sauna..",0,25,25,290
"11/23/2024","5:00 PM","75 min.","Yorkville","Lively Free Flow","","Sauna...",1,30,29,319
"11/23/2024","5:30 PM","75 min.","Yorkville","Lively Free Flow","","Sauna....",1,40,39,358
"11/23/2024","6:00 PM","75 min.","Yorkville","Lively Free Flow","","Sauna..",0,20,20,378
"11/23/2024","7:45 PM","75 min.","Yorkville","Guided All Around: Loving Kindness","","Sauna..",27,64,37,415
"11/23/2024","9:30 PM","120 min.","Yorkville","Beat Drop: DJ Takeover","","Sauna..",3,53,50,465
"11/23/2024","9:45 PM","120 min.","Yorkville","Beat Drop: DJ Takeover","","Sauna...",5,52,47,512
"11/24/2024","7:00 AM","75 min.","Yorkville","Quieter Free Flow","","Sauna..",36,53,17,17
"11/24/2024","8:30 AM","75 min.","Yorkville","Free Flow","","Sauna..",21,53,32,49
"11/24/2024","10:15 AM","75 min.","Yorkville","Guided All Around: Rose, Thorn, Bud","","Sauna..",30,64,34,83
"11/24/2024","12:00 PM","75 min.","Yorkville","Guided Up: Feel Good Now","","Sauna..",33,64,31,114
"11/24/2024","1:45 PM","75 min.","Yorkville","Guided Down: Sound Immersion","","Sauna..",21,64,43,157
"11/24/2024","3:30 PM","75 min.","Yorkville","Lively Free Flow","","Sauna..",0,40,40,197
"11/24/2024","3:45 PM","75 min.","Yorkville","Lively Free Flow","","Sauna...",2,33,31,228
"11/24/2024","5:30 PM","75 min.","Yorkville","Guided All Around: Reset","","Sauna..",15,64,49,277
"11/24/2024","7:15 PM","75 min.","Yorkville","Guided All Around: Heart Opener","","Sauna..",19,64,45,322
"11/24/2024","9:00 PM","75 min.","Yorkville","Free Flow","","Sauna..",1,53,52,374
"11/24/2024","9:30 PM","75 min.","Yorkville","Free Flow","","Sauna...",34,52,18,392
"11/11/2024","7:00 AM","75 min.","Yorkville","Quieter Free Flow","","Sauna..",25,33,8,8
"11/11/2024","7:30 AM","75 min.","Yorkville","Quieter Free Flow","","Sauna...",32,33,1,9
"11/11/2024","8:00 AM","75 min.","Yorkville","Quieter Free Flow","","Sauna....",27,33,6,15
"11/11/2024","8:30 AM","75 min.","Yorkville","Quieter Free Flow","","Sauna..",25,33,8,23
"11/11/2024","9:00 AM","75 min.","Yorkville","Quieter Free Flow","","Sauna...",29,33,4,27
"11/11/2024","9:30 AM","75 min.","Yorkville","Quieter Free Flow","","Sauna....",22,33,11,38
"11/11/2024","10:00 AM","75 min.","Yorkville","Quieter Free Flow","","Sauna..",13,33,20,58
"11/11/2024","10:15 AM","75 min.","Yorkville","Quieter Free Flow","","Sauna...",12,33,21,79
"11/11/2024","12:00 PM","75 min.","Yorkville","Guided All Around: Journey Through the Elements","","Sauna..",30,64,34,113
"11/11/2024","2:00 PM","75 min.","Yorkville","Free Flow","","Sauna..",1,33,32,145
"11/11/2024","2:30 PM","75 min.","Yorkville","Free Flow","","Sauna...",10,33,23,168
"11/11/2024","3:00 PM","75 min.","Yorkville","Free Flow","","Sauna....",8,33,25,193
"11/11/2024","3:30 PM","75 min.","Yorkville","Free Flow","","Sauna..",8,33,25,218
"11/11/2024","4:00 PM","75 min.","Yorkville","Free Flow","","Sauna.",29,33,4,222
"11/11/2024","4:30 PM","75 min.","Yorkville","Free Flow","","Sauna...",20,33,13,235
"11/11/2024","5:00 PM","75 min.","Yorkville","Free Flow","","Sauna....",17,33,16,251
"11/11/2024","5:30 PM","75 min.","Yorkville","Lively Free Flow","","Sauna.",1,33,32,283
"11/11/2024","7:15 PM","90 min.","Yorkville","Guided All Around: Space for Women","","Sauna..",30,64,34,317
"11/11/2024","9:15 PM","75 min.","Yorkville","Guided Down: Deep Stretch","","Sauna..",26,60,34,351
"11/12/2024","7:00 AM","75 min.","Yorkville","Guided Up: Arctic Tundra","","Sauna..",59,64,5,5
"11/12/2024","8:30 AM","75 min.","Yorkville","Quieter Free Flow","","Sauna..",30,33,3,8
"11/12/2024","9:00 AM","75 min.","Yorkville","Quieter Free Flow","","Sauna...",32,33,1,9
"11/12/2024","9:30 AM","75 min.","Yorkville","Quieter Free Flow","","Sauna....",30,33,3,12
"11/12/2024","10:00 AM","75 min.","Yorkville","Quieter Free Flow","","Sauna..",28,33,5,17
"11/12/2024","10:15 AM","75 min.","Yorkville","Quieter Free Flow","","Sauna...",18,33,15,32
"11/12/2024","12:00 PM","75 min.","Yorkville","Guided All Around: Loving Kindness","Dan Gütter","Sauna..",53,64,11,43
"11/12/2024","1:45 PM","75 min.","Yorkville","Guided Down: Deep Stretch","","Sauna..",41,60,19,62
"11/12/2024","3:30 PM","75 min.","Yorkville","Free Flow","","Sauna..",30,53,23,85
"11/12/2024","4:00 PM","75 min.","Yorkville","Free Flow","","Sauna.",29,33,4,89
"11/12/2024","4:30 PM","75 min.","Yorkville","Free Flow","","Sauna...",25,33,8,97
"11/12/2024","5:00 PM","75 min.","Yorkville","Free Flow","","Sauna....",25,33,8,105
"11/12/2024","5:30 PM","75 min.","Yorkville","Lively Free Flow","","Sauna.",3,33,30,135
"11/12/2024","7:15 PM","75 min.","Yorkville","Feel Good Now with More Than Lips","","Sauna..",35,64,29,164
"11/12/2024","9:00 PM","75 min.","Yorkville","Quieter Free Flow","","Sauna..",0,53,53,217
"11/12/2024","9:30 PM","75 min.","Yorkville","Quieter Free Flow","","Sauna...",36,52,16,233
"11/13/2024","7:00 AM","75 min.","Yorkville","Guided All Around: Heart Opener","","Sauna..",55,64,9,9
"11/13/2024","8:30 AM","75 min.","Yorkville","Free Flow","","Sauna..",26,33,7,16
"11/13/2024","9:00 AM","75 min.","Yorkville","Free Flow","","Sauna...",33,33,0,16
"11/13/2024","9:30 AM","75 min.","Yorkville","Free Flow","","Sauna....",30,33,3,19
"11/13/2024","10:00 AM","75 min.","Yorkville","Free Flow","","Sauna..",29,33,4,23
"11/13/2024","10:15 AM","75 min.","Yorkville","Free Flow","","Sauna...",28,33,5,28
"11/13/2024","12:00 PM","75 min.","Yorkville","Guided All Around: Journey Through the Elements","","Sauna..",51,64,13,41
"11/13/2024","2:00 PM","75 min.","Yorkville","Free Flow","","Sauna..",24,33,9,50
"11/13/2024","2:30 PM","75 min.","Yorkville","Free Flow","","Sauna...",31,33,2,52
"11/13/2024","3:00 PM","75 min.","Yorkville","Free Flow","","Sauna....",25,33,8,60
"11/13/2024","3:30 PM","75 min.","Yorkville","Free Flow","","Sauna..",29,33,4,64
"11/13/2024","3:45 PM","75 min.","Yorkville","Free Flow","","Sauna...",29,33,4,68
"11/13/2024","5:30 PM","75 min.","Yorkville","Guided All Around: Loving Kindness","","Sauna..",28,64,36,104
"11/13/2024","7:15 PM","75 min.","Yorkville","Guided All Around: Reset","","Sauna..",34,64,30,134
"11/13/2024","9:00 PM","75 min.","Yorkville","Free Flow","","Sauna..",4,53,49,183
"11/13/2024","9:30 PM","75 min.","Yorkville","Free Flow","","Sauna....",35,52,17,200
"11/14/2024","7:00 AM","75 min.","Yorkville","Guided Down: Sound Immersion","","Sauna..",57,64,7,7
"11/14/2024","8:30 AM","75 min.","Yorkville","Free Flow","","Sauna..",26,33,7,14
"11/14/2024","9:00 AM","75 min.","Yorkville","Free Flow","","Sauna...",32,33,1,15
"11/14/2024","9:30 AM","75 min.","Yorkville","Free Flow","","Sauna....",29,33,4,19
"11/14/2024","10:00 AM","75 min.","Yorkville","Free Flow","","Sauna..",27,33,6,25
"11/14/2024","10:15 AM","75 min.","Yorkville","Free Flow","","Sauna...",24,33,9,34
"11/14/2024","12:00 PM","75 min.","Yorkville","Guided All Around: Reset","","Sauna..",53,64,11,45
"11/14/2024","2:00 PM","75 min.","Yorkville","Free Flow","","Sauna..",18,33,15,60
"11/14/2024","2:30 PM","75 min.","Yorkville","Free Flow","","Sauna...",10,33,23,83
"11/14/2024","3:00 PM","75 min.","Yorkville","Free Flow","","Sauna....",29,33,4,87
"11/14/2024","3:30 PM","75 min.","Yorkville","Free Flow","","Sauna..",25,33,8,95
"11/14/2024","5:30 PM","75 min.","Yorkville","Guided Up: Arctic Tundra","","Sauna..",49,64,15,110
"11/14/2024","7:15 PM","75 min.","Yorkville","Guided All Around: Inner Power","","Sauna..",22,64,42,152
"11/14/2024","9:00 PM","75 min.","Yorkville","Lively Free Flow","","Sauna..",18,64,46,198
"11/14/2024","9:30 PM","75 min.","Yorkville","Lively Free Flow","","Sauna...",16,35,19,217
"11/15/2024","7:00 AM","75 min.","Yorkville","Guided Down: Self-Care Sweat","","Sauna..",51,60,9,9
"11/15/2024","8:45 AM","75 min.","Yorkville","Guided All Around: Release","","Sauna..",58,64,6,15
"11/15/2024","10:30 AM","75 min.","Yorkville","Guided Down: Senses","","Sauna..",54,64,10,25
"11/15/2024","12:15 PM","75 min.","Yorkville","Guided Up: Arctic Tundra","","Sauna..",54,64,10,35
"11/15/2024","2:00 PM","75 min.","Yorkville","Free Flow","","Sauna..",6,33,27,62
"11/15/2024","2:30 PM","75 min.","Yorkville","Free Flow","","Sauna...",17,33,16,78
"11/15/2024","3:00 PM","75 min.","Yorkville","Free Flow","","Sauna....",23,33,10,88
"11/15/2024","3:30 PM","75 min.","Yorkville","Free Flow","","Sauna..",21,33,12,100
"11/15/2024","4:00 PM","75 min.","Yorkville","Free Flow","","Sauna...",17,33,16,116
"11/15/2024","4:30 PM","75 min.","Yorkville","Free Flow","","Sauna....",19,33,14,130
"11/15/2024","5:00 PM","75 min.","Yorkville","Free Flow","","Sauna..",8,33,25,155
"11/15/2024","5:30 PM","75 min.","Yorkville","Lively Free Flow","","Sauna...",3,33,30,185
"11/15/2024","7:15 PM","75 min.","Yorkville","Guided All Around: Loving Kindness","","Sauna..",36,64,28,213
"11/15/2024","9:00 PM","120 min.","Yorkville","Social","","Sauna..",2,53,51,264
"11/15/2024","9:30 PM","120 min.","Yorkville","Social","","Sauna...",31,52,21,285
"11/16/2024","8:00 AM","75 min.","Yorkville","Guided Down: Embodied","","Sauna..",50,60,10,10
"11/16/2024","9:45 AM","75 min.","Yorkville","Guided All Around: Reset","","Sauna..",24,64,40,50
"11/16/2024","11:30 AM","75 min.","Yorkville","Guided Down: Deep Stretch","","Sauna..",12,60,48,98
"11/16/2024","1:15 PM","75 min.","Yorkville","Guided Down: Sound Immersion","","Sauna..",14,64,50,148
"11/16/2024","3:00 PM","75 min.","Yorkville","Lively Free Flow","","Sauna..",0,42,42,190
"11/16/2024","3:30 PM","75 min.","Yorkville","Lively Free Flow","","Sauna...",7,42,35,225
"11/16/2024","4:00 PM","75 min.","Yorkville","Lively Free Flow","","Sauna....",8,25,17,242
"11/16/2024","4:30 PM","75 min.","Yorkville","Lively Free Flow","","Sauna..",7,25,18,260
"11/16/2024","5:00 PM","75 min.","Yorkville","Lively Free Flow","","Sauna...",12,30,18,278
"11/16/2024","5:30 PM","75 min.","Yorkville","Lively Free Flow","","Sauna....",15,40,25,303
"11/16/2024","6:00 PM","75 min.","Yorkville","Lively Free Flow","","Sauna..",4,20,16,319
"11/16/2024","7:45 PM","75 min.","Yorkville","Guided Down: Pure Presence","","Sauna..",18,64,46,365
"11/16/2024","9:30 PM","120 min.","Yorkville","Social","","Sauna..",23,53,30,395
"11/16/2024","9:45 PM","120 min.","Yorkville","Social","","Sauna...",38,52,14,409
"11/17/2024","7:00 AM","75 min.","Yorkville","Quieter Free Flow","","Sauna..",42,53,11,11
"11/17/2024","8:30 AM","75 min.","Yorkville","Free Flow","","Sauna..",21,53,32,43
"11/17/2024","10:15 AM","75 min.","Yorkville","Guided All Around: Reset","","Sauna..",20,64,44,87
"11/17/2024","12:00 PM","75 min.","Yorkville","Self-Care Sweat With Gift From Majestix Organics","","Sauna..",3,60,57,144
"11/17/2024","1:45 PM","75 min.","Yorkville","Guided All Around: Journey Through the Elements","","Sauna..",29,64,35,179
"11/17/2024","3:30 PM","75 min.","Yorkville","Lively Free Flow","","Sauna..",0,40,40,219
"11/17/2024","3:45 PM","75 min.","Yorkville","Lively Free Flow","","Sauna...",0,33,33,252
"11/17/2024","5:30 PM","75 min.","Yorkville","Guided Down: Sound Immersion","","Sauna..",9,64,55,307
"11/17/2024","7:15 PM","75 min.","Yorkville","Guided All Around: Loving Kindness","","Sauna..",24,64,40,347
"11/17/2024","9:00 PM","75 min.","Yorkville","Free Flow","","Sauna..",4,53,49,396
"11/17/2024","9:30 PM","75 min.","Yorkville","Free Flow","","Sauna...",33,52,19,415
"11/04/2024","7:00 AM","75 min.","Yorkville","Quieter Free Flow","","Sauna..",29,33,4,4
"11/04/2024","7:30 AM","75 min.","Yorkville","Quieter Free Flow","","Sauna...",27,33,6,10
"11/04/2024","8:00 AM","75 min.","Yorkville","Quieter Free Flow","","Sauna....",27,33,6,16
"11/04/2024","8:30 AM","75 min.","Yorkville","Quieter Free Flow","","Sauna..",28,33,5,21
"11/04/2024","9:00 AM","75 min.","Yorkville","Quieter Free Flow","","Sauna...",27,33,6,27
"11/04/2024","9:30 AM","75 min.","Yorkville","Quieter Free Flow","","Sauna....",31,33,2,29
"11/04/2024","10:00 AM","75 min.","Yorkville","Quieter Free Flow","","Sauna..",31,33,2,31
"11/04/2024","10:15 AM","75 min.","Yorkville","Quieter Free Flow","","Sauna...",29,33,4,35
"11/04/2024","12:00 PM","75 min.","Yorkville","Guided All Around: Journey Through the Elements","","Sauna..",54,64,10,45
"11/04/2024","2:00 PM","75 min.","Yorkville","Free Flow","","Sauna..",19,33,14,59
"11/04/2024","2:30 PM","75 min.","Yorkville","Free Flow","","Sauna...",25,33,8,67
"11/04/2024","3:00 PM","75 min.","Yorkville","Free Flow","","Sauna....",23,33,10,77
"11/04/2024","3:30 PM","75 min.","Yorkville","Free Flow","","Sauna..",27,33,6,83
"11/04/2024","4:00 PM","75 min.","Yorkville","Free Flow","","Sauna.",27,33,6,89
"11/04/2024","4:30 PM","75 min.","Yorkville","Free Flow","","Sauna...",25,33,8,97
"11/04/2024","5:00 PM","75 min.","Yorkville","Free Flow","","Sauna....",23,33,10,107
"11/04/2024","5:30 PM","75 min.","Yorkville","Lively Free Flow","","Sauna.",9,33,24,131
"11/04/2024","7:15 PM","75 min.","Yorkville","Guided Down: Self-Care Sweat","","Sauna..",,,,131
"11/04/2024","9:00 PM","75 min.","Yorkville","Guided All Around: Release","","Sauna..",48,64,16,147
"11/05/2024","7:00 AM","75 min.","Yorkville","Guided Up: Arctic Tundra","","Sauna..",55,64,9,9
"11/05/2024","8:30 AM","75 min.","Yorkville","Quieter Free Flow","","Sauna..",29,33,4,13
"11/05/2024","9:00 AM","75 min.","Yorkville","Quieter Free Flow","","Sauna...",30,33,3,16
"11/05/2024","9:30 AM","75 min.","Yorkville","Quieter Free Flow","","Sauna....",28,33,5,21
"11/05/2024","10:00 AM","75 min.","Yorkville","Quieter Free Flow","","Sauna..",29,33,4,25
"11/05/2024","10:15 AM","75 min.","Yorkville","Quieter Free Flow","","Sauna...",27,33,6,31
"11/05/2024","12:00 PM","75 min.","Yorkville","Guided All Around: Release","","Sauna..",54,64,10,41
"11/05/2024","1:45 PM","75 min.","Yorkville","Guided Up: Awakening","","Sauna..",58,64,6,47
"11/05/2024","3:30 PM","75 min.","Yorkville","Free Flow","","Sauna..",41,53,12,59
"11/05/2024","4:00 PM","75 min.","Yorkville","Free Flow","","Sauna.",13,33,20,79
"11/05/2024","4:30 PM","75 min.","Yorkville","Free Flow","","Sauna...",26,33,7,86
"11/05/2024","5:00 PM","75 min.","Yorkville","Free Flow","","Sauna....",25,33,8,94
"11/05/2024","5:30 PM","75 min.","Yorkville","Lively Free Flow","","Sauna.",0,33,33,127
"11/05/2024","7:15 PM","75 min.","Yorkville","Guided Down: Sound Immersion","","Sauna..",10,64,54,181
"11/05/2024","9:00 PM","120 min.","Yorkville","Runner's Night Social","","Sauna..",20,53,33,214
"11/05/2024","9:15 PM","120 min.","Yorkville","Runner's Night Social","","Sauna...",35,52,17,231
"11/06/2024","7:00 AM","75 min.","Yorkville","Guided Down: Pure Presence","","Sauna..",55,64,9,9
"11/06/2024","8:30 AM","75 min.","Yorkville","Free Flow","","Sauna..",27,33,6,15
"11/06/2024","9:00 AM","75 min.","Yorkville","Free Flow","","Sauna...",32,33,1,16
"11/06/2024","9:30 AM","75 min.","Yorkville","Free Flow","","Sauna....",32,33,1,17
"11/06/2024","10:00 AM","75 min.","Yorkville","Free Flow","","Sauna..",27,33,6,23
"11/06/2024","10:15 AM","75 min.","Yorkville","Free Flow","","Sauna...",19,33,14,37
"11/06/2024","12:00 PM","75 min.","Yorkville","Guided All Around: Journey Through the Elements","","Sauna..",51,64,13,50
"11/06/2024","2:00 PM","75 min.","Yorkville","Free Flow","","Sauna..",19,33,14,64
"11/06/2024","2:30 PM","75 min.","Yorkville","Free Flow","","Sauna...",31,33,2,66
"11/06/2024","3:00 PM","75 min.","Yorkville","Free Flow","","Sauna....",26,33,7,73
"11/06/2024","3:30 PM","75 min.","Yorkville","Free Flow","","Sauna..",30,33,3,76
"11/06/2024","3:45 PM","75 min.","Yorkville","Free Flow","","Sauna...",29,33,4,80
"11/06/2024","5:30 PM","75 min.","Yorkville","Guided Down: Embodied","","Sauna..",45,60,15,95
"11/06/2024","7:15 PM","75 min.","Yorkville","Guided All Around: Reset","","Sauna..",29,64,35,130
"11/06/2024","9:00 PM","75 min.","Yorkville","Free Flow","","Sauna..",6,53,47,177
"11/06/2024","9:30 PM","75 min.","Yorkville","Free Flow","","Sauna....",37,52,15,192
"11/07/2024","7:00 AM","75 min.","Yorkville","Guided Down: Sound Immersion","","Sauna..",57,64,7,7
"11/07/2024","8:30 AM","75 min.","Yorkville","Free Flow","","Sauna..",28,33,5,12
"11/07/2024","9:00 AM","75 min.","Yorkville","Free Flow","","Sauna...",31,33,2,14
"11/07/2024","9:30 AM","75 min.","Yorkville","Free Flow","","Sauna....",27,33,6,20
"11/07/2024","10:00 AM","75 min.","Yorkville","Free Flow","","Sauna..",26,33,7,27
"11/07/2024","10:15 AM","75 min.","Yorkville","Free Flow","","Sauna...",26,33,7,34
"11/07/2024","12:00 PM","75 min.","Yorkville","Guided Down: Senses","","Sauna..",51,60,9,43
"11/07/2024","2:00 PM","75 min.","Yorkville","Free Flow","","Sauna..",25,33,8,51
"11/07/2024","2:30 PM","75 min.","Yorkville","Free Flow","","Sauna...",26,33,7,58
"11/07/2024","3:00 PM","75 min.","Yorkville","Free Flow","","Sauna....",25,33,8,66
"11/07/2024","3:30 PM","75 min.","Yorkville","Free Flow","","Sauna..",23,33,10,76
"11/07/2024","5:30 PM","75 min.","Yorkville","Guided Up: Feel Good Now","","Sauna..",37,64,27,103
"11/07/2024","7:15 PM","75 min.","Yorkville","Guided All Around: Heart Opener","","Sauna..",28,64,36,139
"11/07/2024","9:00 PM","120 min.","Yorkville","Social","","Sauna..",2,53,51,190
"11/07/2024","9:30 PM","120 min.","Yorkville","Social","","Sauna...",29,52,23,213
"11/08/2024","7:00 AM","75 min.","Yorkville","Guided Down: Pure Presence","","Sauna..",57,64,7,7
"11/08/2024","8:45 AM","75 min.","Yorkville","Guided Down: Pure Presence","","Sauna..",55,64,9,16
"11/08/2024","10:30 AM","75 min.","Yorkville","Guided Down: Senses","","Sauna..",49,64,15,31
"11/08/2024","12:15 PM","75 min.","Yorkville","Guided Up: Arctic Tundra","","Sauna..",49,64,15,46
"11/08/2024","2:00 PM","75 min.","Yorkville","Free Flow","","Sauna..",11,33,22,68
"11/08/2024","2:30 PM","75 min.","Yorkville","Free Flow","","Sauna...",15,33,18,86
"11/08/2024","3:00 PM","75 min.","Yorkville","Free Flow","","Sauna....",24,33,9,95
"11/08/2024","3:30 PM","75 min.","Yorkville","Free Flow","","Sauna..",21,33,12,107
"11/08/2024","4:00 PM","75 min.","Yorkville","Free Flow","","Sauna...",28,33,5,112
"11/08/2024","4:30 PM","75 min.","Yorkville","Free Flow","","Sauna....",21,33,12,124
"11/08/2024","5:00 PM","75 min.","Yorkville","Free Flow","","Sauna..",8,33,25,149
"11/08/2024","5:30 PM","75 min.","Yorkville","Lively Free Flow","","Sauna...",0,33,33,182
"11/08/2024","7:15 PM","75 min.","Yorkville","Guided All Around: Loving Kindness","","Sauna..",9,64,55,237
"11/08/2024","9:00 PM","120 min.","Yorkville","Social","","Sauna..",0,53,53,290
"11/08/2024","9:30 PM","120 min.","Yorkville","Social","","Sauna...",17,52,35,325
"11/09/2024","8:00 AM","75 min.","Yorkville","Guided Down: Deep Stretch","","Sauna..",46,60,14,14
"11/09/2024","9:45 AM","75 min.","Yorkville","Guided Down: Self-Care Sweat","","Sauna..",13,60,47,61
"11/09/2024","11:30 AM","75 min.","Yorkville","Guided Down: Embodied","","Sauna..",16,60,44,105
"11/09/2024","1:15 PM","75 min.","Yorkville","Guided Down: Sound Immersion","","Sauna..",25,64,39,144
"11/09/2024","3:00 PM","75 min.","Yorkville","Lively Free Flow","","Sauna..",3,42,39,183
"11/09/2024","3:30 PM","75 min.","Yorkville","Lively Free Flow","","Sauna...",6,42,36,219
"11/09/2024","4:00 PM","75 min.","Yorkville","Lively Free Flow","","Sauna....",11,25,14,233
"11/09/2024","4:30 PM","75 min.","Yorkville","Lively Free Flow","","Sauna..",9,25,16,249
"11/09/2024","5:00 PM","75 min.","Yorkville","Lively Free Flow","","Sauna...",18,30,12,261
"11/09/2024","5:30 PM","75 min.","Yorkville","Lively Free Flow","","Sauna....",17,40,23,284
"11/09/2024","6:00 PM","75 min.","Yorkville","Lively Free Flow","","Sauna..",0,20,20,304
"11/09/2024","7:45 PM","75 min.","Yorkville","Guided All Around: Loving Kindness","","Sauna..",30,64,34,338
"11/09/2024","9:30 PM","120 min.","Yorkville","Social","","Sauna..",3,53,50,388
"11/09/2024","9:45 PM","120 min.","Yorkville","Social","","Sauna...",27,52,25,413
"11/10/2024","7:00 AM","75 min.","Yorkville","Quieter Free Flow","","Sauna..",36,53,17,17
"11/10/2024","8:30 AM","75 min.","Yorkville","Free Flow","","Sauna..",22,53,31,48
"11/10/2024","10:15 AM","75 min.","Yorkville","Guided All Around: Rose, Thorn, Bud","","Sauna..",16,64,48,96
"11/10/2024","12:00 PM","75 min.","Yorkville","Guided All Around: Reset","","Sauna..",15,64,49,145
"11/10/2024","1:45 PM","75 min.","Yorkville","Guided All Around: Journey Through the Elements","","Sauna..",24,64,40,185
"11/10/2024","3:30 PM","75 min.","Yorkville","Lively Free Flow","","Sauna..",0,40,40,225
"11/10/2024","3:45 PM","75 min.","Yorkville","Lively Free Flow","","Sauna...",0,33,33,258
"11/10/2024","5:30 PM","75 min.","Yorkville","Guided Down: Sound Immersion","","Sauna..",6,64,58,316
"11/10/2024","7:15 PM","75 min.","Yorkville","Guided All Around: Release","","Sauna..",10,64,54,370
"11/10/2024","9:00 PM","75 min.","Yorkville","Free Flow","","Sauna..",6,53,47,417
"11/10/2024","9:30 PM","75 min.","Yorkville","Free Flow","","Sauna...",31,52,21,438
"10/28/2024","7:00 AM","75 min.","Yorkville","Quieter Free Flow","","Sauna..",23,33,10,10
"10/28/2024","7:30 AM","75 min.","Yorkville","Quieter Free Flow","","Sauna...",29,33,4,14
"10/28/2024","8:00 AM","75 min.","Yorkville","Quieter Free Flow","","Sauna....",32,33,1,15
"10/28/2024","8:30 AM","75 min.","Yorkville","Quieter Free Flow","","Sauna..",32,33,1,16
"10/28/2024","9:00 AM","75 min.","Yorkville","Quieter Free Flow","","Sauna...",30,33,3,19
"10/28/2024","9:30 AM","75 min.","Yorkville","Quieter Free Flow","","Sauna....",25,33,8,27
"10/28/2024","10:00 AM","75 min.","Yorkville","Quieter Free Flow","","Sauna..",25,33,8,35
"10/28/2024","10:15 AM","75 min.","Yorkville","Quieter Free Flow","","Sauna...",28,33,5,40
"10/28/2024","12:00 PM","75 min.","Yorkville","Guided All Around: Journey Through the Elements","","Sauna..",54,64,10,50
"10/28/2024","2:00 PM","75 min.","Yorkville","Free Flow","","Sauna..",19,33,14,64
"10/28/2024","2:30 PM","75 min.","Yorkville","Free Flow","","Sauna...",26,33,7,71
"10/28/2024","3:00 PM","75 min.","Yorkville","Free Flow","","Sauna....",29,33,4,75
"10/28/2024","3:30 PM","75 min.","Yorkville","Free Flow","","Sauna..",24,33,9,84
"10/28/2024","4:00 PM","75 min.","Yorkville","Free Flow","","Sauna.",28,33,5,89
"10/28/2024","4:30 PM","75 min.","Yorkville","Free Flow","","Sauna...",31,33,2,91
"10/28/2024","5:00 PM","75 min.","Yorkville","Free Flow","","Sauna....",22,33,11,102
"10/28/2024","5:30 PM","75 min.","Yorkville","Free Flow","","Sauna.",1,33,32,134
"10/28/2024","7:15 PM","75 min.","Yorkville","Guided Down: Self-Care Sweat","","Sauna..",21,64,43,177
"10/28/2024","9:00 PM","75 min.","Yorkville","Guided Down: Embodied","","Sauna..",34,60,26,203
"10/29/2024","7:00 AM","75 min.","Yorkville","Guided Up: Arctic Tundra","","Sauna..",58,64,6,6
"10/29/2024","8:30 AM","75 min.","Yorkville","Quieter Free Flow","","Sauna..",22,33,11,17
"10/29/2024","9:00 AM","75 min.","Yorkville","Quieter Free Flow","","Sauna...",29,33,4,21
"10/29/2024","9:30 AM","75 min.","Yorkville","Quieter Free Flow","","Sauna....",28,33,5,26
"10/29/2024","10:00 AM","75 min.","Yorkville","Quieter Free Flow","","Sauna..",29,33,4,30
"10/29/2024","10:15 AM","75 min.","Yorkville","Quieter Free Flow","","Sauna...",20,33,13,43
"10/29/2024","12:00 PM","75 min.","Yorkville","Guided Down: Self-Care Sweat","Dan Gütter","Sauna..",49,64,15,58
"10/29/2024","1:45 PM","75 min.","Yorkville","Guided Up: Awakening","","Sauna..",54,64,10,68
"10/29/2024","3:30 PM","75 min.","Yorkville","Free Flow","","Sauna..",35,53,18,86
"10/29/2024","4:00 PM","75 min.","Yorkville","Free Flow","","Sauna.",23,33,10,96
"10/29/2024","4:30 PM","75 min.","Yorkville","Free Flow","","Sauna...",32,33,1,97
"10/29/2024","5:00 PM","75 min.","Yorkville","Free Flow","","Sauna....",18,33,15,112
"10/29/2024","5:30 PM","75 min.","Yorkville","Free Flow","","Sauna.",9,33,24,136
"10/29/2024","7:15 PM","75 min.","Yorkville","Guided All Around: Release","","Sauna..",3,64,61,197
"10/29/2024","9:00 PM","75 min.","Yorkville","Quieter Free Flow","","Sauna..",5,53,48,245
"10/29/2024","9:30 PM","75 min.","Yorkville","Quieter Free Flow","","Sauna...",26,52,26,271
"10/30/2024","7:00 AM","75 min.","Yorkville","Guided Down: Pure Presence","","Sauna..",56,64,8,8
"10/30/2024","8:30 AM","75 min.","Yorkville","Free Flow","","Sauna..",25,33,8,16
"10/30/2024","9:00 AM","75 min.","Yorkville","Free Flow","","Sauna...",31,33,2,18
"10/30/2024","9:30 AM","75 min.","Yorkville","Free Flow","","Sauna....",25,33,8,26
"10/30/2024","10:00 AM","75 min.","Yorkville","Free Flow","","Sauna..",26,33,7,33
"10/30/2024","10:15 AM","75 min.","Yorkville","Free Flow","","Sauna...",28,33,5,38
"10/30/2024","12:00 PM","75 min.","Yorkville","Guided All Around: Journey Through the Elements","","Sauna..",56,64,8,46
"10/30/2024","2:00 PM","75 min.","Yorkville","Free Flow","","Sauna..",25,33,8,54
"10/30/2024","2:30 PM","75 min.","Yorkville","Free Flow","","Sauna...",24,33,9,63
"10/30/2024","3:00 PM","75 min.","Yorkville","Free Flow","","Sauna....",28,33,5,68
"10/30/2024","3:30 PM","75 min.","Yorkville","Free Flow","","Sauna..",24,33,9,77
"10/30/2024","3:45 PM","75 min.","Yorkville","Free Flow","","Sauna...",21,33,12,89
"10/30/2024","5:30 PM","75 min.","Yorkville","Guided All Around: Release","","Sauna..",44,64,20,109
"10/30/2024","7:15 PM","75 min.","Yorkville","Guided Up: Feel Good Now","","Sauna..",29,64,35,144
"10/30/2024","9:00 PM","75 min.","Yorkville","Free Flow","","Sauna..",6,53,47,191
"10/30/2024","9:30 PM","75 min.","Yorkville","Free Flow","","Sauna....",37,52,15,206
"10/31/2024","7:00 AM","75 min.","Yorkville","Guided All Around: Reset","","Sauna..",58,64,6,6
"10/31/2024","8:30 AM","75 min.","Yorkville","Free Flow","","Sauna..",24,33,9,15
"10/31/2024","9:00 AM","75 min.","Yorkville","Free Flow","","Sauna...",28,33,5,20
"10/31/2024","9:30 AM","75 min.","Yorkville","Free Flow","","Sauna....",26,33,7,27
"10/31/2024","10:00 AM","75 min.","Yorkville","Free Flow","","Sauna..",28,33,5,32
"10/31/2024","10:15 AM","75 min.","Yorkville","Free Flow","","Sauna...",22,33,11,43
"10/31/2024","12:00 PM","75 min.","Yorkville","Guided Down: Senses","","Sauna..",49,60,11,54
"10/31/2024","2:00 PM","75 min.","Yorkville","Free Flow","","Sauna..",16,33,17,71
"10/31/2024","2:30 PM","75 min.","Yorkville","Free Flow","","Sauna...",27,33,6,77
"10/31/2024","3:00 PM","75 min.","Yorkville","Free Flow","","Sauna....",30,33,3,80
"10/31/2024","3:30 PM","75 min.","Yorkville","Free Flow","","Sauna..",24,33,9,89
"10/31/2024","5:30 PM","75 min.","Yorkville","Guided All Around: Journey Through the Elements","","Sauna..",49,64,15,104
"10/31/2024","7:15 PM","75 min.","Yorkville","Guided All Around: Inner Power","","Sauna..",42,64,22,126
"10/31/2024","9:00 PM","120 min.","Yorkville","Social","","Sauna..",21,53,32,158
"10/31/2024","9:30 PM","120 min.","Yorkville","Social","","Sauna...",49,52,3,161
"11/01/2024","7:00 AM","75 min.","Yorkville","Guided Down: Self-Care Sweat","","Sauna..",52,60,8,8
"11/01/2024","8:45 AM","75 min.","Yorkville","Guided All Around: Acceptance","","Sauna..",49,64,15,23
"11/01/2024","10:30 AM","75 min.","Yorkville","Guided Down: Deep Stretch","","Sauna..",43,60,17,40
"11/01/2024","12:15 PM","75 min.","Yorkville","Guided Up: Arctic Tundra","","Sauna..",56,64,8,48
"11/01/2024","2:00 PM","75 min.","Yorkville","Free Flow","","Sauna..",4,33,29,77
"11/01/2024","2:30 PM","75 min.","Yorkville","Free Flow","","Sauna...",17,33,16,93
"11/01/2024","3:00 PM","75 min.","Yorkville","Free Flow","","Sauna....",24,33,9,102
"11/01/2024","3:30 PM","75 min.","Yorkville","Free Flow","","Sauna..",19,33,14,116
"11/01/2024","4:00 PM","75 min.","Yorkville","Free Flow","","Sauna...",25,33,8,124
"11/01/2024","4:30 PM","75 min.","Yorkville","Free Flow","","Sauna....",21,33,12,136
"11/01/2024","5:00 PM","75 min.","Yorkville","Free Flow","","Sauna..",19,33,14,150
"11/01/2024","5:30 PM","75 min.","Yorkville","Free Flow","","Sauna...",1,33,32,182
"11/01/2024","7:15 PM","75 min.","Yorkville","Guided All Around: Reset","","Sauna..",24,64,40,222
"11/01/2024","9:00 PM","120 min.","Yorkville","Social","","Sauna..",6,53,47,269
"11/01/2024","9:30 PM","120 min.","Yorkville","Social","","Sauna...",32,52,20,289
"11/02/2024","8:00 AM","75 min.","Yorkville","Guided Down: Unwind","","Sauna..",53,64,11,11
"11/02/2024","9:45 AM","75 min.","Yorkville","Guided All Around: Reset","","Sauna..",29,64,35,46
"11/02/2024","11:30 AM","75 min.","Yorkville","Guided All Around: Release","","Sauna..",39,64,25,71
"11/02/2024","1:15 PM","75 min.","Yorkville","Guided Up: Self-Care Sweat","","Sauna..",14,60,46,117
"11/02/2024","3:00 PM","75 min.","Yorkville","Lively Free Flow","","Sauna..",1,42,41,158
"11/02/2024","3:30 PM","75 min.","Yorkville","Lively Free Flow","","Sauna...",27,42,15,173
"11/02/2024","4:00 PM","75 min.","Yorkville","Lively Free Flow","","Sauna....",12,25,13,186
"11/02/2024","4:30 PM","75 min.","Yorkville","Lively Free Flow","","Sauna..",4,25,21,207
"11/02/2024","5:00 PM","75 min.","Yorkville","Lively Free Flow","","Sauna...",14,30,16,223
"11/02/2024","5:30 PM","75 min.","Yorkville","Lively Free Flow","","Sauna....",16,40,24,247
"11/02/2024","6:00 PM","75 min.","Yorkville","Lively Free Flow","","Sauna..",2,20,18,265
"11/02/2024","7:45 PM","75 min.","Yorkville","Guided Up: Feel Good Now","","Sauna..",26,64,38,303
"11/02/2024","9:30 PM","120 min.","Yorkville","Social","","Sauna..",31,53,22,325
"11/02/2024","9:45 PM","120 min.","Yorkville","Social","","Sauna...",43,52,9,334
"11/03/2024","7:00 AM","75 min.","Yorkville","Quieter Free Flow","","Sauna..",31,53,22,22
"11/03/2024","8:30 AM","75 min.","Yorkville","Free Flow","","Sauna..",17,53,36,58
"11/03/2024","10:15 AM","75 min.","Yorkville","Guided All Around: Reset","","Sauna..",7,64,57,115
"11/03/2024","12:00 PM","75 min.","Yorkville","Guided All Around: Journey Through the Elements","","Sauna..",29,64,35,150
"11/03/2024","1:45 PM","75 min.","Yorkville","Guided All Around: Reset","","Sauna..",24,64,40,190
"11/03/2024","3:30 PM","75 min.","Yorkville","Lively Free Flow","","Sauna..",1,40,39,229
"11/03/2024","3:45 PM","75 min.","Yorkville","Lively Free Flow","","Sauna...",1,33,32,261
"11/03/2024","5:30 PM","75 min.","Yorkville","Guided Down: Pure Presence","","Sauna..",24,64,40,301
"11/03/2024","7:15 PM","75 min.","Yorkville","Guided All Around: Inner Power","","Sauna..",21,64,43,344
"11/03/2024","9:00 PM","75 min.","Yorkville","Free Flow","","Sauna..",1,53,52,396
"11/03/2024","9:30 PM","75 min.","Yorkville","Free Flow","","Sauna...",16,52,36,432
"10/21/2024","7:00 AM","75 min.","Yorkville","Cello Quieter Free Flow","","Sauna..",26,33,7,7
"10/21/2024","7:30 AM","75 min.","Yorkville","Cello Quieter Free Flow","","Sauna...",28,33,5,12
"10/21/2024","8:00 AM","75 min.","Yorkville","Cello Quieter Free Flow","","Sauna....",25,33,8,20
"10/21/2024","8:30 AM","75 min.","Yorkville","Cello Quieter Free Flow","","Sauna..",23,33,10,30
"10/21/2024","9:00 AM","75 min.","Yorkville","Cello Quieter Free Flow","","Sauna...",28,33,5,35
"10/21/2024","9:30 AM","75 min.","Yorkville","Cello Quieter Free Flow","","Sauna....",31,33,2,37
"10/21/2024","10:00 AM","75 min.","Yorkville","Cello Quieter Free Flow","","Sauna..",20,33,13,50
"10/21/2024","10:15 AM","75 min.","Yorkville","Quieter Free Flow","","Sauna...",26,33,7,57
"10/21/2024","12:00 PM","75 min.","Yorkville","Guided All Around: Journey Through the Elements","","Sauna..",47,64,17,74
"10/21/2024","2:00 PM","75 min.","Yorkville","Free Flow","","Sauna..",29,33,4,78
"10/21/2024","2:30 PM","75 min.","Yorkville","Free Flow","","Sauna...",22,33,11,89
"10/21/2024","3:00 PM","75 min.","Yorkville","Free Flow","","Sauna....",30,33,3,92
"10/21/2024","3:30 PM","75 min.","Yorkville","Free Flow","","Sauna..",27,33,6,98
"10/21/2024","4:00 PM","75 min.","Yorkville","Free Flow","","Sauna.",27,33,6,104
"10/21/2024","4:30 PM","75 min.","Yorkville","Free Flow","","Sauna...",24,33,9,113
"10/21/2024","5:00 PM","75 min.","Yorkville","Free Flow","","Sauna....",22,33,11,124
"10/21/2024","5:30 PM","75 min.","Yorkville","Free Flow","","Sauna.",4,33,29,153
"10/21/2024","7:15 PM","75 min.","Yorkville","Guided All Around: Release","","Sauna..",5,64,59,212
"10/21/2024","9:00 PM","120 min.","Yorkville","Comedy Night","","Sauna.",11,75,64,276
"10/22/2024","7:00 AM","75 min.","Yorkville","Guided Up: Arctic Tundra","","Sauna..",55,64,9,9
"10/22/2024","8:30 AM","75 min.","Yorkville","Quieter Free Flow","","Sauna..",24,33,9,18
"10/22/2024","9:00 AM","75 min.","Yorkville","Quieter Free Flow","","Sauna...",31,33,2,20
"10/22/2024","9:30 AM","75 min.","Yorkville","Quieter Free Flow","","Sauna....",28,33,5,25
"10/22/2024","10:00 AM","75 min.","Yorkville","Quieter Free Flow","","Sauna..",32,33,1,26
"10/22/2024","10:15 AM","75 min.","Yorkville","Quieter Free Flow","","Sauna...",30,33,3,29
"10/22/2024","12:00 PM","75 min.","Yorkville","Guided Down: Self-Care Sweat","Dan Gütter","Sauna..",47,60,13,42
"10/22/2024","1:45 PM","75 min.","Yorkville","Guided All Around: A-Z Emotions","","Sauna..",44,64,20,62
"10/22/2024","3:30 PM","75 min.","Yorkville","Free Flow","","Sauna..",34,53,19,81
"10/22/2024","4:00 PM","75 min.","Yorkville","Free Flow","","Sauna.",28,33,5,86
"10/22/2024","4:30 PM","75 min.","Yorkville","Free Flow","","Sauna...",28,33,5,91
"10/22/2024","5:00 PM","75 min.","Yorkville","Free Flow","","Sauna....",15,33,18,109
"10/22/2024","5:30 PM","75 min.","Yorkville","Free Flow","","Sauna.",5,33,28,137
"10/22/2024","7:15 PM","75 min.","Yorkville","Guided All Around: Journey Through the Elements","","Sauna..",21,64,43,180
"10/22/2024","9:00 PM","75 min.","Yorkville","Quieter Free Flow","","Sauna..",11,53,42,222
"10/22/2024","9:30 PM","75 min.","Yorkville","Quieter Free Flow","","Sauna...",37,52,15,237
"10/23/2024","7:00 AM","75 min.","Yorkville","Guided All Around: Heart Opener","","Sauna..",53,64,11,11
"10/23/2024","8:30 AM","75 min.","Yorkville","Free Flow","","Sauna..",25,33,8,19
"10/23/2024","9:00 AM","75 min.","Yorkville","Free Flow","","Sauna...",33,33,0,19
"10/23/2024","9:30 AM","75 min.","Yorkville","Free Flow","","Sauna....",30,33,3,22
"10/23/2024","10:00 AM","75 min.","Yorkville","Free Flow","","Sauna..",28,33,5,27
"10/23/2024","10:15 AM","75 min.","Yorkville","Free Flow","","Sauna...",30,33,3,30
"10/23/2024","12:00 PM","75 min.","Yorkville","Guided All Around: Journey Through the Elements","","Sauna..",43,64,21,51
"10/23/2024","2:00 PM","75 min.","Yorkville","Free Flow","","Sauna..",25,33,8,59
"10/23/2024","2:30 PM","75 min.","Yorkville","Free Flow","","Sauna...",25,33,8,67
"10/23/2024","3:00 PM","75 min.","Yorkville","Free Flow","","Sauna....",25,33,8,75
"10/23/2024","3:30 PM","75 min.","Yorkville","Free Flow","","Sauna..",28,33,5,80
"10/23/2024","3:45 PM","75 min.","Yorkville","Free Flow","","Sauna...",31,33,2,82
"10/23/2024","5:30 PM","75 min.","Yorkville","Guided All Around: Acceptance","","Sauna..",36,64,28,110
"10/23/2024","7:15 PM","75 min.","Yorkville","Guided All Around: Reset","","Sauna..",3,64,61,171
"10/23/2024","9:00 PM","120 min.","Yorkville","Runner's Night","","Sauna..",7,53,46,217
"10/23/2024","9:30 PM","120 min.","Yorkville","Runner's Night","","Sauna....",47,52,5,222
"10/24/2024","7:00 AM","75 min.","Yorkville","Guided Down: Sound Immersion","","Sauna..",24,64,40,40
"10/24/2024","8:30 AM","75 min.","Yorkville","Free Flow","","Sauna..",17,33,16,56
"10/24/2024","9:00 AM","75 min.","Yorkville","Free Flow","","Sauna...",32,33,1,57
"10/24/2024","9:30 AM","75 min.","Yorkville","Free Flow","","Sauna....",33,33,0,57
"10/24/2024","10:00 AM","75 min.","Yorkville","Free Flow","","Sauna..",31,33,2,59
"10/24/2024","10:15 AM","75 min.","Yorkville","Free Flow","","Sauna...",28,33,5,64
"10/24/2024","12:00 PM","75 min.","Yorkville","Guided Down: Senses","","Sauna..",37,60,23,87
"10/24/2024","3:00 PM","75 min.","Yorkville","Free Flow","","Sauna....",27,33,6,93
"10/24/2024","3:30 PM","75 min.","Yorkville","Free Flow","","Sauna..",11,33,22,115
"10/24/2024","5:30 PM","75 min.","Yorkville","Guided Up: Arctic Tundra","","Sauna..",46,64,18,133
"10/24/2024","7:15 PM","90 min.","Yorkville","Guided All Around: Space for Men","","Sauna..",50,64,14,147
"10/24/2024","9:00 PM","120 min.","Yorkville","Social","","Sauna..",9,53,44,191
"10/24/2024","9:30 PM","120 min.","Yorkville","Social","","Sauna...",43,52,9,200
"10/25/2024","7:00 AM","75 min.","Yorkville","Guided Down: Self-Care Sweat","","Sauna..",43,60,17,17
"10/25/2024","8:45 AM","75 min.","Yorkville","Guided All Around: Release","","Sauna..",49,64,15,32
"10/25/2024","10:30 AM","75 min.","Yorkville","Guided Down: Senses","","Sauna..",44,64,20,52
"10/25/2024","12:15 PM","75 min.","Yorkville","Guided Up: Arctic Tundra","","Sauna..",46,64,18,70
"10/25/2024","2:00 PM","75 min.","Yorkville","Free Flow","","Sauna..",15,33,18,88
"10/25/2024","2:30 PM","75 min.","Yorkville","Free Flow","","Sauna...",13,33,20,108
"10/25/2024","3:00 PM","75 min.","Yorkville","Free Flow","","Sauna....",20,33,13,121
"10/25/2024","3:30 PM","75 min.","Yorkville","Free Flow","","Sauna..",23,33,10,131
"10/25/2024","4:00 PM","75 min.","Yorkville","Free Flow","","Sauna...",23,33,10,141
"10/25/2024","4:30 PM","75 min.","Yorkville","Free Flow","","Sauna....",14,33,19,160
"10/25/2024","5:00 PM","75 min.","Yorkville","Free Flow","","Sauna..",8,33,25,185
"10/25/2024","5:30 PM","75 min.","Yorkville","Free Flow","","Sauna...",3,33,30,215
"10/25/2024","7:15 PM","75 min.","Yorkville","Guided You + Me: Relationship","","Sauna..",21,64,43,258
"10/25/2024","9:00 PM","120 min.","Yorkville","Social","","Sauna..",9,53,44,302
"10/25/2024","9:30 PM","120 min.","Yorkville","Social","","Sauna...",45,52,7,309
"10/26/2024","8:00 AM","75 min.","Yorkville","Guided Down: Embodied","","Sauna..",45,64,19,19
"10/26/2024","9:45 AM","75 min.","Yorkville","Guided All Around: Reset","","Sauna..",34,64,30,49
"10/26/2024","11:30 AM","75 min.","Yorkville","Guided Down: Deep Stretch","","Sauna..",39,60,21,70
"10/26/2024","1:15 PM","75 min.","Yorkville","Guided Up: Sound Immersion","","Sauna..",19,64,45,115
"10/26/2024","3:00 PM","75 min.","Yorkville","Lively Free Flow","","Sauna..",10,42,32,147
"10/26/2024","3:30 PM","75 min.","Yorkville","Lively Free Flow","","Sauna...",27,42,15,162
"10/26/2024","4:00 PM","75 min.","Yorkville","Lively Free Flow","","Sauna....",9,25,16,178
"10/26/2024","4:30 PM","75 min.","Yorkville","Lively Free Flow","","Sauna..",15,25,10,188
"10/26/2024","5:00 PM","75 min.","Yorkville","Lively Free Flow","","Sauna...",16,30,14,202
"10/26/2024","5:30 PM","75 min.","Yorkville","Lively Free Flow","","Sauna....",17,40,23,225
"10/26/2024","6:00 PM","75 min.","Yorkville","Lively Free Flow","","Sauna..",0,20,20,245
"10/26/2024","7:45 PM","75 min.","Yorkville","Guided All Around: A-Z Emotions","","Sauna..",39,64,25,270
"10/26/2024","9:30 PM","120 min.","Yorkville","Beat Drop: DJ Takeover","","Sauna..",3,53,50,320
"10/26/2024","9:45 PM","120 min.","Yorkville","Beat Drop: DJ Takeover","","Sauna...",27,52,25,345
"10/27/2024","7:00 AM","75 min.","Yorkville","Quieter Free Flow","","Sauna..",39,53,14,14
"10/27/2024","8:30 AM","75 min.","Yorkville","Quieter Free Flow","","Sauna..",18,53,35,49
"10/27/2024","10:15 AM","75 min.","Yorkville","Guided All Around: Reset","","Sauna..",24,64,40,89
"10/27/2024","12:00 PM","75 min.","Yorkville","Guided Down: Deep Stretch","","Sauna..",28,60,32,121
"10/27/2024","1:45 PM","75 min.","Yorkville","Guided All Around: Journey Through the Elements","","Sauna..",29,64,35,156
"10/27/2024","3:30 PM","75 min.","Yorkville","Lively Free Flow","","Sauna..",1,40,39,195
"10/27/2024","3:45 PM","75 min.","Yorkville","Lively Free Flow","","Sauna...",0,33,33,228
"10/27/2024","5:30 PM","75 min.","Yorkville","Guided Down: Sound Immersion","","Sauna..",19,64,45,273
"10/27/2024","7:15 PM","75 min.","Yorkville","Guided All Around: Heart Opener","","Sauna..",5,64,59,332
"10/27/2024","9:00 PM","75 min.","Yorkville","Free Flow","","Sauna..",10,53,43,375
"10/27/2024","9:30 PM","75 min.","Yorkville","Free Flow","","Sauna...",26,52,26,401